KEY_CODE,HYOSYO,CITYNAME,NAME,HTKSYORI,HTKSAKI,GASSAN,T000851001,T000851002,T000851003,T000851004,T000851005,T000851006,T000851007,T000851008,T000851009
,,,,,,,ˆê”Ê¢‘Ñ‘”,@e‘°‚Ì‚Ý‚Ì¢‘Ñ,@Šj‰Æ‘°¢‘Ñ,@@‚¤‚¿•v•w‚Ì‚Ý‚Ì¢‘Ñ,@@‚¤‚¿•v•w‚ÆŽq‹Ÿ‚©‚ç¬‚é¢‘Ñ,@Šj‰Æ‘°ˆÈŠO‚Ì¢‘Ñ,@‚UÎ–¢–ž¢‘Ñˆõ‚Ì‚¢‚éˆê”Ê¢‘Ñ‘”,@‚P‚WÎ–¢–ž¢‘Ñˆõ‚Ì‚¢‚éˆê”Ê¢‘Ñ‘”,@‚U‚TÎˆÈã¢‘Ñˆõ‚Ì‚¢‚éˆê”Ê¢‘Ñ‘”
08201,1,…ŒËŽs,,0,,,117337,72731,64455,23458,30922,8276,10432,25726,42630
082010010,2,…ŒËŽs,Â–ö’¬,0,,,834,558,479,203,219,79,47,152,438
082010020,2,…ŒËŽs,Ô’Ë,0,,,1811,1094,982,407,441,112,150,350,703
08201002001,3,…ŒËŽs,Ô’Ë‚P’š–Ú,0,,,1352,788,708,303,309,80,102,247,486
08201002002,3,…ŒËŽs,Ô’Ë‚Q’š–Ú,0,,,459,306,274,104,132,32,48,103,217
082010030,2,…ŒËŽs,š¨‘å–ì,0,,,55,52,31,11,12,21,1,8,40
082010040,2,…ŒËŽs,Œ’¬,0,,,372,152,129,48,57,23,17,51,137
082010050,2,…ŒËŽs,’©“ú’¬,0,,,241,152,135,51,56,17,13,37,134
082010060,2,…ŒËŽs,ˆ¤“†’¬,0,,,289,152,129,50,52,23,15,40,127
082010070,2,…ŒËŽs,–Ø—t‰º’¬,0,,,80,62,45,13,24,17,3,10,56
082010080,2,…ŒËŽs,”Ñ“‡’¬,0,,,188,155,136,50,68,19,14,37,114
082010090,2,…ŒËŽs,”Ñ•x’¬,0,,,377,311,255,105,120,56,16,71,231
082010100,2,…ŒËŽs,Îì,0,,,2287,1179,1072,386,489,107,155,440,680
08201010001,3,…ŒËŽs,Îì‚P’š–Ú,0,,,824,413,374,121,169,39,55,172,232
08201010002,3,…ŒËŽs,Îì‚Q’š–Ú,0,,,469,196,177,71,83,19,37,67,108
08201010003,3,…ŒËŽs,Îì‚R’š–Ú,0,,,538,292,277,103,118,15,38,109,169
08201010004,3,…ŒËŽs,Îì‚S’š–Ú,0,,,456,278,244,91,119,34,25,92,171
082010110,2,…ŒËŽs,Îì’¬,0,,,17,13,13,5,7,-,1,4,4
082010120,2,…ŒËŽs,ò’¬,0,,,265,99,81,31,34,18,5,24,105
08201012001,3,…ŒËŽs,ò’¬‚P’š–Ú,0,,,63,25,21,6,12,4,2,11,23
08201012002,3,…ŒËŽs,ò’¬‚Q’š–Ú,0,,,60,28,22,5,9,6,2,6,28
08201012003,3,…ŒËŽs,ò’¬‚R’š–Ú,0,,,142,46,38,20,13,8,1,7,54
082010130,2,…ŒËŽs,Šâª’¬,0,,,190,154,121,51,46,33,5,22,135
082010140,2,…ŒËŽs,‘å’Ë’¬,0,,,1638,1155,1019,390,502,136,173,398,682
082010150,2,…ŒËŽs,‘å’¬,0,,,507,286,279,115,132,7,50,137,109
08201015001,3,…ŒËŽs,‘å’¬‚P’š–Ú,0,,,24,8,8,6,-,-,1,1,2
08201015002,3,…ŒËŽs,‘å’¬‚Q’š–Ú,0,,,128,89,88,43,38,1,8,35,26
08201015003,3,…ŒËŽs,‘å’¬‚R’š–Ú,0,,,355,189,183,66,94,6,41,101,81
082010160,2,…ŒËŽs,‰Á‘qˆä’¬,0,,,353,291,233,89,116,58,32,78,203
082010170,2,…ŒËŽs,Š}Œ´’¬,0,,,4629,2925,2680,916,1404,245,589,1274,1340
082010180,2,…ŒËŽs,‹à’J’¬,0,,,59,52,36,17,18,16,2,13,39
082010190,2,…ŒËŽs,‹à’¬,0,,,530,328,307,109,164,21,62,148,126
08201019001,3,…ŒËŽs,‹à’¬‚P’š–Ú,0,,,89,42,34,18,11,8,5,8,35
08201019002,3,…ŒËŽs,‹à’¬‚Q’š–Ú,0,,,302,210,203,66,120,7,52,114,43
08201019003,3,…ŒËŽs,‹à’¬‚R’š–Ú,0,,,139,76,70,25,33,6,5,26,48
082010200,2,…ŒËŽs,ã‰Í“à’¬,0,,,76,62,44,18,21,18,3,12,56
082010210,2,…ŒËŽs,ã‘ˆä’¬,0,,,263,209,153,58,73,56,11,40,181
082010220,2,…ŒËŽs,ã…ŒË,0,,,1257,635,568,207,273,67,77,212,464
08201022001,3,…ŒËŽs,ã…ŒË‚P’š–Ú,0,,,271,143,125,48,52,18,14,32,138
08201022002,3,…ŒËŽs,ã…ŒË‚Q’š–Ú,0,,,288,131,115,39,58,16,9,37,101
08201022003,3,…ŒËŽs,ã…ŒË‚R’š–Ú,0,,,336,162,146,48,78,16,34,75,96
08201022004,3,…ŒËŽs,ã…ŒË‚S’š–Ú,0,,,362,199,182,72,85,17,20,68,129
082010230,2,…ŒËŽs,Šžê’¬,0,,,124,101,79,33,31,22,9,16,84
082010240,2,…ŒËŽs,Š¢’J,0,,,56,32,30,10,12,2,4,9,15
082010250,2,…ŒËŽs,‰Í˜a“c,0,,,3526,2179,2005,653,869,174,297,766,1384
08201025001,3,…ŒËŽs,‰Í˜a“c‚P’š–Ú,0,,,1305,900,816,318,379,84,142,299,506
08201025002,3,…ŒËŽs,‰Í˜a“c‚Q’š–Ú,0,,,857,568,522,164,248,46,94,227,259
08201025003,3,…ŒËŽs,‰Í˜a“c‚R’š–Ú,0,,,1364,711,667,171,242,44,61,240,619
082010260,2,…ŒËŽs,‰Í˜a“c’¬,0,,,1451,1081,922,322,474,159,176,377,690
082010270,2,…ŒËŽs,–kŒ©’¬,0,,,83,46,41,14,19,5,4,12,45
082010280,2,…ŒËŽs,ŒÜŒ¬’¬,0,,,609,330,293,108,143,37,44,127,222
08201028001,3,…ŒËŽs,ŒÜŒ¬’¬‚P’š–Ú,0,,,98,54,46,16,28,8,4,19,50
08201028002,3,…ŒËŽs,ŒÜŒ¬’¬‚Q’š–Ú,0,,,328,180,172,60,88,8,32,83,92
08201028003,3,…ŒËŽs,ŒÜŒ¬’¬‚R’š–Ú,0,,,183,96,75,32,27,21,8,25,80
082010290,2,…ŒËŽs,¬’¬,0,,,687,516,441,149,243,75,84,204,254
082010300,2,…ŒËŽs,®‰®’¬,0,,,45,33,28,11,13,5,1,11,31
082010310,2,…ŒËŽs,‰h’¬,0,,,625,239,211,80,80,28,16,58,244
08201031001,3,…ŒËŽs,‰h’¬‚P’š–Ú,0,,,234,73,63,26,28,10,4,10,91
08201031002,3,…ŒËŽs,‰h’¬‚Q’š–Ú,0,,,391,166,148,54,52,18,12,48,153
082010321,2,…ŒËŽs,‚¯‚â‚«‘ä,0,,,849,607,570,216,291,37,106,236,162
08201032101,3,…ŒËŽs,‚¯‚â‚«‘ä‚P’š–Ú,0,,,482,372,351,136,172,21,54,134,103
08201032102,3,…ŒËŽs,‚¯‚â‚«‘ä‚Q’š–Ú,0,,,308,217,201,75,107,16,45,90,54
08201032103,3,…ŒËŽs,‚¯‚â‚«‘ä‚R’š–Ú,0,,,59,18,18,5,12,-,7,12,5
082010322,2,…ŒËŽs,Žð–å’¬,0,,,3499,2394,2086,716,1067,308,361,864,1269
082010330,2,…ŒËŽs,ò’¬,0,,,286,169,137,67,53,32,13,41,116
08201033001,3,…ŒËŽs,ò’¬‚P’š–Ú,0,,,120,58,49,21,21,9,5,15,24
08201033002,3,…ŒËŽs,ò’¬‚Q’š–Ú,0,,,107,70,56,27,21,14,5,20,60
08201033003,3,…ŒËŽs,ò’¬‚R’š–Ú,0,,,59,41,32,19,11,9,3,6,32
082010340,2,…ŒËŽs,÷ì,0,,,346,129,121,55,50,8,25,49,43
08201034001,3,…ŒËŽs,÷ì‚P’š–Ú,0,,,189,89,82,35,36,7,15,35,34
08201034002,3,…ŒËŽs,÷ì‚Q’š–Ú,0,,,157,40,39,20,14,1,10,14,9
082010350,2,…ŒËŽs,ŽO‚ÌŠÛ,0,,,800,445,419,124,235,26,68,195,199
08201035001,3,…ŒËŽs,ŽO‚ÌŠÛ‚P’š–Ú,0,,,206,139,133,44,75,6,16,63,51
08201035002,3,…ŒËŽs,ŽO‚ÌŠÛ‚Q’š–Ú,0,,,195,99,90,25,48,9,13,37,66
08201035003,3,…ŒËŽs,ŽO‚ÌŠÛ‚R’š–Ú,0,,,399,207,196,55,112,11,39,95,82
082010360,2,…ŒËŽs,aˆä’¬,0,,,229,162,126,55,56,36,15,32,136
082010370,2,…ŒËŽs,‰º‘ˆä’¬,0,,,261,218,167,56,74,51,13,49,177
082010390,2,…ŒËŽs,Ž©—R‚ª‹u,0,,,227,134,124,31,75,10,13,62,61
082010400,2,…ŒËŽs,é“Œ,0,,,2087,1246,1108,398,457,138,122,382,828
08201040001,3,…ŒËŽs,é“Œ‚P’š–Ú,0,,,524,278,253,80,89,25,34,104,156
08201040002,3,…ŒËŽs,é“Œ‚Q’š–Ú,0,,,529,339,305,105,127,34,28,93,226
08201040003,3,…ŒËŽs,é“Œ‚R’š–Ú,0,,,390,212,189,73,81,23,23,67,144
08201040004,3,…ŒËŽs,é“Œ‚S’š–Ú,0,,,202,128,110,40,46,18,11,37,89
08201040005,3,…ŒËŽs,é“Œ‚T’š–Ú,0,,,442,289,251,100,114,38,26,81,213
082010410,2,…ŒËŽs,é“ì,0,,,1079,321,296,129,129,25,69,139,182
08201041001,3,…ŒËŽs,é“ì‚P’š–Ú,0,,,151,31,31,16,8,-,5,7,25
08201041002,3,…ŒËŽs,é“ì‚Q’š–Ú,0,,,525,179,169,77,73,10,38,81,78
08201041003,3,…ŒËŽs,é“ì‚R’š–Ú,0,,,403,111,96,36,48,15,26,51,79
082010420,2,…ŒËŽs,”’”~,0,,,1227,424,390,175,155,34,69,134,245
08201042001,3,…ŒËŽs,”’”~‚P’š–Ú,0,,,148,44,38,14,18,6,5,11,47
08201042002,3,…ŒËŽs,”’”~‚Q’š–Ú,0,,,444,163,158,70,66,5,32,60,68
08201042003,3,…ŒËŽs,”’”~‚R’š–Ú,0,,,395,103,89,39,37,14,19,36,68
08201042004,3,…ŒËŽs,”’”~‚S’š–Ú,0,,,240,114,105,52,34,9,13,27,62
082010430,2,…ŒËŽs,V‘‘,0,,,900,480,425,176,173,55,29,138,383
08201043001,3,…ŒËŽs,V‘‘‚P’š–Ú,0,,,250,136,121,54,50,15,6,32,111
08201043002,3,…ŒËŽs,V‘‘‚Q’š–Ú,0,,,396,201,178,76,72,23,16,69,183
08201043003,3,…ŒËŽs,V‘‘‚R’š–Ú,0,,,254,143,126,46,51,17,7,37,89
082010440,2,…ŒËŽs,VŒ´,0,,,1199,646,587,223,263,59,76,220,368
08201044001,3,…ŒËŽs,VŒ´‚P’š–Ú,0,,,801,420,383,145,167,37,49,136,253
08201044002,3,…ŒËŽs,VŒ´‚Q’š–Ú,0,,,398,226,204,78,96,22,27,84,115
082010450,2,…ŒËŽs,…•{’¬,0,,,207,102,89,39,36,13,6,38,92
082010460,2,…ŒËŽs,––L’¬,0,,,627,372,340,138,149,32,39,122,238
08201046001,3,…ŒËŽs,––L’¬‚P’š–Ú,0,,,212,123,118,36,62,5,16,55,59
08201046002,3,…ŒËŽs,––L’¬‚Q’š–Ú,0,,,108,71,63,27,25,8,9,21,42
08201046003,3,…ŒËŽs,––L’¬‚R’š–Ú,0,,,307,178,159,75,62,19,14,46,137
082010470,2,…ŒËŽs,Z‹g’¬,0,,,1178,831,737,279,372,94,122,294,433
082010480,2,…ŒËŽs,ç”g’¬,0,,,8346,5260,4882,1812,2397,378,860,2038,2520
08201048001,3,…ŒËŽs,ç”g’¬,0,,,2747,1746,1602,661,699,144,257,583,953
08201048002,3,…ŒËŽs,ç”g’¬,0,,,4154,2583,2406,832,1240,177,451,1064,1171
08201048003,3,…ŒËŽs,ç”g’¬,0,,,1445,931,874,319,458,57,152,391,396
082010490,2,…ŒËŽs,‘åH’¬,0,,,481,242,215,101,75,27,25,58,192
08201049001,3,…ŒËŽs,‘åH’¬‚P’š–Ú,0,,,126,58,51,25,19,7,12,16,41
08201049002,3,…ŒËŽs,‘åH’¬‚Q’š–Ú,0,,,146,67,59,28,17,8,8,17,56
08201049003,3,…ŒËŽs,‘åH’¬‚R’š–Ú,0,,,209,117,105,48,39,12,5,25,95
082010500,2,…ŒËŽs,“c–ì’¬,0,,,144,116,87,34,37,29,11,23,106
082010510,2,…ŒËŽs,“c’J’¬,0,,,313,272,205,79,92,67,16,64,214
082010520,2,…ŒËŽs,‚¿‚Æ‚¹,0,,,47,38,29,11,13,9,6,12,32
08201052001,3,…ŒËŽs,‚¿‚Æ‚¹‚P’š–Ú,0,,,30,22,17,4,8,5,2,5,21
08201052002,3,…ŒËŽs,‚¿‚Æ‚¹‚Q’š–Ú,0,,,17,16,12,7,5,4,4,7,11
082010530,2,…ŒËŽs,’†‰›,0,,,442,145,137,78,52,8,24,47,54
08201053001,3,…ŒËŽs,’†‰›‚P’š–Ú,0,,,248,105,100,59,37,5,21,35,18
08201053002,3,…ŒËŽs,’†‰›‚Q’š–Ú,0,,,194,40,37,19,15,3,3,12,36
082010540,2,…ŒËŽs,“V‰¤’¬,0,,,197,102,83,38,31,19,6,24,113
082010550,2,…ŒËŽs,“Œ–ì’¬,0,,,878,643,577,192,289,66,128,275,287
082010560,2,…ŒËŽs,í”Ö’¬,0,,,400,235,199,79,68,36,24,52,239
08201056000,3,…ŒËŽs,í”Ö’¬,0,,,-,-,-,-,-,-,-,-,-
08201056001,3,…ŒËŽs,í”Ö’¬‚P’š–Ú,0,,,68,38,33,13,10,5,3,7,40
08201056002,3,…ŒËŽs,í”Ö’¬‚Q’š–Ú,0,,,332,197,166,66,58,31,21,45,199
082010580,2,…ŒËŽs,’†‘å–ì,0,,,79,64,45,21,15,19,4,8,53
082010590,2,…ŒËŽs,’†‰Í“à’¬,0,,,180,144,114,50,48,30,9,31,123
082010600,2,…ŒËŽs,’†ŠÛ’¬,0,,,763,553,496,168,266,57,98,224,317
082010610,2,…ŒËŽs,¬‘ò’¬,0,,,208,160,139,53,57,21,9,33,129
082010620,2,…ŒËŽs,¼‘å–ì,0,,,58,49,37,12,21,12,5,14,36
082010630,2,…ŒËŽs,¼Œ´,0,,,1142,646,583,234,246,63,89,194,434
08201063001,3,…ŒËŽs,¼Œ´‚P’š–Ú,0,,,444,265,245,88,110,20,47,95,154
08201063002,3,…ŒËŽs,¼Œ´‚Q’š–Ú,0,,,395,219,193,87,72,26,26,56,168
08201063003,3,…ŒËŽs,¼Œ´‚R’š–Ú,0,,,303,162,145,59,64,17,16,43,112
082010640,2,…ŒËŽs,ª–{,0,,,244,161,144,53,66,17,25,53,103
08201064001,3,…ŒËŽs,ª–{‚P’š–Ú,0,,,109,60,57,19,24,3,13,22,29
08201064002,3,…ŒËŽs,ª–{‚Q’š–Ú,0,,,88,61,53,22,26,8,10,24,43
08201064003,3,…ŒËŽs,ª–{‚R’š–Ú,0,,,33,27,24,8,11,3,1,5,22
08201064004,3,…ŒËŽs,ª–{‚S’š–Ú,0,,,14,13,10,4,5,3,1,2,9
082010650,2,…ŒËŽs,”~,0,,,537,244,235,100,99,9,33,83,146
08201065001,3,…ŒËŽs,”~‚P’š–Ú,0,,,300,141,134,57,52,7,17,43,89
08201065002,3,…ŒËŽs,”~‚Q’š–Ú,0,,,237,103,101,43,47,2,16,40,57
082010660,2,…ŒËŽs,ŒÑ’Ë,0,,,1326,349,305,122,129,44,31,96,329
08201066001,3,…ŒËŽs,ŒÑ’Ë‚P’š–Ú,0,,,386,115,101,39,43,14,10,37,111
08201066002,3,…ŒËŽs,ŒÑ’Ë‚Q’š–Ú,0,,,384,78,66,25,34,12,6,22,66
08201066003,3,…ŒËŽs,ŒÑ’Ë‚R’š–Ú,0,,,556,156,138,58,52,18,15,37,152
082010670,2,…ŒËŽs,”ª”¦’¬,0,,,425,220,200,73,68,20,28,84,158
082010680,2,…ŒËŽs,•l“c,0,,,465,271,240,71,133,31,41,93,173
08201068001,3,…ŒËŽs,•l“c‚P’š–Ú,0,,,251,168,151,50,86,17,32,68,77
08201068002,3,…ŒËŽs,•l“c‚Q’š–Ú,0,,,214,103,89,21,47,14,9,25,96
082010690,2,…ŒËŽs,•l“c’¬,0,,,317,213,184,57,91,29,34,91,115
082010700,2,…ŒËŽs,“ŒÔ’Ë,0,,,771,411,377,154,154,34,27,104,310
082010710,2,…ŒËŽs,“Œ‘å–ì,0,,,102,82,58,24,28,24,7,25,73
082010720,2,…ŒËŽs,“Œ÷ì,0,,,111,55,47,23,13,8,2,7,51
082010730,2,…ŒËŽs,“Œ‘ä,0,,,307,192,172,62,69,20,15,48,148
08201073001,3,…ŒËŽs,“Œ‘ä‚P’š–Ú,0,,,161,106,93,36,37,13,10,31,82
08201073002,3,…ŒËŽs,“Œ‘ä‚Q’š–Ú,0,,,146,86,79,26,32,7,5,17,66
082010740,2,…ŒËŽs,“ŒŒ´,0,,,716,348,330,124,151,18,43,136,192
08201074001,3,…ŒËŽs,“ŒŒ´‚P’š–Ú,0,,,275,91,86,39,30,5,17,27,70
08201074002,3,…ŒËŽs,“ŒŒ´‚Q’š–Ú,0,,,281,172,162,59,75,10,10,69,93
08201074003,3,…ŒËŽs,“ŒŒ´‚R’š–Ú,0,,,160,85,82,26,46,3,16,40,29
082010750,2,…ŒËŽs,”õ‘O’¬,0,,,452,228,212,95,85,16,27,74,171
082010760,2,…ŒËŽs,•PŽq,0,,,2443,1338,1234,455,633,104,228,545,636
08201076001,3,…ŒËŽs,•PŽq‚P’š–Ú,0,,,1178,622,583,176,329,39,128,293,265
08201076002,3,…ŒËŽs,•PŽq‚Q’š–Ú,0,,,1265,716,651,279,304,65,100,252,371
082010770,2,…ŒËŽs,ŠJ]’¬,0,,,652,517,448,122,282,69,65,205,250
082010780,2,…ŒËŽs,•½{’¬,0,,,4001,2794,2512,861,1285,282,482,1067,1409
082010791,2,…ŒËŽs,“¡‚ªŒ´,0,,,306,252,244,50,158,8,106,179,71
08201079101,3,…ŒËŽs,“¡‚ªŒ´‚P’š–Ú,0,,,-,-,-,-,-,-,-,-,-
08201079102,3,…ŒËŽs,“¡‚ªŒ´‚Q’š–Ú,0,,,66,51,51,9,29,-,22,36,17
08201079103,3,…ŒËŽs,“¡‚ªŒ´‚R’š–Ú,0,,,240,201,193,41,129,8,84,143,54
082010792,2,…ŒËŽs,“¡ˆä’¬,0,,,189,154,118,45,53,36,10,30,128
082010800,2,…ŒËŽs,“¡•¿’¬,0,,,59,21,18,10,6,3,3,5,27
082010810,2,…ŒËŽs,‘o—t‘ä,0,,,2400,1947,1804,778,715,143,149,525,1368
08201081001,3,…ŒËŽs,‘o—t‘ä‚P’š–Ú,0,,,593,476,426,238,140,50,22,82,439
08201081002,3,…ŒËŽs,‘o—t‘ä‚Q’š–Ú,0,,,447,357,334,164,134,23,15,60,317
08201081003,3,…ŒËŽs,‘o—t‘ä‚R’š–Ú,0,,,307,239,226,39,104,13,48,134,72
08201081004,3,…ŒËŽs,‘o—t‘ä‚S’š–Ú,0,,,430,360,330,169,129,30,19,77,275
08201081005,3,…ŒËŽs,‘o—t‘ä‚T’š–Ú,0,,,623,515,488,168,208,27,45,172,265
082010820,2,…ŒËŽs,•¶‹ž,0,,,681,135,118,54,50,17,22,37,103
08201082001,3,…ŒËŽs,•¶‹ž‚P’š–Ú,0,,,345,75,68,32,31,7,11,22,47
08201082002,3,…ŒËŽs,•¶‹ž‚Q’š–Ú,0,,,336,60,50,22,19,10,11,15,56
082010830,2,…ŒËŽs,–x’¬,0,,,5932,3367,3080,1122,1491,287,455,1189,1903
08201083001,3,…ŒËŽs,–x’¬,0,,,3150,1984,1818,672,891,166,285,711,1121
08201083002,3,…ŒËŽs,–x’¬,0,,,2782,1383,1262,450,600,121,170,478,782
082010840,2,…ŒËŽs,–{’¬,0,,,769,450,373,152,157,77,41,104,382
08201084001,3,…ŒËŽs,–{’¬‚P’š–Ú,0,,,142,85,71,30,29,14,8,19,74
08201084002,3,…ŒËŽs,–{’¬‚Q’š–Ú,0,,,268,154,132,45,67,22,11,39,130
08201084003,3,…ŒËŽs,–{’¬‚R’š–Ú,0,,,359,211,170,77,61,41,22,46,178
082010850,2,…ŒËŽs,‘SŒG’¬,0,,,126,103,80,35,33,23,6,22,87
082010860,2,…ŒËŽs,¼‚ª‹u,0,,,512,257,234,93,92,23,46,87,181
08201086001,3,…ŒËŽs,¼‚ª‹u‚P’š–Ú,0,,,349,179,167,58,67,12,33,63,125
08201086002,3,…ŒËŽs,¼‚ª‹u‚Q’š–Ú,0,,,163,78,67,35,25,11,13,24,56
082010870,2,…ŒËŽs,¼–{’¬,0,,,290,130,117,39,44,13,8,28,127
082010880,2,…ŒËŽs,Œ©ì,0,,,4646,2911,2684,942,1289,227,491,1135,1466
08201088001,3,…ŒËŽs,Œ©ì‚P’š–Ú,0,,,491,247,233,90,108,14,60,100,102
08201088002,3,…ŒËŽs,Œ©ì‚Q’š–Ú,0,,,1291,840,768,263,385,72,158,342,395
08201088003,3,…ŒËŽs,Œ©ì‚R’š–Ú,0,,,1197,677,639,219,310,38,111,267,336
08201088004,3,…ŒËŽs,Œ©ì‚S’š–Ú,0,,,298,212,188,61,100,24,33,76,105
08201088005,3,…ŒËŽs,Œ©ì‚T’š–Ú,0,,,1369,935,856,309,386,79,129,350,528
082010890,2,…ŒËŽs,Œ©ì’¬,0,,,2397,1632,1492,501,752,140,287,706,769
082010900,2,…ŒËŽs,—Î’¬,0,,,439,231,206,91,84,25,24,59,220
08201090001,3,…ŒËŽs,—Î’¬‚P’š–Ú,0,,,191,111,97,41,38,14,10,22,129
08201090002,3,…ŒËŽs,—Î’¬‚Q’š–Ú,0,,,13,9,9,3,5,-,-,3,8
08201090003,3,…ŒËŽs,—Î’¬‚R’š–Ú,0,,,235,111,100,47,41,11,14,34,83
082010910,2,…ŒËŽs,“ì’¬,0,,,602,287,249,108,92,38,21,84,211
08201091001,3,…ŒËŽs,“ì’¬‚P’š–Ú,0,,,167,84,75,39,26,9,6,19,62
08201091002,3,…ŒËŽs,“ì’¬‚Q’š–Ú,0,,,134,49,39,12,18,10,5,22,47
08201091003,3,…ŒËŽs,“ì’¬‚R’š–Ú,0,,,301,154,135,57,48,19,10,43,102
082010920,2,…ŒËŽs,‹{“à’¬,0,,,36,28,23,12,9,5,2,4,23
082010930,2,…ŒËŽs,‹{’¬,0,,,663,371,353,123,189,18,70,182,136
08201093001,3,…ŒËŽs,‹{’¬‚P’š–Ú,0,,,239,176,174,54,102,2,28,102,37
08201093002,3,…ŒËŽs,‹{’¬‚Q’š–Ú,0,,,358,146,138,57,68,8,37,65,67
08201093003,3,…ŒËŽs,‹{’¬‚R’š–Ú,0,,,66,49,41,12,19,8,5,15,32
082010940,2,…ŒËŽs,Œ©˜a,0,,,4600,2974,2754,877,1308,220,434,1169,1522
08201094001,3,…ŒËŽs,Œ©˜a‚P’š–Ú,0,,,1204,759,707,218,289,52,104,285,403
08201094002,3,…ŒËŽs,Œ©˜a‚Q’š–Ú,0,,,1512,1012,939,265,483,73,157,450,493
08201094003,3,…ŒËŽs,Œ©˜a‚R’š–Ú,0,,,1884,1203,1108,394,536,95,173,434,626
082010950,2,…ŒËŽs,Œ³Îì’¬,0,,,675,569,469,157,260,100,95,176,303
082010960,2,…ŒËŽs,Œ³‘ä’¬,0,,,168,101,91,40,38,10,8,19,79
082010970,2,…ŒËŽs,Œ³ŽR’¬,0,,,367,203,179,80,72,24,29,59,172
08201097001,3,…ŒËŽs,Œ³ŽR’¬‚P’š–Ú,0,,,216,117,100,51,34,17,12,30,117
08201097002,3,…ŒËŽs,Œ³ŽR’¬‚Q’š–Ú,0,,,151,86,79,29,38,7,17,29,55
082010980,2,…ŒËŽs,Œ³‹g“c’¬,0,,,8744,5196,4722,1723,2267,474,773,1899,2827
08201098001,3,…ŒËŽs,Œ³‹g“c’¬,0,,,3787,2029,1859,690,880,170,329,790,987
08201098002,3,…ŒËŽs,Œ³‹g“c’¬,0,,,3143,2050,1852,697,862,198,275,683,1232
08201098003,3,…ŒËŽs,Œ³‹g“c’¬,0,,,1814,1117,1011,336,525,106,169,426,608
082010990,2,…ŒËŽs,’J“c’¬,0,,,242,190,161,58,79,29,20,59,136
082011000,2,…ŒËŽs,’J’Ã’¬,0,,,86,74,53,22,18,21,2,7,64
082011010,2,…ŒËŽs,–ö‰Í’¬,0,,,237,180,143,56,55,37,17,52,138
082011020,2,…ŒËŽs,–ö’¬,0,,,385,246,216,105,68,30,26,64,178
08201102001,3,…ŒËŽs,–ö’¬‚P’š–Ú,0,,,187,122,107,57,36,15,14,30,87
08201102002,3,…ŒËŽs,–ö’¬‚Q’š–Ú,0,,,198,124,109,48,32,15,12,34,91
082011030,2,…ŒËŽs,‹g‘ò’¬,0,,,1973,1191,1081,393,562,110,270,498,539
082011040,2,…ŒËŽs,‹g“c,0,,,43,23,22,8,10,1,5,9,21
082011050,2,…ŒËŽs,‹gÀ’¬,0,,,379,303,232,92,103,71,27,64,231
082011060,2,…ŒËŽs,•Ä‘ò’¬,0,,,385,282,258,83,143,24,72,138,101
082011070,2,…ŒËŽs,Žá‹{,0,,,988,509,476,162,163,33,53,145,467
08201107001,3,…ŒËŽs,Žá‹{‚P’š–Ú,0,,,795,386,368,121,117,18,30,110,388
08201107002,3,…ŒËŽs,Žá‹{‚Q’š–Ú,0,,,193,123,108,41,46,15,23,35,79
082011080,2,…ŒËŽs,Žá‹{’¬,0,,,22,16,13,4,8,3,2,2,13
082011090,2,…ŒËŽs,“n—¢’¬,0,,,3320,1391,1244,477,595,147,190,423,941
082011100,2,…ŒËŽs,H¬’¬,0,,,47,45,16,6,5,29,5,13,42
082011110,2,…ŒËŽs,‘å‹ø’¬,0,,,441,352,261,94,124,91,24,102,257
082011120,2,…ŒËŽs,‘åê’¬,0,,,392,333,245,86,118,88,32,85,229
082011130,2,…ŒËŽs,ì–”’¬,0,,,132,112,79,27,38,33,8,28,87
082011140,2,…ŒËŽs,ŒIè’¬,0,,,379,285,219,72,126,66,47,107,172
082011150,2,…ŒËŽs,¬ò’¬,0,,,140,113,74,29,34,39,12,31,86
082011160,2,…ŒËŽs,‰–è’¬,0,,,195,178,118,41,57,60,14,52,121
082011170,2,…ŒËŽs,“‡“c’¬,0,,,145,122,70,20,37,52,9,28,103
082011180,2,…ŒËŽs,‰º“ü–ì’¬,0,,,151,133,90,31,45,43,8,27,105
082011190,2,…ŒËŽs,‰º‘å–ì’¬,0,,,226,190,111,39,48,79,15,47,158
082011201,2,…ŒËŽs,“Œ‘O,0,,,855,589,531,155,313,58,135,282,189
08201120101,3,…ŒËŽs,“Œ‘O‚P’š–Ú,0,,,267,175,144,39,85,31,30,77,89
08201120102,3,…ŒËŽs,“Œ‘O‚Q’š–Ú,0,,,145,63,55,16,34,8,20,34,26
08201120103,3,…ŒËŽs,“Œ‘O‚R’š–Ú,0,,,443,351,332,100,194,19,85,171,74
082011202,2,…ŒËŽs,“Œ‘O’¬,0,,,465,339,296,104,163,43,86,143,130
082011210,2,…ŒËŽs,•½ŒË’¬,0,,,115,100,66,25,33,34,12,21,72
082011220,2,…ŒËŽs,XŒË’¬,0,,,72,62,40,15,18,22,6,14,48
082011230,2,…ŒËŽs,•S‡‚ª‹u’¬,0,,,650,583,544,155,328,39,109,288,174
082011240,2,…ŒËŽs,˜Z”½“c’¬,0,,,131,106,67,28,34,39,7,24,73
082011250,2,…ŒËŽs,ª–{’¬,0,,,-,-,-,-,-,-,-,-,-
082011260,2,…ŒËŽs,Œï•£’¬,0,,,1225,1028,753,258,370,275,98,300,700
082011270,2,…ŒËŽs,ŒÜ•½’¬,0,,,137,117,80,35,36,37,10,26,94
082011280,2,…ŒËŽs,‚“c’¬,0,,,68,56,40,18,19,16,8,18,40
082011290,2,…ŒËŽs,‰º–ì’¬,0,,,81,67,45,14,24,22,3,14,56
082011300,2,…ŒËŽs,’†Œ´’¬,0,,,191,172,126,41,72,46,19,57,102
082011310,2,…ŒËŽs,™è’¬,0,,,318,250,191,67,99,59,32,90,181
082011320,2,…ŒËŽs,ŽO“’’¬,0,,,220,180,142,48,81,38,15,58,128
082011331,2,…ŒËŽs,“àŒ´,0,,,219,149,130,57,65,19,42,61,53
08201133101,3,…ŒËŽs,“àŒ´‚P’š–Ú,0,,,219,149,130,57,65,19,42,61,53
08201133102,3,…ŒËŽs,“àŒ´‚Q’š–Ú,0,,,-,-,-,-,-,-,-,-,-
082011332,2,…ŒËŽs,“àŒ´’¬,0,,,1583,1074,937,333,482,137,194,433,575
082011340,2,…ŒËŽs,¬—Ñ’¬,0,,,243,210,159,46,95,51,31,90,121
082011350,2,…ŒËŽs,‘å‘«’¬,0,,,276,231,178,66,83,53,22,65,172
082011360,2,…ŒËŽs,—L‰ê’¬,0,,,170,145,110,36,61,35,15,40,103
082011370,2,…ŒËŽs,•ˆé’¬,0,,,41,34,29,14,15,5,4,8,26
082011380,2,…ŒËŽs,‹•š’¬,0,,,42,33,21,8,9,12,2,8,32
082011390,2,…ŒËŽs,“c“‡’¬,0,,,76,64,45,19,21,19,5,19,42
082011400,2,…ŒËŽs,’}’n’¬,0,,,90,76,53,12,36,23,10,27,51
082011410,2,…ŒËŽs,Ô”öŠÖ’¬,0,,,69,58,44,15,24,14,5,16,46
082011420,2,…ŒËŽs,ŽO–ì—Ö’¬,0,,,9,7,5,3,2,2,-,1,6
082011430,2,…ŒËŽs,¬Œ´’¬,0,,,10,9,8,4,4,1,-,3,4
08202,1,“ú—§Žs,,0,,,78539,52593,46679,18212,21534,5914,5607,16216,34679
082020010,2,“ú—§Žs,ìK’¬,0,,,2796,2234,1959,794,951,275,246,665,1339
08202001000,3,“ú—§Žs,ìK’¬,0,,,62,60,49,24,20,11,4,14,47
08202001001,3,“ú—§Žs,ìK’¬‚P’š–Ú,0,,,347,248,180,68,76,68,12,46,242
08202001002,3,“ú—§Žs,ìK’¬‚Q’š–Ú,0,,,142,109,95,45,36,14,1,14,99
08202001003,3,“ú—§Žs,ìK’¬‚R’š–Ú,0,,,324,294,266,142,103,28,22,50,234
08202001004,3,“ú—§Žs,ìK’¬‚S’š–Ú,0,,,160,121,100,37,50,21,12,40,81
08202001005,3,“ú—§Žs,ìK’¬‚T’š–Ú,0,,,591,435,387,129,218,48,79,179,193
08202001006,3,“ú—§Žs,ìK’¬‚U’š–Ú,0,,,771,610,555,225,275,55,75,196,320
08202001007,3,“ú—§Žs,ìK’¬‚V’š–Ú,0,,,399,357,327,124,173,30,41,126,123
082020020,2,“ú—§Žs,ÜŠ}’¬,0,,,488,391,351,95,229,40,57,202,135
08202002000,3,“ú—§Žs,ÜŠ}’¬,0,,,205,169,140,49,74,29,12,60,103
08202002001,3,“ú—§Žs,ÜŠ}’¬‚P’š–Ú,0,,,283,222,211,46,155,11,45,142,32
082020030,2,“ú—§Žs,»‘ò’¬,0,,,269,222,173,76,77,49,12,49,182
082020041,2,“ú—§Žs,‚©‚Ý‚ ‚¢’¬,0,,,747,678,626,239,330,52,18,158,216
08202004101,3,“ú—§Žs,‚©‚Ý‚ ‚¢’¬‚P’š–Ú,0,,,138,130,120,41,67,10,6,51,31
08202004102,3,“ú—§Žs,‚©‚Ý‚ ‚¢’¬‚Q’š–Ú,0,,,254,227,210,71,119,17,7,37,85
08202004103,3,“ú—§Žs,‚©‚Ý‚ ‚¢’¬‚R’š–Ú,0,,,355,321,296,127,144,25,5,70,100
082020042,2,“ú—§Žs,“cK’¬,0,,,4014,2987,2684,887,1291,303,396,1112,1590
08202004200,3,“ú—§Žs,“cK’¬,0,,,-,-,-,-,-,-,-,-,-
08202004201,3,“ú—§Žs,“cK’¬‚P’š–Ú,0,,,598,460,400,156,181,60,40,122,314
08202004202,3,“ú—§Žs,“cK’¬‚Q’š–Ú,0,,,713,570,511,136,259,59,100,249,299
08202004203,3,“ú—§Žs,“cK’¬‚R’š–Ú,0,,,541,442,393,166,185,49,38,128,324
08202004204,3,“ú—§Žs,“cK’¬‚S’š–Ú,0,,,1076,819,734,229,369,85,108,328,340
08202004205,3,“ú—§Žs,“cK’¬‚T’š–Ú,0,,,552,340,322,84,150,18,53,159,152
08202004206,3,“ú—§Žs,“cK’¬‚U’š–Ú,0,,,175,129,113,32,45,16,12,43,77
08202004207,3,“ú—§Žs,“cK’¬‚V’š–Ú,0,,,359,227,211,84,102,16,45,83,84
082020050,2,“ú—§Žs,¬–Ø’Ã’¬,0,,,2182,1654,1443,566,676,211,181,520,1020
08202005000,3,“ú—§Žs,¬–Ø’Ã’¬,0,,,207,178,151,56,72,27,13,54,131
08202005001,3,“ú—§Žs,¬–Ø’Ã’¬‚P’š–Ú,0,,,741,527,473,189,234,54,63,152,301
08202005002,3,“ú—§Žs,¬–Ø’Ã’¬‚Q’š–Ú,0,,,246,168,148,66,69,20,18,51,117
08202005003,3,“ú—§Žs,¬–Ø’Ã’¬‚R’š–Ú,0,,,482,368,319,102,150,49,53,139,195
08202005004,3,“ú—§Žs,¬–Ø’Ã’¬‚S’š–Ú,0,,,425,347,301,129,137,46,27,108,221
08202005005,3,“ú—§Žs,¬–Ø’Ã’¬‚T’š–Ú,0,,,81,66,51,24,14,15,7,16,55
082020060,2,“ú—§Žs,“ú‚’¬,0,,,1534,1074,977,367,488,97,162,390,603
08202006001,3,“ú—§Žs,“ú‚’¬‚P’š–Ú,0,,,482,344,314,113,151,30,48,112,177
08202006002,3,“ú—§Žs,“ú‚’¬‚Q’š–Ú,0,,,225,185,167,56,89,18,15,76,100
08202006003,3,“ú—§Žs,“ú‚’¬‚R’š–Ú,0,,,397,306,281,114,139,25,52,110,190
08202006004,3,“ú—§Žs,“ú‚’¬‚S’š–Ú,0,,,350,190,172,62,92,18,44,83,98
08202006005,3,“ú—§Žs,“ú‚’¬‚T’š–Ú,0,,,80,49,43,22,17,6,3,9,38
082020070,2,“ú—§Žs,“üŽlŠÔ’¬,0,,,110,72,57,30,17,15,-,7,80
082020080,2,“ú—§Žs,’†[‰¬’¬,0,,,61,45,30,16,8,15,-,1,46
082020090,2,“ú—§Žs,‰º[‰¬’¬,0,,,150,115,84,46,25,31,2,15,122
082020100,2,“ú—§Žs,“Œ‰Í“à’¬,0,,,176,138,113,63,27,25,6,17,132
082020110,2,“ú—§Žs,•ì’¬,0,,,1363,714,630,254,237,84,81,200,667
08202011000,3,“ú—§Žs,•ì’¬,2,011003,,X,X,X,X,X,X,X,X,X
08202011001,3,“ú—§Žs,•ì’¬‚P’š–Ú,0,,,203,79,63,16,33,16,13,32,58
08202011002,3,“ú—§Žs,•ì’¬‚Q’š–Ú,0,,,236,107,96,37,37,11,9,30,102
08202011003,3,“ú—§Žs,•ì’¬‚R’š–Ú,1,,011000,175,119,106,53,35,13,8,21,117
08202011004,3,“ú—§Žs,•ì’¬‚S’š–Ú,0,,,444,266,240,102,76,26,23,69,247
08202011005,3,“ú—§Žs,•ì’¬‚T’š–Ú,0,,,305,143,125,46,56,18,28,48,143
082020120,2,“ú—§Žs,‹{“c’¬,0,,,622,375,337,124,142,38,51,107,332
08202012000,3,“ú—§Žs,‹{“c’¬,0,,,7,3,3,1,-,-,-,-,7
08202012001,3,“ú—§Žs,‹{“c’¬‚P’š–Ú,0,,,76,30,29,19,5,1,-,1,59
08202012002,3,“ú—§Žs,‹{“c’¬‚Q’š–Ú,0,,,164,90,84,26,30,6,10,28,74
08202012003,3,“ú—§Žs,‹{“c’¬‚R’š–Ú,0,,,125,82,72,24,35,10,9,17,77
08202012004,3,“ú—§Žs,‹{“c’¬‚S’š–Ú,0,,,211,143,127,38,66,16,31,57,89
08202012005,3,“ú—§Žs,‹{“c’¬‚T’š–Ú,0,,,39,27,22,16,6,5,1,4,26
082020130,2,“ú—§Žs,_•ô’¬,0,,,593,381,330,114,136,51,29,111,295
08202013001,3,“ú—§Žs,_•ô’¬‚P’š–Ú,0,,,97,65,56,16,22,9,5,25,43
08202013002,3,“ú—§Žs,_•ô’¬‚Q’š–Ú,0,,,120,74,66,21,29,8,7,27,47
08202013003,3,“ú—§Žs,_•ô’¬‚R’š–Ú,0,,,99,67,58,22,22,9,2,11,59
08202013004,3,“ú—§Žs,_•ô’¬‚S’š–Ú,0,,,277,175,150,55,63,25,15,48,146
082020140,2,“ú—§Žs,–{‹{’¬,0,,,1298,816,745,250,350,71,115,306,511
08202014001,3,“ú—§Žs,–{‹{’¬‚P’š–Ú,0,,,106,78,73,23,33,5,15,30,39
08202014002,3,“ú—§Žs,–{‹{’¬‚Q’š–Ú,0,,,239,156,145,48,71,11,25,61,85
08202014003,3,“ú—§Žs,–{‹{’¬‚R’š–Ú,0,,,492,282,258,95,99,24,37,87,252
08202014004,3,“ú—§Žs,–{‹{’¬‚S’š–Ú,0,,,336,197,178,60,91,19,23,78,92
08202014005,3,“ú—§Žs,–{‹{’¬‚T’š–Ú,0,,,125,103,91,24,56,12,15,50,43
082020150,2,“ú—§Žs,Žá—t’¬,0,,,495,262,232,96,95,30,22,58,212
08202015001,3,“ú—§Žs,Žá—t’¬‚P’š–Ú,0,,,228,108,95,37,42,13,10,25,90
08202015002,3,“ú—§Žs,Žá—t’¬‚Q’š–Ú,0,,,73,39,30,15,12,9,2,6,28
08202015003,3,“ú—§Žs,Žá—t’¬‚R’š–Ú,0,,,194,115,107,44,41,8,10,27,94
082020160,2,“ú—§Žs,•½˜a’¬,0,,,206,109,99,34,47,10,15,34,83
08202016001,3,“ú—§Žs,•½˜a’¬‚P’š–Ú,0,,,173,85,75,24,34,10,12,24,73
08202016002,3,“ú—§Žs,•½˜a’¬‚Q’š–Ú,0,,,33,24,24,10,13,-,3,10,10
082020170,2,“ú—§Žs,Ž­“‡’¬,0,,,739,398,357,129,183,41,60,155,247
08202017001,3,“ú—§Žs,Ž­“‡’¬‚P’š–Ú,0,,,416,261,241,81,125,20,45,115,118
08202017002,3,“ú—§Žs,Ž­“‡’¬‚Q’š–Ú,0,,,279,115,96,38,49,19,13,36,107
08202017003,3,“ú—§Žs,Ž­“‡’¬‚R’š–Ú,0,,,44,22,20,10,9,2,2,4,22
082020180,2,“ú—§Žs,•Ù“V’¬,0,,,790,407,349,140,163,58,46,120,295
08202018001,3,“ú—§Žs,•Ù“V’¬‚P’š–Ú,0,,,232,135,113,48,42,22,15,29,115
08202018002,3,“ú—§Žs,•Ù“V’¬‚Q’š–Ú,0,,,380,161,135,55,64,26,19,43,131
08202018003,3,“ú—§Žs,•Ù“V’¬‚R’š–Ú,0,,,178,111,101,37,57,10,12,48,49
082020190,2,“ú—§Žs,K’¬,0,,,336,179,161,71,64,18,16,47,126
08202019001,3,“ú—§Žs,K’¬‚P’š–Ú,0,,,63,34,31,18,8,3,3,6,28
08202019002,3,“ú—§Žs,K’¬‚Q’š–Ú,0,,,266,140,126,51,55,14,12,39,93
08202019003,3,“ú—§Žs,K’¬‚R’š–Ú,0,,,7,5,4,2,1,1,1,2,5
082020200,2,“ú—§Žs,ˆ®’¬,0,,,472,221,200,81,84,21,23,52,174
08202020001,3,“ú—§Žs,ˆ®’¬‚P’š–Ú,0,,,97,42,38,21,10,4,1,3,47
08202020002,3,“ú—§Žs,ˆ®’¬‚Q’š–Ú,0,,,103,51,44,15,19,7,5,11,35
08202020003,3,“ú—§Žs,ˆ®’¬‚R’š–Ú,0,,,272,128,118,45,55,10,17,38,92
082020210,2,“ú—§Žs,‘Š‰ê’¬,0,,,203,123,103,47,39,20,6,27,102
082020220,2,“ú—§Žs,‰ï£’¬,0,,,1588,884,799,259,439,85,144,359,497
08202022001,3,“ú—§Žs,‰ï£’¬‚P’š–Ú,0,,,263,164,138,53,57,26,9,33,149
08202022002,3,“ú—§Žs,‰ï£’¬‚Q’š–Ú,0,,,645,353,304,103,158,49,30,120,244
08202022003,3,“ú—§Žs,‰ï£’¬‚R’š–Ú,0,,,375,232,224,52,152,8,63,138,64
08202022004,3,“ú—§Žs,‰ï£’¬‚S’š–Ú,0,,,305,135,133,51,72,2,42,68,40
082020230,2,“ú—§Žs,é“ì’¬,0,,,850,518,471,208,176,47,27,121,370
08202023001,3,“ú—§Žs,é“ì’¬‚P’š–Ú,0,,,182,99,90,32,42,9,9,31,63
08202023002,3,“ú—§Žs,é“ì’¬‚Q’š–Ú,0,,,189,115,99,54,28,16,3,19,99
08202023003,3,“ú—§Žs,é“ì’¬‚R’š–Ú,0,,,106,41,36,15,18,5,1,11,29
08202023004,3,“ú—§Žs,é“ì’¬‚S’š–Ú,0,,,48,17,15,10,5,2,1,2,16
08202023005,3,“ú—§Žs,é“ì’¬‚T’š–Ú,0,,,325,246,231,97,83,15,13,58,163
082020240,2,“ú—§Žs,‚—é’¬,0,,,1263,957,873,314,446,84,117,321,534
08202024001,3,“ú—§Žs,‚—é’¬‚P’š–Ú,0,,,284,219,216,60,134,3,58,118,69
08202024002,3,“ú—§Žs,‚—é’¬‚Q’š–Ú,0,,,202,95,88,27,45,7,10,29,48
08202024003,3,“ú—§Žs,‚—é’¬‚R’š–Ú,0,,,230,200,184,51,112,16,21,87,81
08202024004,3,“ú—§Žs,‚—é’¬‚S’š–Ú,0,,,197,141,116,48,47,25,10,33,124
08202024005,3,“ú—§Žs,‚—é’¬‚T’š–Ú,0,,,350,302,269,128,108,33,18,54,212
082020250,2,“ú—§Žs,”’‹â’¬,1,,025002;025003,248,173,138,62,48,35,8,33,178
08202025001,3,“ú—§Žs,”’‹â’¬‚P’š–Ú,0,,,-,-,-,-,-,-,-,-,-
08202025002,3,“ú—§Žs,”’‹â’¬‚Q’š–Ú,2,0250,,X,X,X,X,X,X,X,X,X
08202025003,3,“ú—§Žs,”’‹â’¬‚R’š–Ú,2,0250,,X,X,X,X,X,X,X,X,X
082020260,2,“ú—§Žs,“Œ’¬,0,,,988,570,506,185,236,64,54,144,482
08202026001,3,“ú—§Žs,“Œ’¬‚P’š–Ú,0,,,310,186,156,55,77,30,22,45,155
08202026002,3,“ú—§Žs,“Œ’¬‚Q’š–Ú,0,,,333,185,166,62,79,19,14,42,164
08202026003,3,“ú—§Žs,“Œ’¬‚R’š–Ú,0,,,187,131,121,45,51,10,10,40,85
08202026004,3,“ú—§Žs,“Œ’¬‚S’š–Ú,0,,,158,68,63,23,29,5,8,17,78
082020270,2,“ú—§Žs,¬‘ò’¬,0,,,5,4,4,3,1,-,-,1,3
082020280,2,“ú—§Žs,“Œ¬‘ò’¬,0,,,1213,443,389,167,148,54,33,91,384
08202028001,3,“ú—§Žs,“Œ¬‘ò’¬‚P’š–Ú,0,,,86,47,40,19,15,7,5,10,41
08202028002,3,“ú—§Žs,“Œ¬‘ò’¬‚Q’š–Ú,0,,,288,110,100,51,33,10,10,17,105
08202028003,3,“ú—§Žs,“Œ¬‘ò’¬‚R’š–Ú,0,,,839,286,249,97,100,37,18,64,238
082020290,2,“ú—§Žs,’†¬‘ò’¬,0,,,1901,779,691,292,321,88,81,239,544
08202029001,3,“ú—§Žs,’†¬‘ò’¬‚P’š–Ú,0,,,272,135,123,60,52,12,18,39,90
08202029002,3,“ú—§Žs,’†¬‘ò’¬‚Q’š–Ú,0,,,453,261,239,92,125,22,23,97,145
08202029003,3,“ú—§Žs,’†¬‘ò’¬‚R’š–Ú,0,,,556,142,118,53,48,24,10,34,125
08202029004,3,“ú—§Žs,’†¬‘ò’¬‚S’š–Ú,0,,,620,241,211,87,96,30,30,69,184
082020300,2,“ú—§Žs,¼¬‘ò’¬,0,,,2476,1742,1591,800,603,151,87,349,1388
08202030001,3,“ú—§Žs,¼¬‘ò’¬‚P’š–Ú,0,,,553,324,301,150,120,23,21,73,253
08202030002,3,“ú—§Žs,¼¬‘ò’¬‚Q’š–Ú,0,,,641,445,407,180,165,38,29,111,331
08202030003,3,“ú—§Žs,¼¬‘ò’¬‚R’š–Ú,0,,,405,230,200,85,86,30,14,50,171
08202030004,3,“ú—§Žs,¼¬‘ò’¬‚S’š–Ú,0,,,877,743,683,385,232,60,23,115,633
082020310,2,“ú—§Žs,ŠŠì’¬,0,,,1255,847,757,264,332,90,110,272,622
08202031000,3,“ú—§Žs,ŠŠì’¬,2,031003,,X,X,X,X,X,X,X,X,X
08202031001,3,“ú—§Žs,ŠŠì’¬‚P’š–Ú,0,,,258,171,148,57,60,23,14,46,140
08202031002,3,“ú—§Žs,ŠŠì’¬‚Q’š–Ú,0,,,542,395,357,108,172,38,75,170,206
08202031003,3,“ú—§Žs,ŠŠì’¬‚R’š–Ú,1,,031000,455,281,252,99,100,29,21,56,276
082020320,2,“ú—§Žs,ŠŠì–{’¬,0,,,1591,1137,1014,419,432,123,92,308,918
08202032001,3,“ú—§Žs,ŠŠì–{’¬‚P’š–Ú,0,,,368,275,245,87,114,30,35,112,169
08202032002,3,“ú—§Žs,ŠŠì–{’¬‚Q’š–Ú,0,,,360,236,212,85,93,24,19,65,200
08202032003,3,“ú—§Žs,ŠŠì–{’¬‚R’š–Ú,0,,,342,271,234,109,94,37,20,55,214
08202032004,3,“ú—§Žs,ŠŠì–{’¬‚S’š–Ú,0,,,465,316,286,121,115,30,16,66,305
08202032005,3,“ú—§Žs,ŠŠì–{’¬‚T’š–Ú,0,,,56,39,37,17,16,2,2,10,30
082020330,2,“ú—§Žs,“ŒŠŠì’¬,0,,,840,616,551,191,300,65,83,247,285
08202033001,3,“ú—§Žs,“ŒŠŠì’¬‚P’š–Ú,0,,,360,250,229,60,142,21,46,132,83
08202033002,3,“ú—§Žs,“ŒŠŠì’¬‚Q’š–Ú,0,,,198,170,151,64,71,19,16,48,103
08202033003,3,“ú—§Žs,“ŒŠŠì’¬‚R’š–Ú,0,,,185,130,117,44,65,13,13,47,57
08202033004,3,“ú—§Žs,“ŒŠŠì’¬‚S’š–Ú,0,,,55,39,36,18,12,3,6,12,22
08202033005,3,“ú—§Žs,“ŒŠŠì’¬‚T’š–Ú,0,,,42,27,18,5,10,9,2,8,20
082020340,2,“ú—§Žs,‘½‰ê’¬,0,,,1016,597,529,212,233,68,80,193,375
08202034001,3,“ú—§Žs,‘½‰ê’¬‚P’š–Ú,0,,,353,179,156,65,68,23,21,52,132
08202034002,3,“ú—§Žs,‘½‰ê’¬‚Q’š–Ú,0,,,184,107,97,42,43,10,12,28,79
08202034003,3,“ú—§Žs,‘½‰ê’¬‚R’š–Ú,0,,,207,136,118,42,60,18,27,64,52
08202034004,3,“ú—§Žs,‘½‰ê’¬‚S’š–Ú,0,,,104,64,54,24,20,10,6,16,56
08202034005,3,“ú—§Žs,‘½‰ê’¬‚T’š–Ú,0,,,168,111,104,39,42,7,14,33,56
082020350,2,“ú—§Žs,÷ì’¬,0,,,730,469,421,152,180,48,59,150,333
08202035001,3,“ú—§Žs,÷ì’¬‚P’š–Ú,0,,,84,42,41,12,19,1,5,14,37
08202035002,3,“ú—§Žs,÷ì’¬‚Q’š–Ú,0,,,276,192,169,57,82,23,29,77,114
08202035003,3,“ú—§Žs,÷ì’¬‚R’š–Ú,0,,,175,119,106,42,44,13,13,34,82
08202035004,3,“ú—§Žs,÷ì’¬‚S’š–Ú,0,,,195,116,105,41,35,11,12,25,100
082020360,2,“ú—§Žs,––L’¬,0,,,1212,794,709,228,355,85,124,319,406
08202036001,3,“ú—§Žs,––L’¬‚P’š–Ú,0,,,-,-,-,-,-,-,-,-,-
08202036002,3,“ú—§Žs,––L’¬‚Q’š–Ú,0,,,314,186,161,52,75,25,28,61,125
08202036003,3,“ú—§Žs,––L’¬‚R’š–Ú,0,,,420,265,245,69,141,20,46,124,125
08202036004,3,“ú—§Žs,––L’¬‚S’š–Ú,0,,,226,173,153,52,68,20,27,66,75
08202036005,3,“ú—§Žs,––L’¬‚T’š–Ú,0,,,252,170,150,55,71,20,23,68,81
082020370,2,“ú—§Žs,‘å‹v•Û’¬,0,,,1624,1080,993,332,520,87,155,404,559
08202037000,3,“ú—§Žs,‘å‹v•Û’¬,0,,,12,9,8,2,4,1,1,2,9
08202037001,3,“ú—§Žs,‘å‹v•Û’¬‚P’š–Ú,0,,,96,54,48,20,21,6,5,14,40
08202037002,3,“ú—§Žs,‘å‹v•Û’¬‚Q’š–Ú,0,,,399,241,223,80,105,18,29,79,147
08202037003,3,“ú—§Žs,‘å‹v•Û’¬‚R’š–Ú,0,,,458,316,292,91,164,24,55,124,131
08202037004,3,“ú—§Žs,‘å‹v•Û’¬‚S’š–Ú,0,,,384,267,241,92,119,26,32,95,159
08202037005,3,“ú—§Žs,‘å‹v•Û’¬‚T’š–Ú,0,,,275,193,181,47,107,12,33,90,73
082020380,2,“ú—§Žs,çÎ’¬,0,,,820,505,445,191,187,60,44,129,379
08202038001,3,“ú—§Žs,çÎ’¬‚P’š–Ú,0,,,193,118,99,46,42,19,7,22,117
08202038002,3,“ú—§Žs,çÎ’¬‚Q’š–Ú,0,,,135,88,80,30,30,8,7,26,61
08202038003,3,“ú—§Žs,çÎ’¬‚R’š–Ú,0,,,326,196,174,85,67,22,15,46,138
08202038004,3,“ú—§Žs,çÎ’¬‚S’š–Ú,0,,,166,103,92,30,48,11,15,35,63
082020390,2,“ú—§Žs,ˆ¼ì’¬,0,,,1945,866,773,287,368,93,119,302,579
08202039001,3,“ú—§Žs,ˆ¼ì’¬‚P’š–Ú,0,,,257,129,104,41,48,25,11,41,100
08202039002,3,“ú—§Žs,ˆ¼ì’¬‚Q’š–Ú,0,,,163,65,56,18,27,9,10,18,41
08202039003,3,“ú—§Žs,ˆ¼ì’¬‚R’š–Ú,0,,,201,93,86,28,45,7,23,36,57
08202039004,3,“ú—§Žs,ˆ¼ì’¬‚S’š–Ú,0,,,142,98,89,17,56,9,16,52,38
08202039005,3,“ú—§Žs,ˆ¼ì’¬‚T’š–Ú,0,,,529,208,192,85,79,16,21,65,144
08202039006,3,“ú—§Žs,ˆ¼ì’¬‚U’š–Ú,0,,,653,273,246,98,113,27,38,90,199
082020400,2,“ú—§Žs,‰ÍŒ´Žq’¬,0,,,943,582,501,210,202,81,35,143,457
08202040001,3,“ú—§Žs,‰ÍŒ´Žq’¬‚P’š–Ú,0,,,94,25,20,10,8,5,-,4,23
08202040002,3,“ú—§Žs,‰ÍŒ´Žq’¬‚Q’š–Ú,0,,,299,189,162,72,63,27,13,40,162
08202040003,3,“ú—§Žs,‰ÍŒ´Žq’¬‚R’š–Ú,0,,,279,187,156,72,64,31,9,44,153
08202040004,3,“ú—§Žs,‰ÍŒ´Žq’¬‚S’š–Ú,0,,,271,181,163,56,67,18,13,55,119
082020410,2,“ú—§Žs,“Œ‘½‰ê’¬,0,,,1428,870,783,298,367,87,102,288,605
08202041001,3,“ú—§Žs,“Œ‘½‰ê’¬‚P’š–Ú,0,,,40,25,24,8,10,1,4,10,13
08202041002,3,“ú—§Žs,“Œ‘½‰ê’¬‚Q’š–Ú,0,,,366,234,214,89,92,20,23,66,181
08202041003,3,“ú—§Žs,“Œ‘½‰ê’¬‚R’š–Ú,0,,,364,211,193,65,100,18,20,72,145
08202041004,3,“ú—§Žs,“Œ‘½‰ê’¬‚S’š–Ú,0,,,271,174,157,58,84,17,33,72,102
08202041005,3,“ú—§Žs,“Œ‘½‰ê’¬‚T’š–Ú,0,,,387,226,195,78,81,31,22,68,164
082020420,2,“ú—§Žs,‘•ª’¬,0,,,428,174,155,48,85,19,15,66,106
08202042001,3,“ú—§Žs,‘•ª’¬‚P’š–Ú,0,,,66,38,27,8,15,11,6,12,29
08202042002,3,“ú—§Žs,‘•ª’¬‚Q’š–Ú,0,,,8,1,1,-,1,-,-,-,2
08202042003,3,“ú—§Žs,‘•ª’¬‚R’š–Ú,0,,,354,135,127,40,69,8,9,54,75
082020430,2,“ú—§Žs,z–K’¬,0,,,2859,1918,1752,718,787,166,198,585,1186
08202043000,3,“ú—§Žs,z–K’¬,0,,,144,109,107,26,53,2,17,49,41
08202043001,3,“ú—§Žs,z–K’¬‚P’š–Ú,0,,,755,402,360,160,134,42,41,101,308
08202043002,3,“ú—§Žs,z–K’¬‚Q’š–Ú,0,,,319,218,194,83,84,24,23,58,162
08202043003,3,“ú—§Žs,z–K’¬‚R’š–Ú,0,,,406,231,212,91,92,19,26,63,129
08202043004,3,“ú—§Žs,z–K’¬‚S’š–Ú,0,,,638,446,414,120,260,32,72,238,207
08202043005,3,“ú—§Žs,z–K’¬‚T’š–Ú,0,,,408,342,305,166,92,37,11,47,289
08202043006,3,“ú—§Žs,z–K’¬‚U’š–Ú,0,,,189,170,160,72,72,10,8,29,50
082020440,2,“ú—§Žs,“Œ‹à‘ò’¬,0,,,2274,1415,1287,465,643,128,186,516,871
08202044001,3,“ú—§Žs,“Œ‹à‘ò’¬‚P’š–Ú,0,,,313,238,208,75,108,30,39,78,140
08202044002,3,“ú—§Žs,“Œ‹à‘ò’¬‚Q’š–Ú,0,,,619,376,343,123,149,33,46,120,275
08202044003,3,“ú—§Žs,“Œ‹à‘ò’¬‚R’š–Ú,0,,,463,262,239,85,126,23,33,94,164
08202044004,3,“ú—§Žs,“Œ‹à‘ò’¬‚S’š–Ú,0,,,277,189,177,70,81,12,22,59,135
08202044005,3,“ú—§Žs,“Œ‹à‘ò’¬‚T’š–Ú,0,,,602,350,320,112,179,30,46,165,157
082020450,2,“ú—§Žs,‹à‘ò’¬,0,,,2751,1970,1772,717,750,198,220,581,1413
08202045000,3,“ú—§Žs,‹à‘ò’¬,2,045002,,X,X,X,X,X,X,X,X,X
08202045001,3,“ú—§Žs,‹à‘ò’¬‚P’š–Ú,0,,,425,240,208,66,113,32,55,108,140
08202045002,3,“ú—§Žs,‹à‘ò’¬‚Q’š–Ú,1,,045000,798,563,527,170,228,36,65,196,339
08202045003,3,“ú—§Žs,‹à‘ò’¬‚R’š–Ú,0,,,245,188,166,62,72,22,21,56,123
08202045004,3,“ú—§Žs,‹à‘ò’¬‚S’š–Ú,0,,,415,266,236,83,116,30,44,97,151
08202045005,3,“ú—§Žs,‹à‘ò’¬‚T’š–Ú,0,,,253,205,177,86,66,28,15,38,186
08202045006,3,“ú—§Žs,‹à‘ò’¬‚U’š–Ú,0,,,312,260,236,127,79,24,11,44,241
08202045007,3,“ú—§Žs,‹à‘ò’¬‚V’š–Ú,0,,,303,248,222,123,76,26,9,42,233
082020460,2,“ú—§Žs,“Œ‘åÀ’¬,0,,,2503,1866,1602,656,728,264,176,568,1292
08202046001,3,“ú—§Žs,“Œ‘åÀ’¬‚P’š–Ú,0,,,541,419,360,135,176,59,41,139,276
08202046002,3,“ú—§Žs,“Œ‘åÀ’¬‚Q’š–Ú,0,,,766,615,523,239,218,92,37,153,476
08202046003,3,“ú—§Žs,“Œ‘åÀ’¬‚R’š–Ú,0,,,656,456,386,157,184,70,55,146,284
08202046004,3,“ú—§Žs,“Œ‘åÀ’¬‚S’š–Ú,0,,,540,376,333,125,150,43,43,130,256
082020470,2,“ú—§Žs,‘åÀ’¬,0,,,1582,1115,1002,388,424,113,117,339,792
08202047000,3,“ú—§Žs,‘åÀ’¬,0,,,-,-,-,-,-,-,-,-,-
08202047001,3,“ú—§Žs,‘åÀ’¬‚P’š–Ú,0,,,517,290,260,98,109,30,42,81,269
08202047002,3,“ú—§Žs,‘åÀ’¬‚Q’š–Ú,0,,,286,220,196,70,93,24,14,72,146
08202047003,3,“ú—§Žs,‘åÀ’¬‚R’š–Ú,0,,,504,380,349,120,161,31,48,145,191
08202047004,3,“ú—§Žs,‘åÀ’¬‚S’š–Ú,0,,,275,225,197,100,61,28,13,41,186
082020480,2,“ú—§Žs,XŽR’¬,0,,,1805,1240,1114,474,488,126,118,355,880
08202048000,3,“ú—§Žs,XŽR’¬,0,,,-,-,-,-,-,-,-,-,-
08202048001,3,“ú—§Žs,XŽR’¬‚P’š–Ú,0,,,476,351,318,139,139,33,28,97,226
08202048002,3,“ú—§Žs,XŽR’¬‚Q’š–Ú,0,,,614,449,400,174,158,49,42,126,375
08202048003,3,“ú—§Žs,XŽR’¬‚R’š–Ú,0,,,210,139,124,55,50,15,11,33,103
08202048004,3,“ú—§Žs,XŽR’¬‚S’š–Ú,0,,,254,165,152,64,74,13,18,51,97
08202048005,3,“ú—§Žs,XŽR’¬‚T’š–Ú,0,,,251,136,120,42,67,16,19,48,79
082020490,2,“ú—§Žs,…–Ø’¬,0,,,1502,947,832,315,403,115,101,307,620
08202049001,3,“ú—§Žs,…–Ø’¬‚P’š–Ú,0,,,588,405,347,126,173,58,44,143,269
08202049002,3,“ú—§Žs,…–Ø’¬‚Q’š–Ú,0,,,914,542,485,189,230,57,57,164,351
082020500,2,“ú—§Žs,’†ŠÛ’¬,0,,,556,467,402,209,144,65,15,83,363
08202050001,3,“ú—§Žs,’†ŠÛ’¬‚P’š–Ú,0,,,300,247,210,109,76,37,9,38,212
08202050002,3,“ú—§Žs,’†ŠÛ’¬‚Q’š–Ú,0,,,256,220,192,100,68,28,6,45,151
082020510,2,“ú—§Žs,”·ŽR’¬,0,,,699,614,572,329,199,42,24,89,523
08202051001,3,“ú—§Žs,”·ŽR’¬‚P’š–Ú,0,,,323,292,264,151,88,28,13,47,235
08202051002,3,“ú—§Žs,”·ŽR’¬‚Q’š–Ú,0,,,376,322,308,178,111,14,11,42,288
082020520,2,“ú—§Žs,‘äŒ´’¬,0,,,768,673,614,306,245,59,40,107,490
08202052001,3,“ú—§Žs,‘äŒ´’¬‚P’š–Ú,0,,,118,107,98,48,40,9,8,21,78
08202052002,3,“ú—§Žs,‘äŒ´’¬‚Q’š–Ú,0,,,336,286,264,129,113,22,18,44,229
08202052003,3,“ú—§Žs,‘äŒ´’¬‚R’š–Ú,0,,,314,280,252,129,92,28,14,42,183
082020530,2,“ú—§Žs,‚Ý‚©‚ÌŒ´’¬,0,,,545,466,407,192,179,59,34,123,286
08202053001,3,“ú—§Žs,‚Ý‚©‚ÌŒ´’¬‚P’š–Ú,0,,,296,250,220,98,99,30,24,80,117
08202053002,3,“ú—§Žs,‚Ý‚©‚ÌŒ´’¬‚Q’š–Ú,0,,,249,216,187,94,80,29,10,43,169
082020540,2,“ú—§Žs,‹vŽœ’¬,0,,,3972,2601,2212,836,1016,389,226,713,1892
08202054000,3,“ú—§Žs,‹vŽœ’¬,0,,,-,-,-,-,-,-,-,-,-
08202054001,3,“ú—§Žs,‹vŽœ’¬‚P’š–Ú,0,,,435,285,213,86,81,72,19,66,270
08202054002,3,“ú—§Žs,‹vŽœ’¬‚Q’š–Ú,0,,,917,536,472,178,240,64,60,148,309
08202054003,3,“ú—§Žs,‹vŽœ’¬‚R’š–Ú,0,,,786,509,429,145,183,80,43,137,423
08202054004,3,“ú—§Žs,‹vŽœ’¬‚S’š–Ú,0,,,293,182,139,54,63,43,13,47,152
08202054005,3,“ú—§Žs,‹vŽœ’¬‚T’š–Ú,0,,,621,472,409,176,179,63,30,116,366
08202054006,3,“ú—§Žs,‹vŽœ’¬‚U’š–Ú,0,,,586,396,352,122,177,44,43,121,235
08202054007,3,“ú—§Žs,‹vŽœ’¬‚V’š–Ú,0,,,334,221,198,75,93,23,18,78,137
082020550,2,“ú—§Žs,‘å‚Ý‚©’¬,0,,,2880,1368,1220,455,575,148,161,439,882
08202055001,3,“ú—§Žs,‘å‚Ý‚©’¬‚P’š–Ú,0,,,647,299,268,109,110,31,27,79,219
08202055002,3,“ú—§Žs,‘å‚Ý‚©’¬‚Q’š–Ú,0,,,437,212,187,66,90,25,14,62,150
08202055003,3,“ú—§Žs,‘å‚Ý‚©’¬‚R’š–Ú,0,,,504,274,251,78,127,23,39,109,138
08202055004,3,“ú—§Žs,‘å‚Ý‚©’¬‚S’š–Ú,0,,,574,293,255,88,131,38,47,97,166
08202055005,3,“ú—§Žs,‘å‚Ý‚©’¬‚T’š–Ú,0,,,18,5,5,2,3,-,2,3,2
08202055006,3,“ú—§Žs,‘å‚Ý‚©’¬‚U’š–Ú,0,,,652,250,223,92,109,27,30,86,179
08202055007,3,“ú—§Žs,‘å‚Ý‚©’¬‚V’š–Ú,0,,,48,35,31,20,5,4,2,3,28
082020560,2,“ú—§Žs,Î–¼â’¬,0,,,1269,969,876,378,403,93,99,303,536
08202056000,3,“ú—§Žs,Î–¼â’¬,0,,,-,-,-,-,-,-,-,-,-
08202056001,3,“ú—§Žs,Î–¼â’¬‚P’š–Ú,0,,,919,696,643,250,321,53,82,241,339
08202056002,3,“ú—§Žs,Î–¼â’¬‚Q’š–Ú,0,,,350,273,233,128,82,40,17,62,197
082020570,2,“ú—§Žs,“ì‚–ì’¬,0,,,1514,1108,1007,309,495,101,103,403,639
08202057001,3,“ú—§Žs,“ì‚–ì’¬‚P’š–Ú,0,,,503,359,324,106,175,35,40,152,148
08202057002,3,“ú—§Žs,“ì‚–ì’¬‚Q’š–Ú,0,,,554,415,378,110,165,37,37,140,239
08202057003,3,“ú—§Žs,“ì‚–ì’¬‚R’š–Ú,0,,,457,334,305,93,155,29,26,111,252
082020580,2,“ú—§Žs,–Î‹{’¬,0,,,119,101,72,32,30,29,5,18,71
082020590,2,“ú—§Žs,‘å˜a“c’¬,0,,,262,203,174,78,76,29,9,35,178
08202059000,3,“ú—§Žs,‘å˜a“c’¬,0,,,190,149,125,58,54,24,8,25,126
08202059001,3,“ú—§Žs,‘å˜a“c’¬‚P’š–Ú,0,,,72,54,49,20,22,5,1,10,52
082020600,2,“ú—§Žs,_“c’¬,0,,,181,151,123,58,50,28,8,26,126
082020610,2,“ú—§Žs,‰º“y–Ø“à’¬,0,,,83,73,58,28,19,15,1,8,57
082020620,2,“ú—§Žs,—¯’¬,0,,,223,176,132,65,48,44,10,36,150
082020630,2,“ú—§Žs,‚Ý‚È‚Æ’¬,0,,,20,14,11,2,7,3,2,5,7
082020640,2,“ú—§Žs,,0,,,-,-,-,-,-,-,-,-,-
082020650,2,“ú—§Žs,‘Š“c’¬,0,,,1079,805,724,321,293,81,57,188,605
08202065001,3,“ú—§Žs,‘Š“c’¬‚P’š–Ú,0,,,299,193,180,60,75,13,23,53,163
08202065002,3,“ú—§Žs,‘Š“c’¬‚Q’š–Ú,0,,,195,152,137,60,63,15,10,46,73
08202065003,3,“ú—§Žs,‘Š“c’¬‚R’š–Ú,0,,,585,460,407,201,155,53,24,89,369
082020660,2,“ú—§Žs,ˆÉŽt,0,,,1064,881,730,327,311,151,48,187,580
082020670,2,“ú—§Žs,ˆÉŽt–{‹½,0,,,797,633,548,203,269,85,101,230,404
082020680,2,“ú—§Žs,é‚Ì‹u,0,,,722,687,658,87,542,29,223,546,46
08202068001,3,“ú—§Žs,é‚Ì‹u‚P’š–Ú,0,,,185,175,165,30,123,10,14,114,25
08202068002,3,“ú—§Žs,é‚Ì‹u‚Q’š–Ú,0,,,169,161,154,13,130,7,30,141,10
08202068003,3,“ú—§Žs,é‚Ì‹u‚R’š–Ú,0,,,117,110,105,9,94,5,39,97,2
08202068004,3,“ú—§Žs,é‚Ì‹u‚S’š–Ú,0,,,85,80,79,7,70,1,47,68,1
08202068005,3,“ú—§Žs,é‚Ì‹u‚T’š–Ú,0,,,166,161,155,28,125,6,93,126,8
082020690,2,“ú—§Žs,—F•”,0,,,1605,1276,1075,399,507,201,146,398,860
082020700,2,“ú—§Žs,ŽR•”,0,,,285,237,203,73,88,34,16,62,161
082020710,2,“ú—§Žs,‚Œ´,0,,,126,84,70,34,24,14,4,15,96
082020720,2,“ú—§Žs,•â,0,,,14,6,6,4,1,-,-,-,10
082020730,2,“ú—§Žs,—F•”“Œ,0,,,472,327,291,113,152,36,46,119,150
08202073001,3,“ú—§Žs,—F•”“Œ‚P’š–Ú,0,,,82,60,50,21,24,10,6,22,37
08202073002,3,“ú—§Žs,—F•”“Œ‚Q’š–Ú,0,,,79,51,41,9,28,10,3,22,26
08202073003,3,“ú—§Žs,—F•”“Œ‚R’š–Ú,0,,,115,81,77,26,44,4,19,35,30
08202073004,3,“ú—§Žs,—F•”“Œ‚S’š–Ú,0,,,196,135,123,57,56,12,18,40,57
08203,1,“y‰YŽs,,0,,,57134,38435,32798,11588,15574,5637,4921,12717,24118
082030010,2,“y‰YŽs,“Vì,0,,,819,619,529,196,253,90,63,180,457
08203001001,3,“y‰YŽs,“Vì‚P’š–Ú,0,,,279,213,172,81,65,41,12,51,184
08203001002,3,“y‰YŽs,“Vì‚Q’š–Ú,0,,,540,406,357,115,188,49,51,129,273
082030020,2,“y‰YŽs,rì‰«¼‹æ,0,,,376,283,245,83,120,38,35,89,170
08203002001,3,“y‰YŽs,rì‰«¼‹æ‚P’š–Ú,0,,,87,69,56,23,26,13,6,21,39
08203002002,3,“y‰YŽs,rì‰«¼‹æ‚Q’š–Ú,0,,,172,129,117,37,64,12,22,53,63
08203002003,3,“y‰YŽs,rì‰«¼‹æ‚R’š–Ú,0,,,117,85,72,23,30,13,7,15,68
082030030,2,“y‰YŽs,rì‰«“ì‹æ,0,,,306,218,169,61,78,49,16,60,167
082030040,2,“y‰YŽs,rì‰«“Œ,0,,,1413,770,661,251,282,109,96,243,609
08203004001,3,“y‰YŽs,rì‰«“Œ‚P’š–Ú,0,,,232,121,99,42,39,22,8,31,107
08203004002,3,“y‰YŽs,rì‰«“Œ‚Q’š–Ú,0,,,489,279,248,87,111,31,31,87,182
08203004003,3,“y‰YŽs,rì‰«“Œ‚R’š–Ú,0,,,692,370,314,122,132,56,57,125,320
082030050,2,“y‰YŽs,rì‰«¼,0,,,639,376,317,127,121,59,39,92,292
08203005001,3,“y‰YŽs,rì‰«¼‚P’š–Ú,0,,,349,187,162,62,62,25,29,56,121
08203005002,3,“y‰YŽs,rì‰«¼‚Q’š–Ú,0,,,290,189,155,65,59,34,10,36,171
082030060,2,“y‰YŽs,—L–¾’¬,0,,,26,1,1,-,1,-,-,-,1
082030070,2,“y‰YŽs,ˆ¾–ì’¬,0,,,72,58,39,17,17,19,3,15,55
082030080,2,“y‰YŽs,”Ñ“c,0,,,61,54,39,16,16,15,2,12,42
082030090,2,“y‰YŽs,¶“c’¬,0,,,343,232,204,65,105,28,23,64,157
082030100,2,“y‰YŽs,”Â’J,0,,,1483,1123,979,288,493,144,163,446,594
08203010001,3,“y‰YŽs,”Â’J‚P’š–Ú,0,,,275,197,163,50,85,34,22,60,144
08203010002,3,“y‰YŽs,”Â’J‚Q’š–Ú,0,,,113,97,84,46,31,13,5,21,78
08203010003,3,“y‰YŽs,”Â’J‚R’š–Ú,0,,,191,177,172,15,70,5,49,126,20
08203010004,3,“y‰YŽs,”Â’J‚S’š–Ú,0,,,493,377,331,99,194,46,46,148,192
08203010005,3,“y‰YŽs,”Â’J‚T’š–Ú,0,,,34,23,23,7,11,-,3,8,12
08203010006,3,“y‰YŽs,”Â’J‚U’š–Ú,0,,,241,163,129,41,66,34,22,56,94
08203010007,3,“y‰YŽs,”Â’J‚V’š–Ú,0,,,136,89,77,30,36,12,16,27,54
082030110,2,“y‰YŽs,¡ò,0,,,52,43,27,9,14,16,3,12,35
082030120,2,“y‰YŽs,‘åŠâ“c’¬,0,,,621,492,417,106,196,75,60,193,262
08203012001,3,“y‰YŽs,‘åŠâ“c’¬‚P‹æ,0,,,153,119,87,26,46,32,14,34,81
08203012002,3,“y‰YŽs,‘åŠâ“c’¬‚Q‹æ,0,,,232,168,138,47,75,30,18,54,119
08203012003,3,“y‰YŽs,‘åŠâ“c’¬‘åŠâ“c’c’n,0,,,236,205,192,33,75,13,28,105,62
082030130,2,“y‰YŽs,‘å’¬,0,,,321,215,181,55,78,34,17,64,151
082030140,2,“y‰YŽs,‘åŽè’¬,0,,,237,172,127,54,49,45,11,34,173
082030150,2,“y‰YŽs,‰«h’¬,0,,,252,214,143,47,71,71,26,78,160
082030160,2,“y‰YŽs,‰³ŒË’¬,0,,,882,665,576,240,266,89,79,195,431
082030171,2,“y‰YŽs,¬ŽR“c,0,,,202,161,121,28,73,40,17,58,97
08203017101,3,“y‰YŽs,¬ŽR“c‚P’š–Ú,0,,,151,121,95,20,59,26,11,41,69
08203017102,3,“y‰YŽs,¬ŽR“c‚Q’š–Ú,0,,,51,40,26,8,14,14,6,17,28
082030180,2,“y‰YŽs,‰³ŒË“ì,0,,,1277,986,904,370,453,82,126,325,578
08203018001,3,“y‰YŽs,‰³ŒË“ì‚P’š–Ú,0,,,439,368,337,135,178,31,51,129,202
08203018002,3,“y‰YŽs,‰³ŒË“ì‚Q’š–Ú,0,,,460,352,331,152,153,21,39,100,226
08203018003,3,“y‰YŽs,‰³ŒË“ì‚R’š–Ú,0,,,378,266,236,83,122,30,36,96,150
082030190,2,“y‰YŽs,‰µ’¬,0,,,22,16,16,3,8,-,4,7,1
08203019001,3,“y‰YŽs,‰µ’¬‚P’š–Ú,0,,,22,16,16,3,8,-,4,7,1
08203019002,3,“y‰YŽs,‰µ’¬‚Q’š–Ú,0,,,-,-,-,-,-,-,-,-,-
082030200,2,“y‰YŽs,””–Ñ,0,,,18,16,10,4,3,6,3,4,15
082030210,2,“y‰YŽs,‰àƒP‰ª’¬,0,,,698,484,419,127,192,65,60,159,343
082030220,2,“y‰YŽs,ã‚’Ã,0,,,260,196,149,53,70,47,23,59,157
082030230,2,“y‰YŽs,ã‚’ÃV’¬,0,,,439,332,306,81,179,26,36,145,143
082030240,2,“y‰YŽs,‰GŽR,0,,,1466,1067,906,400,368,161,65,229,915
08203024001,3,“y‰YŽs,‰GŽR‚P’š–Ú,0,,,258,210,176,87,64,34,9,46,179
08203024002,3,“y‰YŽs,‰GŽR‚Q’š–Ú,0,,,331,289,259,131,100,30,13,49,225
08203024003,3,“y‰YŽs,‰GŽR‚R’š–Ú,0,,,94,86,62,23,30,24,5,21,53
08203024004,3,“y‰YŽs,‰GŽR‚S’š–Ú,0,,,341,182,149,54,58,33,13,37,245
08203024005,3,“y‰YŽs,‰GŽR‚T’š–Ú,0,,,442,300,260,105,116,40,25,76,213
082030250,2,“y‰YŽs,ìŒû,0,,,598,323,293,107,134,30,46,117,175
08203025001,3,“y‰YŽs,ìŒû‚P’š–Ú,0,,,248,167,151,49,70,16,17,57,103
08203025002,3,“y‰YŽs,ìŒû‚Q’š–Ú,0,,,350,156,142,58,64,14,29,60,72
082030260,2,“y‰YŽs,_—§’¬,0,,,1488,991,863,295,426,128,170,340,499
082030270,2,“y‰YŽs,_—§’†‰›,0,,,2028,1208,1089,376,467,119,174,444,632
08203027001,3,“y‰YŽs,_—§’†‰›‚P’š–Ú,0,,,186,112,94,38,37,18,19,33,95
08203027002,3,“y‰YŽs,_—§’†‰›‚Q’š–Ú,0,,,397,180,152,52,73,28,23,60,118
08203027003,3,“y‰YŽs,_—§’†‰›‚R’š–Ú,0,,,556,353,314,119,139,39,49,119,189
08203027004,3,“y‰YŽs,_—§’†‰›‚S’š–Ú,0,,,267,195,186,35,54,9,19,94,82
08203027005,3,“y‰YŽs,_—§’†‰›‚T’š–Ú,0,,,622,368,343,132,164,25,64,138,148
082030280,2,“y‰YŽs,_—§“Œ,0,,,802,345,303,126,136,42,44,125,213
08203028001,3,“y‰YŽs,_—§“Œ‚P’š–Ú,0,,,253,135,112,46,47,23,12,46,84
08203028002,3,“y‰YŽs,_—§“Œ‚Q’š–Ú,0,,,549,210,191,80,89,19,32,79,129
082030290,2,“y‰YŽs,Š}Žt’¬,0,,,69,57,44,17,23,13,8,21,30
082030300,2,“y‰YŽs,–k_—§’¬,0,,,-,-,-,-,-,-,-,-,-
082030311,2,“y‰YŽs,–Ø“c—]“Œ‘ä,0,,,1332,753,663,218,371,90,158,336,262
08203031101,3,“y‰YŽs,–Ø“c—]“Œ‘ä‚P’š–Ú,0,,,113,54,47,14,30,7,13,31,12
08203031102,3,“y‰YŽs,–Ø“c—]“Œ‘ä‚Q’š–Ú,0,,,280,152,134,39,74,18,26,62,72
08203031103,3,“y‰YŽs,–Ø“c—]“Œ‘ä‚R’š–Ú,0,,,272,196,171,57,101,25,33,74,83
08203031104,3,“y‰YŽs,–Ø“c—]“Œ‘ä‚S’š–Ú,0,,,336,172,154,62,75,18,43,82,49
08203031105,3,“y‰YŽs,–Ø“c—]“Œ‘ä‚T’š–Ú,0,,,331,179,157,46,91,22,43,87,46
082030312,2,“y‰YŽs,–Ø“c—]’¬,0,,,624,324,242,79,118,82,58,112,226
08203031201,3,“y‰YŽs,–Ø“c—]’¬‚P‹æ,0,,,291,134,111,35,59,23,26,50,86
08203031202,3,“y‰YŽs,–Ø“c—]’¬‚Q‹æ,0,,,168,73,58,20,24,15,9,21,57
08203031203,3,“y‰YŽs,–Ø“c—]’¬‚R‹æ,0,,,112,74,50,15,27,24,19,28,44
08203031204,3,“y‰YŽs,–Ø“c—]’¬‚S‹æ,0,,,53,43,23,9,8,20,4,13,39
082030320,2,“y‰YŽs,–krì‰«’¬,0,,,431,283,245,88,116,38,32,71,206
082030330,2,“y‰YŽs,‘•ª’¬,0,,,242,163,140,47,69,23,14,43,118
082030340,2,“y‰YŽs,¬¼,0,,,1271,809,713,267,340,96,113,246,508
08203034001,3,“y‰YŽs,¬¼‚P’š–Ú,0,,,737,476,432,165,204,44,75,153,269
08203034002,3,“y‰YŽs,¬¼‚Q’š–Ú,0,,,159,103,89,29,44,14,6,29,78
08203034003,3,“y‰YŽs,¬¼‚R’š–Ú,0,,,375,230,192,73,92,38,32,64,161
082030350,2,“y‰YŽs,¬¼ƒP‹u’¬,0,,,274,191,156,68,64,35,14,47,159
082030360,2,“y‰YŽs,¬ŽRè,0,,,85,74,36,8,21,38,6,23,58
082030370,2,“y‰YŽs,¬Šâ“c“Œ,0,,,517,441,377,104,212,64,48,180,245
08203037001,3,“y‰YŽs,¬Šâ“c“Œ‚P’š–Ú,0,,,287,261,229,40,159,32,39,151,73
08203037002,3,“y‰YŽs,¬Šâ“c“Œ‚Q’š–Ú,0,,,230,180,148,64,53,32,9,29,172
082030380,2,“y‰YŽs,¬Šâ“c¼,0,,,246,164,141,50,59,23,17,41,123
08203038001,3,“y‰YŽs,¬Šâ“c¼‚P’š–Ú,0,,,162,113,98,32,40,15,11,25,87
08203038002,3,“y‰YŽs,¬Šâ“c¼‚Q’š–Ú,0,,,84,51,43,18,19,8,6,16,36
082030390,2,“y‰YŽs,ŒÎ–k,0,,,431,263,243,103,96,20,35,81,127
08203039001,3,“y‰YŽs,ŒÎ–k‚P’š–Ú,0,,,172,98,89,32,43,9,17,39,54
08203039002,3,“y‰YŽs,ŒÎ–k‚Q’š–Ú,0,,,259,165,154,71,53,11,18,42,73
082030400,2,“y‰YŽs,÷ƒP‹u’¬,0,,,896,712,638,268,300,74,75,187,415
082030410,2,“y‰YŽs,²–ìŽq,0,,,63,50,35,14,16,15,4,11,39
082030420,2,“y‰YŽs,÷’¬,0,,,852,448,372,147,155,76,44,126,387
08203042001,3,“y‰YŽs,÷’¬‚P’š–Ú,0,,,148,95,78,29,32,17,7,28,81
08203042002,3,“y‰YŽs,÷’¬‚Q’š–Ú,0,,,144,61,52,23,16,9,4,13,65
08203042003,3,“y‰YŽs,÷’¬‚R’š–Ú,0,,,220,139,117,54,47,22,12,33,114
08203042004,3,“y‰YŽs,÷’¬‚S’š–Ú,0,,,340,153,125,41,60,28,21,52,127
082030430,2,“y‰YŽs,Ž³’Ë,0,,,244,187,146,59,64,41,24,49,114
082030441,2,“y‰YŽs,“Œ•À–Ø’¬,0,,,99,67,49,20,22,18,8,17,56
082030442,2,“y‰YŽs,¼•À–Ø’¬,0,,,177,132,111,40,46,21,17,42,108
082030443,2,“y‰YŽs,í–¼,0,,,221,188,140,57,63,48,16,43,154
082030450,2,“y‰YŽs,‰º‚’Ã,0,,,1657,918,839,292,360,79,111,311,589
08203045001,3,“y‰YŽs,‰º‚’Ã‚P’š–Ú,0,,,523,303,277,103,129,26,38,108,181
08203045002,3,“y‰YŽs,‰º‚’Ã‚Q’š–Ú,0,,,414,222,201,57,67,21,17,70,189
08203045003,3,“y‰YŽs,‰º‚’Ã‚R’š–Ú,0,,,372,187,174,60,84,13,27,60,120
08203045004,3,“y‰YŽs,‰º‚’Ã‚S’š–Ú,0,,,348,206,187,72,80,19,29,73,99
082030460,2,“y‰YŽs,”’’¹’¬,0,,,103,92,60,22,30,32,5,24,64
082030470,2,“y‰YŽs,é–k’¬,0,,,346,208,173,63,68,35,16,52,174
082030480,2,“y‰YŽs,›’J’¬,0,,,335,275,204,81,91,71,26,73,211
082030490,2,“y‰YŽs,ç‘©’¬,0,,,161,104,91,29,38,13,7,36,67
082030500,2,“y‰YŽs,—§“c’¬,0,,,122,84,75,31,27,9,9,20,70
082030511,2,“y‰YŽs,“c’†,0,,,872,517,464,146,225,53,79,211,277
08203051101,3,“y‰YŽs,“c’†‚P’š–Ú,0,,,429,241,218,81,91,23,22,72,167
08203051102,3,“y‰YŽs,“c’†‚Q’š–Ú,0,,,189,109,95,29,37,14,18,46,61
08203051103,3,“y‰YŽs,“c’†‚R’š–Ú,0,,,254,167,151,36,97,16,39,93,49
082030512,2,“y‰YŽs,“c’†’¬,0,,,52,36,35,13,17,1,4,10,22
082030520,2,“y‰YŽs,“c‘º’¬,0,,,174,149,92,38,38,57,13,37,133
082030530,2,“y‰YŽs,ç’¹ƒP‹u’¬,0,,,67,47,39,17,18,8,4,12,43
082030540,2,“y‰YŽs,’†‰›,0,,,477,302,232,89,97,70,24,71,301
08203054001,3,“y‰YŽs,’†‰›‚P’š–Ú,0,,,163,116,90,32,43,26,8,25,119
08203054002,3,“y‰YŽs,’†‰›‚Q’š–Ú,0,,,314,186,142,57,54,44,16,46,182
082030550,2,“y‰YŽs,“s˜a,0,,,660,359,320,101,98,39,26,107,351
08203055001,3,“y‰YŽs,“s˜a‚P’š–Ú,0,,,180,116,98,39,47,18,12,32,75
08203055002,3,“y‰YŽs,“s˜a‚Q’š–Ú,0,,,191,99,91,23,23,8,5,35,103
08203055003,3,“y‰YŽs,“s˜a‚R’š–Ú,0,,,262,122,113,31,23,9,8,37,151
08203055004,3,“y‰YŽs,“s˜a‚S’š–Ú,0,,,27,22,18,8,5,4,1,3,22
082030560,2,“y‰YŽs,Žè–ì’¬,0,,,331,261,140,48,70,121,21,78,233
082030570,2,“y‰YŽs,“Œè’¬,0,,,531,291,267,120,104,24,29,69,220
082030580,2,“y‰YŽs,“a—¢,0,,,139,92,66,27,26,26,4,19,80
082030591,2,“y‰YŽs,‰i‘“Œ’¬,0,,,575,499,446,209,188,53,26,86,291
082030592,2,“y‰YŽs,‰i‘,0,,,698,490,436,116,252,54,108,239,184
082030593,2,“y‰YŽs,‰i‘‘ä,0,,,246,217,203,74,115,14,14,80,73
082030601,2,“y‰YŽs,’†‚’Ã,0,,,1499,1025,864,285,404,161,123,357,651
08203060101,3,“y‰YŽs,’†‚’Ã‚P’š–Ú,0,,,479,332,272,104,113,60,39,88,255
08203060102,3,“y‰YŽs,’†‚’Ã‚Q’š–Ú,0,,,781,519,449,124,229,70,69,224,246
08203060103,3,“y‰YŽs,’†‚’Ã‚R’š–Ú,0,,,239,174,143,57,62,31,15,45,150
082030610,2,“y‰YŽs,’†ŠÑ,1,,0740,398,295,241,69,134,54,30,94,170
082030620,2,“y‰YŽs,•À–Ø,0,,,1661,1157,993,347,475,164,146,395,722
08203062001,3,“y‰YŽs,•À–Ø‚P’š–Ú,0,,,383,242,215,77,98,27,25,75,151
08203062002,3,“y‰YŽs,•À–Ø‚Q’š–Ú,0,,,323,217,191,74,80,26,25,68,158
08203062003,3,“y‰YŽs,•À–Ø‚R’š–Ú,0,,,397,278,227,91,96,51,31,91,198
08203062004,3,“y‰YŽs,•À–Ø‚S’š–Ú,0,,,235,194,158,42,95,36,22,67,115
08203062005,3,“y‰YŽs,•À–Ø‚T’š–Ú,0,,,323,226,202,63,106,24,43,94,100
082030630,2,“y‰YŽs,’†“s’¬,0,,,145,124,95,26,53,29,19,40,72
08203063001,3,“y‰YŽs,’†“s’¬‚P’š–Ú,0,,,76,63,49,10,33,14,13,29,30
08203063002,3,“y‰YŽs,’†“s’¬‚Q’š–Ú,0,,,25,21,14,6,6,7,3,5,15
08203063003,3,“y‰YŽs,’†“s’¬‚R’š–Ú,0,,,21,19,16,7,6,3,1,1,16
08203063004,3,“y‰YŽs,’†“s’¬‚S’š–Ú,0,,,23,21,16,3,8,5,2,5,11
082030640,2,“y‰YŽs,’†_—§’¬,0,,,666,365,334,120,155,31,66,144,169
082030650,2,“y‰YŽs,’†‘º’¬,0,,,942,668,595,137,384,73,176,351,268
08203065001,3,“y‰YŽs,’†‘º’¬‚P‹æ,0,,,698,483,430,88,305,53,149,281,144
08203065002,3,“y‰YŽs,’†‘º’¬‚U‹æ,0,,,194,145,127,46,66,18,18,46,107
08203065003,3,“y‰YŽs,’†‘º’¬‚W‹æ,0,,,50,40,38,3,13,2,9,24,17
082030660,2,“y‰YŽs,’†‘º“ì,0,,,1601,1141,1004,370,443,137,135,344,789
08203066001,3,“y‰YŽs,’†‘º“ì‚P’š–Ú,0,,,277,211,175,63,69,36,15,56,179
08203066002,3,“y‰YŽs,’†‘º“ì‚Q’š–Ú,0,,,301,219,193,59,101,26,42,78,141
08203066003,3,“y‰YŽs,’†‘º“ì‚R’š–Ú,0,,,267,184,165,67,69,19,13,45,139
08203066004,3,“y‰YŽs,’†‘º“ì‚S’š–Ú,0,,,231,167,143,53,51,24,15,46,100
08203066005,3,“y‰YŽs,’†‘º“ì‚T’š–Ú,0,,,296,195,176,67,84,19,29,69,143
08203066006,3,“y‰YŽs,’†‘º“ì‚U’š–Ú,0,,,229,165,152,61,69,13,21,50,87
082030670,2,“y‰YŽs,’†rì‰«’¬,0,,,392,223,193,81,82,30,19,62,143
082030680,2,“y‰YŽs,¼ª’¬,0,,,257,202,157,50,84,45,24,64,145
08203068001,3,“y‰YŽs,¼ª’¬‚P‹æ,0,,,105,83,68,20,37,15,9,24,60
08203068002,3,“y‰YŽs,¼ª’¬‚Q‹æ,0,,,83,64,45,13,27,19,8,21,53
08203068003,3,“y‰YŽs,¼ª’¬‚R‹æ,0,,,69,55,44,17,20,11,7,19,32
082030690,2,“y‰YŽs,¼^“ç’¬,0,,,264,173,149,55,65,24,21,54,103
082030700,2,“y‰YŽs,¼ª“ì,0,,,887,594,534,191,245,60,63,183,390
08203070001,3,“y‰YŽs,¼ª“ì‚P’š–Ú,0,,,375,258,239,90,113,19,34,90,132
08203070002,3,“y‰YŽs,¼ª“ì‚Q’š–Ú,0,,,285,198,167,58,74,31,18,55,148
08203070003,3,“y‰YŽs,¼ª“ì‚R’š–Ú,0,,,227,138,128,43,58,10,11,38,110
082030710,2,“y‰YŽs,¼ª¼,0,,,174,128,120,42,70,8,26,58,46
082030720,2,“y‰YŽs,˜@‰ÍŒ´’¬,0,,,62,45,38,14,21,7,7,15,34
082030730,2,“y‰YŽs,˜@‰ÍŒ´V’¬,0,,,383,173,150,57,66,23,29,56,133
082030740,2,“y‰YŽs,“Œ’†ŠÑ’¬,2,0610,,X,X,X,X,X,X,X,X,X
082030750,2,“y‰YŽs,“Œ^“ç’¬,0,,,584,343,319,98,170,24,62,160,158
082030760,2,“y‰YŽs,•xŽmè,0,,,918,596,528,185,250,68,73,214,293
08203076001,3,“y‰YŽs,•xŽmè‚P’š–Ú,0,,,717,444,394,141,182,50,52,156,222
08203076002,3,“y‰YŽs,•xŽmè‚Q’š–Ú,0,,,201,152,134,44,68,18,21,58,71
082030770,2,“y‰YŽs,•¶‹ž’¬,0,,,404,270,252,97,107,18,26,89,166
082030780,2,“y‰YŽs,^“ç,0,,,2633,1494,1268,422,605,226,199,489,1059
08203078001,3,“y‰YŽs,^“ç‚P’š–Ú,0,,,263,105,82,30,36,23,11,26,100
08203078002,3,“y‰YŽs,^“ç‚Q’š–Ú,0,,,318,171,154,50,85,17,36,72,65
08203078003,3,“y‰YŽs,^“ç‚R’š–Ú,0,,,235,137,105,37,46,32,15,38,132
08203078004,3,“y‰YŽs,^“ç‚S’š–Ú,0,,,734,482,426,120,206,56,74,182,305
08203078005,3,“y‰YŽs,^“ç‚T’š–Ú,0,,,322,189,162,59,73,27,19,55,152
08203078006,3,“y‰YŽs,^“ç‚U’š–Ú,0,,,761,410,339,126,159,71,44,116,305
082030790,2,“y‰YŽs,^“çV’¬,0,,,489,189,166,55,77,23,33,74,133
082030800,2,“y‰YŽs,‰E–à’¬,0,,,2714,1948,1710,638,776,238,224,563,1184
08203080001,3,“y‰YŽs,‰E–à’¬‚P‹æ,0,,,622,472,404,123,203,68,69,159,260
08203080002,3,“y‰YŽs,‰E–à’¬‚Q‹æ,0,,,363,243,216,70,99,27,31,76,126
08203080003,3,“y‰YŽs,‰E–à’¬‚R‹æ,0,,,938,606,546,221,236,60,72,175,358
08203080004,3,“y‰YŽs,‰E–à’¬‚S‹æ,0,,,204,169,137,46,66,32,14,47,133
08203080005,3,“y‰YŽs,‰E–à’¬‚T‹æ,0,,,143,94,84,28,42,10,9,28,52
08203080006,3,“y‰YŽs,‰E–à’¬‚Ü‚è‚â‚Ü’c’n,0,,,161,133,111,53,36,22,9,30,111
08203080007,3,“y‰YŽs,‰E–à’¬‚Ü‚è‚â‚ÜV’¬,0,,,283,231,212,97,94,19,20,48,144
08203080008,3,“y‰YŽs,‰E–à’¬—¤ãŽ©‰q‘à,0,,,-,-,-,-,-,-,-,-,-
082030810,2,“y‰YŽs,`’¬,0,,,1083,621,569,223,235,52,91,201,306
08203081001,3,“y‰YŽs,`’¬‚P’š–Ú,0,,,276,116,103,52,29,13,7,24,71
08203081002,3,“y‰YŽs,`’¬‚Q’š–Ú,0,,,503,272,256,92,118,16,52,107,81
08203081003,3,“y‰YŽs,`’¬‚R’š–Ú,0,,,304,233,210,79,88,23,32,70,154
082030820,2,“y‰YŽs,’ŽŠ|,0,,,294,199,155,56,73,44,28,55,127
082030830,2,“y‰YŽs,–îì,0,,,69,53,38,16,18,15,4,15,47
082030840,2,“y‰YŽs,‘å˜a’¬,0,,,389,277,263,100,131,14,47,117,105
082030850,2,“y‰YŽs,Žá¼’¬,0,,,438,268,227,88,107,41,29,65,233
082030860,2,“y‰YŽs,,0,,,-,-,-,-,-,-,-,-,-
082030870,2,“y‰YŽs,“ŒŽá¼’¬,0,,,130,92,88,24,57,4,31,55,20
082030890,2,“y‰YŽs,’†‘º“Œ,0,,,379,326,301,107,138,25,29,87,182
08203089001,3,“y‰YŽs,’†‘º“Œ‚P’š–Ú,0,,,116,104,91,49,33,13,4,11,71
08203089002,3,“y‰YŽs,’†‘º“Œ‚Q’š–Ú,0,,,198,163,156,42,75,7,23,61,87
08203089003,3,“y‰YŽs,’†‘º“Œ‚R’š–Ú,0,,,65,59,54,16,30,5,2,15,24
082030900,2,“y‰YŽs,”’’¹V’¬,0,,,211,174,159,50,90,15,16,47,63
082030910,2,“y‰YŽs,‚¨‚¨‚Â–ì,0,,,633,506,480,96,350,26,171,349,55
08203091001,3,“y‰YŽs,‚¨‚¨‚Â–ì‚P’š–Ú,0,,,-,-,-,-,-,-,-,-,-
08203091002,3,“y‰YŽs,‚¨‚¨‚Â–ì‚Q’š–Ú,0,,,-,-,-,-,-,-,-,-,-
08203091003,3,“y‰YŽs,‚¨‚¨‚Â–ì‚R’š–Ú,0,,,-,-,-,-,-,-,-,-,-
08203091004,3,“y‰YŽs,‚¨‚¨‚Â–ì‚S’š–Ú,0,,,-,-,-,-,-,-,-,-,-
08203091005,3,“y‰YŽs,‚¨‚¨‚Â–ì‚T’š–Ú,0,,,135,103,96,20,71,7,25,71,10
08203091006,3,“y‰YŽs,‚¨‚¨‚Â–ì‚U’š–Ú,0,,,210,161,155,35,105,6,55,109,16
08203091007,3,“y‰YŽs,‚¨‚¨‚Â–ì‚V’š–Ú,0,,,107,100,94,11,79,6,43,72,11
08203091008,3,“y‰YŽs,‚¨‚¨‚Â–ì‚W’š–Ú,0,,,181,142,135,30,95,7,48,97,18
082030920,2,“y‰YŽs,Ž‡ƒ–‹u,0,,,-,-,-,-,-,-,-,-,-
082030930,2,“y‰YŽs,“Œ“s˜a,0,,,198,166,156,71,74,10,16,35,83
082030940,2,“y‰YŽs,–Ø“c—]¼‘ä,0,,,405,237,212,68,102,25,34,88,135
082030950,2,“y‰YŽs,‘ê“c,0,,,331,252,241,59,163,11,75,154,36
08203095001,3,“y‰YŽs,‘ê“c‚P’š–Ú,0,,,159,111,105,29,67,6,38,71,12
08203095002,3,“y‰YŽs,‘ê“c‚Q’š–Ú,0,,,172,141,136,30,96,5,37,83,24
082030960,2,“y‰YŽs,“¡‘ò,0,,,804,656,470,149,224,186,75,207,471
082030970,2,“y‰YŽs,‘å”¨,0,,,449,349,282,118,131,67,31,85,218
082030980,2,“y‰YŽs,ãâ“c,0,,,104,88,54,18,24,34,5,22,80
082030990,2,“y‰YŽs,‰ºâ“c,0,,,151,121,82,29,39,39,17,45,84
082031000,2,“y‰YŽs,‘ò•Ó,0,,,142,117,68,33,23,49,11,36,106
082031010,2,“y‰YŽs,“c‹{,0,,,54,53,23,8,11,30,5,12,41
082031020,2,“y‰YŽs,‚‰ª,0,,,316,242,179,64,86,63,26,76,164
082031030,2,“y‰YŽs,“c“y•”,0,,,108,91,52,21,21,39,6,26,70
082031040,2,“y‰YŽs,“¡‘òV“c,0,,,32,31,14,7,4,17,5,9,25
082031050,2,“y‰YŽs,‰iˆä,0,,,167,147,95,32,35,52,13,38,125
082031060,2,“y‰YŽs,–{‹½,0,,,149,130,76,27,39,54,14,39,112
082031070,2,“y‰YŽs,‘åŽuŒË,0,,,58,51,21,5,11,30,5,15,50
082031080,2,“y‰YŽs,¬–ì,0,,,69,59,43,14,18,16,7,13,51
082031090,2,“y‰YŽs,“ŒéŽ›,0,,,45,41,20,9,8,21,5,9,39
082031100,2,“y‰YŽs,¬‚,0,,,32,28,14,2,10,14,3,11,20
08204,1,ŒÃ‰ÍŽs,,0,,,52504,38310,30934,10101,15388,7376,4880,12578,23661
082040010,2,ŒÃ‰ÍŽs,ŒÃ‰Í,0,,,1015,722,593,202,274,129,73,212,497
082040020,2,ŒÃ‰ÍŽs,Œ´,0,,,82,68,60,32,24,8,15,18,26
082040030,2,ŒÃ‰ÍŽs,‘åŽR,0,,,1136,897,743,237,391,154,90,263,491
082040040,2,ŒÃ‰ÍŽs,’†“c,0,,,1464,1128,945,361,442,183,125,308,710
082040050,2,ŒÃ‰ÍŽs,’†“cV“c,0,,,551,407,344,117,147,63,36,127,290
082040060,2,ŒÃ‰ÍŽs,’ƒ‰®V“c,0,,,474,360,301,85,171,59,57,151,198
082040070,2,ŒÃ‰ÍŽs,âŠÔ,0,,,350,261,218,66,120,43,36,93,135
082040080,2,ŒÃ‰ÍŽs,’¹‹ò,0,,,53,45,34,7,24,11,12,22,23
082040090,2,ŒÃ‰ÍŽs,V‹v“c,0,,,335,253,191,59,84,62,35,90,181
082040100,2,ŒÃ‰ÍŽs,‹îƒPè,0,,,20,17,11,2,7,6,-,4,13
082040110,2,ŒÃ‰ÍŽs,—§è,0,,,-,-,-,-,-,-,-,-,-
082040120,2,ŒÃ‰ÍŽs,ƒ‘ƒ,0,,,1354,933,808,276,393,125,142,308,497
082040130,2,ŒÃ‰ÍŽs,–q–ì’n,0,,,81,70,51,18,23,19,6,13,55
082040140,2,ŒÃ‰ÍŽs,’·’J,0,,,-,-,-,-,-,-,-,-,-
082040150,2,ŒÃ‰ÍŽs,ŽO˜a,0,,,461,351,311,94,132,40,43,110,205
082040160,2,ŒÃ‰ÍŽs,Ã’¬,0,,,573,424,375,128,189,49,42,129,223
082040170,2,ŒÃ‰ÍŽs,í”Õ’¬,0,,,391,276,236,86,105,40,22,79,201
082040180,2,ŒÃ‰ÍŽs,•½˜a’¬,0,,,406,304,277,86,103,27,24,91,161
082040190,2,ŒÃ‰ÍŽs,–k’¬,0,,,426,282,248,81,119,34,32,96,178
082040200,2,ŒÃ‰ÍŽs,ŽO™’¬,0,,,507,348,301,97,151,47,52,109,211
08204020001,3,ŒÃ‰ÍŽs,ŽO™’¬‚P’š–Ú,0,,,133,84,65,29,29,19,12,23,57
08204020002,3,ŒÃ‰ÍŽs,ŽO™’¬‚Q’š–Ú,0,,,374,264,236,68,122,28,40,86,154
082040210,2,ŒÃ‰ÍŽs,—Î’¬,0,,,749,547,457,154,228,90,36,127,439
082040220,2,ŒÃ‰ÍŽs,—‹“d’¬,0,,,546,383,313,84,179,70,50,146,230
082040230,2,ŒÃ‰ÍŽs,“Œ,0,,,1301,770,628,228,291,142,74,184,622
08204023001,3,ŒÃ‰ÍŽs,“Œ‚P’š–Ú,0,,,263,151,137,50,66,14,21,41,110
08204023002,3,ŒÃ‰ÍŽs,“Œ‚Q’š–Ú,0,,,492,289,242,89,107,47,22,61,226
08204023003,3,ŒÃ‰ÍŽs,“Œ‚R’š–Ú,0,,,252,144,103,35,51,41,11,31,142
08204023004,3,ŒÃ‰ÍŽs,“Œ‚S’š–Ú,0,,,294,186,146,54,67,40,20,51,144
082040240,2,ŒÃ‰ÍŽs,ˆ®’¬,0,,,611,411,361,129,167,50,53,140,237
08204024001,3,ŒÃ‰ÍŽs,ˆ®’¬‚P’š–Ú,0,,,287,186,168,68,75,18,38,70,95
08204024002,3,ŒÃ‰ÍŽs,ˆ®’¬‚Q’š–Ú,0,,,324,225,193,61,92,32,15,70,142
082040250,2,ŒÃ‰ÍŽs,“Œ–{’¬,0,,,972,635,498,174,232,137,63,191,478
08204025001,3,ŒÃ‰ÍŽs,“Œ–{’¬‚P’š–Ú,0,,,449,270,232,97,94,38,31,72,209
08204025002,3,ŒÃ‰ÍŽs,“Œ–{’¬‚Q’š–Ú,0,,,184,120,82,33,32,38,10,35,99
08204025003,3,ŒÃ‰ÍŽs,“Œ–{’¬‚R’š–Ú,0,,,170,138,104,23,66,34,7,44,98
08204025004,3,ŒÃ‰ÍŽs,“Œ–{’¬‚S’š–Ú,0,,,169,107,80,21,40,27,15,40,72
082040260,2,ŒÃ‰ÍŽs,‰ºŽR’¬,0,,,373,269,218,72,114,51,45,95,162
082040270,2,ŒÃ‰ÍŽs,“ì’¬,0,,,285,196,165,61,75,31,17,61,122
082040280,2,ŒÃ‰ÍŽs,¼•À,0,,,1005,668,559,184,245,109,78,187,536
08204028001,3,ŒÃ‰ÍŽs,¼•À‚P’š–Ú,0,,,500,328,279,91,122,49,43,92,282
08204028002,3,ŒÃ‰ÍŽs,¼•À‚Q’š–Ú,0,,,505,340,280,93,123,60,35,95,254
082040290,2,ŒÃ‰ÍŽs,‰¡ŽR’¬,0,,,627,399,317,122,127,82,24,79,399
08204029001,3,ŒÃ‰ÍŽs,‰¡ŽR’¬‚P’š–Ú,0,,,199,117,93,45,27,24,9,26,122
08204029002,3,ŒÃ‰ÍŽs,‰¡ŽR’¬‚Q’š–Ú,0,,,244,148,110,43,47,38,10,32,136
08204029003,3,ŒÃ‰ÍŽs,‰¡ŽR’¬‚R’š–Ú,0,,,184,134,114,34,53,20,5,21,141
082040300,2,ŒÃ‰ÍŽs,‹{‘O’¬,0,,,320,244,210,85,87,34,17,52,184
082040310,2,ŒÃ‰ÍŽs,¼’¬,0,,,246,181,146,51,68,35,17,45,131
082040320,2,ŒÃ‰ÍŽs,‘åŽè’¬,0,,,237,170,148,56,68,22,6,34,135
082040330,2,ŒÃ‰ÍŽs,’†‰›’¬,0,,,733,474,407,152,180,67,62,135,327
08204033001,3,ŒÃ‰ÍŽs,’†‰›’¬‚P’š–Ú,0,,,281,170,147,50,71,23,26,53,112
08204033002,3,ŒÃ‰ÍŽs,’†‰›’¬‚Q’š–Ú,0,,,225,144,125,48,55,19,17,41,93
08204033003,3,ŒÃ‰ÍŽs,’†‰›’¬‚R’š–Ú,0,,,227,160,135,54,54,25,19,41,122
082040340,2,ŒÃ‰ÍŽs,–{’¬,0,,,1842,1204,1059,426,470,145,136,350,792
08204034001,3,ŒÃ‰ÍŽs,–{’¬‚P’š–Ú,0,,,371,220,190,90,77,30,14,52,174
08204034002,3,ŒÃ‰ÍŽs,–{’¬‚Q’š–Ú,0,,,284,179,146,65,54,33,13,32,155
08204034003,3,ŒÃ‰ÍŽs,–{’¬‚R’š–Ú,0,,,340,207,164,58,73,43,16,55,189
08204034004,3,ŒÃ‰ÍŽs,–{’¬‚S’š–Ú,0,,,847,598,559,213,266,39,93,211,274
082040350,2,ŒÃ‰ÍŽs,‹Ñ’¬,0,,,183,118,98,36,41,20,4,20,112
082040360,2,ŒÃ‰ÍŽs,÷’¬,0,,,447,317,270,91,125,47,33,89,250
082040370,2,ŒÃ‰ÍŽs,K’¬,0,,,580,415,346,136,150,69,35,116,297
082040380,2,ŒÃ‰ÍŽs,Œ´’¬,0,,,593,374,311,125,122,63,31,77,315
082040390,2,ŒÃ‰ÍŽs,’·’J’¬,0,,,629,426,368,132,186,58,55,136,274
082040400,2,ŒÃ‰ÍŽs,,0,,,-,-,-,-,-,-,-,-,-
082040410,2,ŒÃ‰ÍŽs,‚¯‚â‚«•½,0,,,539,485,449,92,320,36,120,278,90
08204041001,3,ŒÃ‰ÍŽs,‚¯‚â‚«•½‚P’š–Ú,0,,,313,283,255,52,180,28,63,149,57
08204041002,3,ŒÃ‰ÍŽs,‚¯‚â‚«•½‚Q’š–Ú,0,,,226,202,194,40,140,8,57,129,33
082040420,2,ŒÃ‰ÍŽs,ã‘å–ì,0,,,388,333,217,64,112,116,31,104,221
082040430,2,ŒÃ‰ÍŽs,ˆî‹{,0,,,191,169,113,38,62,56,12,49,116
082040440,2,ŒÃ‰ÍŽs,¬’ç,0,,,1277,992,778,247,383,214,103,290,675
082040450,2,ŒÃ‰ÍŽs,ŠÖŒË,0,,,1589,893,721,219,380,172,152,323,472
082040460,2,ŒÃ‰ÍŽs,‹v”\,0,,,1052,826,687,213,371,139,152,334,400
082040470,2,ŒÃ‰ÍŽs,‰º‘å–ì,0,,,1149,932,753,192,464,179,143,414,459
082040480,2,ŒÃ‰ÍŽs,–ö‹´,0,,,287,240,165,49,90,75,24,72,167
082040490,2,ŒÃ‰ÍŽs,Š‹¶,0,,,326,275,172,51,94,103,28,81,206
082040500,2,ŒÃ‰ÍŽs,‚–ì,0,,,279,229,166,49,90,63,39,81,135
082040510,2,ŒÃ‰ÍŽs,Žß‰Þ,0,,,319,279,194,62,102,85,25,78,190
082040520,2,ŒÃ‰ÍŽs,ˆé•”,0,,,519,397,321,110,158,76,41,99,244
082040530,2,ŒÃ‰ÍŽs,»ˆäV“c,0,,,50,39,30,9,18,9,2,6,30
082040540,2,ŒÃ‰ÍŽs,ã»ˆä,0,,,40,35,23,6,12,12,4,15,29
082040550,2,ŒÃ‰ÍŽs,‹î‰Hª,0,,,1652,1160,972,290,526,188,169,491,607
082040560,2,ŒÃ‰ÍŽs,…ŠC,0,,,754,554,397,121,212,157,79,192,339
082040570,2,ŒÃ‰ÍŽs,‘O—Ñ,0,,,244,217,125,37,67,92,21,67,154
082040580,2,ŒÃ‰ÍŽs,ã•ÓŒ©,0,,,2951,2055,1789,566,908,266,355,765,1097
082040590,2,ŒÃ‰ÍŽs,‰º•ÓŒ©,0,,,792,552,437,127,246,115,103,216,273
082040600,2,ŒÃ‰ÍŽs,‘å’ç,0,,,534,393,319,119,156,74,67,132,230
082040610,2,ŒÃ‰ÍŽs,¼‹’J,0,,,901,598,469,149,252,129,88,214,367
082040620,2,ŒÃ‰ÍŽs,“Œ‹’J,0,,,639,383,311,92,163,72,69,145,222
082040630,2,ŒÃ‰ÍŽs,—À,0,,,1948,1326,1172,325,648,154,219,540,574
082040640,2,ŒÃ‰ÍŽs,–k—˜ª,0,,,-,-,-,-,-,-,-,-,-
082040650,2,ŒÃ‰ÍŽs,‹u—¢,0,,,-,-,-,-,-,-,-,-,-
082040660,2,ŒÃ‰ÍŽs,”ì,0,,,3014,2223,1826,577,886,397,360,830,1295
08204066001,3,ŒÃ‰ÍŽs,”ì”ì‰º’¬,0,,,42,29,17,2,8,12,1,11,29
08204066002,3,ŒÃ‰ÍŽs,”ì”ìV’¬,0,,,147,115,78,19,41,37,15,38,77
08204066003,3,ŒÃ‰ÍŽs,”ì”ì‘å“ú‘O,0,,,294,199,175,63,80,24,28,71,109
08204066004,3,ŒÃ‰ÍŽs,”ì”ì’‡’¬,0,,,98,83,54,20,22,29,14,25,60
08204066005,3,ŒÃ‰ÍŽs,”ì”ìã’¬ˆê,0,,,115,68,54,20,23,14,5,24,50
08204066006,3,ŒÃ‰ÍŽs,”ì”ìã’¬,0,,,301,222,186,58,92,36,50,91,109
08204066007,3,ŒÃ‰ÍŽs,”ì”ì¼¼Œ´,0,,,394,269,235,67,124,34,42,109,118
08204066008,3,ŒÃ‰ÍŽs,”ì”ì¼•”,0,,,831,651,539,169,266,112,106,240,398
08204066009,3,ŒÃ‰ÍŽs,”ì”ì‘ä,0,,,34,25,19,11,6,6,2,8,29
08204066010,3,ŒÃ‰ÍŽs,”ìãª,0,,,128,103,81,25,34,22,26,43,46
08204066011,3,ŒÃ‰ÍŽs,”ì”ì’†‰›’¬,0,,,301,218,181,57,88,37,35,90,118
08204066012,3,ŒÃ‰ÍŽs,”ì”ì“Œ¼Œ´,0,,,279,202,174,52,91,28,34,72,114
08204066013,3,ŒÃ‰ÍŽs,”ì”ì‰º’¬,0,,,24,17,14,4,6,3,1,4,18
08204066014,3,ŒÃ‰ÍŽs,”ì”ì‘å“ú‘O,0,,,19,16,14,9,2,2,-,1,15
08204066015,3,ŒÃ‰ÍŽs,”ì”ì¼•”,0,,,7,6,5,1,3,1,1,3,5
082040670,2,ŒÃ‰ÍŽs,ŒÜ•”,0,,,58,46,36,14,16,10,5,14,31
082040680,2,ŒÃ‰ÍŽs,ã˜a“c,0,,,153,131,97,32,43,34,13,33,90
082040690,2,ŒÃ‰ÍŽs,‹îž,0,,,288,239,183,55,92,56,27,65,147
082040700,2,ŒÃ‰ÍŽs,ã•Ð“c,0,,,313,262,191,70,74,71,20,62,176
08204070001,3,ŒÃ‰ÍŽs,ã•Ð“cã•Ð“c,0,,,200,170,115,35,49,55,13,43,118
08204070002,3,ŒÃ‰ÍŽs,ã•Ð“cã•Ð“c‹{‘O,0,,,113,92,76,35,25,16,7,19,58
082040710,2,ŒÃ‰ÍŽs,‰º•Ð“c,0,,,203,157,117,39,50,40,12,37,110
08204071000,3,ŒÃ‰ÍŽs,‰º•Ð“c,0,,,198,153,115,39,48,38,11,35,109
08204071001,3,ŒÃ‰ÍŽs,‰º•Ð“c,0,,,5,4,2,-,2,2,1,2,1
082040720,2,ŒÃ‰ÍŽs,‘å˜a“c,0,,,430,341,239,85,114,102,26,78,242
08204072001,3,ŒÃ‰ÍŽs,‘å˜a“c‘å˜a“cã,0,,,326,250,188,67,87,62,19,54,174
08204072002,3,ŒÃ‰ÍŽs,‘å˜a“c‘å˜a“c‰º,0,,,104,91,51,18,27,40,7,24,68
082040730,2,ŒÃ‰ÍŽs,V˜a“c,0,,,67,60,36,11,20,24,5,14,44
082040740,2,ŒÃ‰ÍŽs,m˜A,0,,,1420,1110,854,294,396,256,109,318,728
08204074001,3,ŒÃ‰ÍŽs,m˜Am˜AŒä•Ó,0,,,295,248,178,63,82,70,32,75,155
08204074002,3,ŒÃ‰ÍŽs,m˜Am˜A‰º’¬,0,,,128,104,76,31,32,28,8,28,74
08204074003,3,ŒÃ‰ÍŽs,m˜Am˜Aã’¬ˆê,0,,,44,35,23,6,14,12,-,7,23
08204074004,3,ŒÃ‰ÍŽs,m˜Am˜Aã’¬“ñ,0,,,131,101,78,25,36,23,12,32,61
08204074005,3,ŒÃ‰ÍŽs,m˜Am˜Aã’¬ŽO,0,,,146,97,75,28,32,22,14,35,72
08204074006,3,ŒÃ‰ÍŽs,m˜Am˜Aã’¬Žl,0,,,144,118,97,27,54,21,13,40,62
08204074007,3,ŒÃ‰ÍŽs,m˜Am˜Aã’¬ŒÜ,0,,,317,235,199,71,88,36,18,59,161
08204074008,3,ŒÃ‰ÍŽs,m˜Am˜A]Œû,0,,,69,57,34,12,17,23,3,11,46
08204074009,3,ŒÃ‰ÍŽs,m˜Am˜A]Œû‘æ“ñ,0,,,141,110,90,30,39,20,9,31,72
08204074010,3,ŒÃ‰ÍŽs,m˜Am˜A‰º’¬,0,,,5,5,4,1,2,1,-,-,2
082040750,2,ŒÃ‰ÍŽs,“Œ”ì,0,,,371,287,237,82,121,50,52,120,139
08204075001,3,ŒÃ‰ÍŽs,“Œ”ì“Œ”ì,0,,,258,196,155,59,79,41,41,84,100
08204075002,3,ŒÃ‰ÍŽs,“Œ”ìV“Œ”ì,0,,,113,91,82,23,42,9,11,36,39
082040760,2,ŒÃ‰ÍŽs,“ŒŽR“c,0,,,1834,1486,1073,374,509,413,152,462,952
08204076001,3,ŒÃ‰ÍŽs,“ŒŽR“ch,0,,,83,69,36,9,20,33,5,20,52
08204076002,3,ŒÃ‰ÍŽs,“ŒŽR“c“ì,0,,,65,60,28,8,16,32,4,14,52
08204076003,3,ŒÃ‰ÍŽs,“ŒŽR“c’†—¢,0,,,107,94,59,24,31,35,9,33,59
08204076004,3,ŒÃ‰ÍŽs,“ŒŽR“cVX“c,0,,,137,113,95,36,43,18,9,31,63
08204076005,3,ŒÃ‰ÍŽs,“ŒŽR“c‘åj,1,,076013,77,71,44,21,14,27,9,26,45
08204076006,3,ŒÃ‰ÍŽs,“ŒŽR“c•Ä‘q,0,,,109,92,49,15,23,43,20,34,68
08204076007,3,ŒÃ‰ÍŽs,“ŒŽR“c´…,0,,,283,233,189,55,98,44,25,68,142
08204076008,3,ŒÃ‰ÍŽs,“ŒŽR“cÔ¼,0,,,129,96,62,19,28,34,13,37,61
08204076009,3,ŒÃ‰ÍŽs,“ŒŽR“cÀ‰e,0,,,182,137,103,38,42,34,12,41,99
08204076010,3,ŒÃ‰ÍŽs,“ŒŽR“c•ŸŒ´,0,,,35,31,16,5,9,15,3,12,16
08204076011,3,ŒÃ‰ÍŽs,“ŒŽR“c¬—§–ì‘æ“ñ,0,,,242,190,161,61,70,29,17,54,113
08204076012,3,ŒÃ‰ÍŽs,“ŒŽR“cùŒ´,0,,,129,101,80,34,34,21,9,28,62
08204076013,3,ŒÃ‰ÍŽs,“ŒŽR“c”ª–“‘—MŠ,2,076005,,X,X,X,X,X,X,X,X,X
08204076014,3,ŒÃ‰ÍŽs,“ŒŽR“c”ò’n,0,,,-,-,-,-,-,-,-,-,-
08204076015,3,ŒÃ‰ÍŽs,“ŒŽR“cÀ‰e‘æ“ñ,0,,,202,152,131,44,68,21,12,46,84
08204076016,3,ŒÃ‰ÍŽs,“ŒŽR“c¬—§–ì,0,,,54,47,20,5,13,27,5,18,36
082040770,2,ŒÃ‰ÍŽs,’JŠL,0,,,378,301,213,76,97,88,34,106,208
08204077001,3,ŒÃ‰ÍŽs,’JŠL’JŠL–k,0,,,161,129,96,37,41,33,6,45,84
08204077002,3,ŒÃ‰ÍŽs,’JŠL’JŠL’†,0,,,57,45,25,8,15,20,5,13,33
08204077003,3,ŒÃ‰ÍŽs,’JŠL’JŠL“ì,0,,,160,127,92,31,41,35,23,48,91
082040780,2,ŒÃ‰ÍŽs,ŽR“c,0,,,448,374,245,78,124,129,49,130,260
08204078001,3,ŒÃ‰ÍŽs,ŽR“cŽR“c–k,0,,,52,49,19,4,13,30,7,23,40
08204078002,3,ŒÃ‰ÍŽs,ŽR“cŽR“c’†,0,,,56,48,26,5,16,22,8,18,37
08204078003,3,ŒÃ‰ÍŽs,ŽR“cŽR“c“ì,0,,,55,42,25,10,9,17,7,15,34
08204078004,3,ŒÃ‰ÍŽs,ŽR“c”ª–“V’¬,0,,,199,165,118,42,58,47,19,49,114
08204078005,3,ŒÃ‰ÍŽs,ŽR“c‚©‚µŽR,0,,,72,56,45,12,22,11,7,20,29
08204078006,3,ŒÃ‰ÍŽs,ŽR“c–kŽR“c,0,,,14,14,12,5,6,2,1,5,6
082040790,2,ŒÃ‰ÍŽs,–kŽR“c,0,,,96,78,54,22,27,24,8,23,62
082040800,2,ŒÃ‰ÍŽs,’·¶ƒG–åV“c,0,,,216,180,120,34,66,60,22,63,103
08204080000,3,ŒÃ‰ÍŽs,’·¶ƒG–åV“c,0,,,210,174,118,33,65,56,20,60,98
08204080001,3,ŒÃ‰ÍŽs,’·¶ƒG–åV“c,0,,,6,6,2,1,1,4,2,3,5
082040810,2,ŒÃ‰ÍŽs,‰¶–¼,0,,,371,328,199,68,98,129,31,87,236
08204081001,3,ŒÃ‰ÍŽs,‰¶–¼‰¶–¼‰º’Ø,0,,,103,89,50,15,27,39,7,25,74
08204081002,3,ŒÃ‰ÍŽs,‰¶–¼ŒÃ‰®¼ŽR,0,,,69,60,39,18,16,21,5,14,46
08204081003,3,ŒÃ‰ÍŽs,‰¶–¼ŠÛŽR,0,,,128,115,69,20,36,46,14,34,70
08204081004,3,ŒÃ‰ÍŽs,‰¶–¼V—§,0,,,71,64,41,15,19,23,5,14,46
082040820,2,ŒÃ‰ÍŽs,”öè,0,,,1919,1547,1184,333,612,363,177,512,920
08204082001,3,ŒÃ‰ÍŽs,”öè‰º”öèˆê,0,,,417,331,260,71,145,71,47,125,167
08204082002,3,ŒÃ‰ÍŽs,”öè‰º”öè“ñ,0,,,364,297,222,54,115,75,33,120,173
08204082003,3,ŒÃ‰ÍŽs,”öè£ŒË‰®•~,0,,,161,134,87,22,43,47,17,41,99
08204082004,3,ŒÃ‰ÍŽs,”öè‰º“à,0,,,351,279,214,66,107,65,35,93,171
08204082005,3,ŒÃ‰ÍŽs,”öè‰Á‰ºŠÔ,0,,,243,205,153,43,79,52,23,59,127
08204082006,3,ŒÃ‰ÍŽs,”öè–{“cŽR,0,,,141,112,92,29,49,20,8,29,60
08204082007,3,ŒÃ‰ÍŽs,”öè•À–Ø,0,,,106,83,67,20,32,16,8,20,61
08204082008,3,ŒÃ‰ÍŽs,”öè‘OV“c,0,,,136,106,89,28,42,17,6,25,62
082040830,2,ŒÃ‰ÍŽs,]Œû,0,,,62,53,38,12,20,15,5,13,38
08204083000,3,ŒÃ‰ÍŽs,]Œû,0,,,26,23,19,4,11,4,2,4,18
08204083001,3,ŒÃ‰ÍŽs,]Œû,0,,,36,30,19,8,9,11,3,9,20
082040840,2,ŒÃ‰ÍŽs,ŠÔ’†‹´,0,,,485,398,286,86,135,112,49,138,246
08204084001,3,ŒÃ‰ÍŽs,ŠÔ’†‹´ŠÔ’†‹´,0,,,189,160,99,32,42,61,23,62,107
08204084002,3,ŒÃ‰ÍŽs,ŠÔ’†‹´ŠÔ’†‹´“ì,0,,,228,182,145,44,70,37,21,54,107
08204084003,3,ŒÃ‰ÍŽs,ŠÔ’†‹´ŠÔ’†‹´,0,,,68,56,42,10,23,14,5,22,32
082040850,2,ŒÃ‰ÍŽs,–¼è,0,,,-,-,-,-,-,-,-,-,-
08205,1,Î‰ªŽs,,0,,,27227,20298,15350,5426,7176,4948,2273,6365,13859
082050010,2,Î‰ªŽs,‘•{,0,,,931,631,490,177,190,141,51,156,562
08205001001,3,Î‰ªŽs,‘•{‚P’š–Ú,0,,,67,36,27,11,12,9,-,5,43
08205001002,3,Î‰ªŽs,‘•{‚Q’š–Ú,0,,,230,143,123,45,37,20,16,39,122
08205001003,3,Î‰ªŽs,‘•{‚R’š–Ú,0,,,68,53,41,22,9,12,-,7,56
08205001004,3,Î‰ªŽs,‘•{‚S’š–Ú,0,,,182,114,94,33,43,20,7,25,80
08205001005,3,Î‰ªŽs,‘•{‚T’š–Ú,0,,,129,90,59,23,22,31,10,26,94
08205001006,3,Î‰ªŽs,‘•{‚U’š–Ú,0,,,88,61,46,9,23,15,3,11,64
08205001007,3,Î‰ªŽs,‘•{‚V’š–Ú,0,,,167,134,100,34,44,34,15,43,103
082050020,2,Î‰ªŽs,•{’†,0,,,1106,683,547,203,241,136,85,188,605
08205002001,3,Î‰ªŽs,•{’†‚P’š–Ú,0,,,134,89,65,25,26,24,8,20,95
08205002002,3,Î‰ªŽs,•{’†‚Q’š–Ú,0,,,157,117,85,37,31,32,7,30,114
08205002003,3,Î‰ªŽs,•{’†‚R’š–Ú,0,,,196,122,100,35,41,22,6,24,125
08205002004,3,Î‰ªŽs,•{’†‚S’š–Ú,0,,,240,124,97,33,48,27,23,40,114
08205002005,3,Î‰ªŽs,•{’†‚T’š–Ú,0,,,379,231,200,73,95,31,41,74,157
082050030,2,Î‰ªŽs,Žá‹{,0,,,588,394,292,108,137,102,39,126,314
08205003001,3,Î‰ªŽs,Žá‹{‚P’š–Ú,0,,,189,113,88,33,37,25,3,32,110
08205003002,3,Î‰ªŽs,Žá‹{‚Q’š–Ú,0,,,165,116,79,26,42,37,12,39,94
08205003003,3,Î‰ªŽs,Žá‹{‚R’š–Ú,0,,,87,63,47,16,26,16,7,17,51
08205003004,3,Î‰ªŽs,Žá‹{‚S’š–Ú,0,,,147,102,78,33,32,24,17,38,59
082050040,2,Î‰ªŽs,‘ŽÐ,0,,,454,316,251,92,114,65,38,95,236
08205004001,3,Î‰ªŽs,‘ŽÐ‚P’š–Ú,0,,,247,169,134,47,60,35,17,48,137
08205004002,3,Î‰ªŽs,‘ŽÐ‚Q’š–Ú,0,,,207,147,117,45,54,30,21,47,99
082050050,2,Î‰ªŽs,Žá¼,0,,,1146,839,699,222,348,140,104,288,514
08205005001,3,Î‰ªŽs,Žá¼‚P’š–Ú,0,,,292,216,167,56,79,49,19,61,152
08205005002,3,Î‰ªŽs,Žá¼‚Q’š–Ú,0,,,443,327,275,82,131,52,42,117,200
08205005003,3,Î‰ªŽs,Žá¼‚R’š–Ú,0,,,411,296,257,84,138,39,43,110,162
082050060,2,Î‰ªŽs,Ž­‚ÌŽq,0,,,689,515,448,120,238,67,78,202,287
08205006001,3,Î‰ªŽs,Ž­‚ÌŽq‚P’š–Ú,0,,,242,177,158,43,93,19,32,65,101
08205006002,3,Î‰ªŽs,Ž­‚ÌŽq‚Q’š–Ú,0,,,367,272,247,62,126,25,39,113,139
08205006003,3,Î‰ªŽs,Ž­‚ÌŽq‚R’š–Ú,0,,,38,35,20,8,10,15,7,15,23
08205006004,3,Î‰ªŽs,Ž­‚ÌŽq‚S’š–Ú,0,,,42,31,23,7,9,8,-,9,24
082050070,2,Î‰ªŽs,–k•{’†,0,,,496,381,287,116,130,94,34,103,284
08205007001,3,Î‰ªŽs,–k•{’†‚P’š–Ú,0,,,207,155,114,50,53,41,13,43,113
08205007002,3,Î‰ªŽs,–k•{’†‚Q’š–Ú,0,,,141,112,84,37,34,28,7,28,85
08205007003,3,Î‰ªŽs,–k•{’†‚R’š–Ú,0,,,148,114,89,29,43,25,14,32,86
082050080,2,Î‰ªŽs,’JŒü’¬,0,,,85,79,55,23,24,24,9,19,57
082050090,2,Î‰ªŽs,”Œ´’¬,0,,,57,47,34,15,12,13,5,16,38
082050100,2,Î‰ªŽs,“ŒÎ‰ª,0,,,1256,774,670,237,263,104,86,265,495
08205010001,3,Î‰ªŽs,“ŒÎ‰ª‚P’š–Ú,0,,,137,77,63,28,24,14,8,20,67
08205010002,3,Î‰ªŽs,“ŒÎ‰ª‚Q’š–Ú,0,,,219,137,111,46,40,26,9,35,108
08205010003,3,Î‰ªŽs,“ŒÎ‰ª‚R’š–Ú,0,,,337,208,191,55,77,17,25,89,101
08205010004,3,Î‰ªŽs,“ŒÎ‰ª‚S’š–Ú,0,,,265,174,153,42,54,21,22,68,102
08205010005,3,Î‰ªŽs,“ŒÎ‰ª‚T’š–Ú,0,,,298,178,152,66,68,26,22,53,117
082050110,2,Î‰ªŽs,ˆ®‘ä,0,,,997,672,602,228,285,70,88,244,390
08205011001,3,Î‰ªŽs,ˆ®‘ä‚P’š–Ú,0,,,297,185,170,70,79,15,30,69,104
08205011002,3,Î‰ªŽs,ˆ®‘ä‚Q’š–Ú,0,,,286,214,194,50,114,20,29,101,103
08205011003,3,Î‰ªŽs,ˆ®‘ä‚R’š–Ú,0,,,414,273,238,108,92,35,29,74,183
082050120,2,Î‰ªŽs,“ŒŒõ‘ä,0,,,1288,788,680,242,312,108,116,286,472
08205012001,3,Î‰ªŽs,“ŒŒõ‘ä‚P’š–Ú,0,,,248,175,152,63,54,23,21,65,100
08205012002,3,Î‰ªŽs,“ŒŒõ‘ä‚Q’š–Ú,0,,,204,134,111,30,58,23,12,50,106
08205012003,3,Î‰ªŽs,“ŒŒõ‘ä‚R’š–Ú,0,,,189,111,99,35,57,12,30,47,46
08205012004,3,Î‰ªŽs,“ŒŒõ‘ä‚S’š–Ú,0,,,337,178,148,57,69,30,30,65,88
08205012005,3,Î‰ªŽs,“ŒŒõ‘ä‚T’š–Ú,0,,,310,190,170,57,74,20,23,59,132
082050130,2,Î‰ªŽs,ŠL’n,0,,,338,196,154,65,57,42,27,61,161
08205013001,3,Î‰ªŽs,ŠL’n‚P’š–Ú,0,,,137,95,66,25,30,29,11,27,71
08205013002,3,Î‰ªŽs,ŠL’n‚Q’š–Ú,0,,,201,101,88,40,27,13,16,34,90
082050140,2,Î‰ªŽs,ˆïé,0,,,590,425,367,155,161,58,41,88,324
08205014001,3,Î‰ªŽs,ˆïé‚P’š–Ú,0,,,206,118,97,31,48,21,7,21,96
08205014002,3,Î‰ªŽs,ˆïé‚Q’š–Ú,0,,,208,180,159,79,60,21,9,26,156
08205014003,3,Î‰ªŽs,ˆïé‚R’š–Ú,0,,,176,127,111,45,53,16,25,41,72
082050150,2,Î‰ªŽs,“c“‡,0,,,56,49,26,10,9,23,3,16,40
08205015001,3,Î‰ªŽs,“c“‡‚P’š–Ú,0,,,39,37,17,7,6,20,3,12,32
08205015002,3,Î‰ªŽs,“c“‡‚Q’š–Ú,0,,,17,12,9,3,3,3,-,4,8
082050160,2,Î‰ªŽs,³ã“à,0,,,298,233,213,60,90,20,33,109,82
082050170,2,Î‰ªŽs,r‹à,0,,,40,26,20,5,9,6,2,6,20
082050180,2,Î‰ªŽs,s—¢ì,0,,,196,168,129,42,66,39,22,60,113
082050190,2,Î‰ªŽs,“Œ•{’†,0,,,129,105,75,24,36,30,18,37,67
082050200,2,Î‰ªŽs,”ªŒ¬‘ä,0,,,118,77,61,31,20,16,7,20,63
082050210,2,Î‰ªŽs,ò’¬,0,,,60,41,37,6,17,4,2,12,18
082050220,2,Î‰ªŽs,™‚Ìˆä,0,,,75,62,48,18,21,14,6,16,46
082050230,2,Î‰ªŽs,™•À,0,,,354,263,219,84,102,44,34,80,156
08205023001,3,Î‰ªŽs,™•À‚P’š–Ú,0,,,141,91,76,33,30,15,7,22,56
08205023002,3,Î‰ªŽs,™•À‚Q’š–Ú,0,,,36,32,24,12,10,8,3,4,18
08205023003,3,Î‰ªŽs,™•À‚R’š–Ú,0,,,47,41,33,10,16,8,5,16,27
08205023004,3,Î‰ªŽs,™•À‚S’š–Ú,0,,,130,99,86,29,46,13,19,38,55
082050240,2,Î‰ªŽs,•À–Ø,0,,,44,29,23,8,12,6,3,7,22
082050251,2,Î‰ªŽs,“ì‘ä,0,,,1524,1221,1136,406,598,85,156,449,473
08205025101,3,Î‰ªŽs,“ì‘ä‚P’š–Ú,0,,,545,460,433,140,232,27,55,158,165
08205025102,3,Î‰ªŽs,“ì‘ä‚Q’š–Ú,0,,,264,206,192,77,96,14,27,73,87
08205025103,3,Î‰ªŽs,“ì‘ä‚R’š–Ú,0,,,482,368,337,126,175,31,63,151,164
08205025104,3,Î‰ªŽs,“ì‘ä‚S’š–Ú,0,,,233,187,174,63,95,13,11,67,57
082050252,2,Î‰ªŽs,‘å’J’Ã,0,,,82,77,61,10,43,16,6,36,27
082050253,2,Î‰ªŽs,Î‰ª,0,,,2320,1520,1313,470,628,207,195,499,907
08205025301,3,Î‰ªŽs,Î‰ª‹Œò’¬,0,,,746,507,426,156,207,81,55,162,349
08205025302,3,Î‰ªŽs,Î‰ª…‹v•Û,0,,,103,67,57,16,32,10,15,29,34
08205025303,3,Î‰ªŽs,Î‰ª‹{‰º’¬,2,025304,,X,X,X,X,X,X,X,X,X
08205025304,3,Î‰ªŽs,Î‰ªK’¬,1,,025303,4,3,3,1,1,-,-,1,1
08205025305,3,Î‰ªŽs,Î‰ªŽR‰¤‘ä,0,,,183,113,92,32,42,21,13,37,86
08205025306,3,Î‰ªŽs,Î‰ª“Œ”V’Ò,0,,,539,342,305,104,156,37,40,113,179
08205025307,3,Î‰ªŽs,Î‰ª‘å˜a’¬,0,,,467,346,308,106,139,38,51,114,170
08205025308,3,Î‰ªŽs,Î‰ª“Œ’¬,0,,,228,104,90,43,36,14,18,30,61
08205025311,3,Î‰ªŽs,Î‰ª“cè,0,,,35,29,26,10,13,3,2,11,19
08205025321,3,Î‰ªŽs,Î‰ª‹Œs—¢ì,0,,,15,9,6,2,2,3,1,2,8
08205025322,3,Î‰ªŽs,Î‰ª’†’J’Ã,0,,,-,-,-,-,-,-,-,-,-
08205025324,3,Î‰ªŽs,Î‰ª‹Œr‹à,0,,,-,-,-,-,-,-,-,-,-
08205025325,3,Î‰ªŽs,Î‰ª‹Œo‚µŽR,0,,,-,-,-,-,-,-,-,-,-
08205025326,3,Î‰ªŽs,Î‰ª‹îö“Œ,0,,,-,-,-,-,-,-,-,-,-
082050254,2,Î‰ªŽs,Î‰ª,0,,,252,141,112,40,55,29,13,46,91
08205025401,3,Î‰ªŽs,Î‰ª‚P’š–Ú,0,,,84,47,39,14,19,8,7,18,28
08205025402,3,Î‰ªŽs,Î‰ª‚Q’š–Ú,0,,,168,94,73,26,36,21,6,28,63
082050260,2,Î‰ªŽs,õ’J,0,,,212,192,113,37,59,79,15,57,141
082050270,2,Î‰ªŽs,‘ºã,0,,,60,53,32,10,16,21,2,14,42
082050280,2,Î‰ªŽs,‚•l,0,,,430,329,256,105,112,73,20,78,263
082050290,2,Î‰ªŽs,’†’Ãì,0,,,120,95,62,23,28,33,9,29,74
082050300,2,Î‰ªŽs,–kª–{,0,,,82,71,52,15,21,19,2,12,60
082050310,2,Î‰ªŽs,“Œ“c’†,0,,,296,231,185,63,97,46,28,76,121
082050330,2,Î‰ªŽs,“Œ‘å‹´,0,,,467,331,263,90,122,68,44,113,211
082050340,2,Î‰ªŽs,¬ˆäŒË,0,,,49,45,27,8,16,18,7,13,36
082050350,2,Î‰ªŽs,ŽO‘º,0,,,589,508,301,101,153,207,43,131,407
082050360,2,Î‰ªŽs,Îì,0,,,207,171,76,36,25,95,15,46,154
082050370,2,Î‰ªŽs,ˆäŠÖ,0,,,208,180,116,42,54,64,10,40,153
082050380,2,Î‰ªŽs,,0,,,-,-,-,-,-,-,-,-,-
082050390,2,Î‰ªŽs,”Œ´,0,,,-,-,-,-,-,-,-,-,-
082050400,2,Î‰ªŽs,‰h¼,0,,,45,37,22,10,8,15,1,6,30
082050410,2,Î‰ªŽs,”¼‚Ì–Ø,0,,,79,64,45,13,21,19,3,11,51
082050420,2,Î‰ªŽs,ŒéÎ‘ò,0,,,58,48,32,12,14,16,4,15,40
082050430,2,Î‰ªŽs,ª“–,0,,,90,70,41,22,13,29,7,19,50
082050440,2,Î‰ªŽs,’r‚Ì‘ä,0,,,195,165,155,25,55,10,25,82,59
082050450,2,Î‰ªŽs,‘å»,0,,,130,98,66,21,31,32,11,35,90
082050460,2,Î‰ªŽs,Š`‰ª,0,,,1409,1080,768,310,311,312,91,303,846
082050470,2,Î‰ªŽs,‹àŽw,0,,,51,44,25,13,10,19,3,9,31
082050480,2,Î‰ªŽs,•Ð–ì,0,,,157,139,88,31,45,51,7,34,97
082050490,2,Î‰ªŽs,¬”¦,0,,,456,382,225,91,93,157,48,117,301
082050500,2,Î‰ªŽs,{Š˜,0,,,115,92,59,21,31,33,9,29,70
082050510,2,Î‰ªŽs,×’J,0,,,53,46,22,8,10,24,5,12,38
082050520,2,Î‰ªŽs,ãÂ–ö,0,,,37,31,13,6,5,18,4,6,29
082050530,2,Î‰ªŽs,‰ºÂ–ö,0,,,98,80,42,22,18,38,5,25,69
082050540,2,Î‰ªŽs,‰Á¶–ì,0,,,64,58,41,13,22,17,8,18,38
082050560,2,Î‰ªŽs,Œ~‰ª,0,,,79,68,34,11,18,34,4,19,57
082050570,2,Î‰ªŽs,¬ŽR“c,0,,,23,20,7,3,3,13,1,4,17
082050580,2,Î‰ªŽs,¬‰®,0,,,124,106,62,17,36,44,10,28,91
082050581,2,Î‰ªŽs,¬‰®,0,,,42,30,23,10,11,7,1,12,12
082050582,2,Î‰ªŽs,¬‰®,0,,,9,9,6,3,1,3,1,1,9
082050590,2,Î‰ªŽs,ã‘],0,,,96,82,44,10,24,38,7,27,67
082050591,2,Î‰ªŽs,ã‘],0,,,105,85,46,21,22,39,14,30,66
082050592,2,Î‰ªŽs,ã‘],0,,,28,22,14,3,9,8,3,8,17
082050600,2,Î‰ªŽs,¬‘q,0,,,119,95,63,23,33,32,7,33,71
082050610,2,Î‰ªŽs,‹g¶,1,,0950,200,167,101,33,45,66,17,43,129
082050620,2,Î‰ªŽs,‘å‘,0,,,198,166,89,32,37,77,16,37,146
082050630,2,Î‰ªŽs,‘å’Ë,0,,,157,136,70,23,31,66,13,44,109
082050640,2,Î‰ªŽs,‘¾“c,0,,,97,86,44,23,13,42,8,20,68
082050650,2,Î‰ªŽs,’†ŒË,0,,,94,85,52,16,30,33,7,20,58
082050660,2,Î‰ªŽs,¬Œ©,0,,,144,128,82,25,42,46,10,31,96
082050670,2,Î‰ªŽs,Š¢’J,0,,,260,215,107,36,54,108,22,61,183
082050680,2,Î‰ªŽs,‰FŽ¡‰ï,0,,,158,142,78,25,44,64,12,40,107
082050690,2,Î‰ªŽs,•”Œ´,0,,,54,49,34,12,15,15,3,15,32
082050700,2,Î‰ªŽs,–ì“c,0,,,24,21,12,5,6,9,2,4,19
082050710,2,Î‰ªŽs,²‹v,0,,,39,34,17,10,7,17,2,10,28
082050720,2,Î‰ªŽs,¬”·,0,,,64,50,34,10,15,16,3,8,45
082050730,2,Î‰ªŽs,ŽÄŠÔ,0,,,35,32,23,9,7,9,2,6,23
082050740,2,Î‰ªŽs,ŽRè,0,,,1028,834,643,199,334,191,106,293,457
082050750,2,Î‰ªŽs,‹{ƒPè,0,,,76,63,47,7,24,16,10,26,35
082050760,2,Î‰ªŽs,^‰Æ,0,,,445,361,252,95,120,109,44,115,255
082050770,2,Î‰ªŽs,“Œ¬ˆä,0,,,521,424,292,104,150,132,59,139,257
082050780,2,Î‰ªŽs,ª¬‰®,0,,,110,103,50,16,26,53,8,32,78
082050790,2,Î‰ªŽs,‰º—Ñ,0,,,682,550,397,122,200,153,74,193,341
082050800,2,Î‰ªŽs,‰Ã—ÇŽõ—,0,,,30,22,12,5,5,10,4,9,19
082050810,2,Î‰ªŽs,•Ð‰ª,0,,,52,47,26,8,9,21,5,14,40
082050820,2,Î‰ªŽs,‰Y{,0,,,51,37,30,11,16,7,7,11,29
082050830,2,Î‰ªŽs,ã—Ñ,0,,,86,73,50,18,24,23,6,18,57
082050840,2,Î‰ªŽs,”¼“c,0,,,159,135,84,28,40,51,19,44,108
082050850,2,Î‰ªŽs,ì–”,0,,,173,148,92,31,40,56,11,37,116
082050860,2,Î‰ªŽs,ŒŽ‰ª,0,,,87,74,43,14,19,31,8,20,70
082050871,2,Î‰ªŽs,Â“c,0,,,22,19,5,3,2,14,3,9,19
082050880,2,Î‰ªŽs,‹|Œ·,0,,,26,23,16,8,7,7,-,3,16
082050881,2,Î‰ªŽs,‹|Œ·,0,,,17,15,7,4,2,8,3,4,10
082050891,2,Î‰ªŽs,ŽÄ“à,0,,,55,44,27,9,14,17,6,13,38
082050901,2,Î‰ªŽs,’Ò,0,,,18,17,9,1,6,8,3,5,16
082050902,2,Î‰ªŽs,’Ò,0,,,5,5,4,2,2,1,-,1,2
082050911,2,Î‰ªŽs,ÒŠ—‘ò,0,,,35,30,17,8,9,13,1,7,30
082050920,2,Î‰ªŽs,¬–ì‰z,0,,,11,7,4,1,3,3,-,-,8
082050930,2,Î‰ªŽs,•§¶Ž›,0,,,25,19,8,3,5,11,1,3,18
082050940,2,Î‰ªŽs,—´–¾,0,,,27,20,14,4,5,6,1,4,19
082050950,2,Î‰ªŽs,ˆ°•ä’†•”,2,0610,,X,X,X,X,X,X,X,X,X
082050960,2,Î‰ªŽs,’©“ú,0,,,11,8,3,-,3,5,2,4,6
08207,1,Œ‹éŽs,,0,,,18241,13809,10403,3454,5209,3406,1834,4665,8907
082070010,2,Œ‹éŽs,’¬’šŽšƒR[ƒh0010‚ÌŒv,0,,,11383,8216,6628,2233,3338,1588,1213,2948,4993
08207001000,3,Œ‹éŽs,‘åŽšŒ‹é‘å’J£’¬,0,,,72,62,45,14,22,17,9,19,38
08207001001,3,Œ‹éŽs,‘åŽšŒ‹éŒäŽéˆó’¬,0,,,47,39,33,16,12,6,2,8,37
08207001002,3,Œ‹éŽs,‘åŽšŒ‹é_–¾’¬,0,,,210,179,153,32,96,26,17,94,62
08207001003,3,Œ‹éŽs,‘åŽšŒ‹é‹Ê‰ª’¬,0,,,69,55,50,26,21,5,5,10,52
08207001004,3,Œ‹éŽs,‘åŽšŒ‹é’bŽ¡’¬,0,,,162,102,79,30,34,23,8,29,84
08207001005,3,Œ‹éŽs,‘åŽšŒ‹é’’¬,0,,,65,43,34,16,13,9,-,14,36
08207001006,3,Œ‹éŽs,‘åŽšŒ‹é®‰®’¬,0,,,99,54,43,11,18,11,1,7,54
08207001007,3,Œ‹éŽs,‘åŽšŒ‹é¼–Ø‡,0,,,284,202,154,61,70,48,29,67,126
08207001008,3,Œ‹éŽs,‘åŽšŒ‹é¼‚Ì‹{,0,,,221,129,93,36,34,36,8,35,122
08207001009,3,Œ‹éŽs,‘åŽšŒ‹é¼’¬,0,,,181,113,92,40,42,21,16,37,88
08207001010,3,Œ‹éŽs,‘åŽšŒ‹é‘å’¬,0,,,82,60,44,19,18,16,5,18,49
08207001011,3,Œ‹éŽs,‘åŽšŒ‹é—§’¬,0,,,305,216,159,60,71,57,38,71,128
08207001012,3,Œ‹éŽs,‘åŽšŒ‹é‰Y’¬,0,,,96,69,48,19,19,21,3,13,65
08207001013,3,Œ‹éŽs,‘åŽšŒ‹é”’‹â’¬,0,,,349,227,173,70,70,54,22,49,189
08207001014,3,Œ‹éŽs,‘åŽšŒ‹éŠÌ“ü’¬,0,,,49,37,29,14,8,8,3,9,32
08207001015,3,Œ‹éŽs,‘åŽšŒ‹é‘•{’¬,0,,,76,40,33,10,14,7,3,11,28
08207001016,3,Œ‹éŽs,‘åŽšŒ‹é‰h’¬,0,,,416,312,242,87,122,70,57,122,192
08207001017,3,Œ‹éŽs,‘åŽšŒ‹éŽlƒc‹ž,0,,,1109,861,727,239,402,134,177,333,406
08207001018,3,Œ‹éŽs,‘åŽšŒ‹é•xŽmŒ©’¬,0,,,387,253,221,68,110,32,40,90,141
08207001019,3,Œ‹éŽs,‘åŽšŒ‹é‹tˆä,0,,,224,188,145,52,69,43,24,50,125
08207001020,3,Œ‹éŽs,‘åŽšŒ‹éã‚Ì‹{,0,,,22,18,14,5,7,4,1,3,16
08207001021,3,Œ‹éŽs,‘åŽšŒ‹éãŠC“¹,0,,,47,40,27,11,14,13,3,11,34
08207001022,3,Œ‹éŽs,‘åŽšŒ‹éŒË–ì’¬,0,,,238,178,133,45,63,45,15,44,154
08207001023,3,Œ‹éŽs,‘åŽšŒ‹é–{’¬,0,,,292,248,205,76,108,43,32,80,150
08207001024,3,Œ‹éŽs,‘åŽšŒ‹é‘]‰ä“a‘ä,0,,,118,91,76,28,38,15,17,44,47
08207001025,3,Œ‹éŽs,‘åŽšŒ‹éw‰®’¬,0,,,18,14,9,5,2,5,2,3,12
08207001026,3,Œ‹éŽs,‘åŽšŒ‹é‰i‰¡’¬,0,,,49,40,29,10,12,11,2,7,40
08207001027,3,Œ‹éŽs,‘åŽšŒ‹é“ƒ‚Ì‰º,0,,,200,136,112,43,42,24,19,45,84
08207001028,3,Œ‹éŽs,‘åŽšŒ‹é”Ô ’¬,0,,,64,53,45,23,12,8,3,13,38
08207001029,3,Œ‹éŽs,‘åŽšŒ‹é‘åØ’¬,0,,,33,26,17,3,10,9,3,9,19
08207001030,3,Œ‹éŽs,‘åŽšŒ‹éV•ŸŽ›,0,,,1339,895,792,221,470,103,185,430,393
08207001031,3,Œ‹éŽs,‘åŽšŒ‹éŒ©°’¬,0,,,162,110,87,43,34,23,9,29,105
08207001032,3,Œ‹éŽs,‘åŽšŒ‹éŒË’£’¬,0,,,61,44,35,11,13,9,5,9,34
08207001033,3,Œ‹éŽs,‘åŽšŒ‹éŠÏ‰¹’¬,0,,,143,64,55,17,24,9,7,25,39
08207001035,3,Œ‹éŽs,‘åŽšŒ‹élŽè’¬,0,,,59,50,38,10,22,12,5,11,31
08207001036,3,Œ‹éŽs,‘åŽšŒ‹é“S–Ch,0,,,47,40,27,9,15,13,2,7,25
08207001037,3,Œ‹éŽs,‘åŽšŒ‹éã¬”·,0,,,82,74,44,13,26,30,9,23,54
08207001038,3,Œ‹éŽs,‘åŽšŒ‹é‹{‚Ì‰º,0,,,52,39,27,9,13,12,5,10,31
08207001039,3,Œ‹éŽs,‘åŽšŒ‹é‰º¬”·,0,,,68,56,33,7,21,23,3,17,51
08207001040,3,Œ‹éŽs,‘åŽšŒ‹éŒ©°’¬‚P’š–Ú,0,,,118,71,65,27,29,6,19,32,22
08207001041,3,Œ‹éŽs,‘åŽšŒ‹é‰º‚è¼,0,,,1658,1149,944,295,502,205,230,483,548
08207001042,3,Œ‹éŽs,‘åŽšŒ‹é’Ò“°,0,,,49,39,28,8,16,11,5,8,26
08207001043,3,Œ‹éŽs,‘åŽšŒ‹é¬¼’¬,0,,,65,55,45,15,21,10,4,21,34
08207001044,3,Œ‹éŽs,‘åŽšŒ‹éì–Ø’J,0,,,91,56,40,14,18,16,4,14,48
08207001045,3,Œ‹éŽs,‘åŽšŒ‹é‘å‹´’¬,0,,,239,135,100,30,47,35,23,57,81
08207001046,3,Œ‹éŽs,é“ì’¬ˆê’š–Ú,0,,,90,61,45,10,29,16,10,25,42
08207001047,3,Œ‹éŽs,é“ì’¬ˆê’š–Ú,0,,,547,454,372,108,179,82,41,152,306
08207001048,3,Œ‹éŽs,‘åŽšŒ‹éé“ì’¬‚Q’š–Ú,0,,,27,22,18,8,8,4,5,8,19
08207001049,3,Œ‹éŽs,‘åŽšŒ‹éŒö’B,0,,,641,498,397,153,186,101,56,165,312
08207001050,3,Œ‹éŽs,‘åŽšŒ‹éé‚Ì“à,0,,,261,219,172,56,92,47,22,77,144
082070020,2,Œ‹éŽs,‚Ý‚Ç‚è’¬,0,,,306,208,191,67,101,17,58,100,51
08207002001,3,Œ‹éŽs,‚Ý‚Ç‚è’¬‚P’š–Ú,0,,,182,139,131,44,72,8,42,70,31
08207002002,3,Œ‹éŽs,‚Ý‚Ç‚è’¬‚Q’š–Ú,0,,,124,69,60,23,29,9,16,30,20
082070030,2,Œ‹éŽs,•xŽmŒ©’¬,0,,,114,80,72,34,28,8,6,21,48
08207003003,3,Œ‹éŽs,•xŽmŒ©’¬‚R’š–Ú,0,,,40,33,30,13,13,3,3,8,23
08207003004,3,Œ‹éŽs,•xŽmŒ©’¬‚S’š–Ú,0,,,74,47,42,21,15,5,3,13,25
082070040,2,Œ‹éŽs,‘åŽšŒÜ•,0,,,115,93,62,23,33,31,13,31,63
082070050,2,Œ‹éŽs,‘åŽš‘å’J£,0,,,85,66,57,34,18,9,-,6,53
082070060,2,Œ‹éŽs,ì–Ø’J,0,,,249,183,158,52,85,25,50,89,64
08207006001,3,Œ‹éŽs,ì–Ø’J‚P’š–Ú,0,,,104,80,64,26,30,16,10,28,40
08207006002,3,Œ‹éŽs,ì–Ø’J‚Q’š–Ú,0,,,145,103,94,26,55,9,40,61,24
082070070,2,Œ‹éŽs,‘åŽš¬“c—Ñ,0,,,736,567,408,134,210,159,45,150,459
08207007001,3,Œ‹éŽs,‘åŽš¬“c—Ñ–{“c,0,,,96,68,50,17,26,18,5,19,64
08207007002,3,Œ‹éŽs,‘åŽš¬“c—Ñ—§‚ÌŽR¼,0,,,108,75,57,15,34,18,9,22,64
08207007003,3,Œ‹éŽs,‘åŽš¬“c—Ñ—§‚ÌŽR“ì,0,,,62,40,33,12,9,7,1,6,43
08207007004,3,Œ‹éŽs,‘åŽš¬“c—Ñ—§‚ÌŽR“Œ,0,,,68,49,33,12,15,16,6,13,44
08207007005,3,Œ‹éŽs,‘åŽš¬“c—ÑmŒ¬’n,0,,,64,57,36,11,19,21,3,18,35
08207007006,3,Œ‹éŽs,‘åŽš¬“c—Ñ‰Ž“à,0,,,67,50,37,14,19,13,2,12,42
08207007007,3,Œ‹éŽs,‘åŽš¬“c—ÑŒÃV“c,0,,,54,42,24,5,15,18,3,10,35
08207007008,3,Œ‹éŽs,‘åŽš¬“c—ÑŽ›“à,0,,,30,24,17,4,11,7,2,7,16
08207007009,3,Œ‹éŽs,‘åŽš¬“c—Ñ•“c,0,,,30,26,14,2,10,12,2,8,22
08207007010,3,Œ‹éŽs,‘åŽš¬“c—Ñ‘P’·Ž›,0,,,30,26,22,7,13,4,2,6,18
08207007011,3,Œ‹éŽs,‘åŽš¬“c—Ñ‰º‚Ì‹{,0,,,26,25,20,6,9,5,4,7,15
08207007012,3,Œ‹éŽs,‘åŽš¬“c—Ñ—§‚ÌŽR–k,0,,,101,85,65,29,30,20,6,22,61
082070080,2,Œ‹éŽs,‘åŽšŒ‹éì,0,,,299,249,201,93,85,48,21,57,181
082070090,2,Œ‹éŽs,‘åŽš¬X,0,,,195,166,94,26,53,72,21,50,124
08207009001,3,Œ‹éŽs,‘åŽš¬XŒ¦ì,0,,,127,101,48,15,25,53,14,33,83
08207009002,3,Œ‹éŽs,‘åŽš¬XŒc•ŸŒ¦ì,0,,,32,31,23,7,12,8,1,6,19
08207009003,3,Œ‹éŽs,‘åŽš¬X‹{èŒ¦ì,0,,,36,34,23,4,16,11,6,11,22
082070100,2,Œ‹éŽs,‘åŽš‹v•Û“c,0,,,163,133,93,40,41,40,15,38,105
082070110,2,Œ‹éŽs,‘åŽšŽ­ŒE,0,,,640,539,431,104,218,108,69,199,275
082070120,2,Œ‹éŽs,‘åŽš—Ñ,0,,,182,111,77,19,32,34,11,37,108
082070130,2,Œ‹éŽs,‘åŽš’†,0,,,222,182,142,45,65,40,16,49,116
082070140,2,Œ‹éŽs,‘åŽš–î”¨,0,,,38,34,21,12,9,13,4,12,25
082070150,2,Œ‹éŽs,‘åŽšãŽRì,0,,,891,774,473,133,248,301,77,241,544
08207015001,3,Œ‹éŽs,‘åŽšãŽRì•ÐŠW,0,,,99,87,53,15,31,34,12,26,63
08207015002,3,Œ‹éŽs,‘åŽšãŽRì’†’Ø“Œ’Ø,0,,,30,24,11,4,4,13,2,7,21
08207015003,3,Œ‹éŽs,‘åŽšãŽRì–k’Ø,1,,0340;0350,72,64,44,15,22,20,6,17,43
08207015004,3,Œ‹éŽs,‘åŽšãŽRìŒÃŽR,0,,,26,25,13,4,6,12,2,9,13
08207015005,3,Œ‹éŽs,‘åŽšãŽRì“Œ’Ø,0,,,46,40,23,6,13,17,6,12,31
08207015006,3,Œ‹éŽs,‘åŽšãŽRìŠ¢’Ë,0,,,24,21,8,4,3,13,7,11,15
08207015007,3,Œ‹éŽs,‘åŽšãŽRì¼’Ø,0,,,99,91,64,17,34,27,6,26,54
08207015008,3,Œ‹éŽs,‘åŽšãŽRìŽMŒE,0,,,38,33,25,8,13,8,5,14,18
08207015009,3,Œ‹éŽs,‘åŽšãŽRì•½ŠÔ,0,,,43,35,19,5,11,16,4,12,30
08207015010,3,Œ‹éŽs,‘åŽšãŽRìŽÅè,0,,,71,65,45,8,26,20,6,24,32
08207015011,3,Œ‹éŽs,‘åŽšãŽRì“ìh,0,,,42,36,18,2,15,18,2,8,30
08207015012,3,Œ‹éŽs,‘åŽšãŽRì”nê,0,,,41,37,19,5,11,18,4,15,26
08207015013,3,Œ‹éŽs,‘åŽšãŽRìæé’J,0,,,55,48,27,6,15,21,2,18,38
08207015014,3,Œ‹éŽs,‘åŽšãŽRì‰ä—¢“à,0,,,27,24,16,4,10,8,2,9,18
08207015015,3,Œ‹éŽs,‘åŽšãŽRì‰ÍŠÝ,0,,,69,58,38,8,15,20,6,14,47
08207015016,3,Œ‹éŽs,‘åŽšãŽRì’Ç—§,0,,,23,20,14,6,5,6,-,3,12
08207015017,3,Œ‹éŽs,‘åŽšãŽRì‘O–@“à,0,,,47,34,16,8,5,18,3,8,30
08207015018,3,Œ‹éŽs,‘åŽšãŽRìŒ´,0,,,39,32,20,8,9,12,2,8,23
082070160,2,Œ‹éŽs,‘åŽšŽR‰¤,0,,,115,105,59,17,30,46,11,28,72
082070170,2,Œ‹éŽs,‘åŽšŒÃhV“c,0,,,56,49,27,10,10,22,5,12,36
082070180,2,Œ‹éŽs,‘åŽš¡h,0,,,171,141,88,39,42,53,11,39,119
082070190,2,Œ‹éŽs,‘åŽš””—ç,0,,,122,103,48,10,26,55,12,31,90
082070200,2,Œ‹éŽs,‘åŽš–F‰êè,0,,,76,66,39,15,16,27,8,17,49
082070210,2,Œ‹éŽs,‘åŽš…ŠC“¹,0,,,46,41,20,9,7,21,3,15,37
082070220,2,Œ‹éŽs,‘åŽš•l–ì•Ó,0,,,76,63,42,10,23,21,1,11,53
082070230,2,Œ‹éŽs,‘åŽšŽRìVh,0,,,307,248,149,40,72,99,30,72,196
082070241,2,Œ‹éŽs,‘åŽš‘P‰E‰q–åV“c,0,,,13,11,5,1,3,6,-,5,8
082070242,2,Œ‹éŽs,‘åŽšVhV“c,0,,,59,51,23,4,14,28,9,19,34
082070250,2,Œ‹éŽs,‘åŽš•ˆä,0,,,149,115,57,14,34,58,10,37,97
08207025001,3,Œ‹éŽs,‘åŽš•ˆä•ˆä“ì,0,,,47,24,10,3,5,14,2,9,20
08207025002,3,Œ‹éŽs,‘åŽš•ˆä‘åí–h,0,,,33,28,19,5,11,9,4,10,25
08207025003,3,Œ‹éŽs,‘åŽš•ˆä•ˆäã,0,,,22,19,10,1,7,9,3,6,15
08207025004,3,Œ‹éŽs,‘åŽš•ˆä•ˆä‰º,0,,,47,44,18,5,11,26,1,12,37
082070260,2,Œ‹éŽs,‘åŽš]ìVh,0,,,131,99,59,15,36,40,16,31,67
08207026001,3,Œ‹éŽs,‘åŽš]ìVh‘åí–h,0,,,60,51,34,8,20,17,7,15,31
08207026002,3,Œ‹éŽs,‘åŽš]ìVh]ì‘å’¬¼,0,,,71,48,25,7,16,23,9,16,36
082070270,2,Œ‹éŽs,‘åŽš–k“ì–Î˜C,0,,,200,171,101,30,49,70,16,45,145
08207027001,3,Œ‹éŽs,‘åŽš–k“ì–Î˜CoŽR,0,,,48,46,33,7,19,13,6,15,29
08207027002,3,Œ‹éŽs,‘åŽš–k“ì–Î˜C–k–Î˜C,0,,,69,56,33,9,13,23,6,13,53
08207027003,3,Œ‹éŽs,‘åŽš–k“ì–Î˜C“ì–Î˜C,0,,,83,69,35,14,17,34,4,17,63
082070280,2,Œ‹éŽs,‘åŽš“Œ–Î˜C,0,,,173,154,77,25,33,77,23,52,109
08207028001,3,Œ‹éŽs,‘åŽš“Œ–Î˜C˜@“ê“c,0,,,61,55,27,5,12,28,4,18,39
08207028002,3,Œ‹éŽs,‘åŽš“Œ–Î˜Cˆêƒc–Ø,0,,,29,27,14,4,8,13,5,8,17
08207028003,3,Œ‹éŽs,‘åŽš“Œ–Î˜C‘OV“c,0,,,28,25,12,5,4,13,6,12,16
08207028004,3,Œ‹éŽs,‘åŽš“Œ–Î˜C“Œ–Î˜C,0,,,55,47,24,11,9,23,8,14,37
082070290,2,Œ‹éŽs,‘åŽšŽµŒÜŽOê,0,,,102,92,44,13,23,48,9,38,73
082070300,2,Œ‹éŽs,‘åŽšã¬,1,,030001;030002,34,30,15,5,8,15,3,11,22
08207030001,3,Œ‹éŽs,‘åŽšã¬ã¬,2,0300,,X,X,X,X,X,X,X,X,X
08207030002,3,Œ‹éŽs,‘åŽšã¬ã¬¼,2,0300,,X,X,X,X,X,X,X,X,X
082070310,2,Œ‹éŽs,‘åŽš“cŠÔ,0,,,367,317,216,75,104,101,18,73,238
08207031001,3,Œ‹éŽs,‘åŽš“cŠÔ“cŠÔã,0,,,73,63,40,15,16,23,2,10,48
08207031002,3,Œ‹éŽs,‘åŽš“cŠÔ“cŠÔ’†,0,,,91,79,50,16,25,29,8,20,63
08207031003,3,Œ‹éŽs,‘åŽš“cŠÔ“cŠÔ‰º,0,,,100,85,56,13,32,29,7,22,59
08207031004,3,Œ‹éŽs,‘åŽš“cŠÔ•ˆäã,0,,,38,35,24,10,13,11,1,9,24
08207031005,3,Œ‹éŽs,‘åŽš“cŠÔV“cŠÔ’¬,0,,,65,55,46,21,18,9,-,12,44
082070320,2,Œ‹éŽs,‘åŽš‘å–Ø,0,,,313,255,168,51,88,87,20,71,183
08207032001,3,Œ‹éŽs,‘åŽš‘å–Ø–k,0,,,134,111,76,23,39,35,11,37,75
08207032002,3,Œ‹éŽs,‘åŽš‘å–Ø“Œ,0,,,89,69,45,16,23,24,6,19,49
08207032003,3,Œ‹éŽs,‘åŽš‘å–Ø¼,0,,,90,75,47,12,26,28,3,15,59
082070330,2,Œ‹éŽs,‘åŽš]ì‘å’¬,0,,,113,97,58,22,27,39,10,30,70
08207033001,3,Œ‹éŽs,‘åŽš]ì‘å’¬]ì‘å’¬“Œ,0,,,52,44,23,9,12,21,6,11,29
08207033003,3,Œ‹éŽs,‘åŽš]ì‘å’¬‘åí–h,0,,,61,53,35,13,15,18,4,19,41
082070340,2,Œ‹éŽs,‘åŽšV’ç’‡’Ê‚è,2,015003,,X,X,X,X,X,X,X,X,X
082070350,2,Œ‹éŽs,‘åŽšŽá‹{,2,015003,,X,X,X,X,X,X,X,X,X
08208,1,—´ƒPèŽs,,0,,,30432,21947,19108,6600,9634,2839,2548,7108,12462
082080010,2,—´ƒPèŽs,ˆ¤ŒË’¬,0,,,264,85,77,38,30,8,6,13,92
082080020,2,—´ƒPèŽs,ò’¬,0,,,121,97,70,22,30,27,4,18,85
082080030,2,—´ƒPèŽs,”Â‹´’¬,0,,,129,66,35,17,13,31,5,19,55
082080040,2,—´ƒPèŽs,“ü’n’¬,0,,,155,129,102,40,44,27,12,30,98
082080050,2,—´ƒPèŽs,”–‘q’¬,0,,,63,56,34,16,13,22,5,11,51
082080060,2,—´ƒPèŽs,‘å’Ë’¬,0,,,77,56,36,18,13,20,5,12,58
082080070,2,—´ƒPèŽs,‘å—¯’¬,0,,,7,7,4,1,2,3,-,1,5
082080081,2,—´ƒPèŽs,“¡ƒP‹u,0,,,1547,1252,1147,285,767,105,285,684,350
08208008101,3,—´ƒPèŽs,“¡ƒP‹u‚P’š–Ú,0,,,123,90,84,15,61,6,28,59,27
08208008102,3,—´ƒPèŽs,“¡ƒP‹u‚Q’š–Ú,0,,,141,113,99,35,58,14,22,50,37
08208008103,3,—´ƒPèŽs,“¡ƒP‹u‚R’š–Ú,0,,,168,130,122,42,73,8,12,51,46
08208008104,3,—´ƒPèŽs,“¡ƒP‹u‚S’š–Ú,0,,,218,187,176,27,137,11,85,136,25
08208008105,3,—´ƒPèŽs,“¡ƒP‹u‚T’š–Ú,0,,,271,229,212,68,122,17,29,89,94
08208008106,3,—´ƒPèŽs,“¡ƒP‹u‚U’š–Ú,0,,,277,221,197,34,150,24,65,152,36
08208008107,3,—´ƒPèŽs,“¡ƒP‹u‚V’š–Ú,0,,,349,282,257,64,166,25,44,147,85
082080082,2,—´ƒPèŽs,¼ƒP‹u,0,,,1241,860,809,210,523,51,160,467,252
08208008201,3,—´ƒPèŽs,¼ƒP‹u‚P’š–Ú,0,,,410,296,277,65,191,19,54,154,71
08208008202,3,—´ƒPèŽs,¼ƒP‹u‚Q’š–Ú,0,,,384,245,228,66,132,17,47,138,95
08208008203,3,—´ƒPèŽs,¼ƒP‹u‚R’š–Ú,0,,,230,195,183,46,125,12,24,95,53
08208008204,3,—´ƒPèŽs,¼ƒP‹u‚S’š–Ú,0,,,217,124,121,33,75,3,35,80,33
082080083,2,—´ƒPèŽs,’†—¢,0,,,18,14,13,6,5,1,-,7,7
08208008301,3,—´ƒPèŽs,’†—¢‚P’š–Ú,0,,,-,-,-,-,-,-,-,-,-
08208008302,3,—´ƒPèŽs,’†—¢‚Q’š–Ú,0,,,-,-,-,-,-,-,-,-,-
08208008303,3,—´ƒPèŽs,’†—¢‚R’š–Ú,0,,,18,14,13,6,5,1,-,7,7
082080084,2,—´ƒPèŽs,ŠLŒ´’Ë’¬,0,,,469,360,278,94,133,82,34,92,255
082080090,2,—´ƒPèŽs,ã’¬,0,,,384,263,224,87,98,39,21,59,217
082080101,2,—´ƒPèŽs,–å‘qV“c’¬,2,0102,,X,X,X,X,X,X,X,X,X
082080102,2,—´ƒPèŽs,ìŒ´‘ã’¬,1,,0101,1288,996,814,295,374,182,79,256,715
082080110,2,—´ƒPèŽs,ã‘å“¿V’¬,0,,,140,113,99,39,47,14,10,27,69
082080120,2,—´ƒPèŽs,–k•û’¬,0,,,80,70,41,11,19,29,3,16,53
082080130,2,—´ƒPèŽs,‚ì’¬,0,,,16,15,9,4,4,6,-,1,14
082080140,2,—´ƒPèŽs,¬’ÊK’J’¬,0,,,441,284,239,97,105,45,36,75,223
082080150,2,—´ƒPèŽs,•Ä’¬,0,,,420,186,141,61,51,45,8,33,188
082080160,2,—´ƒPèŽs,Œü—z‘ä,0,,,-,-,-,-,-,-,-,-,-
08208016001,3,—´ƒPèŽs,Œü—z‘ä‚P’š–Ú,0,,,-,-,-,-,-,-,-,-,-
08208016002,3,—´ƒPèŽs,Œü—z‘ä‚Q’š–Ú,0,,,-,-,-,-,-,-,-,-,-
08208016003,3,—´ƒPèŽs,Œü—z‘ä‚R’š–Ú,0,,,-,-,-,-,-,-,-,-,-
08208016004,3,—´ƒPèŽs,Œü—z‘ä‚S’š–Ú,0,,,-,-,-,-,-,-,-,-,-
08208016005,3,—´ƒPèŽs,Œü—z‘ä‚T’š–Ú,0,,,-,-,-,-,-,-,-,-,-
082080170,2,—´ƒPèŽs,‰h’¬,0,,,175,99,85,24,41,14,13,31,85
082080181,2,—´ƒPèŽs,²ŠÑ,0,,,1677,927,854,305,424,73,103,282,451
08208018101,3,—´ƒPèŽs,²ŠÑ‚P’š–Ú,0,,,205,96,83,21,39,13,16,31,50
08208018102,3,—´ƒPèŽs,²ŠÑ‚Q’š–Ú,0,,,403,246,233,81,118,13,25,65,121
08208018103,3,—´ƒPèŽs,²ŠÑ‚R’š–Ú,0,,,408,187,173,71,82,14,22,63,98
08208018104,3,—´ƒPèŽs,²ŠÑ‚S’š–Ú,0,,,661,398,365,132,185,33,40,123,182
082080182,2,—´ƒPèŽs,²ŠÑ’¬,0,,,1820,1173,1086,409,497,87,142,360,690
082080190,2,—´ƒPèŽs,²À’¬,0,,,93,73,50,21,19,23,4,12,69
082080200,2,—´ƒPèŽs,‰º’¬,0,,,405,246,194,62,91,52,15,51,226
082080210,2,—´ƒPèŽs,¯•º‰qV“c’¬,0,,,29,20,13,4,7,7,4,5,17
082080220,2,—´ƒPèŽs,é‰º,0,,,33,21,18,4,7,3,5,6,17
082080230,2,—´ƒPèŽs,V’¬,0,,,522,348,287,100,132,61,30,91,293
082080240,2,—´ƒPèŽs,’¼•©,0,,,295,213,176,67,80,37,16,59,151
082080250,2,—´ƒPèŽs,{“¡–x’¬,0,,,110,85,62,24,27,23,3,14,67
082080260,2,—´ƒPèŽs,»’¬,0,,,481,310,243,90,92,67,30,73,265
082080270,2,—´ƒPèŽs,“c’¬,0,,,124,69,59,23,21,10,6,12,72
082080280,2,—´ƒPèŽs,‘å“¿’¬,0,,,826,618,465,162,205,153,48,164,509
082080290,2,—´ƒPèŽs,‚{’¬,0,,,61,52,34,10,14,18,1,11,45
082080300,2,—´ƒPèŽs,‚»,0,,,214,157,126,36,70,31,16,40,107
082080310,2,—´ƒPèŽs,o‚µŽR’¬,0,,,673,226,201,67,92,25,16,41,204
082080320,2,—´ƒPèŽs,–L“c’¬,0,,,66,54,38,15,17,16,2,9,46
082080330,2,—´ƒPèŽs,’·‰«’¬,0,,,86,66,45,14,23,21,6,20,56
082080340,2,—´ƒPèŽs,’·‰«V“c’¬,0,,,68,54,35,9,17,19,4,8,50
082080350,2,—´ƒPèŽs,’·•ô’¬,0,,,98,85,57,26,17,28,2,10,73
082080360,2,—´ƒPèŽs,“ÞŒË‰ª,0,,,227,159,143,29,43,16,21,69,95
082080370,2,—´ƒPèŽs,“é”n’¬,0,,,642,444,320,112,141,124,33,111,353
082080380,2,—´ƒPèŽs,“éŽÄ’¬,0,,,91,56,45,17,18,11,5,17,51
082080390,2,—´ƒPèŽs,“hŒË’¬,0,,,141,118,77,31,33,41,7,24,98
082080400,2,—´ƒPèŽs,ª’¬,0,,,434,257,215,81,93,42,17,55,219
082080410,2,—´ƒPèŽs,‰H•’¬,0,,,32,28,19,4,11,9,2,7,19
082080421,2,—´ƒPèŽs,éƒm“à,0,,,1218,993,903,251,565,90,185,475,248
08208042101,3,—´ƒPèŽs,éƒm“à‚P’š–Ú,0,,,257,216,195,68,111,21,30,78,68
08208042102,3,—´ƒPèŽs,éƒm“à‚Q’š–Ú,0,,,194,151,140,42,85,11,24,68,42
08208042103,3,—´ƒPèŽs,éƒm“à‚R’š–Ú,0,,,310,262,238,51,166,24,52,141,51
08208042104,3,—´ƒPèŽs,éƒm“à‚S’š–Ú,0,,,237,191,172,49,108,19,40,96,49
08208042105,3,—´ƒPèŽs,éƒm“à‚T’š–Ú,0,,,220,173,158,41,95,15,39,92,38
082080422,2,—´ƒPèŽs,‰HŒ´’¬,0,,,153,122,90,29,38,32,15,31,96
082080430,2,—´ƒPèŽs,”¼“c’¬,0,,,127,110,69,21,38,41,11,31,79
082080440,2,—´ƒPèŽs,•B•¿’¬,0,,,10,10,6,1,5,4,1,1,5
082080450,2,—´ƒPèŽs,•P‹{’¬,0,,,420,257,218,95,89,39,22,50,210
082080461,2,—´ƒPèŽs,‹v•Û‘ä,0,,,1272,1047,984,301,552,63,117,387,271
08208046101,3,—´ƒPèŽs,‹v•Û‘ä‚P’š–Ú,0,,,139,110,100,35,52,10,20,46,37
08208046102,3,—´ƒPèŽs,‹v•Û‘ä‚Q’š–Ú,0,,,157,140,133,36,82,7,18,56,33
08208046103,3,—´ƒPèŽs,‹v•Û‘ä‚R’š–Ú,0,,,302,248,233,70,129,15,47,119,51
08208046104,3,—´ƒPèŽs,‹v•Û‘ä‚S’š–Ú,0,,,674,549,518,160,289,31,32,166,150
082080462,2,—´ƒPèŽs,•ÊŠ’¬,0,,,36,30,24,7,12,6,-,8,21
082080470,2,—´ƒPèŽs,¼—t,0,,,1391,1199,1131,507,519,68,78,253,798
08208047001,3,—´ƒPèŽs,¼—t‚P’š–Ú,0,,,395,329,315,146,127,14,25,65,253
08208047002,3,—´ƒPèŽs,¼—t‚Q’š–Ú,0,,,125,115,111,20,81,4,9,60,21
08208047003,3,—´ƒPèŽs,¼—t‚R’š–Ú,0,,,221,187,175,76,79,12,9,32,150
08208047004,3,—´ƒPèŽs,¼—t‚S’š–Ú,0,,,158,136,130,75,49,6,8,17,104
08208047005,3,—´ƒPèŽs,¼—t‚T’š–Ú,0,,,225,192,176,76,83,16,15,44,139
08208047006,3,—´ƒPèŽs,¼—t‚U’š–Ú,0,,,267,240,224,114,100,16,12,35,131
082080480,2,—´ƒPèŽs,…–å,0,,,373,249,203,77,85,46,16,71,194
082080490,2,—´ƒPèŽs,“ì’†“‡’¬,0,,,671,484,426,147,200,58,58,158,300
082080500,2,—´ƒPèŽs,‹{Ÿº’¬,0,,,152,121,73,21,36,48,12,29,108
082080510,2,—´ƒPèŽs,—Î’¬,0,,,515,248,214,78,97,34,25,79,157
082080520,2,—´ƒPèŽs,“ì‚ª‹u,0,,,547,470,431,228,160,39,12,55,290
08208052001,3,—´ƒPèŽs,“ì‚ª‹u‚P’š–Ú,0,,,84,74,64,32,28,10,-,7,45
08208052002,3,—´ƒPèŽs,“ì‚ª‹u‚Q’š–Ú,0,,,84,74,65,30,24,9,3,6,53
08208052003,3,—´ƒPèŽs,“ì‚ª‹u‚R’š–Ú,0,,,110,92,88,49,29,4,-,9,49
08208052004,3,—´ƒPèŽs,“ì‚ª‹u‚S’š–Ú,0,,,136,115,106,58,42,9,5,18,72
08208052005,3,—´ƒPèŽs,“ì‚ª‹u‚T’š–Ú,0,,,50,44,41,26,14,3,-,5,26
08208052006,3,—´ƒPèŽs,“ì‚ª‹u‚U’š–Ú,0,,,83,71,67,33,23,4,4,10,45
082080531,2,—´ƒPèŽs,”’‰H,0,,,918,706,656,170,418,50,183,412,155
08208053101,3,—´ƒPèŽs,”’‰H‚P’š–Ú,0,,,214,186,172,37,113,14,45,105,54
08208053102,3,—´ƒPèŽs,”’‰H‚Q’š–Ú,0,,,348,249,228,55,151,21,64,143,54
08208053103,3,—´ƒPèŽs,”’‰H‚R’š–Ú,0,,,212,167,156,53,89,11,41,98,33
08208053104,3,—´ƒPèŽs,”’‰H‚S’š–Ú,0,,,144,104,100,25,65,4,33,66,14
082080532,2,—´ƒPèŽs,”ª‘ã’¬,0,,,186,152,106,39,39,46,7,26,139
082080540,2,—´ƒPèŽs,–ìŒ´’¬,0,,,245,126,107,35,52,19,18,37,85
082080550,2,—´ƒPèŽs,‰¡’¬,0,,,67,48,42,9,23,6,3,12,33
082080560,2,—´ƒPèŽs,ŽáŽÄ’¬,0,,,881,614,504,192,223,110,54,151,445
082080570,2,—´ƒPèŽs,’·ŽR,0,,,1869,1568,1451,571,683,117,190,495,780
08208057001,3,—´ƒPèŽs,’·ŽR‚P’š–Ú,0,,,187,157,143,89,47,14,4,21,129
08208057002,3,—´ƒPèŽs,’·ŽR‚Q’š–Ú,0,,,205,183,165,84,67,18,8,20,130
08208057003,3,—´ƒPèŽs,’·ŽR‚R’š–Ú,0,,,159,111,104,35,61,7,17,34,43
08208057004,3,—´ƒPèŽs,’·ŽR‚S’š–Ú,0,,,357,309,294,45,149,15,70,195,80
08208057005,3,—´ƒPèŽs,’·ŽR‚T’š–Ú,0,,,259,226,209,102,87,17,14,49,133
08208057006,3,—´ƒPèŽs,’·ŽR‚U’š–Ú,0,,,226,184,166,72,79,18,22,56,86
08208057007,3,—´ƒPèŽs,’·ŽR‚V’š–Ú,0,,,206,161,145,39,92,16,28,67,63
08208057008,3,—´ƒPèŽs,’·ŽR‚W’š–Ú,0,,,270,237,225,105,101,12,27,53,116
082080580,2,—´ƒPèŽs,’†ª‘ä,0,,,835,721,673,184,423,48,89,317,221
08208058001,3,—´ƒPèŽs,’†ª‘ä‚P’š–Ú,0,,,171,144,132,41,80,12,24,67,58
08208058002,3,—´ƒPèŽs,’†ª‘ä‚Q’š–Ú,0,,,187,158,151,40,97,7,14,77,49
08208058003,3,—´ƒPèŽs,’†ª‘ä‚R’š–Ú,0,,,67,61,55,20,29,6,10,21,20
08208058004,3,—´ƒPèŽs,’†ª‘ä‚S’š–Ú,0,,,151,128,119,36,72,9,16,44,54
08208058005,3,—´ƒPèŽs,’†ª‘ä‚T’š–Ú,0,,,259,230,216,47,145,14,25,108,40
082080590,2,—´ƒPèŽs,•½‘ä,0,,,948,765,698,230,391,67,81,256,315
08208059001,3,—´ƒPèŽs,•½‘ä‚P’š–Ú,0,,,189,147,134,48,69,13,12,50,69
08208059002,3,—´ƒPèŽs,•½‘ä‚Q’š–Ú,0,,,211,181,160,56,87,21,17,49,85
08208059003,3,—´ƒPèŽs,•½‘ä‚R’š–Ú,0,,,134,91,82,29,46,9,17,39,33
08208059004,3,—´ƒPèŽs,•½‘ä‚S’š–Ú,0,,,240,208,196,55,117,12,19,75,78
08208059005,3,—´ƒPèŽs,•½‘ä‚T’š–Ú,0,,,174,138,126,42,72,12,16,43,50
082080600,2,—´ƒPèŽs,¬ŽÄ,0,,,1020,845,807,257,395,38,125,303,289
08208060001,3,—´ƒPèŽs,¬ŽÄ‚P’š–Ú,0,,,18,12,9,2,6,3,3,7,5
08208060002,3,—´ƒPèŽs,¬ŽÄ‚Q’š–Ú,0,,,336,301,294,74,192,7,77,145,74
08208060003,3,—´ƒPèŽs,¬ŽÄ‚R’š–Ú,0,,,154,122,114,41,63,8,11,40,38
08208060004,3,—´ƒPèŽs,¬ŽÄ‚S’š–Ú,0,,,512,410,390,140,134,20,34,111,172
08208060005,3,—´ƒPèŽs,¬ŽÄ‚T’š–Ú,0,,,-,-,-,-,-,-,-,-,-
082080620,2,—´ƒPèŽs,ŒÃé,0,,,165,91,78,30,37,13,12,28,60
082080630,2,—´ƒPèŽs,•P‹{,0,,,24,18,17,8,6,1,1,4,14
082080640,2,—´ƒPèŽs,ìè’¬,0,,,106,86,78,25,45,8,9,36,34
08210,1,‰ºÈŽs,,0,,,15015,11352,8229,2586,4116,3123,1587,4075,7061
082100010,2,‰ºÈŽs,‰ºÈ,0,,,2517,1835,1438,477,652,397,228,646,1179
08210001001,3,‰ºÈŽs,‰ºÈŽšw‰®,0,,,115,80,64,22,22,16,6,22,57
08210001002,3,‰ºÈŽs,‰ºÈŽšŒIŽR,0,,,215,144,110,41,44,34,10,38,121
08210001003,3,‰ºÈŽs,‰ºÈŽš¼’¬,0,,,143,99,71,22,31,28,10,32,83
08210001004,3,‰ºÈŽs,‰ºÈŽšãh,0,,,82,65,47,20,21,18,8,22,48
08210001005,3,‰ºÈŽs,‰ºÈŽš‘ŠŒ´ŽR,0,,,130,95,76,28,36,19,13,34,51
08210001006,3,‰ºÈŽs,‰ºÈŽšâ–{,0,,,192,145,127,40,70,18,20,47,67
08210001007,3,‰ºÈŽs,‰ºÈŽš–{h,0,,,115,89,73,25,37,16,18,37,51
08210001008,3,‰ºÈŽs,‰ºÈŽš¬–ìŽq,0,,,99,70,55,14,22,15,9,20,52
08210001009,3,‰ºÈŽs,‰ºÈŽšˆ®,0,,,36,24,18,8,7,6,3,6,25
08210001010,3,‰ºÈŽs,‰ºÈŽš‘å’¬,0,,,374,295,244,73,102,51,43,120,134
08210001011,3,‰ºÈŽs,‰ºÈŽš•ô,0,,,140,96,71,24,33,25,14,30,73
08210001012,3,‰ºÈŽs,‰ºÈŽšŽO“¹’n,0,,,24,18,13,7,4,5,1,5,19
08210001013,3,‰ºÈŽs,‰ºÈŽšV’¬,0,,,98,71,51,20,27,20,7,31,56
08210001014,3,‰ºÈŽs,‰ºÈŽšã’¬,0,,,120,101,71,21,35,30,6,22,77
08210001015,3,‰ºÈŽs,‰ºÈŽš’‡’¬,0,,,66,47,41,13,19,6,5,18,23
08210001016,3,‰ºÈŽs,‰ºÈŽš‰Y’¬,0,,,135,87,70,17,35,17,10,44,49
08210001017,3,‰ºÈŽs,‰ºÈŽš‰¡’¬,0,,,85,53,46,12,21,7,12,20,31
08210001018,3,‰ºÈŽs,‰ºÈŽš‰º’¬,0,,,42,35,28,7,13,7,7,19,16
08210001019,3,‰ºÈŽs,‰ºÈŽš•s“®h,0,,,35,32,18,3,6,14,3,13,21
08210001020,3,‰ºÈŽs,‰ºÈŽš‰ºŽq’¬,0,,,61,46,40,17,16,6,4,14,35
08210001021,3,‰ºÈŽs,‰ºÈŽšV‰®•~,0,,,37,23,13,7,2,10,3,6,22
08210001022,3,‰ºÈŽs,‰ºÈŽš“c’¬,0,,,173,120,91,36,49,29,16,46,68
082100020,2,‰ºÈŽs,–{h’¬,0,,,191,115,99,29,59,16,32,70,25
08210002001,3,‰ºÈŽs,–{h’¬‚P’š–Ú,0,,,126,76,66,20,39,10,20,45,14
08210002002,3,‰ºÈŽs,–{h’¬‚Q’š–Ú,0,,,65,39,33,9,20,6,12,25,11
082100030,2,‰ºÈŽs,–{é’¬,0,,,175,120,101,35,55,19,27,57,60
08210003001,3,‰ºÈŽs,–{é’¬‚P’š–Ú,0,,,91,76,63,21,33,13,16,39,30
08210003002,3,‰ºÈŽs,–{é’¬‚Q’š–Ú,0,,,68,33,29,11,18,4,8,13,24
08210003003,3,‰ºÈŽs,–{é’¬‚R’š–Ú,0,,,16,11,9,3,4,2,3,5,6
082100040,2,‰ºÈŽs,¬–ìŽq’¬,0,,,110,73,58,21,26,15,14,26,48
08210004001,3,‰ºÈŽs,¬–ìŽq’¬‚P’š–Ú,0,,,60,39,29,11,16,10,9,15,25
08210004002,3,‰ºÈŽs,¬–ìŽq’¬‚Q’š–Ú,0,,,50,34,29,10,10,5,5,11,23
082100050,2,‰ºÈŽs,»ÀV“c,0,,,82,65,57,16,28,8,7,14,33
082100060,2,‰ºÈŽs,’·’Ë,0,,,545,420,319,115,142,101,49,135,298
082100070,2,‰ºÈŽs,Î‚Ì‹{,0,,,104,69,55,18,29,14,13,26,34
082100080,2,‰ºÈŽs,‘å•ó,0,,,138,118,81,23,40,37,5,37,93
082100090,2,‰ºÈŽs,–k‘å•ó,0,,,241,188,127,38,71,61,28,67,124
082100100,2,‰ºÈŽs,•½ìŒË,0,,,39,36,12,5,4,24,6,10,29
082100110,2,‰ºÈŽs,‰¡ª,0,,,81,70,42,10,21,28,14,22,48
082100120,2,‰ºÈŽs,âˆä,0,,,43,38,17,7,9,21,5,14,27
082100130,2,‰ºÈŽs,”ä–Ñ,0,,,23,20,11,4,4,9,2,3,19
082100140,2,‰ºÈŽs,–xâÄ,0,,,143,111,76,29,31,35,7,29,82
082100150,2,‰ºÈŽs,‘å‹ø,0,,,199,167,124,39,62,43,20,50,112
082100160,2,‰ºÈŽs,•½À,0,,,191,102,85,25,46,17,21,46,81
082100170,2,‰ºÈŽs,•Ÿ“c,0,,,168,129,94,25,59,35,23,59,65
082100180,2,‰ºÈŽs,‰º–ØŒË,0,,,463,276,231,82,114,45,50,100,143
082100190,2,‰ºÈŽs,Žá–ö,0,,,389,339,233,76,115,106,47,113,233
08210019001,3,‰ºÈŽs,Žá–öŽš–{“c,0,,,90,82,64,20,34,18,10,25,52
08210019002,3,‰ºÈŽs,Žá–öŽš‹v–Ú,0,,,29,26,16,4,8,10,3,8,15
08210019003,3,‰ºÈŽs,Žá–öŽš“Œh,0,,,57,52,33,14,16,19,7,19,37
08210019004,3,‰ºÈŽs,Žá–öŽš‰ºh,0,,,36,33,22,8,10,11,2,7,27
08210019005,3,‰ºÈŽs,Žá–öŽšãh,0,,,37,31,20,9,8,11,3,8,24
08210019006,3,‰ºÈŽs,Žá–öŽš¼h,0,,,43,36,26,8,11,10,4,8,25
08210019007,3,‰ºÈŽs,Žá–öŽš•Ÿ‘ã’n,0,,,24,24,6,3,2,18,6,15,19
08210019008,3,‰ºÈŽs,Žá–öŽš–q–{,0,,,57,42,35,9,20,7,10,18,25
08210019009,3,‰ºÈŽs,Žá–öŽš–q“à,0,,,16,13,11,1,6,2,2,5,9
082100200,2,‰ºÈŽs,_–¾,0,,,52,51,16,4,7,35,7,22,42
082100210,2,‰ºÈŽs,‰º‹{,0,,,37,33,15,4,9,18,8,12,23
082100220,2,‰ºÈŽs,’}”g“‡,0,,,48,44,21,5,9,23,4,10,33
082100230,2,‰ºÈŽs,”{,0,,,42,37,18,7,7,19,5,11,32
082100240,2,‰ºÈŽs,‰º“c,0,,,59,48,25,8,13,23,10,17,38
08210024001,3,‰ºÈŽs,‰º“cŽš‰º“c,0,,,21,20,10,4,5,10,4,6,16
08210024002,3,‰ºÈŽs,‰º“cŽšŠL‰z,0,,,38,28,15,4,8,13,6,11,22
082100250,2,‰ºÈŽs,’†‹½,0,,,57,49,15,5,7,34,7,16,43
08210025001,3,‰ºÈŽs,’†‹½Žš’†‹½,0,,,22,21,7,4,1,14,3,7,19
08210025002,3,‰ºÈŽs,’†‹½Žš‰F’Ø’J,0,,,35,28,8,1,6,20,4,9,24
082100260,2,‰ºÈŽs,•‹î,0,,,212,167,121,41,58,46,18,55,101
082100270,2,‰ºÈŽs,ŽÄ,0,,,20,15,13,4,5,2,3,5,8
082100280,2,‰ºÈŽs,],1,,0290,419,311,250,80,123,61,41,109,165
082100290,2,‰ºÈŽs,ŠÖ–{‰º,2,0280,,X,X,X,X,X,X,X,X,X
082100300,2,‰ºÈŽs,•½•û,0,,,104,90,53,23,22,37,9,23,81
082100310,2,‰ºÈŽs,KŽè,0,,,21,18,6,4,2,12,4,5,15
082100320,2,‰ºÈŽs,aˆä,0,,,25,23,10,5,3,13,1,6,19
082100330,2,‰ºÈŽs,‹ËƒP£,0,,,88,78,43,11,23,35,9,26,63
082100340,2,‰ºÈŽs,Ô{,0,,,74,61,35,9,14,26,3,16,44
082100350,2,‰ºÈŽs,‘O‰ÍŒ´,0,,,353,266,223,56,125,43,35,97,108
082100360,2,‰ºÈŽs,”¼’J,0,,,645,477,356,120,178,121,70,159,282
082100370,2,‰ºÈŽs,“ìŒ´,0,,,186,102,86,24,47,16,27,52,50
082100380,2,‰ºÈŽs,‘å–Ø,0,,,258,219,138,45,72,81,26,72,142
082100390,2,‰ºÈŽs,¬“‡,0,,,495,360,288,91,124,72,52,132,207
082100400,2,‰ºÈŽs,“ñ–{‹I,0,,,110,96,50,18,20,46,9,27,76
082100410,2,‰ºÈŽs,¡ò,0,,,251,164,127,41,62,37,32,69,85
082100420,2,‰ºÈŽs,’†‹Žw,0,,,94,84,51,9,30,33,14,34,54
082100430,2,‰ºÈŽs,‘Ü”¨,0,,,34,30,19,5,10,11,2,7,25
082100440,2,‰ºÈŽs,ŒÃ‘ò,0,,,191,116,76,16,41,40,12,43,81
08210044001,3,‰ºÈŽs,ŒÃ‘ò“ŒŒÃ‘ò,0,,,73,49,30,7,14,19,3,17,31
08210044002,3,‰ºÈŽs,ŒÃ‘ò¼ŒÃ‘ò,0,,,118,67,46,9,27,21,9,26,50
082100450,2,‰ºÈŽs,‰Á—{,0,,,393,335,243,65,135,92,44,122,180
082100451,2,‰ºÈŽs,‰Á—{,0,,,34,31,18,6,7,13,2,6,21
082100460,2,‰ºÈŽs,V–x,0,,,85,67,42,15,18,25,12,29,36
082100470,2,‰ºÈŽs,”ó‹´,0,,,55,52,23,11,11,29,9,18,45
082100480,2,‰ºÈŽs,•I’J,0,,,43,41,17,6,9,24,4,14,32
082100490,2,‰ºÈŽs,ŽRK,0,,,82,67,38,7,20,29,10,30,51
082100500,2,‰ºÈŽs,’J“c•”,0,,,19,16,11,2,5,5,4,5,12
082100510,2,‰ºÈŽs,–öŒ´,0,,,88,74,44,16,21,30,7,17,52
082100520,2,‰ºÈŽs,‚“¹‘c,0,,,1340,970,752,234,381,218,152,355,546
08210052001,3,‰ºÈŽs,‚“¹‘cŽš–{“c,0,,,262,198,144,47,79,54,32,61,128
08210052002,3,‰ºÈŽs,‚“¹‘cŽšŒ´,0,,,406,296,232,78,112,64,51,104,163
08210052003,3,‰ºÈŽs,‚“¹‘cŽš’†‘ä,0,,,450,315,247,69,133,68,55,142,152
08210052004,3,‰ºÈŽs,‚“¹‘cŽš¬“n,0,,,131,99,72,19,36,27,10,32,63
08210052005,3,‰ºÈŽs,‚“¹‘cŽš“ŒŒ´,0,,,91,62,57,21,21,5,4,16,40
082100530,2,‰ºÈŽs,â–{V“c,1,,0540,70,29,24,15,6,5,2,12,12
082100540,2,‰ºÈŽs,‘å–ØV“c,2,0530,,X,X,X,X,X,X,X,X,X
082100550,2,‰ºÈŽs,“c’¬,0,,,149,123,111,22,81,12,34,86,19
08210055001,3,‰ºÈŽs,“c’¬‚P’š–Ú,0,,,94,75,69,16,49,6,20,51,10
08210055002,3,‰ºÈŽs,“c’¬‚Q’š–Ú,0,,,55,48,42,6,32,6,14,35,9
082100560,2,‰ºÈŽs,‘å‰€–Ø,0,,,153,129,81,25,40,48,17,38,91
082100570,2,‰ºÈŽs,Œ~,0,,,133,121,71,22,35,50,20,41,84
082100580,2,‰ºÈŽs,“c‰º,0,,,129,92,60,22,25,32,9,34,67
082100590,2,‰ºÈŽs,‰ºŒI,0,,,74,58,32,5,19,26,9,24,52
082100600,2,‰ºÈŽs,–{@“¹,0,,,226,187,150,46,72,37,12,59,115
082100610,2,‰ºÈŽs,@“¹,0,,,390,283,208,67,108,75,37,105,179
082100620,2,‰ºÈŽs,a“c,0,,,27,22,15,2,7,7,4,10,9
082100630,2,‰ºÈŽs,Œ©“c,0,,,62,48,30,7,18,18,16,25,24
082100640,2,‰ºÈŽs,“‚è,0,,,74,64,37,16,14,27,9,16,46
082100650,2,‰ºÈŽs,’·Šž,0,,,37,34,18,7,8,16,2,5,26
082100660,2,‰ºÈŽs,ˆÉŒÃ—§,0,,,17,15,8,3,5,7,1,4,13
082100670,2,‰ºÈŽs,Œ´,0,,,245,205,138,56,64,67,24,68,138
082100680,2,‰ºÈŽs,‰HŽq,0,,,65,42,26,9,12,16,4,10,31
082100690,2,‰ºÈŽs,‹S“{,0,,,144,133,119,11,101,14,36,98,19
082100700,2,‰ºÈŽs,Š™’ë,0,,,475,350,250,79,133,100,51,129,223
082100710,2,‰ºÈŽs,•Ê•{,0,,,148,123,77,29,37,46,16,39,98
082100720,2,‰ºÈŽs,ŠF—t,0,,,317,234,168,45,90,66,23,67,158
082100730,2,‰ºÈŽs,ŒÜ‰Ó,0,,,118,89,58,18,31,31,5,30,61
082100740,2,‰ºÈŽs,‘º‰ª,0,,,106,88,45,9,25,43,6,30,71
08211,1,í‘Žs,,0,,,20575,15710,10806,3306,5515,4904,1980,5448,10692
082110010,2,í‘Žs,…ŠC“¹‚–ì’¬,0,,,122,98,72,24,39,26,6,24,65
082110020,2,í‘Žs,…ŠC“¹“V–ž’¬,0,,,646,425,343,131,164,82,39,113,298
082110030,2,í‘Žs,…ŠC“¹‹T‰ª’¬,0,,,66,55,39,5,29,16,6,33,36
082110040,2,í‘Žs,…ŠC“¹–{’¬,0,,,113,87,58,21,24,29,6,17,87
082110050,2,í‘Žs,…ŠC“¹Œ³’¬,0,,,46,30,19,7,8,11,2,6,29
082110060,2,í‘Žs,…ŠC“¹‰h’¬,0,,,188,129,91,39,36,38,8,25,133
082110070,2,í‘Žs,…ŠC“¹•ó’¬,0,,,300,171,128,57,48,43,8,34,147
082110080,2,í‘Žs,…ŠC“¹z–K’¬,0,,,283,183,146,48,72,37,27,66,134
082110090,2,í‘Žs,…ŠC“¹‹´–{’¬,0,,,549,364,281,95,132,83,49,116,288
082110100,2,í‘Žs,…ŠC“¹X‰º’¬,0,,,519,383,295,88,156,88,49,129,240
082110110,2,í‘Žs,…ŠC“¹Ÿº“ª’¬,0,,,237,154,118,37,57,36,16,40,117
082110120,2,í‘Žs,…ŠC“¹ŽR“c’¬,0,,,562,383,305,81,147,78,46,135,228
082110130,2,í‘Žs,…ŠC“¹ì–”’¬,0,,,75,66,43,18,16,23,7,16,55
082110140,2,í‘Žs,–L‰ª’¬,0,,,2072,1469,1063,321,516,406,136,453,1058
08211014001,3,í‘Žs,–L‰ª’¬‘OŒ´,0,,,740,444,368,132,149,76,45,131,295
08211014002,3,í‘Žs,–L‰ª’¬‰ÍŒ´,0,,,188,117,87,30,34,30,4,23,93
08211014003,3,í‘Žs,–L‰ª’¬‰¡‘]ªã,0,,,79,65,43,9,26,22,7,21,47
08211014004,3,í‘Žs,–L‰ª’¬‰¡‘]ª‰º,0,,,233,139,109,35,54,30,15,49,95
08211014005,3,í‘Žs,–L‰ª’¬’J’Ã,0,,,71,68,49,13,28,19,4,26,43
08211014006,3,í‘Žs,–L‰ª’¬‰º’JŒ´,0,,,80,68,48,6,29,20,9,26,37
08211014007,3,í‘Žs,–L‰ª’¬ˆð“à,0,,,14,14,8,1,7,6,1,3,12
08211014008,3,í‘Žs,–L‰ª’¬•ñ‰¶Ž›,0,,,140,122,84,21,45,38,8,46,86
08211014009,3,í‘Žs,–L‰ª’¬–k•”,0,,,71,57,41,10,23,16,8,18,45
08211014010,3,í‘Žs,–L‰ª’¬”ÑÀ,0,,,108,87,54,15,29,33,8,27,63
08211014011,3,í‘Žs,–L‰ª’¬×–ìã,0,,,25,22,11,5,5,11,1,5,19
08211014012,3,í‘Žs,–L‰ª’¬×–ì’†,0,,,45,37,20,6,10,17,2,10,33
08211014013,3,í‘Žs,–L‰ª’¬×–ì‰º,0,,,92,74,47,15,24,27,8,20,62
08211014014,3,í‘Žs,–L‰ª’¬˜ZŒ¬,0,,,70,61,39,12,20,22,7,20,47
08211014015,3,í‘Žs,–L‰ª’¬»Œ´,0,,,81,66,37,6,23,29,8,22,54
08211014016,3,í‘Žs,–L‰ª’¬•l,0,,,35,28,18,5,10,10,1,6,27
082110150,2,í‘Žs,ù’ËV“c’¬,0,,,29,25,13,2,7,12,1,8,16
082110160,2,í‘Žs,‰¡‘]ªV“c’¬,0,,,54,49,30,5,14,19,7,14,35
08211016001,3,í‘Žs,‰¡‘]ªV“c’¬óŠÔ‰º,0,,,30,28,19,4,10,9,3,8,18
08211016002,3,í‘Žs,‰¡‘]ªV“c’¬‰±“¹,0,,,24,21,11,1,4,10,4,6,17
082110170,2,í‘Žs,ŒÜ˜Y•º‰qV“c’¬,0,,,39,39,18,4,9,21,4,8,37
082110180,2,í‘Žs,‘å¶‹½’¬,0,,,454,388,221,56,125,167,37,109,327
08211018001,3,í‘Žs,‘å¶‹½’¬ãV“c,0,,,19,18,8,3,3,10,2,3,17
08211018002,3,í‘Žs,‘å¶‹½’¬’†’Ø,0,,,12,11,8,6,1,3,2,4,9
08211018003,3,í‘Žs,‘å¶‹½’¬ŽRŒû,0,,,69,61,27,9,14,34,3,17,55
08211018004,3,í‘Žs,‘å¶‹½’¬“à‹vª,0,,,61,45,26,5,15,19,3,11,41
08211018005,3,í‘Žs,‘å¶‹½’¬’†V“c,0,,,31,25,11,3,6,14,5,7,21
08211018006,3,í‘Žs,‘å¶‹½’¬‹îž,0,,,34,27,19,6,12,8,2,6,24
08211018007,3,í‘Žs,‘å¶‹½’¬”–Ø,0,,,54,50,32,9,17,18,3,14,37
08211018008,3,í‘Žs,‘å¶‹½’¬Œü‹u,0,,,50,43,26,4,19,17,4,13,36
08211018009,3,í‘Žs,‘å¶‹½’¬“V_‰º,0,,,49,42,26,4,14,16,5,11,34
08211018010,3,í‘Žs,‘å¶‹½’¬ãŒû,0,,,75,66,38,7,24,28,8,23,53
08211018011,3,í‘Žs,‘å¶‹½’¬‘å¶‹½H‹Æ’c’n,0,,,-,-,-,-,-,-,-,-,-
082110190,2,í‘Žs,‘å¶‹½V“c’¬,0,,,157,138,82,26,40,56,11,34,113
08211019001,3,í‘Žs,‘å¶‹½V“c’¬ãV“c,0,,,34,30,16,7,3,14,1,8,24
08211019002,3,í‘Žs,‘å¶‹½V“c’¬’†’Ø,0,,,67,61,37,14,18,24,5,15,50
08211019003,3,í‘Žs,‘å¶‹½V“c’¬‰ºV“c,0,,,56,47,29,5,19,18,5,11,39
082110200,2,í‘Žs,ˆÉ¶‰q–åV“c’¬,0,,,34,27,15,4,9,12,3,8,25
08211020001,3,í‘Žs,ˆÉ¶‰q–åV“c’¬’†’Ø,0,,,22,15,7,3,4,8,3,7,15
08211020002,3,í‘Žs,ˆÉ¶‰q–åV“c’¬‰ºV“c,0,,,12,12,8,1,5,4,-,1,10
082110210,2,í‘Žs,‰H¶’¬,0,,,111,92,61,17,34,31,11,30,67
08211021001,3,í‘Žs,‰H¶’¬‰º‰H¶,0,,,68,57,38,14,18,19,6,18,41
08211021002,3,í‘Žs,‰H¶’¬‘ä‰H¶,0,,,43,35,23,3,16,12,5,12,26
082110220,2,í‘Žs,‘å—Ö’¬,0,,,195,174,111,38,56,63,20,53,134
08211022001,3,í‘Žs,‘å—Ö’¬’z’n,0,,,27,25,18,7,6,7,2,5,21
08211022002,3,í‘Žs,‘å—Ö’¬‹à’J,0,,,16,12,6,3,1,6,3,5,10
08211022003,3,í‘Žs,‘å—Ö’¬ã‘å—Ö,0,,,77,69,48,19,25,21,5,22,52
08211022004,3,í‘Žs,‘å—Ö’¬’†‘å—Ö,0,,,19,17,8,1,7,9,2,5,13
08211022005,3,í‘Žs,‘å—Ö’¬‰º‘å—Ö,0,,,18,17,11,4,6,6,-,2,12
08211022006,3,í‘Žs,‘å—Ö’¬–ž‘ ,0,,,38,34,20,4,11,14,8,14,26
082110230,2,í‘Žs,‰Ô“‡’¬,0,,,122,109,51,16,24,58,7,36,89
08211023001,3,í‘Žs,‰Ô“‡’¬ã‰Ô“‡,0,,,74,67,29,9,14,38,4,24,53
08211023002,3,í‘Žs,‰Ô“‡’¬‰º‰Ô“‡,1,,023003,48,42,22,7,10,20,3,12,36
08211023003,3,í‘Žs,‰Ô“‡’¬’z’n,2,023002,,X,X,X,X,X,X,X,X,X
082110240,2,í‘Žs,’†È’¬,0,,,992,768,564,185,275,204,82,259,502
08211024001,3,í‘Žs,’†È’¬\‰Æ,0,,,73,63,40,13,23,23,5,12,53
08211024002,3,í‘Žs,’†È’¬‰«”V“à,0,,,77,73,49,9,34,24,6,24,48
08211024003,3,í‘Žs,’†È’¬’†•”,0,,,112,88,63,21,36,25,12,38,61
08211024004,3,í‘Žs,’†È’¬»ê,0,,,333,248,179,74,76,69,29,81,158
08211024005,3,í‘Žs,’†È’¬ªV“c,0,,,114,88,64,23,33,24,12,27,65
08211024006,3,í‘Žs,’†È’¬Ž›‘O,0,,,149,103,87,24,43,16,8,40,50
08211024007,3,í‘Žs,’†È’¬Œãh,0,,,63,52,34,13,16,18,6,18,38
08211024008,3,í‘Žs,’†È’¬ç‘ã“c’c’n,0,,,71,53,48,8,14,5,4,19,29
082110250,2,í‘Žs,ŽOâ’¬,0,,,472,411,266,80,127,145,39,112,330
08211025001,3,í‘Žs,ŽOâ’¬ãŽOâ,0,,,61,55,36,11,17,19,5,14,40
08211025002,3,í‘Žs,ŽOâ’¬’†ŽOâ,0,,,113,99,59,16,29,40,12,26,80
08211025003,3,í‘Žs,ŽOâ’¬‰«ŽOâ,0,,,27,26,17,4,10,9,4,9,19
08211025004,3,í‘Žs,ŽOâ’¬ŽRŒË“à,0,,,63,57,38,11,18,19,3,15,43
08211025005,3,í‘Žs,ŽOâ’¬”’”¨,0,,,35,32,17,7,7,15,2,9,24
08211025006,3,í‘Žs,ŽOâ’¬ŒÜ‰Æ,0,,,88,73,49,17,22,24,5,17,68
08211025007,3,í‘Žs,ŽOâ’¬‰w‘O,0,,,85,69,50,14,24,19,8,22,56
082110260,2,í‘Žs,‰«V“c’¬,0,,,50,47,27,8,11,20,4,9,38
08211026001,3,í‘Žs,‰«V“c’¬‰«V“cã,0,,,32,30,23,7,8,7,3,5,22
08211026002,3,í‘Žs,‰«V“c’¬‰«V“c“ì,0,,,18,17,4,1,3,13,1,4,16
082110270,2,í‘Žs,ŽOâV“c’¬,0,,,77,69,31,8,13,38,6,21,59
08211027001,3,í‘Žs,ŽOâV“c’¬ŽOâV“cã,0,,,27,27,9,2,4,18,4,10,19
08211027002,3,í‘Žs,ŽOâV“c’¬ŽOâV“c’†,0,,,12,12,5,2,3,7,1,3,9
08211027003,3,í‘Žs,ŽOâV“c’¬ŽOâV“c‰º,0,,,38,30,17,4,6,13,1,8,31
082110280,2,í‘Žs,•Ÿ“ñ’¬,0,,,87,75,39,21,16,36,4,12,73
08211028001,3,í‘Žs,•Ÿ“ñ’¬•Ÿ“ñã,0,,,53,47,22,12,9,25,2,7,45
08211028002,3,í‘Žs,•Ÿ“ñ’¬•Ÿ“ñ‰º,0,,,34,28,17,9,7,11,2,5,28
082110290,2,í‘Žs,ãŽÖ’¬,0,,,160,138,80,24,37,58,20,37,110
08211029001,3,í‘Žs,ãŽÖ’¬Œ³ãŽÖ,0,,,45,41,24,9,11,17,7,11,30
08211029002,3,í‘Žs,ãŽÖ’¬‹g–ì,0,,,37,28,22,7,11,6,3,6,24
08211029003,3,í‘Žs,ãŽÖ’¬ŒÃ•~ã,0,,,32,27,10,3,5,17,4,9,24
08211029004,3,í‘Žs,ãŽÖ’¬ŒÃ•~‰º,0,,,46,42,24,5,10,18,6,11,32
082110300,2,í‘Žs,ìè’¬,0,,,117,105,49,13,27,56,12,34,86
08211030001,3,í‘Žs,ìè’¬’†ìè,0,,,22,18,10,3,7,8,2,7,15
08211030002,3,í‘Žs,ìè’¬‰ºìè,0,,,58,55,24,6,12,31,8,19,41
08211030003,3,í‘Žs,ìè’¬“¹“‡,0,,,22,19,7,1,4,12,2,6,18
08211030004,3,í‘Žs,ìè’¬ãìè,0,,,15,13,8,3,4,5,-,2,12
082110310,2,í‘Žs,¬ŽRŒË’¬,0,,,122,103,69,24,31,34,9,31,69
082110320,2,í‘Žs,‘Š–ì’J’¬,0,,,196,150,113,45,43,37,10,37,117
082110330,2,í‘Žs,’†ŽR’¬,0,,,85,75,44,8,22,31,5,24,52
082110340,2,í‘Žs,•½’¬,0,,,32,28,18,7,5,10,2,6,24
082110350,2,í‘Žs,\‰Ô’¬,0,,,111,95,62,24,29,33,16,31,69
082110360,2,í‘Žs,“Œ’¬,0,,,50,44,23,10,9,21,4,11,37
082110370,2,í‘Žs,‘åè’¬,0,,,64,58,33,7,19,25,7,18,40
082110380,2,í‘Žs,–¥—Ö’¬,0,,,29,28,15,4,7,13,4,12,20
082110390,2,í‘Žs,•º’¬,0,,,32,30,21,5,13,9,4,8,20
082110400,2,í‘Žs,’·•’¬,0,,,38,31,20,4,11,11,4,7,24
082110410,2,í‘Žs,Vˆä–Ø’¬,0,,,116,100,74,26,38,26,5,22,74
082110420,2,í‘Žs,âŽè’¬,0,,,599,496,301,95,158,195,45,156,365
08211042001,3,í‘Žs,âŽè’¬ŠL’u,0,,,35,25,14,7,7,11,1,9,22
08211042002,3,í‘Žs,âŽè’¬ŽÂŽR,0,,,84,62,41,13,24,21,6,19,42
08211042003,3,í‘Žs,âŽè’¬ŽžM,0,,,31,25,15,5,7,10,1,8,17
08211042004,3,í‘Žs,âŽè’¬–k˜CŽR,0,,,15,14,6,2,4,8,1,7,11
08211042005,3,í‘Žs,âŽè’¬”Ñ“cŽR,0,,,39,34,14,5,6,20,4,12,24
08211042006,3,í‘Žs,âŽè’¬h,0,,,48,42,24,6,13,18,5,11,30
08211042007,3,í‘Žs,âŽè’¬“‡,0,,,16,13,8,-,5,5,1,4,11
08211042008,3,í‘Žs,âŽè’¬]“‡,0,,,16,12,11,5,4,1,1,1,11
08211042009,3,í‘Žs,âŽè’¬‰ªƒm“à,0,,,61,48,24,6,14,24,4,13,45
08211042010,3,í‘Žs,âŽè’¬•ÄŽR,0,,,20,17,9,5,2,8,2,6,17
08211042011,3,í‘Žs,âŽè’¬”óƒmŒû,0,,,9,9,5,1,3,4,1,4,6
08211042012,3,í‘Žs,âŽè’¬–{‹½,0,,,55,49,31,8,19,18,4,14,31
08211042013,3,í‘Žs,âŽè’¬‰“‘å‹v•Û,0,,,33,28,13,5,6,15,2,10,23
08211042014,3,í‘Žs,âŽè’¬–ìŒû,0,,,44,42,28,4,20,14,5,14,24
08211042015,3,í‘Žs,âŽè’¬õF’c’n,0,,,93,76,58,23,24,18,7,24,51
08211042016,3,í‘Žs,âŽè’¬ƒSƒ‹ƒtê,0,,,-,-,-,-,-,-,-,-,-
08211042017,3,í‘Žs,âŽè’¬‚«‚Ê‘‡Œö‰€,0,,,-,-,-,-,-,-,-,-,-
08211042018,3,í‘Žs,âŽè’¬âŽèH‹Æ’c’n,0,,,-,-,-,-,-,-,-,-,-
082110431,2,í‘Žs,“àŽç’J’¬‚«‚Ê‚Ì—¢,0,,,1076,741,685,196,441,56,260,450,159
08211043101,3,í‘Žs,“àŽç’J’¬‚«‚Ê‚Ì—¢‚P’š–Ú,0,,,113,57,54,15,39,3,28,39,4
08211043102,3,í‘Žs,“àŽç’J’¬‚«‚Ê‚Ì—¢‚Q’š–Ú,0,,,317,189,173,57,100,16,61,100,45
08211043103,3,í‘Žs,“àŽç’J’¬‚«‚Ê‚Ì—¢‚R’š–Ú,0,,,646,495,458,124,302,37,171,311,110
082110432,2,í‘Žs,“àŽç’J’¬,0,,,447,373,218,63,116,155,59,141,280
08211043201,3,í‘Žs,“àŽç’J’¬–{‹½,0,,,144,109,73,23,39,36,22,46,83
08211043202,3,í‘Žs,“àŽç’J’¬Œü’n,0,,,94,82,50,14,29,32,14,30,58
08211043203,3,í‘Žs,“àŽç’J’¬’·ƒm“ü,0,,,131,110,57,16,28,53,14,41,93
08211043204,3,í‘Žs,“àŽç’J’¬Ž­¬˜H,0,,,78,72,38,10,20,34,9,24,46
08211043206,3,í‘Žs,“àŽç’J’¬“àŽç’JH‹Æ’c’n,0,,,-,-,-,-,-,-,-,-,-
082110440,2,í‘Žs,›¶’¬,0,,,759,623,391,115,200,232,62,195,459
08211044001,3,í‘Žs,›¶’¬ã–ì,0,,,70,63,39,15,18,24,6,22,46
08211044002,3,í‘Žs,›¶’¬ŒÃ’J,0,,,147,114,79,20,43,35,6,29,89
08211044003,3,í‘Žs,›¶’¬•½¼,0,,,100,84,43,14,18,41,14,28,62
08211044004,3,í‘Žs,›¶’¬’†‹½,0,,,72,51,28,7,14,23,3,16,46
08211044005,3,í‘Žs,›¶’¬‰©‹à,0,,,-,-,-,-,-,-,-,-,-
08211044006,3,í‘Žs,›¶’¬Œ´,0,,,90,75,46,10,28,29,10,27,56
08211044007,3,í‘Žs,›¶’¬‘å•À,0,,,109,91,67,21,36,24,9,29,55
08211044008,3,í‘Žs,›¶’¬‰º,0,,,102,85,50,17,24,35,6,25,65
08211044009,3,í‘Žs,›¶’¬’Mˆä,0,,,69,60,39,11,19,21,8,19,40
082110450,2,í‘Žs,‘å’ËŒË’¬,0,,,287,254,149,41,77,105,29,77,196
08211045001,3,í‘Žs,‘å’ËŒË’¬ŽÂŽR,0,,,52,44,29,6,18,15,7,15,34
08211045002,3,í‘Žs,‘å’ËŒË’¬V“c,0,,,59,54,31,9,18,23,6,16,38
08211045003,3,í‘Žs,‘å’ËŒË’¬‰“‹v•Û,0,,,47,39,24,9,8,15,4,10,32
08211045004,3,í‘Žs,‘å’ËŒË’¬ŒüŽR,0,,,37,34,12,1,6,22,2,12,28
08211045005,3,í‘Žs,‘å’ËŒË’¬¼ŽR,0,,,46,42,26,8,14,16,5,10,31
08211045006,3,í‘Žs,‘å’ËŒË’¬–xž,0,,,46,41,27,8,13,14,5,14,33
08211045007,3,í‘Žs,‘å’ËŒË’¬‚ ‚·‚È‚ë‚Ì—¢,0,,,-,-,-,-,-,-,-,-,-
082110460,2,í‘Žs,VÎ‰º,0,,,1163,879,638,200,327,241,141,349,563
082110470,2,í‘Žs,‘å–[,0,,,242,167,128,34,72,39,32,71,89
082110480,2,í‘Žs,“Œ–ìŒ´,0,,,149,109,75,21,45,34,20,46,67
082110490,2,í‘Žs,•½“à,0,,,82,46,35,14,14,11,5,12,31
082110500,2,í‘Žs,ŽRŒû,0,,,168,117,78,27,40,39,9,36,92
082110510,2,í‘Žs,Žû”[’J,0,,,12,9,4,2,1,5,-,-,10
082110520,2,í‘Žs,–{Î‰º,0,,,778,602,413,129,211,189,72,207,418
082110530,2,í‘Žs,Žá‹{ŒË,0,,,262,228,160,49,92,68,25,92,131
082110540,2,í‘Žs,Œ´h,0,,,175,152,78,33,32,74,23,59,123
082110550,2,í‘Žs,¬•Ûì,0,,,177,131,80,22,38,51,13,49,94
082110560,2,í‘Žs,–L“c,0,,,434,354,250,66,133,104,37,132,216
082110570,2,í‘Žs,ŠÚ•û,0,,,41,40,20,2,14,20,2,9,28
082110580,2,í‘Žs,–{–L“c,0,,,215,166,99,25,55,67,24,66,114
082110590,2,í‘Žs,‹È“c,0,,,64,60,28,9,10,32,7,15,49
082110600,2,í‘Žs,ƒ–ìŽR,0,,,263,203,144,35,78,59,35,78,108
082110610,2,í‘Žs,ƒ–ìŽRV“c,0,,,55,49,27,7,17,22,6,21,33
082110620,2,í‘Žs,ŒÃŠÔ–ØV“c,0,,,120,86,59,22,29,27,10,29,54
082110630,2,í‘Žs,”nê,0,,,165,118,59,20,29,59,16,42,103
082110640,2,í‘Žs,”nêV“c,0,,,16,15,7,3,3,8,1,4,10
082110650,2,í‘Žs,ŒIŽRV“c,0,,,62,53,26,3,18,27,7,21,42
082110660,2,í‘Žs,¶•½‘¾V“c,0,,,41,36,21,2,12,15,5,15,28
082110670,2,í‘Žs,‘·•ºƒ‘V“c,0,,,84,78,34,12,11,44,7,29,62
082110680,2,í‘Žs,è–[,0,,,258,215,112,21,64,103,25,86,152
082110690,2,í‘Žs,ŒÃŠÔ–Ø,0,,,296,221,141,43,74,80,24,71,131
082110700,2,í‘Žs,ŒÃŠÔ–ØÀV“c,0,,,15,14,6,1,2,8,4,4,10
082110710,2,í‘Žs,‘å‘ò,0,,,127,110,84,22,50,26,16,47,54
082110720,2,í‘Žs,™ŽR,0,,,341,265,185,37,100,80,45,145,130
082110730,2,í‘Žs,ŒüÎ‰º,0,,,588,350,266,89,133,84,34,115,234
082110740,2,í‘Žs,ŽÂŽR,0,,,429,319,223,83,99,96,38,117,193
082110750,2,í‘Žs,‘ Ž,0,,,148,108,71,18,37,37,14,52,58
082110760,2,í‘Žs,‘ ŽV“c,0,,,10,8,7,3,4,1,1,1,6
082110770,2,í‘Žs,’†À,0,,,159,120,88,26,46,32,26,55,56
082110780,2,í‘Žs,‰ª“c,0,,,230,198,144,34,79,54,27,82,102
082110790,2,í‘Žs,‘¶,0,,,235,204,121,39,59,83,31,74,140
08212,1,í—¤‘¾“cŽs,,0,,,19388,15374,12402,4975,5553,2972,1201,3824,11297
082120010,2,í—¤‘¾“cŽs,‹{–{’¬,0,,,278,200,175,59,82,25,26,64,139
082120020,2,í—¤‘¾“cŽs,“à–x’¬,0,,,234,192,163,56,82,29,27,74,108
082120030,2,í—¤‘¾“cŽs,’†é’¬,0,,,237,205,183,62,94,22,29,80,99
082120040,2,í—¤‘¾“cŽs,‰h’¬,0,,,235,164,136,65,55,28,19,41,140
082120050,2,í—¤‘¾“cŽs,“Œˆê’¬,0,,,19,13,6,3,2,7,1,3,16
082120060,2,í—¤‘¾“cŽs,”·’¬,0,,,132,104,94,29,50,10,17,42,66
082120070,2,í—¤‘¾“cŽs,‹àˆä’¬,0,,,428,306,275,113,120,31,22,78,227
082120080,2,í—¤‘¾“cŽs,“Œ“ñ’¬,0,,,44,32,25,16,7,7,1,6,30
082120090,2,í—¤‘¾“cŽs,“ŒŽO’¬,0,,,16,9,9,4,2,-,-,1,13
082120100,2,í—¤‘¾“cŽs,–Øèˆê’¬,0,,,214,163,142,57,70,21,30,53,107
082120110,2,í—¤‘¾“cŽs,–Øè“ñ’¬,0,,,340,212,185,66,78,27,18,71,155
082120120,2,í—¤‘¾“cŽs,ŽR‰º’¬,0,,,727,462,407,156,205,55,86,163,247
082120130,2,í—¤‘¾“cŽs,¼ŽO’¬,0,,,152,120,103,52,38,17,13,25,94
082120140,2,í—¤‘¾“cŽs,¼“ñ’¬,0,,,23,17,16,10,3,1,2,3,17
082120150,2,í—¤‘¾“cŽs,¼ˆê’¬,0,,,17,11,9,1,6,2,-,1,13
082120160,2,í—¤‘¾“cŽs,Žõ’¬,0,,,205,150,119,42,52,31,17,40,124
082120170,2,í—¤‘¾“cŽs,”¦’¬,0,,,1171,1050,943,246,586,107,124,444,333
08212017001,3,í—¤‘¾“cŽs,”¦’¬’c’nˆÈŠO,0,,,314,264,225,53,116,39,37,102,161
08212017002,3,í—¤‘¾“cŽs,”¦’¬Žl‹G‚Ì‹uE‚Í‚½‚»‚ß¼,0,,,364,328,291,119,146,37,13,63,99
08212017003,3,í—¤‘¾“cŽs,”¦’¬Žl‹G‚Ì‹uE‚Í‚½‚»‚ß“Œ,0,,,493,458,427,74,324,31,74,279,73
082120180,2,í—¤‘¾“cŽs,ŽOË’¬,0,,,140,118,86,37,41,32,10,29,94
082120190,2,í—¤‘¾“cŽs,¼‹{’¬,0,,,127,104,84,35,38,20,9,23,77
082120200,2,í—¤‘¾“cŽs,“c“n’¬,0,,,86,72,62,29,26,10,2,7,58
082120210,2,í—¤‘¾“cŽs,’·’J’¬,0,,,19,12,11,7,2,1,-,-,16
082120220,2,í—¤‘¾“cŽs,‚ŠÑ’¬,0,,,143,102,83,38,29,19,1,14,95
082120230,2,í—¤‘¾“cŽs,‰ª“c’¬,0,,,125,105,76,27,38,29,10,20,94
082120240,2,í—¤‘¾“cŽs,¬‘ò’¬,0,,,147,122,87,34,39,35,4,28,101
082120250,2,í—¤‘¾“cŽs,“à“c’¬,0,,,228,188,148,60,68,40,10,46,158
08212025001,3,í—¤‘¾“cŽs,“à“c’¬ã,0,,,90,73,58,20,29,15,8,23,59
08212025002,3,í—¤‘¾“cŽs,“à“c’¬’†,0,,,69,57,48,21,20,9,1,11,47
08212025003,3,í—¤‘¾“cŽs,“à“c’¬‰º,0,,,69,58,42,19,19,16,1,12,52
082120260,2,í—¤‘¾“cŽs,—Ž‡’¬,0,,,50,43,33,13,15,10,3,13,35
082120270,2,í—¤‘¾“cŽs,Œ˜”Ö’¬,0,,,42,42,34,15,13,8,1,4,31
082120280,2,í—¤‘¾“cŽs,ã“y–Ø“à’¬,0,,,46,40,37,19,15,3,-,4,33
082120290,2,í—¤‘¾“cŽs,‘ò–Ú’¬,0,,,51,41,36,14,14,5,4,11,32
082120300,2,í—¤‘¾“cŽs,ã‰Í‡’¬,0,,,180,147,113,42,53,34,12,32,126
082120310,2,í—¤‘¾“cŽs,‰º‰Í‡’¬,0,,,156,127,97,43,37,30,4,22,103
082120320,2,í—¤‘¾“cŽs,“¡“c’¬,0,,,117,97,61,32,20,36,7,21,91
082120330,2,í—¤‘¾“cŽs,ˆ¾Œ´’¬,0,,,78,65,41,18,17,24,1,12,58
082120340,2,í—¤‘¾“cŽs,“‡’¬,0,,,118,101,72,33,27,29,9,27,85
082120350,2,í—¤‘¾“cŽs,ˆé•”’¬,0,,,343,264,223,102,95,41,38,78,208
082120360,2,í—¤‘¾“cŽs,’J‰ÍŒ´’¬,0,,,178,142,112,51,40,30,6,24,120
082120370,2,í—¤‘¾“cŽs,“V_—Ñ’¬,0,,,976,869,759,234,448,110,71,251,308
08212037001,3,í—¤‘¾“cŽs,“V_—Ñ’¬’c’nˆÈŠO,0,,,197,159,125,48,56,34,13,34,135
08212037002,3,í—¤‘¾“cŽs,“V_—Ñ’¬²’|“ì‘äƒjƒ…[ƒ^ƒEƒ“,0,,,779,710,634,186,392,76,58,217,173
082120380,2,í—¤‘¾“cŽs,ˆî–Ø’¬,0,,,183,138,113,57,34,25,4,19,133
082120390,2,í—¤‘¾“cŽs,”nê’¬,0,,,594,447,380,144,164,67,45,117,331
08212039001,3,í—¤‘¾“cŽs,”nê’¬ã,0,,,171,131,113,50,40,18,14,29,107
08212039002,3,í—¤‘¾“cŽs,”nê’¬‰º,0,,,79,61,41,18,17,20,3,9,56
08212039003,3,í—¤‘¾“cŽs,”nê’¬^•£,0,,,344,255,226,76,107,29,28,79,168
082120400,2,í—¤‘¾“cŽs,Vh’¬,0,,,479,342,288,104,129,54,20,85,270
08212040001,3,í—¤‘¾“cŽs,Vh’¬ã,0,,,249,167,140,45,66,27,11,42,147
08212040002,3,í—¤‘¾“cŽs,Vh’¬‰º,0,,,230,175,148,59,63,27,9,43,123
082120410,2,í—¤‘¾“cŽs,‘ˆä’¬,0,,,260,198,153,62,53,45,13,46,157
082120420,2,í—¤‘¾“cŽs,‰º‘å–å’¬,0,,,130,108,80,39,32,28,4,20,92
08212042001,3,í—¤‘¾“cŽs,‰º‘å–å’¬ˆê‹æ,0,,,66,55,43,21,17,12,1,8,49
08212042002,3,í—¤‘¾“cŽs,‰º‘å–å’¬“ñ‹æ,0,,,64,53,37,18,15,16,3,12,43
082120430,2,í—¤‘¾“cŽs,ã‘å–å’¬,0,,,67,53,43,24,15,10,1,3,55
08212043001,3,í—¤‘¾“cŽs,ã‘å–å’¬ˆê‹æ,0,,,31,25,24,13,10,1,1,3,23
08212043002,3,í—¤‘¾“cŽs,ã‘å–å’¬“ñ‹æ,0,,,36,28,19,11,5,9,-,-,32
082120440,2,í—¤‘¾“cŽs,—´’¬,0,,,352,282,232,104,102,50,22,65,240
08212044001,3,í—¤‘¾“cŽs,—´’¬ˆê‹æ,0,,,200,153,128,54,55,25,13,40,126
08212044002,3,í—¤‘¾“cŽs,—´’¬“ñ‹æ,0,,,152,129,104,50,47,25,9,25,114
082120450,2,í—¤‘¾“cŽs,—¢–ì‹{’¬,0,,,102,85,58,25,27,27,3,17,77
082120460,2,í—¤‘¾“cŽs,”’‰H’¬,0,,,177,145,117,47,52,28,5,31,111
082120470,2,í—¤‘¾“cŽs,Šª’¬,0,,,91,74,59,22,26,15,2,9,62
082120480,2,í—¤‘¾“cŽs,í•Ÿ’n’¬,0,,,104,74,55,27,16,19,4,11,70
082120490,2,í—¤‘¾“cŽs,t—F’¬,0,,,104,84,68,32,29,16,6,24,73
082120500,2,í—¤‘¾“cŽs,¬–Ú’¬,0,,,327,270,206,82,91,64,15,64,231
082120510,2,í—¤‘¾“cŽs,‹Tì’¬,0,,,326,264,218,103,90,46,17,55,216
082120520,2,í—¤‘¾“cŽs,^‹|’¬,0,,,783,676,591,281,245,85,28,92,402
08212052001,3,í—¤‘¾“cŽs,^‹|’¬’c’nˆÈŠO,0,,,275,224,175,69,82,49,13,46,178
08212052002,3,í—¤‘¾“cŽs,^‹|’¬^‹|ƒjƒ…[ƒ^ƒEƒ“,0,,,508,452,416,212,163,36,15,46,224
082120530,2,í—¤‘¾“cŽs,‘åX’¬,0,,,512,435,350,162,141,85,27,82,310
08212053001,3,í—¤‘¾“cŽs,‘åX’¬’c’nˆÈŠO,0,,,238,195,148,71,55,47,16,44,156
08212053002,3,í—¤‘¾“cŽs,‘åX’¬’O“Þ’c’n,0,,,60,51,39,16,14,12,1,7,48
08212053003,3,í—¤‘¾“cŽs,‘åX’¬‘åX’c’n,0,,,214,189,163,75,72,26,10,31,106
082120540,2,í—¤‘¾“cŽs,’¬‰®’¬,0,,,291,241,198,89,87,43,7,38,189
08212054001,3,í—¤‘¾“cŽs,’¬‰®’¬–kˆÈŠO,0,,,227,192,159,71,70,33,6,33,140
08212054002,3,í—¤‘¾“cŽs,’¬‰®’¬–k,0,,,64,49,39,18,17,10,1,5,49
082120550,2,í—¤‘¾“cŽs,¼‰Í“à‰º’¬,0,,,65,47,37,19,11,10,-,2,46
082120560,2,í—¤‘¾“cŽs,¼‰Í“à’†’¬,0,,,71,47,38,19,11,9,1,6,53
082120570,2,í—¤‘¾“cŽs,¼‰Í“àã’¬,0,,,40,29,21,14,1,8,-,4,36
082120580,2,í—¤‘¾“cŽs,‹v•Ä’¬,0,,,134,95,72,26,34,23,5,23,99
082120590,2,í—¤‘¾“cŽs,–ò’J’¬,0,,,271,241,204,52,132,37,29,115,94
082120600,2,í—¤‘¾“cŽs,‘å—¢’¬,0,,,779,664,558,177,292,106,72,259,334
082120610,2,í—¤‘¾“cŽs,‘å•½’¬,0,,,108,86,67,28,32,19,11,28,50
082120620,2,í—¤‘¾“cŽs,‹Ê‘¢’¬,0,,,51,40,32,20,9,8,1,5,31
082120630,2,í—¤‘¾“cŽs,ˆ°ŠÔ’¬,0,,,104,82,68,29,27,14,6,13,71
082120640,2,í—¤‘¾“cŽs,‰Ô–[’¬,0,,,169,141,106,40,47,35,10,29,117
082120650,2,í—¤‘¾“cŽs,V’n’¬,0,,,51,42,28,12,9,14,5,10,35
082120660,2,í—¤‘¾“cŽs,¼‰h’¬,0,,,236,200,156,59,65,44,15,40,152
082120670,2,í—¤‘¾“cŽs,’†–ì’¬,0,,,111,93,75,33,31,18,4,10,77
082120680,2,í—¤‘¾“cŽs,¬“‡’¬,0,,,153,120,82,29,42,38,6,29,106
082120690,2,í—¤‘¾“cŽs,‚Š`’¬,0,,,138,112,83,27,40,29,7,31,95
082120700,2,í—¤‘¾“cŽs,‘å•û’¬,0,,,132,111,73,31,25,38,2,23,95
082120710,2,í—¤‘¾“cŽs,’|‡’¬,0,,,75,60,41,16,18,19,3,9,54
082120720,2,í—¤‘¾“cŽs,–¥’¬,0,,,92,75,56,17,28,19,6,18,60
082120730,2,í—¤‘¾“cŽs,‰º—˜ˆõ’¬,0,,,98,74,56,23,23,18,6,16,75
082120740,2,í—¤‘¾“cŽs,’†—˜ˆõ’¬,0,,,155,121,80,36,26,41,9,26,110
082120750,2,í—¤‘¾“cŽs,çŽõ’¬,0,,,31,22,12,6,5,10,1,3,29
082120760,2,í—¤‘¾“cŽs,ŠâŽè’¬,0,,,156,132,86,36,38,46,10,24,107
082120770,2,í—¤‘¾“cŽs,ã—˜ˆõ’¬,0,,,134,103,68,36,22,35,11,17,104
082120780,2,í—¤‘¾“cŽs,‰º‹{‰Í“à’¬,0,,,135,98,82,36,27,16,2,17,92
082120790,2,í—¤‘¾“cŽs,Ô“y’¬,0,,,102,66,50,24,13,16,3,11,81
082120800,2,í—¤‘¾“cŽs,ã‹{‰Í“à’¬,0,,,114,84,64,24,24,20,3,9,84
082120810,2,í—¤‘¾“cŽs,¼•½’¬,0,,,205,170,131,55,60,39,11,44,115
082120820,2,í—¤‘¾“cŽs,˜a“c’¬,0,,,98,87,61,28,21,26,10,20,64
082120830,2,í—¤‘¾“cŽs,“Œ˜A’n’¬,0,,,108,94,65,26,24,29,4,11,81
082120840,2,í—¤‘¾“cŽs,’I’J’¬,0,,,85,59,49,23,16,10,2,8,62
082120850,2,í—¤‘¾“cŽs,‘ˆÀ’¬,0,,,122,97,82,33,37,15,6,24,77
082120860,2,í—¤‘¾“cŽs,˜a‹v’¬,0,,,118,88,70,29,27,18,6,20,83
082120870,2,í—¤‘¾“cŽs,’¬“c’¬,0,,,97,69,52,30,15,17,4,15,78
082120880,2,í—¤‘¾“cŽs,¼õ’¬,0,,,77,60,47,18,18,13,1,8,61
082120890,2,í—¤‘¾“cŽs,’†õ’¬,0,,,194,147,116,51,37,31,7,28,144
082120900,2,í—¤‘¾“cŽs,“Œõ’¬,0,,,91,59,42,22,14,17,1,13,65
082120910,2,í—¤‘¾“cŽs,“V‰º–ì’¬,0,,,357,248,191,112,51,57,9,29,267
082120920,2,í—¤‘¾“cŽs,‰º‚‘q’¬,0,,,103,77,57,25,16,20,1,7,85
082120930,2,í—¤‘¾“cŽs,ã‚‘q’¬,0,,,118,92,67,36,16,25,2,6,95
082120940,2,í—¤‘¾“cŽs,‰Í“à¼’¬,0,,,13,5,5,3,1,-,-,-,11
082120950,2,í—¤‘¾“cŽs,—¢ì’¬,0,,,45,38,14,8,3,24,4,5,38
082120960,2,í—¤‘¾“cŽs,“¿“c’¬,0,,,95,71,44,21,14,27,3,13,70
082120970,2,í—¤‘¾“cŽs,¬È’¬,0,,,113,83,61,28,16,22,2,12,85
082120980,2,í—¤‘¾“cŽs,¬’†’¬,0,,,177,140,95,38,43,45,4,33,124
082120990,2,í—¤‘¾“cŽs,‘å’†’¬,0,,,300,239,173,85,66,66,13,52,209
082121000,2,í—¤‘¾“cŽs,Ü‹´’¬,0,,,147,113,76,34,33,37,8,19,102
082121010,2,í—¤‘¾“cŽs,¬›’¬,0,,,164,118,78,45,21,40,5,22,111
082121020,2,í—¤‘¾“cŽs,‘å›’¬,0,,,24,20,10,6,4,10,5,6,21
082121030,2,í—¤‘¾“cŽs,ã[‰¬’¬,0,,,128,88,67,26,28,21,8,19,92
082121040,2,í—¤‘¾“cŽs,‹{‚Ì‹½’¬,0,,,-,-,-,-,-,-,-,-,-
08214,1,‚”‹Žs,,0,,,11721,8535,7308,2839,3202,1227,875,2386,5812
082140010,2,‚”‹Žs,–{’¬,0,,,573,332,294,103,144,38,55,118,202
08214001001,3,‚”‹Žs,–{’¬‚P’š–Ú,0,,,117,78,62,21,32,16,11,27,67
08214001002,3,‚”‹Žs,–{’¬‚Q’š–Ú,0,,,97,50,47,15,25,3,13,19,23
08214001003,3,‚”‹Žs,–{’¬‚R’š–Ú,0,,,142,82,74,34,25,8,7,21,52
08214001004,3,‚”‹Žs,–{’¬‚S’š–Ú,0,,,217,122,111,33,62,11,24,51,60
082140020,2,‚”‹Žs,‘å˜a’¬,0,,,257,160,140,53,58,20,10,39,149
08214002001,3,‚”‹Žs,‘å˜a’¬‚P’š–Ú,0,,,62,33,30,8,13,3,1,6,33
08214002002,3,‚”‹Žs,‘å˜a’¬‚Q’š–Ú,0,,,84,57,49,18,20,8,4,14,53
08214002003,3,‚”‹Žs,‘å˜a’¬‚R’š–Ú,0,,,37,22,17,8,6,5,1,6,27
08214002004,3,‚”‹Žs,‘å˜a’¬‚S’š–Ú,0,,,74,48,44,19,19,4,4,13,36
082140030,2,‚”‹Žs,t“ú’¬,0,,,144,80,68,30,21,12,1,9,81
08214003001,3,‚”‹Žs,t“ú’¬‚P’š–Ú,0,,,10,6,6,3,1,-,1,1,8
08214003002,3,‚”‹Žs,t“ú’¬‚Q’š–Ú,0,,,109,57,48,19,16,9,-,7,53
08214003003,3,‚”‹Žs,t“ú’¬‚R’š–Ú,0,,,25,17,14,8,4,3,-,1,20
082140040,2,‚”‹Žs,‚•l’¬,0,,,938,637,574,161,228,63,80,230,412
08214004001,3,‚”‹Žs,‚•l’¬‚P’š–Ú,0,,,59,37,34,17,10,3,2,6,34
08214004002,3,‚”‹Žs,‚•l’¬‚Q’š–Ú,0,,,213,148,131,42,51,17,13,46,95
08214004003,3,‚”‹Žs,‚•l’¬‚R’š–Ú,0,,,666,452,409,102,167,43,65,178,283
082140050,2,‚”‹Žs,—L–¾’¬,0,,,511,354,308,120,128,46,45,98,248
08214005001,3,‚”‹Žs,—L–¾’¬‚P’š–Ú,0,,,167,114,101,39,43,13,18,35,73
08214005002,3,‚”‹Žs,—L–¾’¬‚Q’š–Ú,0,,,165,111,97,31,45,14,16,33,69
08214005003,3,‚”‹Žs,—L–¾’¬‚R’š–Ú,0,,,179,129,110,50,40,19,11,30,106
082140060,2,‚”‹Žs,”ì‘O’¬,0,,,222,127,106,31,54,21,21,42,88
08214006001,3,‚”‹Žs,”ì‘O’¬‚P’š–Ú,0,,,133,77,67,15,38,10,12,24,54
08214006002,3,‚”‹Žs,”ì‘O’¬‚Q’š–Ú,0,,,89,50,39,16,16,11,9,18,34
082140070,2,‚”‹Žs,“Œ–{’¬,0,,,370,193,166,62,69,27,24,58,141
08214007001,3,‚”‹Žs,“Œ–{’¬‚P’š–Ú,0,,,99,48,41,19,13,7,3,7,49
08214007002,3,‚”‹Žs,“Œ–{’¬‚Q’š–Ú,0,,,74,39,33,13,12,6,2,8,37
08214007003,3,‚”‹Žs,“Œ–{’¬‚R’š–Ú,0,,,93,41,38,12,17,3,8,18,17
08214007004,3,‚”‹Žs,“Œ–{’¬‚S’š–Ú,0,,,104,65,54,18,27,11,11,25,38
082140080,2,‚”‹Žs,‘åŽš‚”‹,0,,,908,678,575,252,237,103,47,142,521
082140090,2,‚”‹Žs,‘åŽšˆÀ—Çì,0,,,1476,1021,888,347,400,133,112,281,681
082140100,2,‚”‹Žs,‘åŽšÎ‘ê,0,,,358,281,253,105,103,28,14,50,214
082140110,2,‚”‹Žs,‘åŽš“‡–¼,0,,,1828,1501,1279,543,574,222,115,357,1006
082140120,2,‚”‹Žs,‘åŽšHŽR,0,,,668,526,419,176,169,107,41,133,398
082140130,2,‚”‹Žs,‘åŽš‚ŒË,0,,,498,345,299,111,147,46,53,114,206
082140140,2,‚”‹Žs,‘åŽšÔ•l,0,,,219,168,133,56,58,35,10,45,123
082140150,2,‚”‹Žs,‘åŽš‰ºŽèj,0,,,1122,891,799,303,335,92,100,278,506
082140161,2,‚”‹Žs,‘åŽš–]ŠC,0,,,5,4,3,1,2,1,1,2,1
082140162,2,‚”‹Žs,‘åŽšãŽèj,0,,,1351,1046,853,302,435,193,139,369,617
082140170,2,‚”‹Žs,‘åŽš‰¡ì,0,,,41,20,19,8,5,1,-,1,34
082140180,2,‚”‹Žs,‘åŽš‰ºŒN“c,0,,,48,36,24,14,5,12,1,4,42
082140190,2,‚”‹Žs,‘åŽšãŒN“c,0,,,74,56,45,27,12,11,1,5,59
082140200,2,‚”‹Žs,‘åŽšŽáŒI,0,,,14,9,8,4,3,1,1,1,10
082140210,2,‚”‹Žs,‘åŽš‘å”\,0,,,35,27,22,14,5,5,-,1,29
082140220,2,‚”‹Žs,‘åŽš’†ŒËì,0,,,54,37,28,13,8,9,3,8,39
082140230,2,‚”‹Žs,‘åŽš•Ÿ•½,0,,,7,6,5,3,2,1,1,1,5
08215,1,–kˆïéŽs,,0,,,16847,12528,10141,3710,4649,2387,1265,3619,8648
082150010,2,–kˆïéŽs,’†‹½’¬ã÷ˆä,0,,,1045,823,694,200,385,129,131,320,421
082150020,2,–kˆïéŽs,’†‹½’¬‰º÷ˆä,0,,,394,266,219,48,100,47,29,90,199
082150030,2,–kˆïéŽs,’†‹½’¬‘«ô,0,,,331,236,187,68,88,49,25,73,160
082150040,2,–kˆïéŽs,’†‹½’¬¬–ì–îŽw,0,,,437,312,256,111,105,56,23,79,235
082150050,2,–kˆïéŽs,’†‹½’¬Ž¬Œ©ƒP‹u,0,,,950,771,681,345,242,90,43,140,652
08215005001,3,–kˆïéŽs,’†‹½’¬Ž¬Œ©ƒP‹u‚P’š–Ú,0,,,121,101,87,53,21,14,3,15,98
08215005002,3,–kˆïéŽs,’†‹½’¬Ž¬Œ©ƒP‹u‚Q’š–Ú,0,,,106,83,69,36,24,14,5,21,79
08215005003,3,–kˆïéŽs,’†‹½’¬Ž¬Œ©ƒP‹u‚R’š–Ú,0,,,104,87,74,41,23,13,6,19,77
08215005004,3,–kˆïéŽs,’†‹½’¬Ž¬Œ©ƒP‹u‚S’š–Ú,0,,,55,49,46,28,13,3,1,7,41
08215005005,3,–kˆïéŽs,’†‹½’¬Ž¬Œ©ƒP‹u‚T’š–Ú,0,,,109,81,75,31,34,6,8,16,78
08215005006,3,–kˆïéŽs,’†‹½’¬Ž¬Œ©ƒP‹u‚U’š–Ú,0,,,109,88,83,37,34,5,2,16,72
08215005007,3,–kˆïéŽs,’†‹½’¬Ž¬Œ©ƒP‹u‚V’š–Ú,0,,,62,55,45,18,19,10,2,9,38
08215005008,3,–kˆïéŽs,’†‹½’¬Ž¬Œ©ƒP‹u‚W’š–Ú,0,,,130,106,93,46,33,13,4,17,82
08215005009,3,–kˆïéŽs,’†‹½’¬Ž¬Œ©ƒP‹u‚X’š–Ú,0,,,56,45,39,17,15,6,5,6,32
08215005010,3,–kˆïéŽs,’†‹½’¬Ž¬Œ©ƒP‹u‚P‚O’š–Ú,0,,,98,76,70,38,26,6,7,14,55
082150060,2,–kˆïéŽs,’†‹½’¬ˆ¾–ì,0,,,522,442,374,143,188,68,31,123,246
082150070,2,–kˆïéŽs,’†‹½’¬“ú’I,0,,,510,388,316,119,143,72,21,90,279
082150080,2,–kˆïéŽs,’†‹½’¬¼ˆä,0,,,564,467,378,118,210,89,62,169,227
082150090,2,–kˆïéŽs,’†‹½’¬Î‰ª,0,,,635,481,384,142,173,97,33,96,366
082150100,2,–kˆïéŽs,ˆéŒ´’¬“à–ì,0,,,50,41,30,10,17,11,1,8,33
082150110,2,–kˆïéŽs,ˆéŒ´’¬‘å’Ë,0,,,621,490,372,159,152,118,49,124,372
082150120,2,–kˆïéŽs,ˆéŒ´’¬–ØŽM,0,,,564,447,339,131,138,108,39,121,334
082150130,2,–kˆïéŽs,ˆéŒ´’¬ã‘Š“c,0,,,452,363,299,121,132,64,26,80,256
082150140,2,–kˆïéŽs,ˆéŒ´’¬–L“c,0,,,688,544,459,134,273,85,99,237,275
08215014000,3,–kˆïéŽs,ˆéŒ´’¬–L“c,0,,,468,344,276,84,157,68,47,126,227
08215014001,3,–kˆïéŽs,ˆéŒ´’¬–L“c‚P’š–Ú,0,,,142,132,120,28,79,12,35,77,34
08215014002,3,–kˆïéŽs,ˆéŒ´’¬–L“c‚Q’š–Ú,0,,,78,68,63,22,37,5,17,34,14
082150150,2,–kˆïéŽs,ˆéŒ´’¬ˆéŒ´,0,,,1960,1226,1049,386,493,177,171,405,721
08215015000,3,–kˆïéŽs,ˆéŒ´’¬ˆéŒ´,0,,,1076,706,596,229,267,110,84,189,491
08215015001,3,–kˆïéŽs,ˆéŒ´’¬ˆéŒ´‚P’š–Ú,0,,,182,116,109,45,49,7,17,38,53
08215015002,3,–kˆïéŽs,ˆéŒ´’¬ˆéŒ´‚Q’š–Ú,0,,,190,90,73,30,32,17,13,33,54
08215015003,3,–kˆïéŽs,ˆéŒ´’¬ˆéŒ´‚R’š–Ú,0,,,29,17,12,4,7,5,4,4,15
08215015004,3,–kˆïéŽs,ˆéŒ´’¬ˆéŒ´‚S’š–Ú,0,,,100,78,66,18,28,12,11,39,32
08215015005,3,–kˆïéŽs,ˆéŒ´’¬ˆéŒ´‚T’š–Ú,0,,,294,150,132,44,73,18,36,73,59
08215015006,3,–kˆïéŽs,ˆéŒ´’¬ˆéŒ´‚U’š–Ú,0,,,89,69,61,16,37,8,6,29,17
082150160,2,–kˆïéŽs,ˆéŒ´’¬–{’¬,0,,,168,95,75,30,32,20,15,26,84
08215016001,3,–kˆïéŽs,ˆéŒ´’¬–{’¬‚P’š–Ú,0,,,60,33,27,12,7,6,5,7,33
08215016002,3,–kˆïéŽs,ˆéŒ´’¬–{’¬‚Q’š–Ú,0,,,45,28,23,7,12,5,4,9,20
08215016003,3,–kˆïéŽs,ˆéŒ´’¬–{’¬‚R’š–Ú,0,,,49,24,20,10,9,4,6,7,21
08215016004,3,–kˆïéŽs,ˆéŒ´’¬–{’¬‚S’š–Ú,0,,,14,10,5,1,4,5,-,3,10
082150170,2,–kˆïéŽs,‰Øì’¬‰Pê,0,,,234,163,140,48,67,23,17,69,97
082150180,2,–kˆïéŽs,‰Øì’¬’†È,0,,,427,315,269,76,127,46,36,120,149
082150190,2,–kˆïéŽs,‰Øì’¬‰º‘Š“c,0,,,114,91,72,23,39,19,6,24,54
082150200,2,–kˆïéŽs,‰Øì’¬ŽÔ,0,,,370,264,220,74,118,44,28,95,144
082150210,2,–kˆïéŽs,‰Øì’¬‰º¬’Ã“c,0,,,82,72,53,20,24,19,6,13,59
082150220,2,–kˆïéŽs,‰Øì’¬ã¬’Ã“c,0,,,184,134,108,35,43,26,7,25,119
082150230,2,–kˆïéŽs,‰Øì’¬¬“¤”¨,0,,,371,266,215,89,74,51,14,47,241
082150240,2,–kˆïéŽs,‰Øì’¬‰Ô‰€,0,,,43,30,20,6,8,10,2,9,33
082150250,2,–kˆïéŽs,ŠÖ“ì’¬_‰ªã,0,,,457,323,268,73,126,55,26,98,235
082150260,2,–kˆïéŽs,ŠÖ“ì’¬_‰ª‰º,0,,,228,179,125,46,54,54,13,46,145
082150270,2,–kˆïéŽs,ŠÖ“ì’¬ŠÖ–{‰º,0,,,117,91,70,31,31,21,15,29,72
082150280,2,–kˆïéŽs,ŠÖ“ì’¬mˆä“c,0,,,215,155,130,50,52,25,17,46,107
082150290,2,–kˆïéŽs,ŠÖ“ì’¬—¢ªì,0,,,204,151,132,54,57,19,16,43,95
082150300,2,–kˆïéŽs,‘å’Ã’¬,0,,,622,442,322,130,121,120,31,93,415
082150310,2,–kˆïéŽs,‘å’Ã’¬–k’¬,0,,,1127,818,665,263,291,153,101,240,569
08215031000,3,–kˆïéŽs,‘å’Ã’¬–k’¬,0,,,743,578,465,179,209,113,65,168,414
08215031001,3,–kˆïéŽs,‘å’Ã’¬–k’¬‚P’š–Ú,0,,,103,65,56,17,25,9,9,21,46
08215031002,3,–kˆïéŽs,‘å’Ã’¬–k’¬‚Q’š–Ú,0,,,87,41,28,13,13,13,1,10,37
08215031003,3,–kˆïéŽs,‘å’Ã’¬–k’¬‚R’š–Ú,0,,,55,43,33,17,9,10,1,8,32
08215031004,3,–kˆïéŽs,‘å’Ã’¬–k’¬‚S’š–Ú,0,,,139,91,83,37,35,8,25,33,40
082150320,2,–kˆïéŽs,‘å’Ã’¬ŽšŒÜ‰Y,0,,,180,138,96,33,49,42,16,51,92
08215032001,3,–kˆïéŽs,‘å’Ã’¬ŽšŒÜ‰Y‚P’š–Ú,0,,,47,41,28,11,16,13,4,16,24
08215032002,3,–kˆïéŽs,‘å’Ã’¬ŽšŒÜ‰Y‚Q’š–Ú,0,,,82,68,46,14,24,22,10,25,46
08215032003,3,–kˆïéŽs,‘å’Ã’¬ŽšŒÜ‰Y‚R’š–Ú,0,,,51,29,22,8,9,7,2,10,22
082150330,2,–kˆïéŽs,•½Šƒ’¬,0,,,768,561,434,163,187,127,45,145,430
082150340,2,–kˆïéŽs,ŠÖ–{’¬¬ì,0,,,19,15,10,5,3,5,1,3,15
082150350,2,–kˆïéŽs,ŠÖ–{’¬ËŠÛ,0,,,27,20,16,4,5,4,-,4,18
082150360,2,–kˆïéŽs,ŠÖ–{’¬•xŽmƒP‹u,0,,,301,224,157,58,59,67,16,49,201
082150370,2,–kˆïéŽs,ŠÖ–{’¬”ª”½,0,,,104,71,60,24,27,11,4,11,68
082150380,2,–kˆïéŽs,ŠÖ–{’¬ŠÖ–{ã,0,,,251,198,135,54,58,63,17,56,165
082150390,2,–kˆïéŽs,ŠÖ–{’¬•Ÿ“c,0,,,175,145,97,33,45,48,7,36,112
082150400,2,–kˆïéŽs,ŠÖ–{’¬ŠÖ–{’†,0,,,336,270,215,53,113,55,26,86,153
08216,1,Š}ŠÔŽs,,0,,,28138,21341,16983,5989,8027,4358,2514,6684,14073
082160010,2,Š}ŠÔŽs,Š}ŠÔ,0,,,2631,1884,1473,509,674,411,187,570,1427
08216001001,3,Š}ŠÔŽs,Š}ŠÔ,0,,,1346,945,759,257,352,186,107,310,670
08216001002,3,Š}ŠÔŽs,Š}ŠÔ,0,,,1285,939,714,252,322,225,80,260,757
082160020,2,Š}ŠÔŽs,Îˆä,0,,,992,731,601,197,265,130,90,220,521
082160030,2,Š}ŠÔŽs,‰ºŽs–Ñ,0,,,750,530,451,164,197,79,48,154,399
082160040,2,Š}ŠÔŽs,“ú‘ê,0,,,21,21,10,5,2,11,-,3,15
082160050,2,Š}ŠÔŽs,‘å‹´,0,,,215,180,123,45,63,57,22,51,127
082160060,2,Š}ŠÔŽs,’r–ì•Ó,0,,,227,181,119,44,45,62,12,38,158
082160070,2,Š}ŠÔŽs,•Ÿ“c,0,,,167,146,102,32,50,44,9,39,102
082160080,2,Š}ŠÔŽs,”Ñ“c,0,,,120,104,65,22,32,39,16,34,65
082160090,2,Š}ŠÔŽs,‘å‹½ŒË,0,,,102,87,59,29,24,28,6,19,61
082160100,2,Š}ŠÔŽs,•Ð’ë,0,,,154,122,77,27,36,45,9,38,112
082160110,2,Š}ŠÔŽs,” “c,0,,,391,334,247,77,120,87,35,94,236
082160120,2,Š}ŠÔŽs,Ž›è,0,,,189,116,89,20,39,27,7,32,91
082160130,2,Š}ŠÔŽs,“ú‘ò,0,,,32,27,16,8,7,11,-,5,22
082160140,2,Š}ŠÔŽs,ÎŽ›,0,,,34,26,14,9,3,12,1,6,19
082160150,2,Š}ŠÔŽs,‹àˆä,0,,,135,99,71,22,42,28,19,37,72
082160160,2,Š}ŠÔŽs,‘åŸº,0,,,154,126,85,29,38,41,14,37,82
082160170,2,Š}ŠÔŽs,–{ŒË,0,,,382,318,216,70,102,102,14,68,251
082160180,2,Š}ŠÔŽs,—ˆ²,0,,,366,297,236,58,111,61,43,123,165
082160190,2,Š}ŠÔŽs,–k‹gŒ´,0,,,109,91,65,27,27,26,11,30,55
082160200,2,Š}ŠÔŽs,“ì‹gŒ´,0,,,86,76,55,26,24,21,6,15,65
082160210,2,Š}ŠÔŽs,Žè‰z,0,,,94,78,53,24,24,25,10,20,57
082160220,2,Š}ŠÔŽs,ã‰Á‰ê“c,0,,,163,141,86,36,39,55,11,32,115
082160230,2,Š}ŠÔŽs,”Ñ‡,0,,,108,87,62,17,36,25,12,30,63
082160240,2,Š}ŠÔŽs,ˆî“c,0,,,764,588,441,165,181,147,47,138,493
082160250,2,Š}ŠÔŽs,•ŸŒ´,0,,,669,550,396,124,188,154,76,196,393
082160260,2,Š}ŠÔŽs,” “c‘å‹½ŒË,0,,,41,31,27,11,13,4,2,9,19
082160270,2,Š}ŠÔŽs,Ôâ,0,,,201,154,137,35,88,17,39,85,52
082160280,2,Š}ŠÔŽs,‘åŽš•½’¬,0,,,1536,1154,976,351,465,178,161,387,646
082160290,2,Š}ŠÔŽs,‘åŽš‘å“c’¬,0,,,946,763,637,281,262,126,65,188,491
082160300,2,Š}ŠÔŽs,‘åŽš‹´’Ü,0,,,268,210,176,58,87,34,25,65,146
082160310,2,Š}ŠÔŽs,‘åŽš–î–ì‰º,0,,,215,181,144,59,61,37,17,36,124
082160320,2,Š}ŠÔŽs,‘åŽš‘åŒÃŽR,0,,,156,130,116,36,57,14,11,40,60
082160330,2,Š}ŠÔŽs,‘åŽš“ì¬ò,0,,,238,197,138,51,62,59,28,55,134
082160340,2,Š}ŠÔŽs,‘åŽš‰º‰Á‰ê“c,0,,,38,34,21,8,10,13,2,9,25
082160350,2,Š}ŠÔŽs,‘åŽš“ì—F•”,0,,,549,413,330,128,139,83,26,102,295
082160360,2,Š}ŠÔŽs,‘åŽšƒ‘ƒ,0,,,438,331,290,85,151,41,46,143,175
082160370,2,Š}ŠÔŽs,‘åŽšˆ®’¬,0,,,2457,1764,1579,546,802,185,323,669,847
082160380,2,Š}ŠÔŽs,‘åŽšŒï•£,0,,,1971,1486,1316,442,697,170,246,584,750
082160390,2,Š}ŠÔŽs,‘åŽšŒÜ•½,0,,,52,38,34,7,23,4,9,22,12
082160400,2,Š}ŠÔŽs,‘åŽš“’è,0,,,215,180,143,42,77,37,25,66,92
082160410,2,Š}ŠÔŽs,‘åŽšZ‹g,0,,,599,471,387,143,175,84,57,150,275
082160420,2,Š}ŠÔŽs,‘åŽš•ª•,0,,,126,107,77,18,52,30,12,38,67
082160430,2,Š}ŠÔŽs,‘åŽš”ˆä,0,,,118,91,68,26,32,23,6,20,57
082160440,2,Š}ŠÔŽs,‘åŽšmŒÃ“c,0,,,116,102,68,21,29,34,9,24,75
082160450,2,Š}ŠÔŽs,‘åŽš’·“e˜H,0,,,162,133,101,39,38,32,11,31,95
082160460,2,Š}ŠÔŽs,‘åŽš‰ºŽsŒ´,0,,,40,37,23,7,10,14,3,7,30
082160470,2,Š}ŠÔŽs,‘åŽš’†ŽsŒ´,0,,,160,139,90,37,35,49,10,34,108
082160480,2,Š}ŠÔŽs,‘åŽšãŽsŒ´,0,,,134,106,72,27,29,34,8,35,88
082160490,2,Š}ŠÔŽs,‘åŽš¬Œ´,0,,,621,516,370,142,179,146,38,124,378
082160500,2,Š}ŠÔŽs,‰w‘O,0,,,87,56,41,20,10,15,3,12,54
082160510,2,Š}ŠÔŽs,”ª‰_,0,,,373,265,209,80,84,56,30,79,184
08216051001,3,Š}ŠÔŽs,”ª‰_‚P’š–Ú,0,,,142,98,74,24,33,24,11,34,71
08216051002,3,Š}ŠÔŽs,”ª‰_‚Q’š–Ú,0,,,231,167,135,56,51,32,19,45,113
082160520,2,Š}ŠÔŽs,’†‰›,0,,,404,251,218,75,108,33,34,91,147
08216052001,3,Š}ŠÔŽs,’†‰›‚P’š–Ú,0,,,213,117,99,41,47,18,16,40,75
08216052002,3,Š}ŠÔŽs,’†‰›‚Q’š–Ú,0,,,32,23,18,4,10,5,-,10,13
08216052003,3,Š}ŠÔŽs,’†‰›‚R’š–Ú,0,,,105,68,61,20,31,7,9,23,46
08216052004,3,Š}ŠÔŽs,’†‰›‚S’š–Ú,0,,,54,43,40,10,20,3,9,18,13
082160530,2,Š}ŠÔŽs,“Œ•½,0,,,842,487,419,173,185,68,60,147,339
08216053001,3,Š}ŠÔŽs,“Œ•½‚P’š–Ú,0,,,241,167,139,54,58,28,14,37,143
08216053002,3,Š}ŠÔŽs,“Œ•½‚Q’š–Ú,0,,,263,118,102,50,40,16,12,32,85
08216053003,3,Š}ŠÔŽs,“Œ•½‚R’š–Ú,0,,,149,76,69,29,32,7,14,26,42
08216053004,3,Š}ŠÔŽs,“Œ•½‚S’š–Ú,0,,,189,126,109,40,55,17,20,52,69
082160540,2,Š}ŠÔŽs,”üŒ´,0,,,650,439,408,146,209,31,79,183,202
08216054001,3,Š}ŠÔŽs,”üŒ´‚P’š–Ú,0,,,255,156,148,66,67,8,31,55,70
08216054002,3,Š}ŠÔŽs,”üŒ´‚Q’š–Ú,0,,,229,152,140,48,68,12,17,59,90
08216054003,3,Š}ŠÔŽs,”üŒ´‚R’š–Ú,0,,,65,55,48,15,30,7,11,31,21
08216054004,3,Š}ŠÔŽs,”üŒ´‚S’š–Ú,0,,,101,76,72,17,44,4,20,38,21
082160550,2,Š}ŠÔŽs,‘åŽšã‹½,0,,,278,230,162,59,74,68,24,59,185
082160560,2,Š}ŠÔŽs,‘åŽš‰º‹½,0,,,2202,1659,1319,491,584,340,186,492,1187
082160570,2,Š}ŠÔŽs,‘åŽš‹g‰ª,0,,,545,426,370,114,183,56,49,138,233
082160580,2,Š}ŠÔŽs,‘åŽšò,0,,,579,483,369,139,177,114,38,135,355
082160590,2,Š}ŠÔŽs,‘åŽšŽs–ì’J,0,,,370,300,232,69,122,68,19,74,225
082160600,2,Š}ŠÔŽs,‘åŽš•Ÿ“‡,0,,,113,99,61,14,36,38,11,33,65
082160610,2,Š}ŠÔŽs,‘åŽš“yŽt,0,,,188,155,116,49,48,39,7,30,126
082160620,2,Š}ŠÔŽs,‘åŽš‰Ÿ•Ó,0,,,595,507,349,116,179,158,59,173,344
082160630,2,Š}ŠÔŽs,‘åŽšˆÀ‹,0,,,460,276,178,58,86,98,31,86,220
08217,1,ŽæŽèŽs,,0,,,43433,31593,28130,10884,12919,3463,3219,8515,21634
082170010,2,ŽæŽèŽs,”’ŽR,0,,,2001,1331,1199,489,537,132,121,327,899
08217001001,3,ŽæŽèŽs,”’ŽR‚P’š–Ú,0,,,316,205,178,74,82,27,22,51,130
08217001002,3,ŽæŽèŽs,”’ŽR‚Q’š–Ú,0,,,341,250,220,87,94,30,15,61,185
08217001003,3,ŽæŽèŽs,”’ŽR‚R’š–Ú,0,,,152,81,66,33,21,15,6,10,78
08217001004,3,ŽæŽèŽs,”’ŽR‚S’š–Ú,0,,,167,87,76,37,28,11,5,9,78
08217001005,3,ŽæŽèŽs,”’ŽR‚T’š–Ú,0,,,421,321,309,126,149,12,24,81,179
08217001006,3,ŽæŽèŽs,”’ŽR‚U’š–Ú,0,,,250,163,147,55,63,16,19,42,119
08217001007,3,ŽæŽèŽs,”’ŽR‚V’š–Ú,0,,,130,90,81,31,40,9,13,34,40
08217001008,3,ŽæŽèŽs,”’ŽR‚W’š–Ú,0,,,224,134,122,46,60,12,17,39,90
082170021,2,ŽæŽèŽs,’†Œ´’¬,0,,,179,103,93,39,43,10,2,16,107
082170022,2,ŽæŽèŽs,ŽæŽè,0,,,11,7,5,2,1,2,-,1,9
082170030,2,ŽæŽèŽs,V’¬,0,,,1725,1068,995,431,425,73,128,292,747
08217003001,3,ŽæŽèŽs,V’¬‚P’š–Ú,0,,,194,111,95,40,38,16,18,45,63
08217003002,3,ŽæŽèŽs,V’¬‚Q’š–Ú,0,,,192,83,80,35,20,3,7,13,80
08217003003,3,ŽæŽèŽs,V’¬‚R’š–Ú,0,,,363,214,199,69,106,15,44,82,136
08217003004,3,ŽæŽèŽs,V’¬‚S’š–Ú,0,,,382,220,207,73,103,13,22,70,111
08217003005,3,ŽæŽèŽs,V’¬‚T’š–Ú,0,,,247,177,164,85,61,13,16,34,150
08217003006,3,ŽæŽèŽs,V’¬‚U’š–Ú,0,,,347,263,250,129,97,13,21,48,207
082170040,2,ŽæŽèŽs,ŽæŽè,0,,,1165,772,703,256,338,69,131,258,371
08217004001,3,ŽæŽèŽs,ŽæŽè‚P’š–Ú,0,,,252,171,145,59,61,26,13,37,122
08217004002,3,ŽæŽèŽs,ŽæŽè‚Q’š–Ú,0,,,566,355,326,115,161,29,60,115,167
08217004003,3,ŽæŽèŽs,ŽæŽè‚R’š–Ú,0,,,347,246,232,82,116,14,58,106,82
082170050,2,ŽæŽèŽs,“Œ,0,,,1531,1085,969,370,446,116,107,301,807
08217005001,3,ŽæŽèŽs,“Œ‚P’š–Ú,0,,,78,54,43,10,19,11,5,9,59
08217005002,3,ŽæŽèŽs,“Œ‚Q’š–Ú,0,,,186,128,117,28,67,11,16,50,60
08217005003,3,ŽæŽèŽs,“Œ‚R’š–Ú,0,,,340,240,214,72,110,26,21,72,169
08217005004,3,ŽæŽèŽs,“Œ‚S’š–Ú,0,,,84,62,53,16,28,9,12,26,37
08217005005,3,ŽæŽèŽs,“Œ‚T’š–Ú,0,,,248,157,142,51,73,15,14,52,108
08217005006,3,ŽæŽèŽs,“Œ‚U’š–Ú,0,,,595,444,400,193,149,44,39,92,374
082170060,2,ŽæŽèŽs,’†‰›’¬,0,,,-,-,-,-,-,-,-,-,-
082170070,2,ŽæŽèŽs,‘äh,0,,,48,37,31,8,19,6,3,17,20
082170080,2,ŽæŽèŽs,‘äh,0,,,1473,946,877,352,382,69,99,251,625
08217008001,3,ŽæŽèŽs,‘äh‚P’š–Ú,0,,,242,182,167,66,86,15,33,55,99
08217008002,3,ŽæŽèŽs,‘äh‚Q’š–Ú,0,,,1231,764,710,286,296,54,66,196,526
082170090,2,ŽæŽèŽs,ˆä–ì,0,,,816,546,500,183,236,46,64,150,380
08217009001,3,ŽæŽèŽs,ˆä–ì‚P’š–Ú,0,,,326,179,167,63,80,12,21,55,142
08217009002,3,ŽæŽèŽs,ˆä–ì‚Q’š–Ú,0,,,283,210,196,59,103,14,29,68,114
08217009003,3,ŽæŽèŽs,ˆä–ì‚R’š–Ú,0,,,207,157,137,61,53,20,14,27,124
082170100,2,ŽæŽèŽs,ˆä–ì‘ä,0,,,2219,1487,1378,483,680,109,188,456,830
08217010001,3,ŽæŽèŽs,ˆä–ì‘ä‚P’š–Ú,0,,,825,476,444,151,205,32,65,147,254
08217010002,3,ŽæŽèŽs,ˆä–ì‘ä‚Q’š–Ú,0,,,292,196,180,64,88,16,18,52,119
08217010003,3,ŽæŽèŽs,ˆä–ì‘ä‚R’š–Ú,0,,,535,399,369,128,192,30,57,135,221
08217010004,3,ŽæŽèŽs,ˆä–ì‘ä‚S’š–Ú,0,,,298,218,206,75,103,12,24,59,124
08217010005,3,ŽæŽèŽs,ˆä–ì‘ä‚T’š–Ú,0,,,269,198,179,65,92,19,24,63,112
082170110,2,ŽæŽèŽs,ˆä–ì,0,,,1188,965,894,316,457,71,99,306,544
08217011000,3,ŽæŽèŽs,ˆä–ì,0,,,1111,902,834,303,415,68,93,274,524
08217011001,3,ŽæŽèŽs,ˆä–ì,0,,,77,63,60,13,42,3,6,32,20
082170120,2,ŽæŽèŽs,ˆä–ì’c’n,0,,,1820,972,934,402,284,38,59,166,1039
08217012001,3,ŽæŽèŽs,ˆä–ì’c’n‚PŠX‹æ,0,,,475,183,172,86,41,11,9,25,274
08217012002,3,ŽæŽèŽs,ˆä–ì’c’n‚QŠX‹æ,0,,,235,95,91,40,25,4,8,19,116
08217012003,3,ŽæŽèŽs,ˆä–ì’c’n‚RŠX‹æ,0,,,315,189,181,68,67,8,9,34,183
08217012004,3,ŽæŽèŽs,ˆä–ì’c’n‚SŠX‹æ,0,,,414,268,260,116,74,8,13,45,244
08217012005,3,ŽæŽèŽs,ˆä–ì’c’n‚TŠX‹æ,1,,012006,381,237,230,92,77,7,20,43,222
08217012006,3,ŽæŽèŽs,ˆä–ì’c’n‚UŠX‹æ,2,012005,,X,X,X,X,X,X,X,X,X
082170130,2,ŽæŽèŽs,Â–ö,0,,,161,130,117,28,74,13,25,62,51
082170140,2,ŽæŽèŽs,Â–ö,0,,,789,571,515,185,249,56,83,175,351
082170150,2,ŽæŽèŽs,‹g“c,0,,,264,214,188,71,94,26,23,67,138
082170160,2,ŽæŽèŽs,’·•º‰qV“c,0,,,124,81,70,30,24,11,5,11,71
082170170,2,ŽæŽèŽs,¬–x,0,,,112,88,66,21,31,22,2,21,73
082170180,2,ŽæŽèŽs,¬•¶ŠÔ,0,,,799,626,485,179,207,141,29,109,548
082170191,2,ŽæŽèŽs,–{‹½,0,,,1154,833,759,295,360,74,84,247,547
08217019101,3,ŽæŽèŽs,–{‹½‚P’š–Ú,0,,,388,285,259,106,116,26,37,97,188
08217019102,3,ŽæŽèŽs,–{‹½‚Q’š–Ú,0,,,172,133,127,46,68,6,10,35,101
08217019103,3,ŽæŽèŽs,–{‹½‚R’š–Ú,0,,,113,98,81,24,49,17,7,30,61
08217019104,3,ŽæŽèŽs,–{‹½‚S’š–Ú,0,,,237,182,162,65,73,20,11,43,122
08217019105,3,ŽæŽèŽs,–{‹½‚T’š–Ú,0,,,244,135,130,54,54,5,19,42,75
082170192,2,ŽæŽèŽs,‹îê,0,,,1081,802,714,257,333,88,78,239,499
08217019201,3,ŽæŽèŽs,‹îê‚P’š–Ú,0,,,393,297,265,109,119,32,30,73,209
08217019202,3,ŽæŽèŽs,‹îê‚Q’š–Ú,0,,,251,175,159,58,56,16,8,34,144
08217019203,3,ŽæŽèŽs,‹îê‚R’š–Ú,0,,,226,162,145,53,74,17,26,60,69
08217019204,3,ŽæŽèŽs,‹îê‚S’š–Ú,0,,,211,168,145,37,84,23,14,72,77
082170193,2,ŽæŽèŽs,Ž›“c,0,,,1027,796,688,236,338,108,84,243,494
082170200,2,ŽæŽèŽs,ŒKŒ´,0,,,233,186,156,58,75,30,9,36,131
082170210,2,ŽæŽèŽs,VŽæŽè,0,,,1449,1051,959,443,375,92,63,193,912
08217021001,3,ŽæŽèŽs,VŽæŽè‚P’š–Ú,0,,,455,336,311,151,130,25,20,71,294
08217021002,3,ŽæŽèŽs,VŽæŽè‚Q’š–Ú,0,,,304,221,198,88,70,23,17,39,204
08217021003,3,ŽæŽèŽs,VŽæŽè‚R’š–Ú,0,,,290,186,173,81,65,13,10,29,174
08217021004,3,ŽæŽèŽs,VŽæŽè‚S’š–Ú,0,,,153,107,95,45,32,12,6,19,95
08217021005,3,ŽæŽèŽs,VŽæŽè‚T’š–Ú,0,,,247,201,182,78,78,19,10,35,145
082170220,2,ŽæŽèŽs,ŒË“ª,0,,,4086,2819,2602,1161,1028,217,216,644,2172
08217022001,3,ŽæŽèŽs,ŒË“ª‚P’š–Ú,0,,,286,207,191,65,86,16,20,63,120
08217022002,3,ŽæŽèŽs,ŒË“ª‚Q’š–Ú,0,,,658,460,415,178,183,45,34,107,321
08217022003,3,ŽæŽèŽs,ŒË“ª‚R’š–Ú,0,,,654,478,437,198,175,41,35,106,376
08217022004,3,ŽæŽèŽs,ŒË“ª‚S’š–Ú,0,,,452,277,262,116,82,15,22,70,213
08217022005,3,ŽæŽèŽs,ŒË“ª‚T’š–Ú,0,,,6,2,1,1,-,1,1,1,4
08217022006,3,ŽæŽèŽs,ŒË“ª‚U’š–Ú,0,,,802,535,503,261,164,32,36,100,469
08217022007,3,ŽæŽèŽs,ŒË“ª‚V’š–Ú,0,,,637,410,381,170,144,29,24,81,356
08217022008,3,ŽæŽèŽs,ŒË“ª‚W’š–Ú,0,,,250,187,173,72,85,14,22,55,125
08217022009,3,ŽæŽèŽs,ŒË“ª‚X’š–Ú,0,,,341,263,239,100,109,24,22,61,188
082170230,2,ŽæŽèŽs,ŒË“ª,0,,,879,650,572,149,327,78,102,279,298
082170240,2,ŽæŽèŽs,•Äƒmˆä,0,,,628,443,385,148,169,58,44,125,270
082170250,2,ŽæŽèŽs,–ìXˆä,0,,,1346,1023,909,286,498,114,124,335,570
082170260,2,ŽæŽèŽs,ˆî,0,,,368,296,242,90,114,54,29,88,181
082170270,2,ŽæŽèŽs,¼,0,,,1416,1094,1041,533,375,53,46,142,964
08217027001,3,ŽæŽèŽs,¼‚P’š–Ú,0,,,730,566,541,291,185,25,21,78,514
08217027002,3,ŽæŽèŽs,¼‚Q’š–Ú,0,,,686,528,500,242,190,28,25,64,450
082170280,2,ŽæŽèŽs,‰º‚ˆä,0,,,753,554,465,164,226,89,41,151,412
082170290,2,ŽæŽèŽs,ã‚ˆä,0,,,264,204,151,55,70,53,26,61,155
082170300,2,ŽæŽèŽs,ŠL’Ë,0,,,18,16,6,-,5,10,2,4,14
082170310,2,ŽæŽèŽs,Žs”V‘ã,0,,,34,28,14,4,8,14,5,7,24
082170320,2,ŽæŽèŽs,‰Íì•~,0,,,-,-,-,-,-,-,-,-,-
082170330,2,ŽæŽèŽs,ž­–Ø,0,,,980,813,716,287,335,97,83,198,569
082170340,2,ŽæŽèŽs,“¡‘ã,0,,,1058,804,705,255,342,99,112,261,551
082170350,2,ŽæŽèŽs,•Ð’¬,0,,,188,112,100,31,43,12,11,32,80
082170360,2,ŽæŽèŽs,‹{˜a“c,0,,,2577,1800,1645,662,664,155,144,362,1386
08217036000,3,ŽæŽèŽs,‹{˜a“c,0,,,2469,1712,1562,618,636,150,138,348,1318
08217036001,3,ŽæŽèŽs,‹{˜a“c,0,,,108,88,83,44,28,5,6,14,68
082170370,2,ŽæŽèŽs,•½–ì,0,,,48,42,17,6,8,25,1,13,37
082170380,2,ŽæŽèŽs,‰ŸØ,0,,,78,65,48,17,22,17,3,15,46
082170390,2,ŽæŽèŽs,‚{,0,,,190,158,100,30,51,58,10,36,131
082170400,2,ŽæŽèŽs,‘å—¯,0,,,26,25,14,7,5,11,1,4,20
082170410,2,ŽæŽèŽs,_‰Y,0,,,46,37,25,9,11,12,4,9,30
082170420,2,ŽæŽèŽs,–Ñ—L,0,,,47,45,29,8,15,16,4,15,35
082170440,2,ŽæŽèŽs,Œõ•—‘ä,0,,,574,496,467,250,167,29,18,65,439
08217044001,3,ŽæŽèŽs,Œõ•—‘ä‚P’š–Ú,0,,,212,180,170,90,61,10,7,24,162
08217044002,3,ŽæŽèŽs,Œõ•—‘ä‚Q’š–Ú,0,,,201,173,159,89,54,14,7,25,157
08217044003,3,ŽæŽèŽs,Œõ•—‘ä‚R’š–Ú,0,,,161,143,138,71,52,5,4,16,120
082170460,2,ŽæŽèŽs,¬ò,0,,,37,31,18,5,9,13,3,6,26
082170470,2,ŽæŽèŽs,¬•‚‹C,0,,,113,95,77,23,46,18,15,32,56
082170480,2,ŽæŽèŽs,’J’†,0,,,650,506,445,178,202,61,51,135,350
082170490,2,ŽæŽèŽs,’†“c,0,,,67,60,33,12,17,27,3,8,51
082170500,2,ŽæŽèŽs,•Ä“c,0,,,41,36,23,9,5,13,4,9,29
082170510,2,ŽæŽèŽs,aÀ,0,,,39,35,19,7,9,16,3,8,29
082170520,2,ŽæŽèŽs,‰ª,0,,,117,90,54,25,25,36,8,27,73
082170530,2,ŽæŽèŽs,˜a“c,0,,,142,119,90,30,46,29,10,30,90
082170540,2,ŽæŽèŽs,ŽR‰¤,0,,,281,232,169,70,76,63,23,49,196
082170550,2,ŽæŽèŽs,”z¼,0,,,49,46,29,15,12,17,-,8,39
082170560,2,ŽæŽèŽs,_Z,0,,,53,41,30,8,14,11,3,7,41
082170570,2,ŽæŽèŽs,’†“à,0,,,74,67,35,12,14,32,6,17,53
082170580,2,ŽæŽèŽs,•l“c,0,,,99,87,58,20,32,29,6,21,78
082170590,2,ŽæŽèŽs,ãŠžê,0,,,122,109,68,26,39,41,8,28,85
082170600,2,ŽæŽèŽs,‰ºŠžê,0,,,70,63,46,16,20,17,4,14,49
082170610,2,ŽæŽèŽs,Šžê,0,,,34,29,19,8,8,10,2,5,24
082170620,2,ŽæŽèŽs,Vì,0,,,136,108,71,32,27,37,4,19,93
082170630,2,ŽæŽèŽs,‘å‹È,0,,,39,35,25,12,12,10,2,10,24
082170640,2,ŽæŽèŽs,‘o—t,0,,,1052,771,685,290,254,86,31,117,736
08217064001,3,ŽæŽèŽs,‘o—t‚P’š–Ú,0,,,380,287,259,119,94,28,13,43,258
08217064002,3,ŽæŽèŽs,‘o—t‚Q’š–Ú,0,,,328,240,214,89,75,26,9,38,232
08217064003,3,ŽæŽèŽs,‘o—t‚R’š–Ú,0,,,344,244,212,82,85,32,9,36,246
082170650,2,ŽæŽèŽs,÷‚ª‹u,0,,,1724,1567,1454,502,821,113,144,486,576
08217065001,3,ŽæŽèŽs,÷‚ª‹u‚P’š–Ú,0,,,408,369,336,108,200,33,59,149,131
08217065002,3,ŽæŽèŽs,÷‚ª‹u‚Q’š–Ú,0,,,392,349,329,165,134,20,15,39,194
08217065003,3,ŽæŽèŽs,÷‚ª‹u‚R’š–Ú,0,,,382,347,321,108,182,26,41,100,121
08217065004,3,ŽæŽèŽs,÷‚ª‹u‚S’š–Ú,0,,,542,502,468,121,305,34,29,198,130
082170660,2,ŽæŽèŽs,“¡‘ã“ì,0,,,642,524,494,143,324,30,130,295,132
08217066001,3,ŽæŽèŽs,“¡‘ã“ì‚P’š–Ú,0,,,281,198,189,63,115,9,58,100,53
08217066002,3,ŽæŽèŽs,“¡‘ã“ì‚Q’š–Ú,0,,,167,150,136,44,85,14,40,77,49
08217066003,3,ŽæŽèŽs,“¡‘ã“ì‚R’š–Ú,0,,,194,176,169,36,124,7,32,118,30
082170670,2,ŽæŽèŽs,Ž‡…,0,,,318,286,266,47,198,20,119,200,57
08217067001,3,ŽæŽèŽs,Ž‡…‚P’š–Ú,0,,,139,125,114,27,79,11,44,78,32
08217067002,3,ŽæŽèŽs,Ž‡…‚Q’š–Ú,0,,,105,95,89,12,71,6,45,72,17
08217067003,3,ŽæŽèŽs,Ž‡…‚R’š–Ú,0,,,74,66,63,8,48,3,30,50,8
082170720,2,ŽæŽèŽs,´…,0,,,159,140,94,32,43,46,8,27,108
082170730,2,ŽæŽèŽs,‚ä‚ß‚Ý–ì,0,,,402,295,280,76,175,15,120,167,62
08217073001,3,ŽæŽèŽs,‚ä‚ß‚Ý–ì‚P’š–Ú,0,,,104,94,88,23,61,6,33,57,13
08217073002,3,ŽæŽèŽs,‚ä‚ß‚Ý–ì‚Q’š–Ú,0,,,78,67,63,15,43,4,32,39,11
08217073003,3,ŽæŽèŽs,‚ä‚ß‚Ý–ì‚R’š–Ú,0,,,62,29,29,11,15,-,12,16,2
08217073004,3,ŽæŽèŽs,‚ä‚ß‚Ý–ì‚S’š–Ú,0,,,64,47,46,11,24,1,17,26,14
08217073005,3,ŽæŽèŽs,‚ä‚ß‚Ý–ì‚T’š–Ú,0,,,94,58,54,16,32,4,26,29,22
08219,1,‹‹vŽs,,0,,,33148,24276,21736,8073,10853,2540,3344,8155,13680
082190010,2,‹‹vŽs,‹‹v’¬,0,,,2003,1468,1285,479,605,183,142,422,958
082190022,2,‹‹vŽs,“c‹{’¬,0,,,1842,1364,1190,544,486,174,101,310,1096
08219002201,3,‹‹vŽs,“c‹{’¬,0,,,790,559,469,175,215,90,52,141,405
08219002202,3,‹‹vŽs,“c‹{’¬,0,,,456,386,350,187,134,36,22,73,338
08219002203,3,‹‹vŽs,“c‹{’¬,0,,,596,419,371,182,137,48,27,96,353
082190030,2,‹‹vŽs,‹‹v’¬,0,,,385,300,228,87,111,72,33,96,222
082190041,2,‹‹vŽs,¯•º‰qV“c’¬,2,0042,,X,X,X,X,X,X,X,X,X
082190042,2,‹‹vŽs,V’n’¬,1,,0041,80,66,40,15,18,26,5,12,57
082190050,2,‹‹vŽs,‰“ŽR’¬,0,,,31,26,15,5,7,11,-,4,23
082190061,2,‹‹vŽs,ã”“c,0,,,2318,1692,1536,548,804,156,308,662,737
08219006101,3,‹‹vŽs,ã”“c‚P’š–Ú,0,,,448,325,292,113,150,33,52,110,168
08219006102,3,‹‹vŽs,ã”“c‚Q’š–Ú,0,,,649,485,449,155,246,36,120,224,176
08219006103,3,‹‹vŽs,ã”“c‚R’š–Ú,0,,,595,423,389,130,205,34,81,182,121
08219006104,3,‹‹vŽs,ã”“c‚S’š–Ú,0,,,626,459,406,150,203,53,55,146,272
082190063,2,‹‹vŽs,”“c’¬,0,,,844,535,468,171,219,67,71,178,318
082190070,2,‹‹vŽs,’–Žq’¬,0,,,689,478,403,154,177,75,49,127,325
082190082,2,‹‹vŽs,“Œ‘å˜a“c’¬,0,,,77,62,51,16,32,11,7,25,35
082190092,2,‹‹vŽs,’†ª’¬,0,,,48,45,31,8,16,14,4,13,26
082190102,2,‹‹vŽs,“ŒàÌŒŠ’¬,0,,,106,88,71,19,44,17,16,40,50
082190112,2,‹‹vŽs,‰ºª’¬,0,,,449,379,307,99,169,72,43,128,235
082190120,2,‹‹vŽs,‰ªŒ©’¬,0,,,1009,818,690,289,287,128,54,163,636
082190130,2,‹‹vŽs,ã‘¾“c’¬,0,,,31,27,16,2,9,11,3,8,23
082190140,2,‹‹vŽs,Œ‹‘©’¬,0,,,18,15,10,4,3,5,1,2,16
082190150,2,‹‹vŽs,—‰»’¬,0,,,279,234,168,61,77,66,12,44,185
082190160,2,‹‹vŽs,‹v–ì’¬,0,,,305,190,133,47,63,57,31,54,169
082190170,2,‹‹vŽs,Œj’¬,0,,,117,99,67,26,32,32,10,20,79
082190180,2,‹‹vŽs,ˆäƒm‰ª’¬,0,,,87,64,31,8,15,33,1,17,62
082190190,2,‹‹vŽs,‰œŒ´’¬,0,,,139,115,63,26,25,52,15,32,97
082190200,2,‹‹vŽs,“‡“c’¬,0,,,74,63,40,14,21,23,8,18,52
082190210,2,‹‹vŽs,³’¼’¬,0,,,58,46,25,8,13,21,3,10,47
082190220,2,‹‹vŽs,¬â’¬,0,,,979,751,644,279,247,107,34,140,611
082190230,2,‹‹vŽs,•Ÿ“c’¬,0,,,58,47,39,7,24,8,10,16,27
082190240,2,‹‹vŽs,Š ’J’¬,0,,,2021,1518,1397,659,577,121,144,358,1088
08219024001,3,‹‹vŽs,Š ’J’¬‚P’š–Ú,0,,,508,373,336,159,140,37,42,101,260
08219024002,3,‹‹vŽs,Š ’J’¬‚Q’š–Ú,0,,,457,347,324,151,139,23,28,78,256
08219024003,3,‹‹vŽs,Š ’J’¬‚R’š–Ú,0,,,276,207,191,88,79,16,24,51,137
08219024004,3,‹‹vŽs,Š ’J’¬‚S’š–Ú,0,,,359,272,250,115,103,22,26,64,189
08219024005,3,‹‹vŽs,Š ’J’¬‚T’š–Ú,0,,,421,319,296,146,116,23,24,64,246
082190250,2,‹‹vŽs,‰h’¬,0,,,1891,1298,1200,509,520,98,112,315,898
08219025001,3,‹‹vŽs,‰h’¬‚P’š–Ú,0,,,283,164,154,71,58,10,10,28,141
08219025002,3,‹‹vŽs,‰h’¬‚Q’š–Ú,0,,,248,197,182,80,79,15,16,43,131
08219025003,3,‹‹vŽs,‰h’¬‚R’š–Ú,0,,,303,200,185,70,84,15,20,61,141
08219025004,3,‹‹vŽs,‰h’¬‚S’š–Ú,0,,,353,251,233,92,103,18,27,68,144
08219025005,3,‹‹vŽs,‰h’¬‚T’š–Ú,0,,,50,35,32,15,14,3,-,7,29
08219025006,3,‹‹vŽs,‰h’¬‚U’š–Ú,0,,,654,451,414,181,182,37,39,108,312
082190260,2,‹‹vŽs,“ì,0,,,4188,3118,2843,1228,1234,275,258,757,2184
08219026001,3,‹‹vŽs,“ì‚P’š–Ú,0,,,650,417,377,147,172,40,25,92,320
08219026002,3,‹‹vŽs,“ì‚Q’š–Ú,0,,,622,421,377,157,165,44,50,120,257
08219026003,3,‹‹vŽs,“ì‚R’š–Ú,0,,,422,266,249,127,90,17,28,64,187
08219026004,3,‹‹vŽs,“ì‚S’š–Ú,0,,,564,442,412,216,147,30,15,73,356
08219026005,3,‹‹vŽs,“ì‚T’š–Ú,0,,,692,560,501,210,221,59,36,126,407
08219026006,3,‹‹vŽs,“ì‚U’š–Ú,0,,,520,424,388,134,202,36,58,142,240
08219026007,3,‹‹vŽs,“ì‚V’š–Ú,0,,,718,588,539,237,237,49,46,140,417
082190270,2,‹‹vŽs,_’J,0,,,2232,1788,1611,609,761,177,140,463,1106
08219027001,3,‹‹vŽs,_’J‚P’š–Ú,0,,,375,294,257,111,102,37,20,56,240
08219027002,3,‹‹vŽs,_’J‚Q’š–Ú,0,,,773,627,575,197,308,52,62,207,316
08219027003,3,‹‹vŽs,_’J‚R’š–Ú,0,,,127,108,88,21,48,20,9,25,60
08219027004,3,‹‹vŽs,_’J‚S’š–Ú,0,,,22,19,17,4,13,2,4,8,12
08219027005,3,‹‹vŽs,_’J‚T’š–Ú,0,,,392,319,278,106,126,41,19,82,210
08219027006,3,‹‹vŽs,_’J‚U’š–Ú,0,,,543,421,396,170,164,25,26,85,268
082190280,2,‹‹vŽs,’†‰›,0,,,1848,1077,990,381,486,87,185,412,473
08219028001,3,‹‹vŽs,’†‰›‚P’š–Ú,0,,,424,278,257,92,137,21,53,117,95
08219028002,3,‹‹vŽs,’†‰›‚Q’š–Ú,0,,,410,260,241,89,119,19,26,83,123
08219028003,3,‹‹vŽs,’†‰›‚R’š–Ú,0,,,371,190,175,68,84,15,34,66,80
08219028004,3,‹‹vŽs,’†‰›‚S’š–Ú,0,,,384,236,216,90,98,20,49,103,107
08219028005,3,‹‹vŽs,’†‰›‚T’š–Ú,0,,,259,113,101,42,48,12,23,43,68
082190290,2,‹‹vŽs,‚³‚­‚ç‘ä,0,,,2137,1746,1599,532,862,147,185,565,769
08219029001,3,‹‹vŽs,‚³‚­‚ç‘ä‚P’š–Ú,0,,,884,717,660,216,370,57,77,231,310
08219029002,3,‹‹vŽs,‚³‚­‚ç‘ä‚Q’š–Ú,0,,,610,485,444,145,215,41,58,170,227
08219029003,3,‹‹vŽs,‚³‚­‚ç‘ä‚R’š–Ú,0,,,613,515,471,164,261,44,48,156,219
08219029004,3,‹‹vŽs,‚³‚­‚ç‘ä‚S’š–Ú,0,,,30,29,24,7,16,5,2,8,13
082190300,2,‹‹vŽs,“c‹{,0,,,1149,817,760,282,379,57,104,277,384
08219030002,3,‹‹vŽs,“c‹{‚Q’š–Ú,0,,,875,655,613,226,314,42,82,218,320
08219030003,3,‹‹vŽs,“c‹{‚R’š–Ú,0,,,274,162,147,56,65,15,22,59,64
082190310,2,‹‹vŽs,‚Ð‚½‚¿–ì“Œ,0,,,3172,2339,2246,578,1497,93,722,1405,446
08219031001,3,‹‹vŽs,‚Ð‚½‚¿–ì“Œ‚P’š–Ú,0,,,666,462,442,122,271,20,144,261,92
08219031002,3,‹‹vŽs,‚Ð‚½‚¿–ì“Œ‚Q’š–Ú,0,,,311,208,196,52,133,12,84,127,29
08219031003,3,‹‹vŽs,‚Ð‚½‚¿–ì“Œ‚R’š–Ú,0,,,524,455,440,84,341,15,179,328,66
08219031004,3,‹‹vŽs,‚Ð‚½‚¿–ì“Œ‚S’š–Ú,0,,,799,657,632,140,452,25,222,433,83
08219031005,3,‹‹vŽs,‚Ð‚½‚¿–ì“Œ‚T’š–Ú,0,,,872,557,536,180,300,21,93,256,176
082190320,2,‹‹vŽs,‚Ð‚½‚¿–ì¼,0,,,2484,1603,1539,379,1033,64,533,1062,246
08219032001,3,‹‹vŽs,‚Ð‚½‚¿–ì¼‚P’š–Ú,0,,,417,363,353,67,270,10,164,279,25
08219032002,3,‹‹vŽs,‚Ð‚½‚¿–ì¼‚Q’š–Ú,0,,,621,335,318,79,217,17,122,231,61
08219032003,3,‹‹vŽs,‚Ð‚½‚¿–ì¼‚R’š–Ú,0,,,970,606,579,178,342,27,165,349,114
08219032004,3,‹‹vŽs,‚Ð‚½‚¿–ì¼‚S’š–Ú,0,,,476,299,289,55,204,10,82,203,46
08220,1,‚Â‚­‚ÎŽs,,0,,,98057,53908,45312,15037,24713,8596,9706,22450,25590
082200010,2,‚Â‚­‚ÎŽs,’J“c•”,0,,,2415,1629,1310,416,627,319,203,559,987
08220001000,3,‚Â‚­‚ÎŽs,’J“c•”,0,,,1983,1266,979,304,438,287,157,426,834
08220001001,3,‚Â‚­‚ÎŽs,’J“c•”Žš•ä,0,,,432,363,331,112,189,32,46,133,153
082200020,2,‚Â‚­‚ÎŽs,‰H¬,0,,,49,42,24,2,16,18,5,15,29
082200030,2,‚Â‚­‚ÎŽs,”Ñ“c,0,,,93,79,40,12,18,39,14,34,57
082200040,2,‚Â‚­‚ÎŽs,’†–ì,0,,,58,45,34,12,17,11,7,19,31
082200050,2,‚Â‚­‚ÎŽs,•Ð“c,0,,,10,6,5,1,1,1,-,-,6
082200060,2,‚Â‚­‚ÎŽs,ãŠžŠÛ,0,,,63,46,27,6,19,19,5,16,32
082200071,2,‚Â‚­‚ÎŽs,‰Ô“‡V“c,2,2210,,X,X,X,X,X,X,X,X,X
082200072,2,‚Â‚­‚ÎŽs,‰ºŠžŠÛ,0,,,19,12,10,4,6,2,1,4,13
082200080,2,‚Â‚­‚ÎŽs,¬”’”¡,0,,,318,256,224,75,119,32,30,95,152
082200090,2,‚Â‚­‚ÎŽs,¼ŒIŽR,0,,,22,17,11,4,7,6,-,5,13
082200100,2,‚Â‚­‚ÎŽs,ã‰¡ê,0,,,851,523,401,138,202,122,64,169,356
082200110,2,‚Â‚­‚ÎŽs,‹«“c,0,,,69,60,47,13,25,13,10,25,29
082200120,2,‚Â‚­‚ÎŽs,‹«¼,0,,,46,44,29,6,17,15,5,16,27
082200131,2,‚Â‚­‚ÎŽs,ªè,0,,,13,11,4,1,3,7,1,1,10
082200132,2,‚Â‚­‚ÎŽs,ŒÃŠÙ,0,,,25,21,12,6,4,9,3,7,16
082200140,2,‚Â‚­‚ÎŽs,—Î‚ª‹u,0,,,461,393,344,144,164,49,44,95,233
082200150,2,‚Â‚­‚ÎŽs,“ŒŠÛŽR,0,,,24,17,15,6,8,2,-,7,12
082200160,2,‚Â‚­‚ÎŽs,^£,0,,,640,538,393,119,209,145,63,193,322
082200170,2,‚Â‚­‚ÎŽs,“çÀV“c,0,,,103,84,52,12,25,32,10,36,59
082200180,2,‚Â‚­‚ÎŽs,‚{‰ê,0,,,158,142,78,20,44,64,10,41,115
082200190,2,‚Â‚­‚ÎŽs,‚—Ç“c,0,,,115,102,47,10,28,55,16,36,79
082200200,2,‚Â‚­‚ÎŽs,“‡–¼,0,,,505,343,239,75,126,104,42,106,234
082200210,2,‚Â‚­‚ÎŽs,’†•Ê•{,0,,,188,153,125,43,67,28,20,60,88
082200220,2,‚Â‚­‚ÎŽs,‰º•Ê•{,0,,,29,25,10,-,6,15,4,10,15
082200231,2,‚Â‚­‚ÎŽs,ã‰ÍŒ´è‰º‰ÍŒ´è“ü‰ï’n,2,0232,,X,X,X,X,X,X,X,X,X
082200232,2,‚Â‚­‚ÎŽs,ã‰ÍŒ´è,1,,0231,85,78,51,17,26,27,8,21,54
082200240,2,‚Â‚­‚ÎŽs,‹SƒPŒE,0,,,126,108,68,19,35,40,15,40,83
082200250,2,‚Â‚­‚ÎŽs,‚“c,0,,,21,19,9,3,3,10,-,3,17
082200260,2,‚Â‚­‚ÎŽs,–Ê–ìˆä,0,,,93,67,39,12,22,28,6,16,56
082200270,2,‚Â‚­‚ÎŽs,‰º‰ÍŒ´è,0,,,80,65,45,9,26,20,8,23,44
082200280,2,‚Â‚­‚ÎŽs,…–x,0,,,27,25,13,4,4,12,1,8,22
082200291,2,‚Â‚­‚ÎŽs,–k‹½,0,,,-,-,-,-,-,-,-,-,-
082200292,2,‚Â‚­‚ÎŽs,¼•½’Ë,0,,,54,46,39,13,22,7,3,13,29
082200300,2,‚Â‚­‚ÎŽs,“Œ•½’Ë,0,,,251,74,48,15,26,26,9,27,53
082200310,2,‚Â‚­‚ÎŽs,‰º•½’Ë,0,,,100,68,45,11,28,23,9,26,44
082200320,2,‚Â‚­‚ÎŽs,Š‹éªè,0,,,16,10,5,-,5,5,1,6,8
082200330,2,‚Â‚­‚ÎŽs,Š¡ŠÔ,0,,,316,207,152,46,83,55,25,79,131
082200340,2,‚Â‚­‚ÎŽs,¼‘å‹´,0,,,58,49,30,8,17,19,5,22,29
082200350,2,‚Â‚­‚ÎŽs,¼‰ª,0,,,57,48,35,5,24,13,6,19,33
082200360,2,‚Â‚­‚ÎŽs,¬–ìè,0,,,475,394,336,76,238,58,47,204,130
082200370,2,‚Â‚­‚ÎŽs,“‡,0,,,31,29,24,7,14,5,4,9,20
082200380,2,‚Â‚­‚ÎŽs,•½,0,,,41,38,24,8,14,14,4,16,28
082200390,2,‚Â‚­‚ÎŽs,‘å”’”¡,0,,,18,12,8,3,4,4,-,1,13
082200400,2,‚Â‚­‚ÎŽs,–ö‹´,0,,,182,83,61,22,33,22,12,30,51
082200410,2,‚Â‚­‚ÎŽs,Vˆä,0,,,8,8,4,1,3,4,2,5,6
082200420,2,‚Â‚­‚ÎŽs,ŽR’†,0,,,213,168,146,43,87,22,21,84,66
082200431,2,‚Â‚­‚ÎŽs,“¡–{,0,,,-,-,-,-,-,-,-,-,-
082200432,2,‚Â‚­‚ÎŽs,‘å‚í‚µ,0,,,-,-,-,-,-,-,-,-,-
082200440,2,‚Â‚­‚ÎŽs,’†“à,0,,,55,42,34,13,18,8,6,16,27
082200450,2,‚Â‚­‚ÎŽs,ŠÙ–ì,0,,,57,47,27,7,13,20,4,11,38
082200460,2,‚Â‚­‚ÎŽs,‰|ŒË,0,,,238,132,101,30,48,31,23,43,70
082200470,2,‚Â‚­‚ÎŽs,–k’†È,0,,,55,49,29,11,15,20,2,15,37
082200480,2,‚Â‚­‚ÎŽs,Ô’Ë,0,,,344,268,225,88,113,43,25,87,147
082200490,2,‚Â‚­‚ÎŽs,‰ºŒ´,0,,,56,44,30,11,15,14,2,16,32
082200500,2,‚Â‚­‚ÎŽs,Š“à,0,,,40,31,14,4,9,17,5,13,22
082200510,2,‚Â‚­‚ÎŽs,“ì’†È,0,,,122,101,81,34,38,20,8,28,62
082200520,2,‚Â‚­‚ÎŽs,‰º‰¡ê,0,,,105,87,74,32,34,13,3,24,53
082200530,2,‚Â‚­‚ÎŽs,ˆî‰ª,0,,,156,128,96,37,47,32,7,41,79
082200540,2,‚Â‚­‚ÎŽs,–k’†“‡,0,,,97,82,72,32,33,10,7,20,58
082200550,2,‚Â‚­‚ÎŽs,Žs”V‘ä,0,,,79,65,55,26,25,10,7,15,40
082200560,2,‚Â‚­‚ÎŽs,¡ò,0,,,87,70,55,13,36,15,12,28,34
082200570,2,‚Â‚­‚ÎŽs,V–q“c,0,,,47,31,24,7,14,7,2,10,23
082200580,2,‚Â‚­‚ÎŽs,Žè‘ã–Ø,0,,,175,138,101,25,65,37,22,64,79
082200590,2,‚Â‚­‚ÎŽs,¼‘åÀ,0,,,92,83,62,19,41,21,6,26,48
082200600,2,‚Â‚­‚ÎŽs,ãŒ´,0,,,122,106,89,15,68,17,11,56,38
082200610,2,‚Â‚­‚ÎŽs,¼–ì–Ø,0,,,248,157,142,34,90,15,39,83,42
082200620,2,‚Â‚­‚ÎŽs,ŠÏ‰¹‘ä,0,,,1270,536,501,198,246,35,125,246,161
08220062001,3,‚Â‚­‚ÎŽs,ŠÏ‰¹‘ä‚P’š–Ú,0,,,1189,529,494,195,242,35,121,242,160
08220062002,3,‚Â‚­‚ÎŽs,ŠÏ‰¹‘ä‚Q’š–Ú,0,,,81,7,7,3,4,-,4,4,1
08220062003,3,‚Â‚­‚ÎŽs,ŠÏ‰¹‘ä‚R’š–Ú,0,,,-,-,-,-,-,-,-,-,-
082200630,2,‚Â‚­‚ÎŽs,t“ú,0,,,8273,1062,1003,336,566,59,255,593,329
08220063001,3,‚Â‚­‚ÎŽs,t“ú‚P’š–Ú,0,,,623,167,164,53,94,3,37,93,22
08220063002,3,‚Â‚­‚ÎŽs,t“ú‚Q’š–Ú,0,,,2074,537,517,165,308,20,145,293,105
08220063003,3,‚Â‚­‚ÎŽs,t“ú‚R’š–Ú,0,,,2235,233,212,69,115,21,46,134,107
08220063004,3,‚Â‚­‚ÎŽs,t“ú‚S’š–Ú,0,,,3341,125,110,49,49,15,27,73,95
082200640,2,‚Â‚­‚ÎŽs,¼‘ã,0,,,3358,2114,2055,547,1273,59,489,1211,421
08220064001,3,‚Â‚­‚ÎŽs,¼‘ã‚P’š–Ú,0,,,883,433,421,133,247,12,114,227,80
08220064002,3,‚Â‚­‚ÎŽs,¼‘ã‚Q’š–Ú,0,,,532,271,268,97,148,3,44,126,68
08220064003,3,‚Â‚­‚ÎŽs,¼‘ã‚R’š–Ú,0,,,889,624,601,121,394,23,191,405,104
08220064004,3,‚Â‚­‚ÎŽs,¼‘ã‚S’š–Ú,0,,,668,471,459,116,275,12,85,270,109
08220064005,3,‚Â‚­‚ÎŽs,¼‘ã‚T’š–Ú,0,,,386,315,306,80,209,9,55,183,60
082200650,2,‚Â‚­‚ÎŽs,¼‹½,0,,,68,25,25,9,15,-,8,11,8
082200660,2,‚Â‚­‚ÎŽs,¬–ìì,0,,,686,388,357,114,186,31,60,150,173
082200670,2,‚Â‚­‚ÎŽs,“Œ,0,,,1013,566,542,178,308,24,97,243,203
08220067001,3,‚Â‚­‚ÎŽs,“Œ‚P’š–Ú,0,,,-,-,-,-,-,-,-,-,-
08220067002,3,‚Â‚­‚ÎŽs,“Œ‚Q’š–Ú,0,,,1013,566,542,178,308,24,97,243,203
082200680,2,‚Â‚­‚ÎŽs,ˆî‰×‘O,0,,,1118,479,465,138,268,14,113,260,116
082200690,2,‚Â‚­‚ÎŽs,“ñ‚Ì‹{,0,,,3576,1867,1803,526,1065,64,450,982,440
08220069001,3,‚Â‚­‚ÎŽs,“ñ‚Ì‹{‚P’š–Ú,0,,,1189,526,514,154,318,12,136,279,103
08220069002,3,‚Â‚­‚ÎŽs,“ñ‚Ì‹{‚Q’š–Ú,0,,,730,320,299,86,170,21,90,177,77
08220069003,3,‚Â‚­‚ÎŽs,“ñ‚Ì‹{‚R’š–Ú,0,,,661,336,330,98,210,6,101,190,69
08220069004,3,‚Â‚­‚ÎŽs,“ñ‚Ì‹{‚S’š–Ú,0,,,996,685,660,188,367,25,123,336,191
082200700,2,‚Â‚­‚ÎŽs,‚–ì‘ä,0,,,1311,530,501,224,228,29,128,199,183
08220070001,3,‚Â‚­‚ÎŽs,‚–ì‘ä‚P’š–Ú,0,,,-,-,-,-,-,-,-,-,-
08220070002,3,‚Â‚­‚ÎŽs,‚–ì‘ä‚Q’š–Ú,0,,,579,248,231,109,106,17,61,93,84
08220070003,3,‚Â‚­‚ÎŽs,‚–ì‘ä‚R’š–Ú,0,,,732,282,270,115,122,12,67,106,99
082200710,2,‚Â‚­‚ÎŽs,“ŒVˆä,0,,,887,456,430,160,244,26,89,220,84
082200720,2,‚Â‚­‚ÎŽs,ŒäK‚ª‹u,0,,,-,-,-,-,-,-,-,-,-
082200730,2,‚Â‚­‚ÎŽs,”ª”¦‘ä,0,,,-,-,-,-,-,-,-,-,-
082200740,2,‚Â‚­‚ÎŽs,ã‹½,0,,,1408,1032,641,218,313,391,120,335,764
082200750,2,‚Â‚­‚ÎŽs,–Ø–“,0,,,45,40,30,8,16,10,4,12,25
082200760,2,‚Â‚­‚ÎŽs,–ì”¨,0,,,52,45,27,6,17,18,4,13,34
082200770,2,‚Â‚­‚ÎŽs,•S‰Æ,0,,,97,84,38,8,23,46,8,28,70
082200780,2,‚Â‚­‚ÎŽs,‚–ì,0,,,266,187,142,41,83,45,40,80,91
082200790,2,‚Â‚­‚ÎŽs,¡Ž­“‡,0,,,645,510,306,93,158,204,76,166,372
082200800,2,‚Â‚­‚ÎŽs,Àè,0,,,258,213,119,38,63,94,25,70,158
082200811,2,‚Â‚­‚ÎŽs,’†“ŒŒ´V“c,0,,,13,13,10,1,6,3,2,3,6
082200812,2,‚Â‚­‚ÎŽs,‰““Œ,0,,,167,118,75,26,40,43,12,35,92
082200820,2,‚Â‚­‚ÎŽs,ŽðŠÛ,0,,,234,202,130,29,85,72,41,95,111
082200830,2,‚Â‚­‚ÎŽs,“y“c,0,,,49,40,27,7,17,13,6,12,23
082200840,2,‚Â‚­‚ÎŽs,ã—¢,0,,,114,101,53,13,30,48,12,32,72
082200850,2,‚Â‚­‚ÎŽs,“ŒŒõ‘ä,0,,,1164,600,566,187,319,34,159,312,158
08220085001,3,‚Â‚­‚ÎŽs,“ŒŒõ‘ä‚P’š–Ú,0,,,354,189,180,54,109,9,53,105,60
08220085002,3,‚Â‚­‚ÎŽs,“ŒŒõ‘ä‚Q’š–Ú,0,,,369,189,170,64,92,19,57,97,48
08220085003,3,‚Â‚­‚ÎŽs,“ŒŒõ‘ä‚R’š–Ú,0,,,208,108,107,28,62,1,18,57,26
08220085004,3,‚Â‚­‚ÎŽs,“ŒŒõ‘ä‚S’š–Ú,0,,,208,109,104,40,53,5,29,50,22
08220085005,3,‚Â‚­‚ÎŽs,“ŒŒõ‘ä‚T’š–Ú,0,,,25,5,5,1,3,-,2,3,2
082200860,2,‚Â‚­‚ÎŽs,“c‘q,0,,,140,118,78,23,39,40,19,35,89
082200870,2,‚Â‚­‚ÎŽs,—ÎƒPŒ´,0,,,-,-,-,-,-,-,-,-,-
08220087001,3,‚Â‚­‚ÎŽs,—ÎƒPŒ´‚P’š–Ú,0,,,-,-,-,-,-,-,-,-,-
08220087002,3,‚Â‚­‚ÎŽs,—ÎƒPŒ´‚Q’š–Ú,0,,,-,-,-,-,-,-,-,-,-
08220087003,3,‚Â‚­‚ÎŽs,—ÎƒPŒ´‚R’š–Ú,0,,,-,-,-,-,-,-,-,-,-
08220087004,3,‚Â‚­‚ÎŽs,—ÎƒPŒ´‚S’š–Ú,0,,,-,-,-,-,-,-,-,-,-
082200880,2,‚Â‚­‚ÎŽs,ŽèŽq¶,0,,,171,138,77,22,31,61,18,57,110
082200890,2,‚Â‚­‚ÎŽs,‘å‘]ª,0,,,788,577,457,137,266,120,123,265,285
082200900,2,‚Â‚­‚ÎŽs,Ž­“‡‘ä,0,,,100,67,60,16,40,7,9,35,23
082200910,2,‚Â‚­‚ÎŽs,‹ÊŽæ,0,,,279,220,138,55,60,82,19,65,148
082200920,2,‚Â‚­‚ÎŽs,ŽáX,0,,,93,81,48,17,22,33,7,27,61
082200930,2,‚Â‚­‚ÎŽs,²,0,,,64,59,41,14,18,18,3,12,40
082200940,2,‚Â‚­‚ÎŽs,˜@À,0,,,104,66,50,13,26,16,8,27,36
082200950,2,‚Â‚­‚ÎŽs,‰Ô”¨,0,,,2519,940,878,296,454,62,257,497,241
08220095001,3,‚Â‚­‚ÎŽs,‰Ô”¨‚P’š–Ú,0,,,838,279,261,84,143,18,74,149,81
08220095002,3,‚Â‚­‚ÎŽs,‰Ô”¨‚Q’š–Ú,0,,,579,247,233,67,130,14,78,143,46
08220095003,3,‚Â‚­‚ÎŽs,‰Ô”¨‚R’š–Ú,0,,,1102,414,384,145,181,30,105,205,114
082200960,2,‚Â‚­‚ÎŽs,‘O–ì,0,,,259,212,135,43,75,77,18,54,155
082200971,2,‚Â‚­‚ÎŽs,—§Œ´,0,,,-,-,-,-,-,-,-,-,-
082200972,2,‚Â‚­‚ÎŽs,ŽÂè,1,,1000,534,388,278,67,169,110,81,166,196
082200981,2,‚Â‚­‚ÎŽs,–kŒ´,0,,,-,-,-,-,-,-,-,-,-
082200982,2,‚Â‚­‚ÎŽs,’·‚–ì,0,,,291,251,158,56,81,93,18,79,181
082200990,2,‚Â‚­‚ÎŽs,—v,0,,,779,434,329,100,190,105,77,185,251
082201000,2,‚Â‚­‚ÎŽs,‘å•ä,2,0972,,X,X,X,X,X,X,X,X,X
082201010,2,‚Â‚­‚ÎŽs,‹gÀ,0,,,705,581,347,100,171,234,75,223,423
082201020,2,‚Â‚­‚ÎŽs,¼‚–ì,0,,,260,227,146,43,82,81,22,74,151
082201031,2,‚Â‚­‚ÎŽs,‘å‹v•Û,0,,,-,-,-,-,-,-,-,-,-
082201032,2,‚Â‚­‚ÎŽs,‘å»,0,,,301,247,183,55,92,64,23,89,146
082201040,2,‚Â‚­‚ÎŽs,¬“c,0,,,629,503,327,130,141,176,39,117,422
082201050,2,‚Â‚­‚ÎŽs,–k‘¾“c,0,,,57,51,21,4,10,30,6,9,49
082201060,2,‚Â‚­‚ÎŽs,‘åŒ`,0,,,141,125,80,33,33,45,6,23,110
082201070,2,‚Â‚­‚ÎŽs,‰º‘å“‡,0,,,55,48,34,11,18,14,6,12,37
082201080,2,‚Â‚­‚ÎŽs,¬˜a“c,0,,,37,35,18,7,8,17,4,16,30
082201090,2,‚Â‚­‚ÎŽs,ŽRŒû,0,,,120,101,58,22,22,43,11,29,91
082201100,2,‚Â‚­‚ÎŽs,•½‘ò,0,,,99,75,49,22,20,26,9,16,60
082201110,2,‚Â‚­‚ÎŽs,–kð,0,,,1068,811,604,199,279,207,78,231,624
082201120,2,‚Â‚­‚ÎŽs,ŒN“‡,0,,,92,77,44,16,23,33,7,19,66
082201130,2,‚Â‚­‚ÎŽs,ò,0,,,125,96,58,16,30,38,12,23,75
082201140,2,‚Â‚­‚ÎŽs,¬ò,0,,,14,14,8,3,5,6,2,3,11
082201151,2,‚Â‚­‚ÎŽs,“c’†,1,,1152,283,240,164,60,83,76,23,61,179
082201152,2,‚Â‚­‚ÎŽs,“c…ŽR,2,1151,,X,X,X,X,X,X,X,X,X
082201160,2,‚Â‚­‚ÎŽs,…Žç,0,,,185,156,96,31,46,60,17,47,124
082201171,2,‚Â‚­‚ÎŽs,ã‘ò,0,,,-,-,-,-,-,-,-,-,-
082201172,2,‚Â‚­‚ÎŽs,ŽR–Ø,0,,,97,83,49,20,21,34,7,21,72
082201180,2,‚Â‚­‚ÎŽs,–¾Î,0,,,51,41,28,11,5,13,1,5,34
082201191,2,‚Â‚­‚ÎŽs,‚–ìŒ´V“c,2,1192,,X,X,X,X,X,X,X,X,X
082201192,2,‚Â‚­‚ÎŽs,ì’J,1,,1191;1370;2140,395,338,200,80,87,138,34,95,273
082201200,2,‚Â‚­‚ÎŽs,Ž›‹ï,0,,,143,127,88,25,50,39,14,40,84
082201210,2,‚Â‚­‚ÎŽs,ˆÀH,0,,,339,273,216,69,116,57,30,92,153
082201220,2,‚Â‚­‚ÎŽs,ã›ŠÔ,0,,,58,52,28,8,12,24,3,13,39
082201230,2,‚Â‚­‚ÎŽs,’†›ŠÔ,0,,,136,120,75,31,35,45,12,33,87
082201240,2,‚Â‚­‚ÎŽs,’r“c,0,,,69,52,31,11,14,21,8,19,42
082201250,2,‚Â‚­‚ÎŽs,ˆé•”,0,,,47,36,25,7,13,11,2,8,25
082201260,2,‚Â‚­‚ÎŽs,“´‰º,0,,,220,181,119,49,54,62,12,48,129
082201270,2,‚Â‚­‚ÎŽs,’}”g,0,,,186,136,99,41,32,37,8,19,141
082201280,2,‚Â‚­‚ÎŽs,À“c,0,,,263,212,147,57,61,65,16,57,171
082201290,2,‚Â‚­‚ÎŽs,‘¼,0,,,167,141,90,35,34,51,13,33,115
082201300,2,‚Â‚­‚ÎŽs,ã‘å“‡,0,,,234,181,111,38,50,70,8,43,152
082201310,2,‚Â‚­‚ÎŽs,_ŒS,0,,,211,175,110,40,51,65,20,44,147
082201320,2,‚Â‚­‚ÎŽs,‰Pˆä,0,,,189,158,94,32,49,64,16,51,124
082201330,2,‚Â‚­‚ÎŽs,‘åŠÑ,0,,,57,41,32,12,17,9,2,11,30
082201340,2,‚Â‚­‚ÎŽs,™–Ø,0,,,33,27,20,7,9,7,2,5,22
082201350,2,‚Â‚­‚ÎŽs,¬‘ò,0,,,59,39,18,6,8,21,3,12,41
082201360,2,‚Â‚­‚ÎŽs,Ž½Š,0,,,43,29,20,8,6,9,2,7,30
082201370,2,‚Â‚­‚ÎŽs,˜a‘ä,2,1192,,X,X,X,X,X,X,X,X,X
082201380,2,‚Â‚­‚ÎŽs,ã‹«,0,,,141,111,72,28,35,39,16,46,69
082201390,2,‚Â‚­‚ÎŽs,’†ª,0,,,204,168,115,44,60,53,17,60,115
082201400,2,‚Â‚­‚ÎŽs,‰h,0,,,228,147,106,39,50,41,20,48,87
082201410,2,‚Â‚­‚ÎŽs,¼’Ë,0,,,112,98,69,27,35,29,14,36,66
082201420,2,‚Â‚­‚ÎŽs,¼‰h,0,,,151,108,93,32,51,15,7,33,77
082201430,2,‚Â‚­‚ÎŽs,‘å,0,,,99,87,50,16,29,37,14,33,68
082201440,2,‚Â‚­‚ÎŽs,‰¡’¬,0,,,77,49,32,11,16,17,10,21,32
082201450,2,‚Â‚­‚ÎŽs,‹à“c,0,,,355,258,215,74,103,43,43,92,142
082201460,2,‚Â‚­‚ÎŽs,ŒÃ—ˆ,0,,,226,187,144,44,76,43,28,82,99
082201470,2,‚Â‚­‚ÎŽs,‹g£,0,,,110,84,48,16,19,36,16,30,71
082201480,2,‚Â‚­‚ÎŽs,ãƒmŽº,0,,,665,482,392,140,199,90,68,168,307
082201490,2,‚Â‚­‚ÎŽs,ãL‰ª,0,,,443,280,252,97,124,28,32,97,143
08220149000,3,‚Â‚­‚ÎŽs,ãL‰ª,0,,,293,173,148,59,69,25,24,60,84
08220149001,3,‚Â‚­‚ÎŽs,ãL‰ªŽš–ì“c,0,,,150,107,104,38,55,3,8,37,59
082201500,2,‚Â‚­‚ÎŽs,‰ºL‰ª,0,,,1076,730,647,304,264,83,64,169,510
082201510,2,‚Â‚­‚ÎŽs,‘åŠp“¤,0,,,600,438,360,116,206,78,51,170,198
082201520,2,‚Â‚­‚ÎŽs,‘qŠ|,0,,,465,313,272,71,184,41,54,150,104
082201530,2,‚Â‚­‚ÎŽs,È–Ø,0,,,280,184,122,36,72,62,22,72,122
082201540,2,‚Â‚­‚ÎŽs,ŽÄè,0,,,394,189,159,50,88,30,27,70,98
082201551,2,‚Â‚­‚ÎŽs,‰ª‘ºV“c,0,,,-,-,-,-,-,-,-,-,-
082201552,2,‚Â‚­‚ÎŽs,“Œ‰ª,0,,,103,83,55,26,22,28,10,21,63
082201560,2,‚Â‚­‚ÎŽs,‰ÔŽº,0,,,653,416,374,90,251,42,77,205,123
082201570,2,‚Â‚­‚ÎŽs,ŒIŒ´,0,,,631,397,280,94,144,117,41,130,282
082201580,2,‚Â‚­‚ÎŽs,ã–ì,0,,,178,141,117,42,69,24,47,68,56
082201590,2,‚Â‚­‚ÎŽs,“V‰¤‘ä,0,,,1116,114,114,44,64,-,60,73,3
08220159001,3,‚Â‚­‚ÎŽs,“V‰¤‘ä‚P’š–Ú,0,,,-,-,-,-,-,-,-,-,-
08220159002,3,‚Â‚­‚ÎŽs,“V‰¤‘ä‚Q’š–Ú,0,,,1116,114,114,44,64,-,60,73,3
08220159003,3,‚Â‚­‚ÎŽs,“V‰¤‘ä‚R’š–Ú,0,,,-,-,-,-,-,-,-,-,-
082201600,2,‚Â‚­‚ÎŽs,“V‹v•Û,0,,,7521,385,345,123,181,40,63,192,194
08220160001,3,‚Â‚­‚ÎŽs,“V‹v•Û‚P’š–Ú,0,,,663,108,106,33,58,2,9,53,35
08220160002,3,‚Â‚­‚ÎŽs,“V‹v•Û‚Q’š–Ú,0,,,3985,159,145,45,85,14,44,96,67
08220160003,3,‚Â‚­‚ÎŽs,“V‹v•Û‚R’š–Ú,0,,,2097,56,44,22,17,12,6,25,61
08220160004,3,‚Â‚­‚ÎŽs,“V‹v•Û‚S’š–Ú,0,,,776,62,50,23,21,12,4,18,31
082201610,2,‚Â‚­‚ÎŽs,ŒáÈ,0,,,2878,1537,1502,478,894,35,350,812,256
08220161001,3,‚Â‚­‚ÎŽs,ŒáÈ‚P’š–Ú,0,,,507,320,312,97,195,8,84,171,59
08220161002,3,‚Â‚­‚ÎŽs,ŒáÈ‚Q’š–Ú,0,,,509,331,330,89,220,1,99,202,9
08220161003,3,‚Â‚­‚ÎŽs,ŒáÈ‚R’š–Ú,0,,,933,407,396,152,205,11,50,175,120
08220161004,3,‚Â‚­‚ÎŽs,ŒáÈ‚S’š–Ú,0,,,929,479,464,140,274,15,117,264,68
082201620,2,‚Â‚­‚ÎŽs,’|‰€,0,,,2324,1518,1486,358,996,32,360,920,256
08220162001,3,‚Â‚­‚ÎŽs,’|‰€‚P’š–Ú,0,,,1139,729,722,198,471,7,194,425,110
08220162002,3,‚Â‚­‚ÎŽs,’|‰€‚Q’š–Ú,0,,,571,292,283,83,164,9,57,161,82
08220162003,3,‚Â‚­‚ÎŽs,’|‰€‚R’š–Ú,0,,,614,497,481,77,361,16,109,334,64
082201630,2,‚Â‚­‚ÎŽs,çŒ»,0,,,1295,660,635,209,368,25,138,339,155
08220163001,3,‚Â‚­‚ÎŽs,çŒ»‚P’š–Ú,0,,,852,431,417,131,248,14,82,234,97
08220163002,3,‚Â‚­‚ÎŽs,çŒ»‚Q’š–Ú,0,,,443,229,218,78,120,11,56,105,58
082201640,2,‚Â‚­‚ÎŽs,•À–Ø,0,,,2076,1491,1447,297,946,44,326,938,255
08220164001,3,‚Â‚­‚ÎŽs,•À–Ø‚P’š–Ú,0,,,-,-,-,-,-,-,-,-,-
08220164002,3,‚Â‚­‚ÎŽs,•À–Ø‚Q’š–Ú,0,,,620,479,466,93,335,13,144,349,37
08220164003,3,‚Â‚­‚ÎŽs,•À–Ø‚R’š–Ú,0,,,869,562,541,111,353,21,88,341,128
08220164004,3,‚Â‚­‚ÎŽs,•À–Ø‚S’š–Ú,0,,,587,450,440,93,258,10,94,248,90
082201650,2,‚Â‚­‚ÎŽs,”~‰€,0,,,1400,836,786,254,445,50,168,409,249
08220165001,3,‚Â‚­‚ÎŽs,”~‰€‚P’š–Ú,0,,,-,-,-,-,-,-,-,-,-
08220165002,3,‚Â‚­‚ÎŽs,”~‰€‚Q’š–Ú,0,,,1400,836,786,254,445,50,168,409,249
082201660,2,‚Â‚­‚ÎŽs,÷,0,,,1768,394,356,135,177,38,68,160,140
08220166001,3,‚Â‚­‚ÎŽs,÷‚P’š–Ú,0,,,328,48,44,18,23,4,13,24,9
08220166002,3,‚Â‚­‚ÎŽs,÷‚Q’š–Ú,0,,,1115,228,204,80,105,24,30,83,93
08220166003,3,‚Â‚­‚ÎŽs,÷‚R’š–Ú,0,,,325,118,108,37,49,10,25,53,38
082201670,2,‚Â‚­‚ÎŽs,’}•ä,0,,,552,296,273,75,171,23,79,172,73
08220167001,3,‚Â‚­‚ÎŽs,’}•ä‚P’š–Ú,0,,,94,44,37,9,24,7,13,21,21
08220167002,3,‚Â‚­‚ÎŽs,’}•ä‚Q’š–Ú,0,,,271,136,128,37,72,8,37,79,26
08220167003,3,‚Â‚­‚ÎŽs,’}•ä‚R’š–Ú,0,,,187,116,108,29,75,8,29,72,26
082201680,2,‚Â‚­‚ÎŽs,–L—¢‚Ì“m,0,,,675,609,579,142,405,30,141,402,107
08220168001,3,‚Â‚­‚ÎŽs,–L—¢‚Ì“m‚P’š–Ú,0,,,295,270,256,64,176,14,37,169,55
08220168002,3,‚Â‚­‚ÎŽs,–L—¢‚Ì“m‚Q’š–Ú,0,,,380,339,323,78,229,16,104,233,52
082201690,2,‚Â‚­‚ÎŽs,“ìŒ´,0,,,-,-,-,-,-,-,-,-,-
082201700,2,‚Â‚­‚ÎŽs,ˆ®,0,,,-,-,-,-,-,-,-,-,-
082201710,2,‚Â‚­‚ÎŽs,¼‘ò,0,,,-,-,-,-,-,-,-,-,-
082201720,2,‚Â‚­‚ÎŽs,¼Œ´,0,,,-,-,-,-,-,-,-,-,-
082201730,2,‚Â‚­‚ÎŽs,’·•ô,0,,,-,-,-,-,-,-,-,-,-
082201740,2,‚Â‚­‚ÎŽs,Œ´,0,,,95,78,60,19,37,18,13,34,37
082201750,2,‚Â‚­‚ÎŽs,˜Z“l,0,,,37,35,19,4,13,16,3,10,28
082201760,2,‚Â‚­‚ÎŽs,¬Œs,0,,,135,120,78,22,46,42,18,52,75
082201770,2,‚Â‚­‚ÎŽs,‰ºŠâè,0,,,105,97,51,15,26,46,7,26,81
082201780,2,‚Â‚­‚ÎŽs,‹ã–œ’Ø,0,,,52,40,33,9,20,7,6,12,26
082201790,2,‚Â‚­‚ÎŽs,ãŠâè,0,,,197,167,105,39,46,62,23,48,135
082201800,2,‚Â‚­‚ÎŽs,–[“à,0,,,41,33,17,7,8,16,1,6,30
082201810,2,‚Â‚­‚ÎŽs,ŽáŒI,0,,,180,130,97,36,43,33,24,42,82
082201820,2,‚Â‚­‚ÎŽs,›ŠÔ,0,,,61,57,34,11,17,23,6,19,38
082201830,2,‚Â‚­‚ÎŽs,”ó‚Ì‘ò,0,,,77,67,60,16,37,7,11,25,35
082201840,2,‚Â‚­‚ÎŽs,‘åˆä,0,,,151,123,81,22,44,42,12,43,99
082201850,2,‚Â‚­‚ÎŽs,‚è,0,,,470,376,298,106,158,78,44,110,266
082201860,2,‚Â‚­‚ÎŽs,“V•óŠì,0,,,77,58,38,10,16,20,9,15,44
082201870,2,‚Â‚­‚ÎŽs,–q‰€,0,,,353,156,144,63,67,12,31,61,76
082201880,2,‚Â‚­‚ÎŽs,•ó—z‘ä,0,,,547,448,410,242,132,38,19,62,412
082201890,2,‚Â‚­‚ÎŽs,éŽR,0,,,426,351,319,165,116,32,16,54,305
082201900,2,‚Â‚­‚ÎŽs,÷‚ª‹u,0,,,392,311,287,144,106,24,15,36,302
082201910,2,‚Â‚­‚ÎŽs,X‚Ì—¢,0,,,1207,977,900,457,332,77,56,159,812
08220191001,3,‚Â‚­‚ÎŽs,X‚Ì—¢,0,,,594,488,446,250,146,42,21,57,430
08220191002,3,‚Â‚­‚ÎŽs,X‚Ì—¢,0,,,613,489,454,207,186,35,35,102,382
082201920,2,‚Â‚­‚ÎŽs,Žá—t,0,,,184,97,91,24,57,6,24,47,33
082201930,2,‚Â‚­‚ÎŽs,‚ ‚µ‚Ñ–ì,0,,,138,118,107,55,46,11,6,16,90
082201940,2,‚Â‚­‚ÎŽs,‚Œ©Œ´,0,,,2370,1508,1351,471,696,157,187,477,911
08220194001,3,‚Â‚­‚ÎŽs,‚Œ©Œ´‚P’š–Ú,0,,,945,492,453,162,236,39,72,170,262
08220194002,3,‚Â‚­‚ÎŽs,‚Œ©Œ´‚Q’š–Ú,0,,,580,382,335,97,190,47,54,139,218
08220194003,3,‚Â‚­‚ÎŽs,‚Œ©Œ´‚R’š–Ú,0,,,374,281,244,94,110,37,26,78,201
08220194004,3,‚Â‚­‚ÎŽs,‚Œ©Œ´‚S’š–Ú,0,,,294,211,189,77,87,22,20,52,149
08220194005,3,‚Â‚­‚ÎŽs,‚Œ©Œ´‚T’š–Ú,0,,,177,142,130,41,73,12,15,38,81
082201950,2,‚Â‚­‚ÎŽs,•xŽmŒ©‘ä,0,,,218,172,160,65,65,12,5,17,98
082201960,2,‚Â‚­‚ÎŽs,Ž©—RƒP‹u,0,,,723,558,514,247,205,44,38,116,450
08220196001,3,‚Â‚­‚ÎŽs,Ž©—RƒP‹u,0,,,243,189,173,89,61,16,13,41,144
08220196002,3,‚Â‚­‚ÎŽs,Ž©—RƒP‹u,0,,,480,369,341,158,144,28,25,75,306
082201970,2,‚Â‚­‚ÎŽs,”~ƒP‹u,0,,,188,159,138,72,55,21,11,25,105
082201980,2,‚Â‚­‚ÎŽs,’r‚Ì‘ä,0,,,-,-,-,-,-,-,-,-,-
082201990,2,‚Â‚­‚ÎŽs,¼‚Ì—¢,0,,,-,-,-,-,-,-,-,-,-
082202000,2,‚Â‚­‚ÎŽs,‹îž,0,,,25,24,11,5,2,13,2,6,15
082202010,2,‚Â‚­‚ÎŽs,Œsè,0,,,70,61,51,24,18,10,4,17,37
082202020,2,‚Â‚­‚ÎŽs,¬ŽR,0,,,32,27,15,3,7,12,3,9,22
082202030,2,‚Â‚­‚ÎŽs,‘åMŒË,0,,,40,34,21,9,11,13,3,13,27
082202040,2,‚Â‚­‚ÎŽs,×Œ©,0,,,39,32,17,5,8,15,1,8,31
082202050,2,‚Â‚­‚ÎŽs,”‘è,0,,,60,51,28,8,16,23,6,13,35
082202060,2,‚Â‚­‚ÎŽs,–¾_,0,,,126,82,68,31,26,14,3,13,82
082202070,2,‚Â‚­‚ÎŽs,ˆî‰×ì,0,,,-,-,-,-,-,-,-,-,-
082202080,2,‚Â‚­‚ÎŽs,¼ƒm‘ò,0,,,-,-,-,-,-,-,-,-,-
082202090,2,‚Â‚­‚ÎŽs,ˆî‰×Œ´,0,,,95,66,52,24,18,14,3,15,56
082202100,2,‚Â‚­‚ÎŽs,’rŒü,0,,,92,71,69,32,23,2,3,15,51
082202110,2,‚Â‚­‚ÎŽs,‘é–ìŒ´,0,,,33,21,18,12,5,3,-,2,14
082202120,2,‚Â‚­‚ÎŽs,’†ŽR,0,,,136,97,71,24,38,26,18,39,53
082202130,2,‚Â‚­‚ÎŽs,¼‘åˆä,0,,,146,121,91,28,44,30,13,37,72
082202140,2,‚Â‚­‚ÎŽs,˜a‘äŒ´,2,1192,,X,X,X,X,X,X,X,X,X
082202150,2,‚Â‚­‚ÎŽs,Šw‰€‚ÌX,0,,,753,438,428,162,250,10,212,260,33
08220215001,3,‚Â‚­‚ÎŽs,Šw‰€‚ÌX‚P’š–Ú,0,,,247,171,164,40,120,7,102,125,9
08220215002,3,‚Â‚­‚ÎŽs,Šw‰€‚ÌX‚Q’š–Ú,0,,,296,137,135,66,65,2,56,66,17
08220215003,3,‚Â‚­‚ÎŽs,Šw‰€‚ÌX‚R’š–Ú,0,,,210,130,129,56,65,1,54,69,7
082202160,2,‚Â‚­‚ÎŽs,Œ¤‹†Šw‰€,0,,,3299,1978,1906,496,1306,72,715,1265,245
08220216001,3,‚Â‚­‚ÎŽs,Œ¤‹†Šw‰€‚P’š–Ú,2,216002,,X,X,X,X,X,X,X,X,X
08220216002,3,‚Â‚­‚ÎŽs,Œ¤‹†Šw‰€‚Q’š–Ú,1,,216001,207,135,131,48,78,4,57,80,10
08220216003,3,‚Â‚­‚ÎŽs,Œ¤‹†Šw‰€‚R’š–Ú,0,,,325,201,197,55,133,4,103,129,12
08220216004,3,‚Â‚­‚ÎŽs,Œ¤‹†Šw‰€‚S’š–Ú,0,,,581,323,311,85,217,12,155,214,39
08220216005,3,‚Â‚­‚ÎŽs,Œ¤‹†Šw‰€‚T’š–Ú,0,,,1215,640,614,195,384,26,187,359,106
08220216006,3,‚Â‚­‚ÎŽs,Œ¤‹†Šw‰€‚U’š–Ú,0,,,538,384,362,73,260,22,95,247,62
08220216007,3,‚Â‚­‚ÎŽs,Œ¤‹†Šw‰€‚V’š–Ú,0,,,433,295,291,40,234,4,118,236,16
082202170,2,‚Â‚­‚ÎŽs,Šw‰€“ì,0,,,902,608,596,195,372,12,269,374,58
08220217001,3,‚Â‚­‚ÎŽs,Šw‰€“ì‚P’š–Ú,0,,,162,89,89,32,53,-,42,49,7
08220217002,3,‚Â‚­‚ÎŽs,Šw‰€“ì‚Q’š–Ú,0,,,287,193,190,78,98,3,69,97,30
08220217003,3,‚Â‚­‚ÎŽs,Šw‰€“ì‚R’š–Ú,0,,,453,326,317,85,221,9,158,228,21
082202180,2,‚Â‚­‚ÎŽs,Žæ‘ä,0,,,1055,718,689,216,419,29,299,398,87
08220218001,3,‚Â‚­‚ÎŽs,Žæ‘ä‚`,0,,,126,92,86,18,53,6,30,51,22
08220218002,3,‚Â‚­‚ÎŽs,Žæ‘ä‚a,0,,,929,626,603,198,366,23,269,347,65
082202190,2,‚Â‚­‚ÎŽs,z–K,0,,,661,304,295,122,143,9,95,146,57
08220219001,3,‚Â‚­‚ÎŽs,z–K‚b,0,,,598,270,264,109,126,6,83,128,51
08220219002,3,‚Â‚­‚ÎŽs,z–K‚c,0,,,63,34,31,13,17,3,12,18,6
08220219003,3,‚Â‚­‚ÎŽs,z–K‚d,0,,,-,-,-,-,-,-,-,-,-
082202200,2,‚Â‚­‚ÎŽs,wê,0,,,407,247,238,92,128,9,102,129,25
08220220001,3,‚Â‚­‚ÎŽs,wê‚c,0,,,-,-,-,-,-,-,-,-,-
08220220002,3,‚Â‚­‚ÎŽs,wê‚d,0,,,166,99,94,43,44,5,34,46,7
08220220003,3,‚Â‚­‚ÎŽs,wê‚e,0,,,76,51,48,14,29,3,18,27,15
08220220004,3,‚Â‚­‚ÎŽs,wê‚f,0,,,165,97,96,35,55,1,50,56,3
082202210,2,‚Â‚­‚ÎŽs,‚Ý‚Ç‚è‚Ì,1,,0071,1551,722,698,298,338,24,216,326,129
082202220,2,‚Â‚­‚ÎŽs,‚Ý‚Ç‚è‚Ì’†‰›,0,,,680,356,346,118,210,10,161,199,38
082202230,2,‚Â‚­‚ÎŽs,‚Ý‚Ç‚è‚Ì“Œ,0,,,144,84,82,38,36,2,31,40,10
082202240,2,‚Â‚­‚ÎŽs,‚Ý‚Ç‚è‚Ì“ì,1,,224001;224002,91,54,33,7,18,21,13,20,34
08220224001,3,‚Â‚­‚ÎŽs,‚Ý‚Ç‚è‚Ì“ì‚b,2,2240,,X,X,X,X,X,X,X,X,X
08220224002,3,‚Â‚­‚ÎŽs,‚Ý‚Ç‚è‚Ì“ì‚b,2,2240,,X,X,X,X,X,X,X,X,X
08220224003,3,‚Â‚­‚ÎŽs,‚Ý‚Ç‚è‚Ì“ì‚`,0,,,-,-,-,-,-,-,-,-,-
082202250,2,‚Â‚­‚ÎŽs,‘ä’¬,0,,,338,253,216,67,124,37,51,119,109
08220225001,3,‚Â‚­‚ÎŽs,‘ä’¬‚P’š–Ú,0,,,46,36,31,9,15,5,6,17,16
08220225002,3,‚Â‚­‚ÎŽs,‘ä’¬‚Q’š–Ú,0,,,154,115,96,35,50,19,21,49,60
08220225003,3,‚Â‚­‚ÎŽs,‘ä’¬‚R’š–Ú,0,,,138,102,89,23,59,13,24,53,33
08221,1,‚Ð‚½‚¿‚È‚©Žs,,0,,,61019,44281,38772,13635,19702,5509,6206,16216,23927
082210010,2,‚Ð‚½‚¿‚È‚©Žs,‹¤‰h’¬,0,,,197,101,87,30,41,14,18,38,53
082210020,2,‚Ð‚½‚¿‚È‚©Žs,Œ³’¬,0,,,82,46,34,17,13,12,3,8,46
082210030,2,‚Ð‚½‚¿‚È‚©Žs,Ÿ“c’†‰›,0,,,176,106,94,38,42,12,24,34,52
082210040,2,‚Ð‚½‚¿‚È‚©Žs,Ÿ“cò’¬,0,,,364,196,170,56,74,26,27,68,132
082210050,2,‚Ð‚½‚¿‚È‚©Žs,•\’¬,0,,,143,52,41,15,16,11,4,10,50
082210060,2,‚Ð‚½‚¿‚È‚©Žs,t“ú’¬,0,,,103,80,71,25,39,9,23,37,45
082210070,2,‚Ð‚½‚¿‚È‚©Žs,Îì’¬,0,,,560,323,318,121,164,5,76,163,87
082210080,2,‚Ð‚½‚¿‚È‚©Žs,Â—t’¬,0,,,560,254,248,70,160,6,46,130,47
082210090,2,‚Ð‚½‚¿‚È‚©Žs,‘å¬’¬,0,,,564,348,304,111,141,44,32,117,230
082210100,2,‚Ð‚½‚¿‚È‚©Žs,‘åŽš’†ª,0,,,4239,3099,2767,1104,1314,332,427,1033,1795
08221010000,3,‚Ð‚½‚¿‚È‚©Žs,‘åŽš’†ª,0,,,3148,2280,2041,819,970,239,321,758,1332
08221010001,3,‚Ð‚½‚¿‚È‚©Žs,‘åŽš’†ª,0,,,1091,819,726,285,344,93,106,275,463
082210110,2,‚Ð‚½‚¿‚È‚©Žs,‘åŽš“ŒÎì,0,,,3333,2316,2097,787,1093,219,389,923,1069
08221011000,3,‚Ð‚½‚¿‚È‚©Žs,‘åŽš“ŒÎì,0,,,1953,1299,1181,435,620,118,236,535,568
08221011001,3,‚Ð‚½‚¿‚È‚©Žs,‘åŽš“ŒÎì,0,,,1380,1017,916,352,473,101,153,388,501
082210120,2,‚Ð‚½‚¿‚È‚©Žs,‘åŽšŸ‘q,0,,,1209,908,786,258,397,122,143,319,521
082210130,2,‚Ð‚½‚¿‚È‚©Žs,‘åŽš•“c,0,,,913,633,558,196,300,75,115,265,309
082210140,2,‚Ð‚½‚¿‚È‚©Žs,Ÿ“c–{’¬,0,,,648,369,328,124,160,41,54,133,209
082210150,2,‚Ð‚½‚¿‚È‚©Žs,‘åŽš‹àã,0,,,661,489,435,165,215,54,77,177,256
082210160,2,‚Ð‚½‚¿‚È‚©Žs,‘åŽšŽO”½“c,0,,,1059,876,755,243,373,121,69,295,491
082210170,2,‚Ð‚½‚¿‚È‚©Žs,‘åŽšŽ}ì,0,,,506,401,327,123,160,74,35,103,298
082210180,2,‚Ð‚½‚¿‚È‚©Žs,‘åŽš’Ã“c,0,,,3084,2514,2165,887,1029,349,225,760,1738
08221018000,3,‚Ð‚½‚¿‚È‚©Žs,‘åŽš’Ã“c,0,,,2418,1978,1716,703,821,262,184,621,1331
08221018001,3,‚Ð‚½‚¿‚È‚©Žs,‘åŽš’Ã“c,0,,,666,536,449,184,208,87,41,139,407
082210190,2,‚Ð‚½‚¿‚È‚©Žs,‘åŽšŽs–Ñ,0,,,2301,1577,1448,457,729,129,264,676,743
08221019000,3,‚Ð‚½‚¿‚È‚©Žs,‘åŽšŽs–Ñ,0,,,2029,1390,1268,415,625,122,232,569,679
08221019001,3,‚Ð‚½‚¿‚È‚©Žs,‘åŽšŽs–Ñ,0,,,272,187,180,42,104,7,32,107,64
082210200,2,‚Ð‚½‚¿‚È‚©Žs,‘åŽš–xŒû,0,,,913,563,503,187,258,60,114,220,277
082210210,2,‚Ð‚½‚¿‚È‚©Žs,Ÿ“c’†Œ´’¬,0,,,46,32,30,7,23,2,7,13,4
082210221,2,‚Ð‚½‚¿‚È‚©Žs,‘åŽš‘O•l,2,022201,,X,X,X,X,X,X,X,X,X
082210222,2,‚Ð‚½‚¿‚È‚©Žs,‘åŽš”n“n,0,,,3167,2528,2233,820,1114,295,309,843,1473
08221022200,3,‚Ð‚½‚¿‚È‚©Žs,‘åŽš”n“n,0,,,2669,2107,1882,674,953,225,267,724,1183
08221022201,3,‚Ð‚½‚¿‚È‚©Žs,‘åŽš”n“n,1,,0221,498,421,351,146,161,70,42,119,290
082210230,2,‚Ð‚½‚¿‚È‚©Žs,‘åŽš’·»,0,,,346,294,214,72,121,80,32,91,196
082210240,2,‚Ð‚½‚¿‚È‚©Žs,‘åŽš‘«è,0,,,2658,2015,1778,683,914,237,293,737,1036
082210250,2,‚Ð‚½‚¿‚È‚©Žs,‘åŽš“c•F,0,,,3273,2049,1866,645,959,183,334,787,915
082210260,2,‚Ð‚½‚¿‚È‚©Žs,‘åŽšˆî“c,0,,,2064,1461,1332,481,667,129,255,567,667
082210270,2,‚Ð‚½‚¿‚È‚©Žs,‘åŽš²˜a,0,,,1148,1026,866,251,518,160,109,404,484
082210280,2,‚Ð‚½‚¿‚È‚©Žs,‘åŽš‚ê,0,,,3887,2665,2383,774,1307,282,467,1126,1025
08221028000,3,‚Ð‚½‚¿‚È‚©Žs,‘åŽš‚ê,0,,,3627,2510,2239,735,1218,271,438,1040,992
08221028001,3,‚Ð‚½‚¿‚È‚©Žs,‘åŽš‚ê,0,,,260,155,144,39,89,11,29,86,33
082210290,2,‚Ð‚½‚¿‚È‚©Žs,‘åŽš‚–ì,0,,,2525,2114,1826,652,941,288,243,773,1126
082210300,2,‚Ð‚½‚¿‚È‚©Žs,‘åŽšŒã‘ä,0,,,288,254,225,58,140,29,35,115,118
082210310,2,‚Ð‚½‚¿‚È‚©Žs,’·–x’¬,0,,,737,486,462,93,342,24,127,329,73
08221031001,3,‚Ð‚½‚¿‚È‚©Žs,’·–x’¬‚P’š–Ú,0,,,126,120,118,14,96,2,36,98,7
08221031002,3,‚Ð‚½‚¿‚È‚©Žs,’·–x’¬‚Q’š–Ú,0,,,321,231,213,68,134,18,49,136,50
08221031003,3,‚Ð‚½‚¿‚È‚©Žs,’·–x’¬‚R’š–Ú,0,,,290,135,131,11,112,4,42,95,16
082210320,2,‚Ð‚½‚¿‚È‚©Žs,¼ŒË’¬,0,,,450,329,293,87,165,36,54,150,144
08221032001,3,‚Ð‚½‚¿‚È‚©Žs,¼ŒË’¬‚P’š–Ú,0,,,104,70,63,14,38,7,8,34,30
08221032002,3,‚Ð‚½‚¿‚È‚©Žs,¼ŒË’¬‚Q’š–Ú,0,,,233,169,157,46,86,12,32,84,61
08221032003,3,‚Ð‚½‚¿‚È‚©Žs,¼ŒË’¬‚R’š–Ú,0,,,113,90,73,27,41,17,14,32,53
082210330,2,‚Ð‚½‚¿‚È‚©Žs,ù–ì’¬,0,,,473,336,306,128,139,30,57,107,193
08221033001,3,‚Ð‚½‚¿‚È‚©Žs,ù–ì’¬‚P’š–Ú,0,,,86,62,54,24,22,8,10,21,38
08221033002,3,‚Ð‚½‚¿‚È‚©Žs,ù–ì’¬‚Q’š–Ú,0,,,137,102,94,43,41,8,17,27,59
08221033003,3,‚Ð‚½‚¿‚È‚©Žs,ù–ì’¬‚R’š–Ú,0,,,250,172,158,61,76,14,30,59,96
082210340,2,‚Ð‚½‚¿‚È‚©Žs,Œã–ì,0,,,191,166,153,58,78,13,26,57,80
08221034001,3,‚Ð‚½‚¿‚È‚©Žs,Œã–ì‚P’š–Ú,0,,,90,77,69,19,42,8,19,36,29
08221034002,3,‚Ð‚½‚¿‚È‚©Žs,Œã–ì‚Q’š–Ú,0,,,101,89,84,39,36,5,7,21,51
082210350,2,‚Ð‚½‚¿‚È‚©Žs,¬»’¬,0,,,272,178,166,45,70,12,17,58,123
082210360,2,‚Ð‚½‚¿‚È‚©Žs,ã–ì,0,,,14,13,9,4,5,4,-,5,9
082210370,2,‚Ð‚½‚¿‚È‚©Žs,‚Í‚µ‚©‚×,0,,,714,531,486,174,263,45,91,216,256
08221037001,3,‚Ð‚½‚¿‚È‚©Žs,‚Í‚µ‚©‚×‚P’š–Ú,0,,,370,295,269,102,142,26,52,104,167
08221037002,3,‚Ð‚½‚¿‚È‚©Žs,‚Í‚µ‚©‚×‚Q’š–Ú,0,,,344,236,217,72,121,19,39,112,89
082210380,2,‚Ð‚½‚¿‚È‚©Žs,‘å•½,0,,,786,542,476,191,206,66,53,145,387
08221038001,3,‚Ð‚½‚¿‚È‚©Žs,‘å•½‚P’š–Ú,0,,,189,127,112,46,48,15,13,40,87
08221038002,3,‚Ð‚½‚¿‚È‚©Žs,‘å•½‚Q’š–Ú,0,,,257,174,157,63,77,17,17,47,116
08221038003,3,‚Ð‚½‚¿‚È‚©Žs,‘å•½‚R’š–Ú,0,,,209,153,133,53,53,20,16,41,107
08221038004,3,‚Ð‚½‚¿‚È‚©Žs,‘å•½‚S’š–Ú,0,,,131,88,74,29,28,14,7,17,77
082210390,2,‚Ð‚½‚¿‚È‚©Žs,“Œ‘å“‡,0,,,1283,832,753,270,323,79,92,278,440
08221039001,3,‚Ð‚½‚¿‚È‚©Žs,“Œ‘å“‡‚P’š–Ú,0,,,353,218,189,67,94,29,26,79,120
08221039002,3,‚Ð‚½‚¿‚È‚©Žs,“Œ‘å“‡‚Q’š–Ú,0,,,284,183,172,49,67,11,24,70,77
08221039003,3,‚Ð‚½‚¿‚È‚©Žs,“Œ‘å“‡‚R’š–Ú,0,,,449,300,276,102,115,24,30,88,173
08221039004,3,‚Ð‚½‚¿‚È‚©Žs,“Œ‘å“‡‚S’š–Ú,0,,,197,131,116,52,47,15,12,41,70
082210400,2,‚Ð‚½‚¿‚È‚©Žs,“ŒÎì,0,,,835,493,439,162,218,54,87,175,258
08221040001,3,‚Ð‚½‚¿‚È‚©Žs,“ŒÎì‚P’š–Ú,0,,,208,121,108,41,50,13,13,37,82
08221040002,3,‚Ð‚½‚¿‚È‚©Žs,“ŒÎì‚Q’š–Ú,0,,,244,126,111,45,52,15,25,35,68
08221040003,3,‚Ð‚½‚¿‚È‚©Žs,“ŒÎì‚R’š–Ú,0,,,383,246,220,76,116,26,49,103,108
082210410,2,‚Ð‚½‚¿‚È‚©Žs,¼‘å“‡,0,,,1293,798,728,259,355,70,121,286,435
08221041001,3,‚Ð‚½‚¿‚È‚©Žs,¼‘å“‡‚P’š–Ú,0,,,618,343,310,106,151,33,53,133,198
08221041002,3,‚Ð‚½‚¿‚È‚©Žs,¼‘å“‡‚Q’š–Ú,0,,,264,188,175,51,102,13,38,77,89
08221041003,3,‚Ð‚½‚¿‚È‚©Žs,¼‘å“‡‚R’š–Ú,0,,,411,267,243,102,102,24,30,76,148
082210420,2,‚Ð‚½‚¿‚È‚©Žs,ŠO–ì,0,,,857,547,509,150,289,38,100,255,150
08221042001,3,‚Ð‚½‚¿‚È‚©Žs,ŠO–ì‚P’š–Ú,0,,,442,315,295,101,152,20,57,144,94
08221042002,3,‚Ð‚½‚¿‚È‚©Žs,ŠO–ì‚Q’š–Ú,0,,,415,232,214,49,137,18,43,111,56
082210430,2,‚Ð‚½‚¿‚È‚©Žs,“°’[,1,,043001;043002,69,45,40,15,22,5,8,17,18
08221043001,3,‚Ð‚½‚¿‚È‚©Žs,“°’[‚P’š–Ú,2,0430,,X,X,X,X,X,X,X,X,X
08221043002,3,‚Ð‚½‚¿‚È‚©Žs,“°’[‚Q’š–Ú,2,0430,,X,X,X,X,X,X,X,X,X
082210440,2,‚Ð‚½‚¿‚È‚©Žs,ŠC–å’¬,0,,,287,204,159,69,51,45,10,33,184
08221044001,3,‚Ð‚½‚¿‚È‚©Žs,ŠC–å’¬‚P’š–Ú,0,,,122,92,72,26,34,20,7,20,76
08221044002,3,‚Ð‚½‚¿‚È‚©Žs,ŠC–å’¬‚Q’š–Ú,0,,,165,112,87,43,17,25,3,13,108
082210450,2,‚Ð‚½‚¿‚È‚©Žs,‰h’¬,0,,,201,141,117,50,49,24,16,29,120
08221045001,3,‚Ð‚½‚¿‚È‚©Žs,‰h’¬‚P’š–Ú,0,,,104,75,62,25,25,13,5,12,66
08221045002,3,‚Ð‚½‚¿‚È‚©Žs,‰h’¬‚Q’š–Ú,0,,,97,66,55,25,24,11,11,17,54
082210460,2,‚Ð‚½‚¿‚È‚©Žs,ŽRƒmã’¬,0,,,114,83,71,28,24,12,8,28,66
082210470,2,‚Ð‚½‚¿‚È‚©Žs,Žß‰Þ’¬,0,,,230,149,120,48,45,29,10,29,139
082210480,2,‚Ð‚½‚¿‚È‚©Žs,–©’†‰›,0,,,224,160,126,46,49,34,11,40,144
08221048001,3,‚Ð‚½‚¿‚È‚©Žs,–©’†‰›‚P’š–Ú,0,,,116,89,71,27,27,18,4,21,71
08221048002,3,‚Ð‚½‚¿‚È‚©Žs,–©’†‰›‚Q’š–Ú,0,,,108,71,55,19,22,16,7,19,73
082210490,2,‚Ð‚½‚¿‚È‚©Žs,–©–{’¬,0,,,179,143,109,52,35,34,8,26,133
082210500,2,‚Ð‚½‚¿‚È‚©Žs,“Œ–{’¬,0,,,191,139,96,47,29,43,10,30,138
082210510,2,‚Ð‚½‚¿‚È‚©Žs,•xŽmƒmã,0,,,190,143,105,39,40,38,10,27,130
082210520,2,‚Ð‚½‚¿‚È‚©Žs,˜a“c’¬,0,,,241,176,146,62,48,30,12,32,164
08221052001,3,‚Ð‚½‚¿‚È‚©Žs,˜a“c’¬‚P’š–Ú,0,,,119,76,68,33,20,8,5,12,76
08221052002,3,‚Ð‚½‚¿‚È‚©Žs,˜a“c’¬‚Q’š–Ú,0,,,110,88,70,26,25,18,5,16,82
08221052003,3,‚Ð‚½‚¿‚È‚©Žs,˜a“c’¬‚R’š–Ú,0,,,12,12,8,3,3,4,2,4,6
082210530,2,‚Ð‚½‚¿‚È‚©Žs,‹‹v•Û,0,,,360,265,212,84,81,53,13,48,228
08221053001,3,‚Ð‚½‚¿‚È‚©Žs,‹‹v•Û‚P’š–Ú,0,,,175,116,90,36,31,26,4,20,110
08221053002,3,‚Ð‚½‚¿‚È‚©Žs,‹‹v•Û‚Q’š–Ú,0,,,185,149,122,48,50,27,9,28,118
082210540,2,‚Ð‚½‚¿‚È‚©Žs,“aŽR’¬,0,,,418,311,257,103,108,54,24,90,226
08221054001,3,‚Ð‚½‚¿‚È‚©Žs,“aŽR’¬‚P’š–Ú,0,,,157,104,97,34,41,7,11,30,68
08221054002,3,‚Ð‚½‚¿‚È‚©Žs,“aŽR’¬‚Q’š–Ú,0,,,261,207,160,69,67,47,13,60,158
082210550,2,‚Ð‚½‚¿‚È‚©Žs,–©ò’¬,0,,,133,97,71,30,28,26,5,15,92
082210560,2,‚Ð‚½‚¿‚È‚©Žs,”ª”¦’¬,1,,0572,181,131,102,34,46,29,13,35,115
082210571,2,‚Ð‚½‚¿‚È‚©Žs,•xŽmƒm‰º,0,,,-,-,-,-,-,-,-,-,-
082210572,2,‚Ð‚½‚¿‚È‚©Žs,‘DŒE,2,0560,,X,X,X,X,X,X,X,X,X
082210580,2,‚Ð‚½‚¿‚È‚©Žs,’bŽ¡‰®ŒE,0,,,-,-,-,-,-,-,-,-,-
082210600,2,‚Ð‚½‚¿‚È‚©Žs,–©’†Œ´,0,,,62,56,51,14,27,5,8,19,29
082210610,2,‚Ð‚½‚¿‚È‚©Žs,¼Ôâ,0,,,92,65,57,22,28,8,8,16,49
082210620,2,‚Ð‚½‚¿‚È‚©Žs,Ôâ,0,,,82,72,61,17,35,11,8,29,37
082210630,2,‚Ð‚½‚¿‚È‚©Žs,‰GƒP‘ä,0,,,94,81,70,28,31,11,6,19,55
082210640,2,‚Ð‚½‚¿‚È‚©Žs,\ŽO•òs,0,,,100,89,75,27,34,14,16,35,38
082210650,2,‚Ð‚½‚¿‚È‚©Žs,¼\ŽO•òs,0,,,327,261,225,64,128,36,36,108,140
082210660,2,‚Ð‚½‚¿‚È‚©Žs,•”“c–ì,0,,,358,315,265,38,150,50,88,188,118
082210670,2,‚Ð‚½‚¿‚È‚©Žs,¬’J‹à,0,,,27,21,16,8,6,5,4,6,17
082210680,2,‚Ð‚½‚¿‚È‚©Žs,V’ç,1,,0970,5,5,3,-,3,2,-,2,4
082210690,2,‚Ð‚½‚¿‚È‚©Žs,“c‹{Œ´,0,,,427,334,302,74,138,32,41,141,177
082210700,2,‚Ð‚½‚¿‚È‚©Žs,ŠÙŽR,0,,,7,6,3,1,2,3,2,2,6
082210710,2,‚Ð‚½‚¿‚È‚©Žs,“´‰º’¬,0,,,120,90,78,24,35,12,6,23,67
082210720,2,‚Ð‚½‚¿‚È‚©Žs,‘Š‹à’¬,1,,1010,517,383,332,152,121,51,33,86,279
082210730,2,‚Ð‚½‚¿‚È‚©Žs,“c’†Œã,0,,,196,141,125,34,78,16,33,65,49
082210740,2,‚Ð‚½‚¿‚È‚©Žs,ŠÖŒË,0,,,10,8,7,3,2,1,1,1,5
082210750,2,‚Ð‚½‚¿‚È‚©Žs,•ôŒã,0,,,134,109,99,34,52,10,33,53,28
082210760,2,‚Ð‚½‚¿‚È‚©Žs,–ö‚ª‹u,0,,,362,304,250,106,112,54,12,51,265
082210770,2,‚Ð‚½‚¿‚È‚©Žs,–ö‘ò,0,,,89,76,54,15,34,22,6,22,62
082210780,2,‚Ð‚½‚¿‚È‚©Žs,”ü“c‘½’¬,0,,,62,54,38,14,19,16,4,14,41
082210790,2,‚Ð‚½‚¿‚È‚©Žs,K’¬,0,,,186,149,119,41,55,30,14,30,115
082210800,2,‚Ð‚½‚¿‚È‚©Žs,•½ˆé’¬,0,,,1435,1086,864,304,385,222,82,276,834
082210810,2,‚Ð‚½‚¿‚È‚©Žs,ˆéè’¬,0,,,738,620,448,151,207,172,32,135,488
082210820,2,‚Ð‚½‚¿‚È‚©Žs,ˆ¢ŽšƒP‰Y’¬,0,,,734,565,390,163,176,175,66,168,404
082210830,2,‚Ð‚½‚¿‚È‚©Žs,óˆä“à,0,,,22,17,11,5,6,6,2,6,16
082210840,2,‚Ð‚½‚¿‚È‚©Žs,‘_‘O,0,,,9,8,8,4,2,-,-,2,5
082210860,2,‚Ð‚½‚¿‚È‚©Žs,ŽRè,0,,,-,-,-,-,-,-,-,-,-
082210870,2,‚Ð‚½‚¿‚È‚©Žs,•½ˆé‰“Œ´’¬,0,,,277,240,186,64,100,54,28,68,146
082210880,2,‚Ð‚½‚¿‚È‚©Žs,’ß‘ã,0,,,28,25,17,7,8,8,-,4,15
082210890,2,‚Ð‚½‚¿‚È‚©Žs,˜a®’Ë,0,,,28,26,22,3,16,4,7,16,5
082210900,2,‚Ð‚½‚¿‚È‚©Žs,“¹ƒƒL,0,,,106,84,70,19,44,14,8,29,45
082210910,2,‚Ð‚½‚¿‚È‚©Žs,–k_•~‘ä,0,,,263,199,181,70,96,18,31,78,73
082210920,2,‚Ð‚½‚¿‚È‚©Žs,“ì_•~‘ä,0,,,271,214,184,50,112,30,37,90,91
082210930,2,‚Ð‚½‚¿‚È‚©Žs,‘òƒƒL,0,,,9,3,2,2,-,1,-,-,1
082210940,2,‚Ð‚½‚¿‚È‚©Žs,àÀ’J’Ã,0,,,7,6,6,2,3,-,-,1,4
082210950,2,‚Ð‚½‚¿‚È‚©Žs,‰ô‚è–Ú,0,,,6,3,3,2,-,-,-,-,4
082210970,2,‚Ð‚½‚¿‚È‚©Žs,‰J‘ò’J’Ã,2,0680,,X,X,X,X,X,X,X,X,X
082210980,2,‚Ð‚½‚¿‚È‚©Žs,VŒõ’¬,0,,,256,123,121,12,53,2,27,97,19
082210990,2,‚Ð‚½‚¿‚È‚©Žs,‘Š‹à,0,,,-,-,-,-,-,-,-,-,-
082211000,2,‚Ð‚½‚¿‚È‚©Žs,Ž‚Žq‘O,0,,,-,-,-,-,-,-,-,-,-
082211010,2,‚Ð‚½‚¿‚È‚©Žs,Žl\”­‹å,2,0720,,X,X,X,X,X,X,X,X,X
082211020,2,‚Ð‚½‚¿‚È‚©Žs,,0,,,-,-,-,-,-,-,-,-,-
082211030,2,‚Ð‚½‚¿‚È‚©Žs,’Ã“c“Œ,0,,,657,570,528,96,392,42,107,392,107
08221103001,3,‚Ð‚½‚¿‚È‚©Žs,’Ã“c“Œ‚P’š–Ú,0,,,105,98,94,28,54,4,24,52,23
08221103002,3,‚Ð‚½‚¿‚È‚©Žs,’Ã“c“Œ‚Q’š–Ú,0,,,83,50,42,16,22,8,10,24,24
08221103003,3,‚Ð‚½‚¿‚È‚©Žs,’Ã“c“Œ‚R’š–Ú,0,,,223,198,180,26,143,18,47,144,35
08221103004,3,‚Ð‚½‚¿‚È‚©Žs,’Ã“c“Œ‚S’š–Ú,0,,,246,224,212,26,173,12,26,172,25
082211040,2,‚Ð‚½‚¿‚È‚©Žs,¬ŠÑŽR,0,,,428,338,314,85,208,24,74,199,74
08221104001,3,‚Ð‚½‚¿‚È‚©Žs,¬ŠÑŽR‚P’š–Ú,0,,,193,159,145,41,94,14,46,92,32
08221104002,3,‚Ð‚½‚¿‚È‚©Žs,¬ŠÑŽR‚Q’š–Ú,0,,,235,179,169,44,114,10,28,107,42
082211050,2,‚Ð‚½‚¿‚È‚©Žs,¼Œõ’n,0,,,548,408,387,95,274,21,114,240,78
08221105001,3,‚Ð‚½‚¿‚È‚©Žs,¼Œõ’nˆê’š–Ú,0,,,125,79,73,10,63,6,15,47,23
08221105002,3,‚Ð‚½‚¿‚È‚©Žs,¼Œõ’n“ñ’š–Ú,0,,,272,197,190,47,133,7,62,122,32
08221105003,3,‚Ð‚½‚¿‚È‚©Žs,¼Œõ’nŽO’š–Ú,0,,,151,132,124,38,78,8,37,71,23
08222,1,Ž­“ˆŽs,,0,,,27408,18518,15457,6433,6843,3061,2581,6245,11921
082220010,2,Ž­“ˆŽs,éŽR,0,,,131,100,78,29,32,22,12,37,68
08222001001,3,Ž­“ˆŽs,éŽR‚P’š–Ú,0,,,24,14,12,4,8,2,1,5,11
08222001002,3,Ž­“ˆŽs,éŽR‚Q’š–Ú,0,,,19,12,9,4,2,3,1,7,9
08222001004,3,Ž­“ˆŽs,éŽR‚S’š–Ú,0,,,88,74,57,21,22,17,10,25,48
082220020,2,Ž­“ˆŽs,‹{‰º,0,,,477,170,149,44,85,21,30,69,87
08222002001,3,Ž­“ˆŽs,‹{‰º‚P’š–Ú,0,,,62,31,23,9,13,8,6,11,23
08222002002,3,Ž­“ˆŽs,‹{‰º‚Q’š–Ú,0,,,220,24,20,3,15,4,4,10,26
08222002003,3,Ž­“ˆŽs,‹{‰º‚R’š–Ú,0,,,27,13,11,6,5,2,1,1,11
08222002004,3,Ž­“ˆŽs,‹{‰º‚S’š–Ú,0,,,100,53,48,11,26,5,10,27,12
08222002005,3,Ž­“ˆŽs,‹{‰º‚T’š–Ú,0,,,68,49,47,15,26,2,9,20,15
082220030,2,Ž­“ˆŽs,‘åŽš‹{’†,0,,,3322,2333,2075,782,997,258,371,864,1233
08222003000,3,Ž­“ˆŽs,‘åŽš‹{’†,0,,,283,232,202,67,111,30,38,84,127
08222003001,3,Ž­“ˆŽs,‘åŽš‹{’†,0,,,1552,1059,951,339,460,108,177,418,569
08222003002,3,Ž­“ˆŽs,‘åŽš‹{’†,0,,,1487,1042,922,376,426,120,156,362,537
082220040,2,Ž­“ˆŽs,_–ì,0,,,456,330,278,91,129,52,47,114,205
08222004001,3,Ž­“ˆŽs,_–ì‚P’š–Ú,0,,,109,90,68,26,27,22,11,29,64
08222004002,3,Ž­“ˆŽs,_–ì‚Q’š–Ú,0,,,151,89,75,26,36,14,10,30,66
08222004003,3,Ž­“ˆŽs,_–ì‚R’š–Ú,0,,,155,116,108,31,51,8,22,43,54
08222004004,3,Ž­“ˆŽs,_–ì‚S’š–Ú,0,,,41,35,27,8,15,8,4,12,21
082220050,2,Ž­“ˆŽs,‘åŽš”«Œ`,0,,,653,318,275,98,139,43,52,111,158
082220060,2,Ž­“ˆŽs,”«Œ`‘ä,0,,,532,301,274,84,136,27,47,131,152
08222006001,3,Ž­“ˆŽs,”«Œ`‘ä‚P’š–Ú,0,,,122,79,69,25,32,10,5,24,49
08222006002,3,Ž­“ˆŽs,”«Œ`‘ä‚Q’š–Ú,0,,,264,147,137,40,64,10,31,70,64
08222006003,3,Ž­“ˆŽs,”«Œ`‘ä‚R’š–Ú,0,,,146,75,68,19,40,7,11,37,39
082220070,2,Ž­“ˆŽs,‘åŽš–Ø‘ê²“c’JŒ´“ü‰ï,0,,,60,39,34,13,16,5,8,16,17
082220080,2,Ž­“ˆŽs,‘åŽš²“c,0,,,435,263,220,83,88,43,30,87,185
082220090,2,Ž­“ˆŽs,‘åŽš–Ø‘ê,1,,0610,183,143,118,35,68,25,23,55,73
082220100,2,Ž­“ˆŽs,‘åŽšˆ¾¶,0,,,346,251,197,63,104,54,48,101,135
082220110,2,Ž­“ˆŽs,‘åŽš‘––,0,,,123,82,63,25,28,19,7,29,64
082220120,2,Ž­“ˆŽs,‘åŽš‰º”·,0,,,411,253,211,90,99,42,38,80,150
082220130,2,Ž­“ˆŽs,‘åŽšªŽO“c,0,,,204,168,127,55,46,41,24,49,115
082220140,2,Ž­“ˆŽs,‘åŽš’JŒ´,0,,,94,83,58,18,32,25,8,25,51
082220150,2,Ž­“ˆŽs,‘åŽš’·²,0,,,323,174,145,56,72,29,24,58,99
082220160,2,Ž­“ˆŽs,‘åŽšòì,1,,0380,132,63,45,24,13,18,6,17,47
082220170,2,Ž­“ˆŽs,‘åŽš˜kì,0,,,21,18,10,4,3,8,3,6,17
082220180,2,Ž­“ˆŽs,‘åŽš’Ü–Ø,0,,,108,98,56,23,26,42,10,23,75
082220190,2,Ž­“ˆŽs,‘åŽš‘å‘D’Ã,0,,,315,260,185,73,81,75,23,69,198
082220200,2,Ž­“ˆŽs,‘åŽšÀ”ö,0,,,506,179,139,65,53,40,14,38,156
082220210,2,Ž­“ˆŽs,‘åŽš“c–ì•Ó,0,,,69,51,34,13,15,17,3,9,42
082220220,2,Ž­“ˆŽs,‘åŽš“c’J,0,,,30,26,15,6,7,11,2,8,19
082220230,2,Ž­“ˆŽs,‘åŽš“c’JÀ,0,,,-,-,-,-,-,-,-,-,-
082220240,2,Ž­“ˆŽs,‘åŽš{‰ê,0,,,288,251,199,68,110,52,31,92,160
082220250,2,Ž­“ˆŽs,‘åŽš‰Ž“c,0,,,47,42,25,6,15,17,5,18,27
082220260,2,Ž­“ˆŽs,‘åŽšŽR”Vã,0,,,33,31,16,5,9,15,3,8,27
082220270,2,Ž­“ˆŽs,‘åŽš´…,0,,,178,145,79,32,35,66,10,38,133
082220280,2,Ž­“ˆŽs,‘åŽš–¾Î,0,,,232,200,146,61,70,54,27,73,134
082220290,2,Ž­“ˆŽs,‘åŽš_ŒüŽ›,0,,,214,171,123,45,55,48,24,63,101
082220300,2,Ž­“ˆŽs,‘åŽš¬‹{ì,0,,,100,69,41,9,21,28,10,18,68
082220310,2,Ž­“ˆŽs,‘åŽš‹{’Ã‘ä,0,,,1598,1182,1083,385,594,99,224,501,426
082220320,2,Ž­“ˆŽs,‘åŽš‰º’Ã,0,,,488,352,295,109,123,57,43,130,209
082220330,2,Ž­“ˆŽs,‚“VŒ´,0,,,760,299,283,100,164,16,104,161,93
08222033001,3,Ž­“ˆŽs,‚“VŒ´‚P’š–Ú,0,,,189,154,138,49,72,16,28,73,78
08222033002,3,Ž­“ˆŽs,‚“VŒ´‚Q’š–Ú,0,,,571,145,145,51,92,-,76,88,15
082220341,2,Ž­“ˆŽs,`ƒP‹u,0,,,493,359,330,139,161,29,95,153,118
08222034101,3,Ž­“ˆŽs,`ƒP‹u‚P’š–Ú,0,,,231,159,135,58,52,24,22,53,92
08222034102,3,Ž­“ˆŽs,`ƒP‹u‚Q’š–Ú,0,,,262,200,195,81,109,5,73,100,26
082220342,2,Ž­“ˆŽs,‘åŽš`ƒP‹u,0,,,393,288,254,111,118,34,40,84,149
082220350,2,Ž­“ˆŽs,ˆ®ƒP‹u,0,,,537,317,287,111,139,30,61,128,106
08222035001,3,Ž­“ˆŽs,ˆ®ƒP‹u‚P’š–Ú,0,,,357,211,194,72,94,17,38,88,66
08222035002,3,Ž­“ˆŽs,ˆ®ƒP‹u‚Q’š–Ú,0,,,180,106,93,39,45,13,23,40,40
082220360,2,Ž­“ˆŽs,‘åŽš•½ˆä,0,,,3435,2162,1867,674,909,295,358,856,1150
08222036000,3,Ž­“ˆŽs,‘åŽš•½ˆä,0,,,3163,1994,1722,620,847,272,332,793,1065
08222036001,3,Ž­“ˆŽs,‘åŽš•½ˆä,0,,,272,168,145,54,62,23,26,63,85
082220380,2,Ž­“ˆŽs,‘åŽšŒõ,2,0160,,X,X,X,X,X,X,X,X,X
082220390,2,Ž­“ˆŽs,‘åŽšV•l,0,,,-,-,-,-,-,-,-,-,-
082220400,2,Ž­“ˆŽs,–k‰Y,0,,,-,-,-,-,-,-,-,-,-
082220410,2,Ž­“ˆŽs,Ž­“‡`,0,,,-,-,-,-,-,-,-,-,-
082220420,2,Ž­“ˆŽs,‘åŽš‘å¬Žuè,0,,,324,252,177,88,62,75,20,64,227
082220430,2,Ž­“ˆŽs,‘åŽš•ˆäŠ˜,0,,,174,131,86,41,27,45,14,42,121
082220440,2,Ž­“ˆŽs,‘åŽš•l’Ã‰ê,0,,,469,339,285,180,73,54,26,77,327
082220450,2,Ž­“ˆŽs,‘åŽšrˆä,0,,,499,374,304,165,97,70,31,96,328
082220460,2,Ž­“ˆŽs,‘åŽšÂ’Ë,0,,,513,381,302,160,108,79,40,102,329
082220470,2,Ž­“ˆŽs,‘åŽšŠpÜ,0,,,620,435,346,203,93,89,30,78,424
082220480,2,Ž­“ˆŽs,‘åŽšr–ì,0,,,1268,966,800,422,278,166,98,256,787
082220490,2,Ž­“ˆŽs,‘åŽš¬ŽR,0,,,338,268,204,87,91,64,33,85,188
082220500,2,Ž­“ˆŽs,‘åŽš—Ñ,0,,,223,164,131,74,36,33,21,41,150
082220510,2,Ž­“ˆŽs,‘åŽš“Þ—Ç–Ñ,0,,,96,76,50,20,20,26,8,27,57
082220520,2,Ž­“ˆŽs,‘åŽš’†,0,,,652,505,398,177,153,107,42,124,373
082220530,2,Ž­“ˆŽs,‘åŽš’I–Ø,0,,,233,145,119,80,25,26,10,25,168
082220540,2,Ž­“ˆŽs,‘åŽš˜a,0,,,993,694,575,295,191,119,66,163,630
082220550,2,Ž­“ˆŽs,‘åŽš’Ã‰ê,0,,,680,515,417,209,145,98,34,120,455
082220560,2,Ž­“ˆŽs,‘åŽš•ˆä,0,,,374,270,206,127,54,64,19,54,265
082220570,2,Ž­“ˆŽs,‘åŽšŽuè,0,,,316,210,166,112,34,44,11,35,232
082220590,2,Ž­“ˆŽs,‹{’†,0,,,851,472,385,159,159,87,46,139,382
08222059001,3,Ž­“ˆŽs,‹{’†‚P’š–Ú,0,,,152,110,80,29,35,30,6,23,111
08222059002,3,Ž­“ˆŽs,‹{’†‚Q’š–Ú,0,,,73,46,32,16,11,14,5,11,40
08222059003,3,Ž­“ˆŽs,‹{’†‚R’š–Ú,0,,,102,64,55,25,25,9,9,23,32
08222059004,3,Ž­“ˆŽs,‹{’†‚S’š–Ú,0,,,107,25,20,9,9,5,2,9,30
08222059005,3,Ž­“ˆŽs,‹{’†‚T’š–Ú,0,,,73,34,26,7,13,8,5,14,29
08222059006,3,Ž­“ˆŽs,‹{’†‚U’š–Ú,0,,,104,55,45,15,20,10,7,19,52
08222059007,3,Ž­“ˆŽs,‹{’†‚V’š–Ú,0,,,64,49,45,23,16,4,2,11,37
08222059008,3,Ž­“ˆŽs,‹{’†‚W’š–Ú,0,,,176,89,82,35,30,7,10,29,51
082220600,2,Ž­“ˆŽs,•½ˆä“ì,0,,,94,79,73,12,32,6,12,45,23
082220610,2,Ž­“ˆŽs,‘åŽš–Ø‘ê²“c‰º”·’JŒ´“ü‰ï,2,0090,,X,X,X,X,X,X,X,X,X
082220620,2,Ž­“ˆŽs,~,0,,,573,350,318,119,168,32,75,151,136
08222062001,3,Ž­“ˆŽs,~‚P’š–Ú,0,,,90,59,54,18,33,5,11,30,19
08222062002,3,Ž­“ˆŽs,~‚Q’š–Ú,0,,,144,105,98,39,50,7,20,46,33
08222062003,3,Ž­“ˆŽs,~‚R’š–Ú,0,,,143,55,52,21,26,3,12,20,25
08222062004,3,Ž­“ˆŽs,~‚S’š–Ú,0,,,119,80,68,26,34,12,17,34,35
08222062005,3,Ž­“ˆŽs,~‚T’š–Ú,0,,,77,51,46,15,25,5,15,21,24
082220630,2,Ž­“ˆŽs,—Îƒ–‹u,0,,,391,321,301,74,205,20,80,202,72
08222063001,3,Ž­“ˆŽs,—Îƒ–‹u‚P’š–Ú,0,,,127,94,91,31,53,3,19,53,17
08222063002,3,Ž­“ˆŽs,—Îƒ–‹u‚Q’š–Ú,0,,,133,112,102,21,76,10,32,74,26
08222063003,3,Ž­“ˆŽs,—Îƒ–‹u‚R’š–Ú,0,,,107,93,87,17,63,6,23,61,24
08222063004,3,Ž­“ˆŽs,—Îƒ–‹u‚S’š–Ú,0,,,24,22,21,5,13,1,6,14,5
08223,1,’ª—ˆŽs,,0,,,10537,7811,5841,1949,2786,1970,884,2445,5351
082230010,2,’ª—ˆŽs,’ª—ˆ,0,,,1244,922,641,239,270,281,97,239,777
082230020,2,’ª—ˆŽs,‘å’Ë–ì,0,,,400,294,248,76,120,46,40,100,176
08223002001,3,’ª—ˆŽs,‘å’Ë–ì‚P’š–Ú,0,,,153,103,89,30,39,14,11,28,77
08223002002,3,’ª—ˆŽs,‘å’Ë–ì‚Q’š–Ú,0,,,247,191,159,46,81,32,29,72,99
082230030,2,’ª—ˆŽs,‚ ‚â‚ß,0,,,217,126,106,43,45,20,15,42,86
08223003001,3,’ª—ˆŽs,‚ ‚â‚ß‚P’š–Ú,0,,,59,25,21,10,6,4,4,6,18
08223003002,3,’ª—ˆŽs,‚ ‚â‚ß‚Q’š–Ú,0,,,158,101,85,33,39,16,11,36,68
082230040,2,’ª—ˆŽs,‘åF,0,,,92,77,38,12,22,39,6,25,66
082230050,2,’ª—ˆŽs,“ú‚Ìo,0,,,2659,1727,1554,449,795,173,250,713,783
08223005001,3,’ª—ˆŽs,“ú‚Ìo‚P’š–Ú,0,,,547,364,337,83,152,27,64,171,139
08223005002,3,’ª—ˆŽs,“ú‚Ìo‚Q’š–Ú,0,,,500,328,297,89,162,31,46,140,156
08223005003,3,’ª—ˆŽs,“ú‚Ìo‚R’š–Ú,0,,,108,79,69,22,38,10,10,22,41
08223005004,3,’ª—ˆŽs,“ú‚Ìo‚S’š–Ú,0,,,96,60,49,9,33,11,14,26,23
08223005005,3,’ª—ˆŽs,“ú‚Ìo‚T’š–Ú,0,,,432,317,287,73,143,30,42,146,116
08223005006,3,’ª—ˆŽs,“ú‚Ìo‚U’š–Ú,0,,,302,180,156,60,76,24,20,68,100
08223005007,3,’ª—ˆŽs,“ú‚Ìo‚V’š–Ú,0,,,321,186,167,48,94,19,33,80,78
08223005008,3,’ª—ˆŽs,“ú‚Ìo‚W’š–Ú,0,,,353,213,192,65,97,21,21,60,130
082230060,2,’ª—ˆŽs,’Ò,0,,,799,544,410,137,193,134,53,149,431
082230070,2,’ª—ˆŽs,’z’n,0,,,302,263,206,83,104,57,22,74,142
082230100,2,’ª—ˆŽs,‹{‘O,0,,,258,179,145,44,80,34,28,69,105
08223010001,3,’ª—ˆŽs,‹{‘O‚P’š–Ú,0,,,117,78,59,18,31,19,12,30,54
08223010002,3,’ª—ˆŽs,‹{‘O‚Q’š–Ú,0,,,141,101,86,26,49,15,16,39,51
082230110,2,’ª—ˆŽs,‘Oì,0,,,21,18,8,4,2,10,3,6,18
082230120,2,’ª—ˆŽs,…Œ´,0,,,257,218,126,33,66,92,18,52,192
082230130,2,’ª—ˆŽs,Š˜’J,0,,,80,69,34,12,12,35,5,18,59
082230140,2,’ª—ˆŽs,‘å¶,0,,,106,87,57,21,19,30,9,19,70
082230150,2,’ª—ˆŽs,‘å‰ê,0,,,68,61,32,14,14,29,6,11,55
082230160,2,’ª—ˆŽs,–k‰Y,0,,,-,-,-,-,-,-,-,-,-
082230170,2,’ª—ˆŽs,ŠO˜Q‹t‰Y,0,,,-,-,-,-,-,-,-,-,-
082230180,2,’ª—ˆŽs,‹–x,0,,,268,195,141,49,62,54,16,48,187
082230190,2,’ª—ˆŽs,‰iŽR,0,,,283,230,143,42,70,87,24,66,183
082230200,2,’ª—ˆŽs,–x”V“à,0,,,111,96,57,19,24,39,11,25,82
082230210,2,’ª—ˆŽs,–Î–Ø,0,,,81,72,51,18,27,21,8,20,49
082230220,2,’ª—ˆŽs,´…,0,,,98,84,45,16,15,39,8,23,70
082230230,2,’ª—ˆŽs,ãŒË,0,,,653,533,381,97,190,152,56,197,369
082230240,2,’ª—ˆŽs,“‡{,0,,,188,167,91,31,46,76,16,49,141
082230250,2,’ª—ˆŽs,‰àƒP‰Y,0,,,-,-,-,-,-,-,-,-,-
082230260,2,’ª—ˆŽs,{‰ê“ì,0,,,171,136,94,28,46,42,16,43,90
082230270,2,’ª—ˆŽs,{‰ê,0,,,51,28,19,7,5,9,5,8,27
082230280,2,’ª—ˆŽs,‹È¼“ì,0,,,186,150,102,36,41,48,11,45,104
082230290,2,’ª—ˆŽs,‹È¼,0,,,42,27,21,9,11,6,4,9,22
082230300,2,’ª—ˆŽs,¬ò“ì,0,,,119,93,57,21,25,36,9,28,79
082230310,2,’ª—ˆŽs,¬ò,0,,,130,111,71,27,34,40,10,25,93
082230320,2,’ª—ˆŽs,V‹{“ì,0,,,16,11,7,2,1,4,1,3,7
082230330,2,’ª—ˆŽs,V‹{,0,,,235,172,110,31,58,62,25,71,134
082230340,2,’ª—ˆŽs,‰„•û¼,0,,,191,146,116,40,66,30,20,42,105
082230350,2,’ª—ˆŽs,‰„•û“Œ,0,,,124,95,59,16,34,36,8,28,74
082230360,2,’ª—ˆŽs,Fè,0,,,253,180,146,61,59,34,30,51,86
082230370,2,’ª—ˆŽs,‰º“c,0,,,36,32,18,5,10,14,4,7,25
082230380,2,’ª—ˆŽs,‘åŽR,0,,,207,160,149,91,40,11,4,20,164
082230390,2,’ª—ˆŽs,ŒÃ‚,0,,,130,105,75,24,39,30,15,36,63
082230400,2,’ª—ˆŽs,‰„•û,0,,,208,179,83,22,41,96,16,49,150
082230410,2,’ª—ˆŽs,ì”ö,0,,,253,224,200,90,100,24,15,35,87
08224,1,Žç’JŽs,,0,,,24856,18608,16847,5600,9350,1761,3037,7189,8336
082240010,2,Žç’JŽs,¬ŽR,0,,,124,88,79,25,39,9,10,22,53
082240030,2,Žç’JŽs,“¯’n,0,,,59,53,42,8,26,11,9,22,28
082240040,2,Žç’JŽs,Ô–@‰Ô,0,,,20,14,8,1,4,6,1,6,12
082240050,2,Žç’JŽs,‚Ý‚¸‚«–ì,0,,,1982,1747,1633,771,718,114,72,254,1064
08224005001,3,Žç’JŽs,‚Ý‚¸‚«–ìˆê’š–Ú,0,,,257,224,208,91,96,16,5,33,120
08224005002,3,Žç’JŽs,‚Ý‚¸‚«–ì“ñ’š–Ú,0,,,176,153,142,70,61,11,3,21,87
08224005003,3,Žç’JŽs,‚Ý‚¸‚«–ìŽO’š–Ú,0,,,204,182,169,80,67,13,11,32,110
08224005004,3,Žç’JŽs,‚Ý‚¸‚«–ìŽl’š–Ú,0,,,160,144,134,54,66,10,5,18,88
08224005005,3,Žç’JŽs,‚Ý‚¸‚«–ìŒÜ’š–Ú,0,,,211,178,169,96,62,9,7,20,130
08224005006,3,Žç’JŽs,‚Ý‚¸‚«–ì˜Z’š–Ú,0,,,392,352,331,160,148,21,21,55,204
08224005007,3,Žç’JŽs,‚Ý‚¸‚«–ìŽµ’š–Ú,0,,,299,261,246,112,110,15,14,38,189
08224005008,3,Žç’JŽs,‚Ý‚¸‚«–ì”ª’š–Ú,0,,,283,253,234,108,108,19,6,37,136
082240060,2,Žç’JŽs,‚–ì,0,,,228,196,127,38,67,69,22,64,149
082240070,2,Žç’JŽs,—é’Ë,0,,,32,28,17,10,5,11,4,10,24
082240080,2,Žç’JŽs,‰³Žq,0,,,151,136,110,37,56,26,13,46,86
082240090,2,Žç’JŽs,–ì–Øè,0,,,431,386,266,78,153,120,49,125,254
082240100,2,Žç’JŽs,‘å”,0,,,511,431,338,89,189,93,70,164,254
082240110,2,Žç’JŽs,—§‘ò,1,,021001,575,377,299,94,169,78,62,144,215
082240120,2,Žç’JŽs,‘åŽRV“c,0,,,41,39,25,4,19,14,5,14,21
082240130,2,Žç’JŽs,‘å–Ø,0,,,141,125,75,19,37,50,14,43,93
082240140,2,Žç’JŽs,”ÂŒËˆä,0,,,357,311,212,71,102,99,31,84,218
082240150,2,Žç’JŽs,‚¯‚â‚«‘ä,0,,,1851,1337,1258,380,737,79,252,604,433
08224015001,3,Žç’JŽs,‚¯‚â‚«‘äˆê’š–Ú,0,,,259,138,130,50,64,8,26,56,40
08224015002,3,Žç’JŽs,‚¯‚â‚«‘ä“ñ’š–Ú,0,,,334,241,219,65,121,22,27,83,97
08224015003,3,Žç’JŽs,‚¯‚â‚«‘äŽO’š–Ú,0,,,479,362,347,100,217,15,97,179,104
08224015004,3,Žç’JŽs,‚¯‚â‚«‘äŽl’š–Ú,0,,,224,217,203,49,135,14,20,130,58
08224015005,3,Žç’JŽs,‚¯‚â‚«‘äŒÜ’š–Ú,0,,,267,163,156,48,89,7,43,81,53
08224015006,3,Žç’JŽs,‚¯‚â‚«‘ä˜Z’š–Ú,0,,,288,216,203,68,111,13,39,75,81
082240160,2,Žç’JŽs,¼ƒP‹u,0,,,2496,1846,1738,546,1019,108,307,743,750
08224016001,3,Žç’JŽs,¼ƒP‹uˆê’š–Ú,0,,,484,322,307,107,180,15,85,143,110
08224016002,3,Žç’JŽs,¼ƒP‹u“ñ’š–Ú,0,,,546,418,394,124,214,24,62,145,203
08224016003,3,Žç’JŽs,¼ƒP‹uŽO’š–Ú,0,,,251,205,195,69,109,10,26,68,93
08224016004,3,Žç’JŽs,¼ƒP‹uŽl’š–Ú,0,,,270,175,164,44,102,11,38,80,51
08224016005,3,Žç’JŽs,¼ƒP‹uŒÜ’š–Ú,0,,,421,318,301,107,166,17,37,113,144
08224016006,3,Žç’JŽs,¼ƒP‹u˜Z’š–Ú,0,,,271,202,190,46,122,12,30,104,73
08224016007,3,Žç’JŽs,¼ƒP‹uŽµ’š–Ú,0,,,253,206,187,49,126,19,29,90,76
082240170,2,Žç’JŽs,‹v•ÛƒP‹u,0,,,1174,976,895,314,489,81,102,302,501
08224017001,3,Žç’JŽs,‹v•ÛƒP‹uˆê’š–Ú,0,,,278,199,179,64,89,20,27,64,104
08224017002,3,Žç’JŽs,‹v•ÛƒP‹u“ñ’š–Ú,0,,,155,120,107,23,74,13,23,54,45
08224017003,3,Žç’JŽs,‹v•ÛƒP‹uŽO’š–Ú,0,,,276,241,226,104,105,15,17,40,183
08224017004,3,Žç’JŽs,‹v•ÛƒP‹uŽl’š–Ú,0,,,465,416,383,123,221,33,35,144,169
082240180,2,Žç’JŽs,ŒäŠƒP‹u,0,,,1262,851,789,282,419,62,130,305,431
08224018001,3,Žç’JŽs,ŒäŠƒP‹uˆê’š–Ú,0,,,9,3,3,2,1,-,1,1,-
08224018002,3,Žç’JŽs,ŒäŠƒP‹u“ñ’š–Ú,0,,,377,190,180,45,114,10,41,104,78
08224018003,3,Žç’JŽs,ŒäŠƒP‹uŽO’š–Ú,0,,,270,169,161,48,90,8,44,80,60
08224018004,3,Žç’JŽs,ŒäŠƒP‹uŽl’š–Ú,0,,,231,162,142,46,82,20,22,67,58
08224018005,3,Žç’JŽs,ŒäŠƒP‹uŒÜ’š–Ú,0,,,375,327,303,141,132,24,22,53,235
082240190,2,Žç’JŽs,¼‘O‘ä,0,,,2194,1643,1535,464,916,108,246,626,730
08224019001,3,Žç’JŽs,¼‘O‘äˆê’š–Ú,0,,,299,197,182,61,94,15,40,80,89
08224019002,3,Žç’JŽs,¼‘O‘ä“ñ’š–Ú,0,,,302,204,195,73,104,9,25,60,118
08224019003,3,Žç’JŽs,¼‘O‘äŽO’š–Ú,0,,,325,221,205,73,114,16,32,69,108
08224019004,3,Žç’JŽs,¼‘O‘äŽl’š–Ú,0,,,323,209,198,47,129,11,52,112,99
08224019005,3,Žç’JŽs,¼‘O‘äŒÜ’š–Ú,0,,,335,281,265,63,168,16,47,136,86
08224019006,3,Žç’JŽs,¼‘O‘ä˜Z’š–Ú,0,,,229,198,177,57,110,21,13,57,95
08224019007,3,Žç’JŽs,¼‘O‘äŽµ’š–Ú,0,,,381,333,313,90,197,20,37,112,135
082240200,2,Žç’JŽs,–òŽt‘ä,0,,,1941,1412,1327,388,752,85,204,621,514
08224020001,3,Žç’JŽs,–òŽt‘äˆê’š–Ú,0,,,245,155,146,35,89,9,24,78,53
08224020002,3,Žç’JŽs,–òŽt‘ä“ñ’š–Ú,0,,,343,278,263,69,175,15,57,149,66
08224020003,3,Žç’JŽs,–òŽt‘äŽO’š–Ú,0,,,228,170,156,48,91,14,24,70,73
08224020004,3,Žç’JŽs,–òŽt‘äŽl’š–Ú,0,,,316,261,247,61,113,14,26,107,82
08224020005,3,Žç’JŽs,–òŽt‘äŒÜ’š–Ú,0,,,258,220,207,62,124,13,35,86,77
08224020006,3,Žç’JŽs,–òŽt‘ä˜Z’š–Ú,0,,,257,128,121,37,70,7,14,66,65
08224020007,3,Žç’JŽs,–òŽt‘äŽµ’š–Ú,0,,,294,200,187,76,90,13,24,65,98
082240210,2,Žç’JŽs,—Î,0,,,X,X,X,X,X,X,X,X,X
08224021001,3,Žç’JŽs,—Îˆê’š–Ú,2,0110,,X,X,X,X,X,X,X,X,X
08224021002,3,Žç’JŽs,—Î“ñ’š–Ú,0,,,-,-,-,-,-,-,-,-,-
082240220,2,Žç’JŽs,”ü‰€,0,,,812,665,635,177,394,30,53,309,194
08224022001,3,Žç’JŽs,”ü‰€ˆê’š–Ú,0,,,153,132,122,22,86,10,10,76,36
08224022002,3,Žç’JŽs,”ü‰€“ñ’š–Ú,0,,,163,142,138,38,84,4,10,71,30
08224022003,3,Žç’JŽs,”ü‰€ŽO’š–Ú,0,,,210,162,155,45,89,7,14,58,52
08224022004,3,Žç’JŽs,”ü‰€Žl’š–Ú,0,,,176,136,130,38,83,6,13,58,42
08224022005,3,Žç’JŽs,”ü‰€ŒÜ’š–Ú,0,,,110,93,90,34,52,3,6,46,34
082240230,2,Žç’JŽs,–{’¬,0,,,2998,1995,1755,578,915,240,347,790,996
08224023009,3,Žç’JŽs,–{’¬“y“ƒ–{’¬,0,,,39,29,25,5,18,4,5,15,9
08224023015,3,Žç’JŽs,–{’¬Žá¼’¬,0,,,128,85,81,18,45,4,22,38,38
08224023019,3,Žç’JŽs,–{’¬V’¬,0,,,95,54,45,15,24,9,12,23,32
08224023020,3,Žç’JŽs,–{’¬â’¬,0,,,309,197,162,63,80,35,52,74,89
08224023021,3,Žç’JŽs,–{’¬ã’¬,0,,,278,173,153,69,74,20,31,56,78
08224023022,3,Žç’JŽs,–{’¬’‡’¬,0,,,156,107,96,22,62,11,30,65,26
08224023023,3,Žç’JŽs,–{’¬é“à,0,,,78,57,51,19,23,6,4,12,44
08224023024,3,Žç’JŽs,–{’¬‰º’¬,0,,,66,49,41,8,26,8,9,23,20
08224023025,3,Žç’JŽs,–{’¬‰ºV“c,0,,,703,390,354,115,195,36,76,171,198
08224023026,3,Žç’JŽs,–{’¬Œ§‰cƒAƒp[ƒg,0,,,101,91,87,10,21,4,8,57,21
08224023027,3,Žç’JŽs,–{’¬‚Â‚­‚µ–ì,0,,,56,52,49,18,22,3,4,11,26
08224023028,3,Žç’JŽs,–{’¬Š`‚Ì‘ò,0,,,53,16,15,4,8,1,3,7,8
08224023029,3,Žç’JŽs,–{’¬ˆ¤“†,0,,,375,244,209,77,105,35,33,84,144
08224023030,3,Žç’JŽs,–{’¬Vˆ¤“†,0,,,32,18,17,8,8,1,-,3,15
08224023031,3,Žç’JŽs,–{’¬“ìŽç’J,0,,,10,8,8,4,3,-,2,2,6
08224023032,3,Žç’JŽs,–{’¬¬ŽR,0,,,10,8,5,-,4,3,2,4,4
08224023033,3,Žç’JŽs,–{’¬’CV“c,0,,,75,66,56,16,33,10,10,24,41
08224023034,3,Žç’JŽs,–{’¬‰œŽR–{“c,0,,,116,97,71,30,30,26,10,26,75
08224023037,3,Žç’JŽs,–{’¬éŽR,1,,023038,48,38,33,12,18,5,5,11,27
08224023038,3,Žç’JŽs,–{’¬¶‹ß,2,023037,,X,X,X,X,X,X,X,X,X
08224023039,3,Žç’JŽs,–{’¬,0,,,46,28,26,11,15,2,4,9,4
08224023040,3,Žç’JŽs,–{’¬ŽR‰¤—l‘O,0,,,91,66,65,27,33,1,8,20,37
08224023041,3,Žç’JŽs,–{’¬‰œŽRV“c,0,,,43,35,23,6,12,12,2,8,30
08224023042,3,Žç’JŽs,–{’¬Žç’JƒRƒ‚ƒ“ƒY,0,,,90,87,83,21,56,4,15,47,24
082240241,2,Žç’JŽs,¼•À,0,,,120,114,108,25,81,6,59,78,12
082240242,2,Žç’JŽs,¼•À,0,,,523,383,335,106,188,48,64,137,240
08224024201,3,Žç’JŽs,¼•ÀŒ´–{’¬,0,,,31,23,18,7,8,5,2,6,21
08224024203,3,Žç’JŽs,¼•ÀŒ´,0,,,253,181,158,55,79,23,20,52,126
08224024236,3,Žç’JŽs,¼•À–k‰€,0,,,239,179,159,44,101,20,42,79,93
082240250,2,Žç’JŽs,•S‡ƒP‹uˆê’š–Ú,0,,,243,172,143,39,86,29,33,78,84
08224025002,3,Žç’JŽs,•S‡ƒP‹uˆê’š–Ú‘åŒ´,0,,,7,7,6,1,5,1,2,4,2
08224025003,3,Žç’JŽs,•S‡ƒP‹uˆê’š–ÚŒ´,0,,,168,114,93,26,53,21,23,53,53
08224025004,3,Žç’JŽs,•S‡ƒP‹uˆê’š–ÚŠâ’¬,0,,,52,35,30,8,19,5,5,15,23
08224025006,3,Žç’JŽs,•S‡ƒP‹uˆê’š–Ú´…,0,,,16,16,14,4,9,2,3,6,6
082240260,2,Žç’JŽs,•S‡ƒP‹u“ñ’š–Ú,0,,,869,628,564,190,303,64,106,250,305
08224026004,3,Žç’JŽs,•S‡ƒP‹u“ñ’š–ÚŠâ’¬,0,,,42,38,36,12,19,2,6,15,14
08224026005,3,Žç’JŽs,•S‡ƒP‹u“ñ’š–ÚŠâ“Œ’¬‰ï,0,,,91,71,65,23,35,6,9,27,33
08224026006,3,Žç’JŽs,•S‡ƒP‹u“ñ’š–Ú´…,0,,,511,369,334,103,190,35,68,153,177
08224026007,3,Žç’JŽs,•S‡ƒP‹u“ñ’š–Úˆ®’¬,0,,,32,25,22,10,11,3,5,7,12
08224026009,3,Žç’JŽs,•S‡ƒP‹u“ñ’š–Ú“y“ƒ–{’¬,0,,,6,4,3,1,2,1,-,2,5
08224026010,3,Žç’JŽs,•S‡ƒP‹u“ñ’š–Ú“y“ƒ’†‰›,0,,,112,75,65,25,29,10,9,28,47
08224026011,3,Žç’JŽs,•S‡ƒP‹u“ñ’š–Ú“y“ƒVŽR,0,,,75,46,39,16,17,7,9,18,17
082240270,2,Žç’JŽs,•S‡ƒP‹uŽO’š–Ú,0,,,1004,757,692,249,359,65,149,291,352
08224027009,3,Žç’JŽs,•S‡ƒP‹uŽO’š–Ú“y“ƒ–{’¬,0,,,81,51,45,12,26,6,9,13,29
08224027011,3,Žç’JŽs,•S‡ƒP‹uŽO’š–Ú“y“ƒVŽR,0,,,211,149,130,52,61,19,33,57,67
08224027012,3,Žç’JŽs,•S‡ƒP‹uŽO’š–Ú‚»’¬,0,,,439,371,349,118,190,22,87,164,143
08224027013,3,Žç’JŽs,•S‡ƒP‹uŽO’š–Ú‚³‚Â‚«‘ä,0,,,59,53,49,24,20,4,4,11,35
08224027014,3,Žç’JŽs,•S‡ƒP‹uŽO’š–Ú‚â‚È‚¬’¬,0,,,214,133,119,43,62,14,16,46,78
08224027016,3,Žç’JŽs,•S‡ƒP‹uŽO’š–Ú,0,,,-,-,-,-,-,-,-,-,-
082240280,2,Žç’JŽs,‚Ð‚ª‚µ–ì,0,,,1674,1285,1256,397,784,29,414,738,204
08224028001,3,Žç’JŽs,‚Ð‚ª‚µ–ìˆê’š–Ú,0,,,386,275,264,91,156,11,83,146,48
08224028002,3,Žç’JŽs,‚Ð‚ª‚µ–ì“ñ’š–Ú,0,,,731,586,576,177,364,10,219,338,105
08224028003,3,Žç’JŽs,‚Ð‚ª‚µ–ìŽO’š–Ú,0,,,501,385,380,110,249,5,102,237,46
08224028004,3,Žç’JŽs,‚Ð‚ª‚µ–ìŽl’š–Ú,0,,,56,39,36,19,15,3,10,17,5
082240290,2,Žç’JŽs,’†‰›,0,,,1043,613,586,220,324,27,209,319,119
08224029001,3,Žç’JŽs,’†‰›ˆê’š–Ú,0,,,409,306,294,95,181,12,107,175,57
08224029002,3,Žç’JŽs,’†‰›“ñ’š–Ú,0,,,148,100,94,32,48,6,24,47,32
08224029003,3,Žç’JŽs,’†‰›ŽO’š–Ú,0,,,252,148,141,61,72,7,59,72,24
08224029004,3,Žç’JŽs,’†‰›Žl’š–Ú,0,,,234,59,57,32,23,2,19,25,6
08225,1,í—¤‘å‹{Žs,,0,,,15963,11945,9500,3664,4313,2445,1146,3241,8875
082250010,2,í—¤‘å‹{Žs,‰h’¬,0,,,441,243,222,83,111,21,35,82,143
082250020,2,í—¤‘å‹{Žs,“ì’¬,0,,,356,223,188,71,86,35,34,72,150
082250030,2,í—¤‘å‹{Žs,’†•x’¬,0,,,351,257,229,85,107,28,46,99,132
082250050,2,í—¤‘å‹{Žs,’ŠƒP‘ä’¬,0,,,571,390,342,109,183,48,41,131,208
082250060,2,í—¤‘å‹{Žs,ã’¬,0,,,164,121,103,43,51,18,17,34,92
082250070,2,í—¤‘å‹{Žs,‰º’¬,0,,,230,172,142,64,63,30,16,41,107
082250080,2,í—¤‘å‹{Žs,–k’¬,0,,,130,93,65,15,34,28,8,29,78
082250120,2,í—¤‘å‹{Žs,“Œ•x’¬,0,,,299,210,191,86,71,19,21,45,147
082250130,2,í—¤‘å‹{Žs,‰W‰ê’¬,0,,,161,119,106,38,58,13,23,58,46
082250140,2,í—¤‘å‹{Žs,‚“n’¬,0,,,24,21,17,8,6,4,2,4,19
082250150,2,í—¤‘å‹{Žs,–ì’†’¬,0,,,421,309,277,92,152,32,50,111,187
082250160,2,í—¤‘å‹{Žs,“cŽq“à’¬,0,,,588,442,405,130,197,37,79,186,195
082250170,2,í—¤‘å‹{Žs,“Œ–ì,0,,,421,304,245,98,102,59,23,73,254
082250180,2,í—¤‘å‹{Žs,”ª“c,0,,,311,243,209,78,105,34,18,56,144
082250190,2,í—¤‘å‹{Žs,Žá—Ñ,0,,,343,269,228,64,130,41,23,115,139
082250200,2,í—¤‘å‹{Žs,¼‰–Žq,0,,,72,47,33,18,11,14,2,6,54
082250210,2,í—¤‘å‹{Žs,–k‰–Žq,0,,,144,114,84,30,37,30,7,21,96
082250221,2,í—¤‘å‹{Žs,Æ“c,0,,,39,29,24,12,10,5,1,5,27
082250222,2,í—¤‘å‹{Žs,Æ“c,0,,,73,57,51,16,24,6,9,18,39
082250230,2,í—¤‘å‹{Žs,ã‘å‰ê,0,,,189,144,113,49,46,31,10,32,129
082250240,2,í—¤‘å‹{Žs,Šâè,0,,,125,109,76,34,26,33,4,21,89
082250250,2,í—¤‘å‹{Žs,‘é‘ƒ,0,,,467,376,322,105,159,54,33,120,234
082250260,2,í—¤‘å‹{Žs,¬j,0,,,124,91,73,33,32,18,13,25,69
082250270,2,í—¤‘å‹{Žs,’CƒmŒû,0,,,93,79,57,20,25,22,3,13,74
082250280,2,í—¤‘å‹{Žs,‰–Œ´,0,,,102,83,67,35,25,16,3,22,68
082250290,2,í—¤‘å‹{Žs,¬‘q,0,,,158,125,85,36,38,40,6,31,102
082250300,2,í—¤‘å‹{Žs,•x‰ª,0,,,175,132,102,43,43,30,4,23,115
082250310,2,í—¤‘å‹{Žs,‰ºŠâ£,0,,,106,85,66,31,24,19,6,16,62
082250320,2,í—¤‘å‹{Žs,ãŠâ£,0,,,179,155,111,47,49,44,13,39,123
082250330,2,í—¤‘å‹{Žs,ª–{,0,,,78,65,49,16,25,16,6,19,49
082250340,2,í—¤‘å‹{Žs,ò,0,,,739,504,435,157,229,69,72,182,255
082250350,2,í—¤‘å‹{Žs,‰F—¯–ì,0,,,333,238,194,61,108,44,26,75,165
082250360,2,í—¤‘å‹{Žs,‰º‘º“c,0,,,290,224,184,81,80,40,27,65,161
082250370,2,í—¤‘å‹{Žs,ã‘º“c,0,,,391,295,240,74,144,55,46,133,148
082250380,2,í—¤‘å‹{Žs,Î‘ò,0,,,449,324,276,95,147,48,60,118,153
082250390,2,í—¤‘å‹{Žs,¬ê,0,,,319,254,210,104,77,44,27,52,188
082250400,2,í—¤‘å‹{Žs,¬–ì,0,,,157,122,98,38,46,24,6,28,97
082250410,2,í—¤‘å‹{Žs,ŽO”ü,0,,,206,172,138,54,67,34,14,41,116
082250420,2,í—¤‘å‹{Žs,H‹Æ’c’n,0,,,-,-,-,-,-,-,-,-,-
082250430,2,í—¤‘å‹{Žs,M¶,0,,,177,129,101,46,37,28,4,17,115
082250440,2,í—¤‘å‹{Žs,ŽR•û,0,,,653,522,407,165,165,115,31,111,424
082250450,2,í—¤‘å‹{Žs,–ìã,0,,,492,392,325,105,168,67,31,116,266
082250460,2,í—¤‘å‹{Žs,¬ŠÑ,0,,,135,109,77,31,29,32,4,22,94
082250470,2,í—¤‘å‹{Žs,ÆŽR,0,,,66,49,36,21,11,13,2,7,54
082250490,2,í—¤‘å‹{Žs,’·“c,0,,,112,88,68,24,30,20,4,23,78
082250500,2,í—¤‘å‹{Žs,’·‘ò,0,,,43,30,23,13,5,7,-,2,38
082250510,2,í—¤‘å‹{Žs,”‘ò,0,,,193,120,99,44,27,21,5,11,155
082250520,2,í—¤‘å‹{Žs,¼–ì“à,0,,,151,117,84,40,30,33,9,20,99
082250530,2,í—¤‘å‹{Žs,–k•x“c,0,,,24,16,12,8,2,4,1,1,19
082250540,2,í—¤‘å‹{Žs,·‹à,0,,,201,143,113,57,39,30,7,26,147
082250550,2,í—¤‘å‹{Žs,‹v—²,0,,,35,23,19,10,8,4,-,3,27
082250560,2,í—¤‘å‹{Žs,‰Æ˜aŠy,0,,,53,38,26,15,8,12,5,9,35
082250570,2,í—¤‘å‹{Žs,“ß‰ê,0,,,80,59,43,19,16,16,3,7,62
082250580,2,í—¤‘å‹{Žs,‰º¬£,0,,,84,64,39,16,18,25,5,14,56
082250590,2,í—¤‘å‹{Žs,‘’·,0,,,111,85,66,36,18,19,2,16,71
082250600,2,í—¤‘å‹{Žs,¬‹Ê,0,,,23,17,11,4,4,6,-,4,18
082250610,2,í—¤‘å‹{Žs,ã¬£,0,,,453,358,275,101,123,83,35,102,277
08225061001,3,í—¤‘å‹{Žs,ã¬£‰º‹½,0,,,128,107,86,41,38,21,13,26,76
08225061002,3,í—¤‘å‹{Žs,ã¬£h,0,,,133,108,80,25,37,28,13,33,82
08225061003,3,í—¤‘å‹{Žs,ã¬£–{‹½,0,,,45,29,20,5,9,9,1,7,29
08225061004,3,í—¤‘å‹{Žs,ã¬£ì¼,0,,,97,80,66,20,35,14,7,29,52
08225061005,3,í—¤‘å‹{Žs,ã¬£¼ª,0,,,50,34,23,10,4,11,1,7,38
082250620,2,í—¤‘å‹{Žs,‘åŠâ,0,,,98,76,52,21,18,24,4,13,76
082250630,2,í—¤‘å‹{Žs,¬M,0,,,159,130,93,37,44,37,10,30,108
082250640,2,í—¤‘å‹{Žs,–û‰Í“à,0,,,50,29,26,9,11,3,1,3,39
082250650,2,í—¤‘å‹{Žs,¼”V‘,0,,,21,13,9,3,4,4,-,-,19
082250660,2,í—¤‘å‹{Žs,¬£‘ò,0,,,44,30,20,10,8,10,-,4,29
082250670,2,í—¤‘å‹{Žs,‹gŠÛ,0,,,42,28,24,6,14,4,-,1,31
082250680,2,í—¤‘å‹{Žs,“ü–{‹½,0,,,43,30,16,5,7,14,-,5,37
082250690,2,í—¤‘å‹{Žs,ç“c,0,,,65,53,31,9,13,22,3,12,45
082250700,2,í—¤‘å‹{Žs,–ìŒû,0,,,389,310,222,90,97,88,32,81,253
082250710,2,í—¤‘å‹{Žs,–ìŒû•½,0,,,121,99,73,29,30,26,7,18,78
082250720,2,í—¤‘å‹{Žs,–åˆä,0,,,71,52,36,16,10,16,3,8,54
082250730,2,í—¤‘å‹{Žs,’·‘q,0,,,202,154,114,33,53,40,11,45,123
082250740,2,í—¤‘å‹{Žs,–ì“c,0,,,121,91,63,30,26,28,8,23,89
082250750,2,í—¤‘å‹{Žs,H“c,0,,,45,32,25,12,11,7,2,4,29
082250760,2,í—¤‘å‹{Žs,’†‹,0,,,51,45,33,17,9,12,2,7,44
082250770,2,í—¤‘å‹{Žs,‹àˆä,0,,,34,26,16,8,4,10,1,2,27
082250780,2,í—¤‘å‹{Žs,‰ºˆÉ¨”¨,0,,,177,131,105,45,46,26,8,27,112
082250790,2,í—¤‘å‹{Žs,ãˆÉ¨”¨,0,,,72,58,39,17,16,19,-,6,48
082250800,2,í—¤‘å‹{Žs,žwŽR,0,,,28,21,17,10,6,4,2,5,22
082250810,2,í—¤‘å‹{Žs,•X”V‘ò,0,,,102,67,45,20,11,22,4,10,79
082250820,2,í—¤‘å‹{Žs,‰º•O‘ò,0,,,258,192,136,64,47,56,14,30,188
082250830,2,í—¤‘å‹{Žs,ã•O‘ò,0,,,126,90,62,26,24,28,4,14,90
082250840,2,í—¤‘å‹{Žs,‚•”,0,,,382,301,197,85,75,104,17,54,295
082250850,2,í—¤‘å‹{Žs,¬“c–ì,0,,,147,117,74,24,34,43,20,43,102
082250860,2,í—¤‘å‹{Žs,˜hŽq,0,,,210,171,91,30,29,80,11,44,169
082250870,2,í—¤‘å‹{Žs,‹{‚Ì‹½,0,,,-,-,-,-,-,-,-,-,-
08226,1,“ß‰ÏŽs,,0,,,19965,15782,13354,4968,6546,2428,1827,4882,9753
082260010,2,“ß‰ÏŽs,•Ÿ“c,0,,,485,408,339,128,164,69,34,118,269
082260020,2,“ß‰ÏŽs,›’J,0,,,7183,5319,4780,1712,2458,539,855,1964,2679
08226002001,3,“ß‰ÏŽs,›’Jë“à,0,,,712,555,488,179,238,67,65,164,327
08226002002,3,“ß‰ÏŽs,›’J“Œ‘g,0,,,1155,886,814,258,474,72,151,374,296
08226002003,3,“ß‰ÏŽs,›’JŠñ‹,0,,,282,226,195,76,92,31,31,74,145
08226002004,3,“ß‰ÏŽs,›’J’‡”V“à,0,,,1158,891,793,332,366,98,110,266,582
08226002005,3,“ß‰ÏŽs,›’J–x”V“à,0,,,349,261,225,94,105,36,28,85,160
08226002006,3,“ß‰ÏŽs,›’J‰ºh,0,,,983,714,652,246,325,62,130,292,299
08226002007,3,“ß‰ÏŽs,›’J’†h,0,,,753,534,470,153,242,64,83,199,264
08226002008,3,“ß‰ÏŽs,›’Jãh,0,,,1068,710,643,224,317,67,130,240,388
08226002009,3,“ß‰ÏŽs,›’Jˆê‚ÌŠÖ,0,,,723,542,500,150,299,42,127,270,218
082260030,2,“ß‰ÏŽs,–L‹ò,0,,,241,185,141,61,62,44,15,44,147
082260040,2,“ß‰ÏŽs,Œã‘ä,0,,,1352,1128,965,351,467,163,111,362,719
082260050,2,“ß‰ÏŽs,¼–Ø‘q,0,,,168,143,128,56,55,15,14,36,102
082260060,2,“ß‰ÏŽs,“Œ–Ø‘q,0,,,243,191,154,66,68,37,21,56,142
082260070,2,“ß‰ÏŽs,’†‘ä,0,,,750,573,485,188,237,88,47,150,434
082260080,2,“ß‰ÏŽs,’Ã“c,0,,,154,105,93,36,41,12,14,32,73
082260090,2,“ß‰ÏŽs,‰º]ŒË,0,,,101,81,60,27,21,21,4,13,78
082260110,2,“ß‰ÏŽs,‘å“à,0,,,51,38,31,11,13,7,1,4,40
082260120,2,“ß‰ÏŽs,“cè,0,,,82,70,54,22,25,16,1,17,51
082260130,2,“ß‰ÏŽs,ŒË,0,,,378,306,232,84,107,74,15,56,245
082260140,2,“ß‰ÏŽs,ŒËè,0,,,358,292,249,88,124,43,30,86,186
082260150,2,“ß‰ÏŽs,ƒ‘ƒ,0,,,620,524,428,131,214,96,61,164,339
082260160,2,“ß‰ÏŽs,”Ñ“c,0,,,632,527,420,151,210,107,47,141,368
082260170,2,“ß‰ÏŽs,–å•”,0,,,364,290,233,102,97,57,16,71,217
082260180,2,“ß‰ÏŽs,Ž­“‡,0,,,64,53,42,11,26,11,1,13,42
082260190,2,“ß‰ÏŽs,–kŽðo,0,,,101,85,61,22,33,24,5,24,62
082260200,2,“ß‰ÏŽs,“ìŽðo,0,,,306,245,201,85,86,44,21,60,188
082260210,2,“ß‰ÏŽs,Šz“c–k‹½,0,,,381,316,254,99,110,62,16,77,236
082260220,2,“ß‰ÏŽs,Šz“c“Œ‹½,0,,,200,171,122,47,54,49,14,42,137
082260230,2,“ß‰ÏŽs,Šz“c“ì‹½,0,,,682,575,458,165,221,117,40,159,412
082260240,2,“ß‰ÏŽs,–{•Äè,0,,,371,301,231,85,110,70,26,67,240
082260250,2,“ß‰ÏŽs,ŒüŽR,0,,,190,168,130,47,65,38,13,43,118
082260260,2,“ß‰ÏŽs,‰¡–x,0,,,445,377,303,116,145,74,43,105,255
082260270,2,“ß‰ÏŽs,’ç,0,,,217,177,145,48,82,32,16,54,119
082260280,2,“ß‰ÏŽs,™,0,,,591,482,413,168,194,69,68,145,231
082260290,2,“ß‰ÏŽs,Ã,0,,,152,127,86,30,42,41,9,34,112
082260300,2,“ß‰ÏŽs,‰º‘å‰ê,0,,,301,250,191,85,81,59,17,63,195
082260310,2,“ß‰ÏŽs,‰Z˜A,0,,,969,775,617,237,271,158,78,244,529
082260320,2,“ß‰ÏŽs,ŒÃ“¿,0,,,230,199,158,64,75,41,18,53,137
082260330,2,“ß‰ÏŽs,’†—¢,0,,,277,230,185,66,92,45,26,65,160
082260340,2,“ß‰ÏŽs,Ž­“‡,0,,,95,73,55,24,27,18,3,14,59
082260350,2,“ß‰ÏŽs,•½–ì,0,,,707,595,529,227,245,66,41,114,309
08226035001,3,“ß‰ÏŽs,•½–ì‚P‹æ,0,,,222,185,161,79,66,24,9,30,119
08226035002,3,“ß‰ÏŽs,•½–ì‚Q‹æ,0,,,267,226,201,89,93,25,15,43,114
08226035003,3,“ß‰ÏŽs,•½–ì‚R‹æ,0,,,218,184,167,59,86,17,17,41,76
082260360,2,“ß‰ÏŽs,’|ƒm“à,0,,,524,403,381,128,224,22,86,192,123
08226036001,3,“ß‰ÏŽs,’|ƒm“à‚P’š–Ú,0,,,185,150,140,50,78,10,30,66,56
08226036002,3,“ß‰ÏŽs,’|ƒm“à‚Q’š–Ú,0,,,110,90,84,24,55,6,14,32,42
08226036003,3,“ß‰ÏŽs,’|ƒm“à‚R’š–Ú,0,,,119,70,68,28,35,2,11,33,11
08226036004,3,“ß‰ÏŽs,’|ƒm“à‚S’š–Ú,0,,,110,93,89,26,56,4,31,61,14
08227,1,’}¼Žs,,0,,,35613,27595,19619,6494,9461,7976,3400,9310,18763
082270010,2,’}¼Žs,–{é’¬,0,,,363,234,187,81,70,47,25,56,206
082270020,2,’}¼Žs,ˆ®’¬,0,,,147,108,83,26,34,25,7,29,97
082270030,2,’}¼Žs,‹àˆä’¬,0,,,57,45,37,17,12,8,3,13,37
082270040,2,’}¼Žs,“c’¬,0,,,26,16,11,6,3,5,-,3,15
082270050,2,’}¼Žs,––L’¬,0,,,39,32,24,10,10,8,3,8,26
082270060,2,’}¼Žs,t“ú’¬,0,,,16,13,7,3,4,6,2,2,13
082270070,2,’}¼Žs,÷’¬,0,,,56,34,27,8,14,7,1,6,38
082270080,2,’}¼Žs,‘éê’¬,0,,,106,77,55,19,27,22,8,20,72
082270090,2,’}¼Žs,–òŽt’¬,0,,,59,24,19,9,4,5,3,6,35
082270100,2,’}¼Žs,¼’¬,0,,,74,56,45,25,15,11,5,7,52
082270110,2,’}¼Žs,“Œ’¬,0,,,35,26,19,8,7,7,2,7,27
082270120,2,’}¼Žs,V‰Ô’¬,0,,,84,57,36,12,18,21,2,16,58
082270130,2,’}¼Žs,‰h’¬,0,,,142,93,76,26,33,17,6,32,70
082270140,2,’}¼Žs,r’¬,0,,,84,52,34,12,17,18,6,14,51
082270150,2,’}¼Žs,ò’¬,0,,,172,130,93,33,39,37,13,36,107
082270160,2,’}¼Žs,•xŽmŒ©’¬,0,,,287,179,153,56,68,26,22,57,111
082270170,2,’}¼Žs,ˆî‰×’¬,0,,,130,94,72,25,31,22,14,23,85
082270180,2,’}¼Žs,“c’†’¬,0,,,45,29,21,9,7,8,2,6,29
082270190,2,’}¼Žs,ªŠÝ’¬,0,,,19,11,8,6,1,3,1,1,14
082270200,2,’}¼Žs,‘å’¬,0,,,72,63,44,18,17,19,1,14,48
082270210,2,’}¼Žs,\Œ¬’¬,0,,,7,4,1,-,1,3,1,1,6
082270220,2,’}¼Žs,“ì’¬,0,,,199,132,106,40,46,26,12,34,101
082270230,2,’}¼Žs,›’J,0,,,294,214,174,60,82,40,26,70,123
082270240,2,’}¼Žs,ŠO’Ë,0,,,170,127,104,32,60,23,29,58,63
082270250,2,’}¼Žs,¼’JŠL,0,,,92,59,42,20,14,17,9,23,38
082270260,2,’}¼Žs,‰ª‹Ú,0,,,720,509,397,131,197,112,92,192,297
08227026000,3,’}¼Žs,‰ª‹Ú,0,,,451,329,241,69,124,88,51,122,217
08227026001,3,’}¼Žs,‰ª‹Ú,0,,,269,180,156,62,73,24,41,70,80
082270270,2,’}¼Žs,’J’†,0,,,19,17,8,5,2,9,1,6,15
082270280,2,’}¼Žs,ÎŒ´“c,0,,,34,26,13,3,8,13,3,6,22
082270290,2,’}¼Žs,¼‘å“‡,0,,,54,42,26,8,14,16,2,10,36
082270300,2,’}¼Žs,ŒI“‡,0,,,15,14,8,3,4,6,2,4,9
082270310,2,’}¼Žs,ù’Ë,0,,,118,101,71,27,35,30,10,38,69
082270320,2,’}¼Žs,‰º•½’Ë,0,,,147,124,86,32,40,38,19,45,76
082270330,2,’}¼Žs,_•ª,0,,,93,78,49,16,26,29,7,20,65
082270340,2,’}¼Žs,”Ñ“‡,0,,,304,261,194,86,80,67,23,71,193
082270350,2,’}¼Žs,ˆÉŽ]”ü,0,,,377,319,215,71,113,104,42,121,213
082270360,2,’}¼Žs,¬ì,0,,,1159,825,604,212,297,221,105,337,511
082270370,2,’}¼Žs,ˆÉ²ŽR,0,,,381,224,177,51,83,47,42,92,145
082270380,2,’}¼Žs,‰ºì“‡,0,,,633,427,354,109,183,73,74,181,216
082270390,2,’}¼Žs,—•û,0,,,839,569,455,156,204,114,64,172,416
082270400,2,’}¼Žs,Žs–ì•Ó,0,,,613,439,354,124,176,85,80,163,256
082270410,2,’}¼Žs,ˆî–ì•Ó,0,,,271,186,151,54,78,35,27,77,107
082270420,2,’}¼Žs,’¼ˆä,0,,,318,243,195,58,111,48,42,83,138
082270430,2,’}¼Žs,‹àŠÛ,0,,,14,13,9,3,4,4,3,4,6
082270440,2,’}¼Žs,‰¡“‡,0,,,247,190,149,53,69,41,30,67,114
082270450,2,’}¼Žs,ìŸ,0,,,137,124,70,33,29,54,12,34,94
082270460,2,’}¼Žs,¬—Ñ,0,,,85,69,42,16,16,27,5,18,47
082270470,2,’}¼Žs,‚“‡,0,,,36,34,18,5,8,16,5,15,27
082270480,2,’}¼Žs,¬“c,0,,,363,239,186,63,86,53,39,91,156
082270490,2,’}¼Žs,“‡,0,,,118,96,77,26,39,19,10,28,50
082270500,2,’}¼Žs,’ËŒ´,0,,,95,67,57,24,20,10,9,21,44
082270510,2,’}¼Žs,‰º’†ŽR,1,,097001,715,464,371,120,180,93,104,200,269
082270520,2,’}¼Žs,˜n,0,,,81,61,41,11,21,20,6,14,44
082270530,2,’}¼Žs,‘å’Ë,0,,,66,59,47,14,24,12,2,11,43
082270540,2,’}¼Žs,ãì’†Žq,0,,,28,24,16,3,8,8,1,4,21
082270550,2,’}¼Žs,ì˜A,0,,,26,18,10,3,2,8,4,9,18
082270560,2,’}¼Žs,“¿Ž,0,,,44,35,25,9,10,10,4,10,22
082270570,2,’}¼Žs,[Œ©,0,,,151,130,92,30,44,38,11,35,94
082270580,2,’}¼Žs,–Î“c,0,,,293,236,150,37,87,86,35,89,174
082270590,2,’}¼Žs,ŒÜŠ‹{,0,,,171,117,81,27,33,36,21,36,89
082270600,2,’}¼Žs,X“Y“‡,0,,,95,85,35,8,24,50,12,35,65
082270610,2,’}¼Žs,ŽqŽv‹V,0,,,41,33,23,5,10,10,2,10,27
082270620,2,’}¼Žs,¬”·,0,,,32,28,15,2,8,13,5,11,23
082270630,2,’}¼Žs,ŠD’Ë,0,,,36,27,10,3,6,17,3,4,30
082270640,2,’}¼Žs,{ƒ–“‡,0,,,42,36,23,7,13,13,6,12,25
082270650,2,’}¼Žs,ŽRè,0,,,150,131,76,15,43,55,14,45,87
082270660,2,’}¼Žs,‘å’J,0,,,65,53,33,7,16,20,5,17,34
082270670,2,’}¼Žs,ã•½’Ë,0,,,149,124,88,27,46,36,14,45,85
082270680,2,’}¼Žs,‰º]˜A,0,,,124,107,75,29,35,32,10,31,78
082270690,2,’}¼Žs,¼ŽR“c,0,,,20,16,9,2,6,7,3,5,12
082270700,2,’}¼Žs,ò,0,,,25,22,17,5,7,5,1,6,17
082270710,2,’}¼Žs,Î“ƒ,0,,,28,22,9,2,7,13,1,7,20
082270720,2,’}¼Žs,’}£,0,,,12,11,8,2,5,3,2,3,9
082270730,2,’}¼Žs,—Ñ,0,,,15,13,12,6,5,1,1,4,11
082270740,2,’}¼Žs,ŒûŒË,0,,,24,21,11,3,6,10,4,5,16
082270750,2,’}¼Žs,ŽÄŽR,0,,,11,10,5,1,2,5,1,3,9
082270760,2,’}¼Žs,’J•”,0,,,31,27,14,7,5,13,4,8,23
082270770,2,’}¼Žs,’†ŠÚ,0,,,500,422,317,109,161,105,73,171,252
08227077000,3,’}¼Žs,’†ŠÚ,0,,,203,164,112,42,52,52,24,54,118
08227077001,3,’}¼Žs,’†ŠÚ,0,,,297,258,205,67,109,53,49,117,134
082270780,2,’}¼Žs,Ü–{,0,,,279,230,155,56,67,75,19,62,182
082270790,2,’}¼Žs,”óŒû,0,,,567,469,387,103,168,82,41,165,254
082270800,2,’}¼Žs,‰H•û,0,,,94,86,52,23,23,34,9,30,63
082270810,2,’}¼Žs,‘åŠÖ,0,,,115,101,50,13,27,51,6,28,85
082270820,2,’}¼Žs,”ª“c,0,,,44,40,17,8,7,23,6,14,33
082270830,2,’}¼Žs,‰œ“c,0,,,68,61,32,11,14,29,5,18,48
082270840,2,’}¼Žs,‰º‚“c,0,,,43,39,17,7,6,22,4,15,34
082270850,2,’}¼Žs,—Ž‡,0,,,74,66,27,7,17,39,15,30,58
082270860,2,’}¼Žs,Žª“c,0,,,65,55,22,6,8,33,7,16,52
082270870,2,’}¼Žs,‘•{“c,0,,,80,69,32,8,20,37,17,34,50
082270880,2,’}¼Žs,ã’†ŽR,0,,,25,24,13,6,4,11,4,7,19
082270890,2,’}¼Žs,–ì,0,,,23,21,11,3,5,10,2,7,18
082270900,2,’}¼Žs,¼•û,0,,,522,420,329,101,177,91,39,125,308
082270911,2,’}¼Žs,K’¬,0,,,1163,984,855,319,427,129,103,338,440
08227091101,3,’}¼Žs,K’¬‚P’š–Ú,0,,,375,307,264,110,113,43,29,93,167
08227091102,3,’}¼Žs,K’¬‚Q’š–Ú,0,,,398,346,297,125,143,49,30,96,166
08227091103,3,’}¼Žs,K’¬‚R’š–Ú,0,,,390,331,294,84,171,37,44,149,107
082270912,2,’}¼Žs,‹ÊŒË,0,,,1929,1404,1151,431,509,253,138,447,952
08227091201,3,’}¼Žs,‹ÊŒË,0,,,1897,1378,1133,428,500,245,136,439,936
08227091202,3,’}¼Žs,‹ÊŒË,0,,,32,26,18,3,9,8,2,8,16
082270920,2,’}¼Žs,ˆê–{¼,0,,,468,363,279,90,149,84,55,142,236
082270930,2,’}¼Žs,“ñ–Ø¬,0,,,609,363,307,116,118,56,52,124,215
082270940,2,’}¼Žs,–ì“a,0,,,214,188,118,46,56,70,15,58,139
082270950,2,’}¼Žs,‰º–ì“a,0,,,176,142,109,39,50,33,20,35,91
082270960,2,’}¼Žs,•zì,0,,,570,362,247,85,125,115,59,122,232
082270970,2,’}¼Žs,‰º‰ªè,0,,,49,28,27,5,12,1,2,12,12
08227097000,3,’}¼Žs,‰º‰ªè,0,,,49,28,27,5,12,1,2,12,12
08227097001,3,’}¼Žs,‰º‰ªè,2,0510,,X,X,X,X,X,X,X,X,X
082270980,2,’}¼Žs,¼‰|¶,0,,,57,50,31,7,13,19,4,12,39
082270990,2,’}¼Žs,“Œ‰|¶,0,,,119,92,70,25,35,22,12,30,59
082271000,2,’}¼Žs,–ì“c,0,,,38,33,14,5,6,19,6,10,26
082271010,2,’}¼Žs,¼Î“c,0,,,74,57,36,12,16,21,6,12,54
082271021,2,’}¼Žs,”Ñ“c,0,,,-,-,-,-,-,-,-,-,-
082271022,2,’}¼Žs,ˆ®ƒ–‹u,0,,,109,96,56,14,26,40,10,23,75
082271030,2,’}¼Žs,‰Ã‰Æ²˜a,0,,,250,213,147,65,57,66,23,59,160
082271040,2,’}¼Žs,‚Ý‚Ç‚è’¬,0,,,246,214,188,35,111,26,42,131,59
08227104001,3,’}¼Žs,‚Ý‚Ç‚è’¬‚P’š–Ú,0,,,194,169,146,29,83,23,29,101,54
08227104002,3,’}¼Žs,‚Ý‚Ç‚è’¬‚Q’š–Ú,0,,,52,45,42,6,28,3,13,30,5
082271050,2,’}¼Žs,‰º‰ªè,0,,,411,239,185,55,101,54,30,94,133
08227105001,3,’}¼Žs,‰º‰ªè‚P’š–Ú,0,,,44,38,28,5,17,10,10,20,21
08227105002,3,’}¼Žs,‰º‰ªè‚Q’š–Ú,0,,,315,165,126,43,61,39,16,54,100
08227105003,3,’}¼Žs,‰º‰ªè‚R’š–Ú,0,,,52,36,31,7,23,5,4,20,12
082271060,2,’}¼Žs,‰|¶,0,,,239,123,110,43,52,13,29,59,36
082271070,2,’}¼Žs,¬ŒI,0,,,665,566,320,96,150,246,62,174,430
082271080,2,’}¼Žs,–H“c,0,,,119,102,54,13,26,48,13,35,83
082271090,2,’}¼Žs,ˆäoå‚‘ò,0,,,224,196,114,28,70,82,16,52,144
082271100,2,’}¼Žs,ŒüìŸ,0,,,78,62,34,11,18,28,8,21,49
082271110,2,’}¼Žs,‰¡’Ë,0,,,231,180,124,37,59,56,16,63,127
082271120,2,’}¼Žs,˜@À,0,,,446,378,260,75,126,118,38,128,274
082271130,2,’}¼Žs,‹v’nŠy,0,,,90,80,43,15,21,37,11,29,64
082271140,2,’}¼Žs,ŒÃŒS,0,,,41,36,22,3,13,14,6,10,29
082271150,2,’}¼Žs,ŽO‹½,0,,,127,114,81,29,35,33,9,30,77
082271160,2,’}¼Žs,–åˆä,0,,,991,790,599,186,299,191,106,283,498
082271170,2,’}¼Žs,VŽ¡,0,,,581,441,345,111,170,96,67,156,284
082271180,2,’}¼Žs,ŒKŽR,0,,,427,384,194,75,88,190,49,125,297
082271190,2,’}¼Žs,×“c,0,,,84,72,48,15,19,24,4,23,53
082271200,2,’}¼Žs,ã¯’J,0,,,91,75,48,12,24,27,3,18,62
082271210,2,’}¼Žs,–ö,0,,,146,116,91,47,29,25,5,23,98
082271220,2,’}¼Žs,”ª”¦,0,,,19,18,9,3,6,9,2,5,16
082271230,2,’}¼Žs,‰º¯’J,0,,,51,44,25,4,15,19,6,13,33
082271240,2,’}¼Žs,’J‰i“‡,0,,,54,48,26,7,16,22,5,14,39
082271250,2,’}¼Žs,’ms,0,,,92,83,48,11,25,35,11,27,64
082271260,2,’}¼Žs,‰º‹½’J,0,,,34,30,16,1,9,14,3,6,21
082271270,2,’}¼Žs,‘å“‡,0,,,22,20,9,3,4,11,2,7,20
082271280,2,’}¼Žs,´…,0,,,29,26,16,6,6,10,3,8,24
082271290,2,’}¼Žs,—L“c,0,,,33,31,13,4,5,18,6,10,26
082271300,2,’}¼Žs,’†ª,0,,,135,103,65,23,28,38,8,41,83
082271310,2,’}¼Žs,ŽR‰¤“°,0,,,25,21,13,5,5,8,2,4,19
082271320,2,’}¼Žs,‘qŽ,0,,,233,185,114,32,60,71,21,72,139
082271330,2,’}¼Žs,ŠC˜Vƒ–“‡,0,,,856,634,480,159,229,154,93,249,380
082271340,2,’}¼Žs,“ch,0,,,167,121,65,12,39,56,16,54,78
082271350,2,’}¼Žs,¼Œ´,0,,,529,429,292,104,138,137,45,116,306
082271360,2,’}¼Žs,‹{Œã,0,,,411,344,233,73,103,111,37,116,225
082271370,2,’}¼Žs,‰Ÿ”ö,0,,,115,94,60,21,30,34,12,30,71
082271380,2,’}¼Žs,‹{ŽR,0,,,62,55,39,8,22,16,6,20,37
082271390,2,’}¼Žs,”L“‡,0,,,86,76,38,11,19,38,9,21,63
082271400,2,’}¼Žs,ã¼‹½’J,0,,,9,8,4,1,2,4,1,3,9
082271410,2,’}¼Žs,Ž›ã–ì,0,,,154,129,73,24,34,56,13,42,102
082271420,2,’}¼Žs,’†ã–ì,0,,,245,207,127,43,60,80,23,63,150
082271430,2,’}¼Žs,Ô•l,0,,,175,155,90,23,51,65,17,55,117
082271440,2,’}¼Žs,Œüã–ì,0,,,133,102,60,22,23,42,6,29,92
082271450,2,’}¼Žs,“ŒÎ“c,0,,,183,150,88,28,40,62,17,40,118
082271460,2,’}¼Žs,ŠC˜V],0,,,78,75,30,9,15,45,4,22,54
082271470,2,’}¼Žs,“Œ•Û––,0,,,24,22,16,4,9,6,1,6,17
082271480,2,’}¼Žs,’z’n,0,,,119,99,62,16,37,37,17,39,68
082271490,2,’}¼Žs,ë“‡,0,,,102,84,48,11,22,36,11,27,67
082271500,2,’}¼Žs,¬ˆä,0,,,91,80,49,17,20,31,6,19,57
082271510,2,’}¼Žs,‚’Ã,0,,,61,54,26,10,12,28,5,18,42
082271520,2,’}¼Žs,‘º“c,0,,,327,240,164,47,81,76,15,73,185
082271530,2,’}¼Žs,‹g“c,0,,,132,114,74,27,39,40,13,33,85
082271540,2,’}¼Žs,’|Š_,0,,,44,39,26,12,9,13,2,9,37
082271550,2,’}¼Žs,‰ºì’†Žq,0,,,59,52,28,11,14,24,4,16,45
082271560,2,’}¼Žs,ŒÃ“à,0,,,63,52,25,8,9,27,5,13,47
082271570,2,’}¼Žs,‘å—Ñ,0,,,41,38,22,6,12,16,2,10,31
082271580,2,’}¼Žs,“à—„,0,,,45,43,28,14,9,15,1,15,30
082271590,2,’}¼Žs,“çŽR,0,,,66,59,30,11,15,29,9,24,50
082271600,2,’}¼Žs,VˆäV“c,0,,,12,6,4,1,3,2,-,2,4
082271610,2,’}¼Žs,•Ÿ‰ªV“c,0,,,-,-,-,-,-,-,-,-,-
082271620,2,’}¼Žs,’JŒ´,0,,,46,43,23,7,14,20,5,15,32
082271630,2,’}¼Žs,‘D‹Ê,0,,,215,165,116,42,49,49,18,47,137
082271640,2,’}¼Žs,ŠÖ–{•ª’†,0,,,73,63,34,12,18,29,5,21,52
082271650,2,’}¼Žs,ŠÖ–{”ì“y,0,,,57,50,29,11,13,21,3,12,41
082271660,2,’}¼Žs,ŠÖ–{ã,0,,,358,305,191,66,86,114,48,100,224
082271670,2,’}¼Žs,ŠÖ–{ã’†,0,,,48,33,32,9,17,1,4,13,18
082271680,2,’}¼Žs,ŠÖ–{’†,0,,,447,365,255,85,129,110,47,122,234
082271690,2,’}¼Žs,ŠÖ–{‰º,0,,,326,283,170,42,87,113,30,92,189
082271700,2,’}¼Žs,],0,,,36,30,9,3,4,21,4,12,28
082271710,2,’}¼Žs,ã–ì,0,,,141,113,80,24,43,33,9,25,82
082271720,2,’}¼Žs,M¶,0,,,298,256,152,33,87,104,34,104,158
082271730,2,’}¼Žs,”Â‹´,0,,,117,104,66,22,36,38,11,29,57
082271740,2,’}¼Žs,Œ¢’Ë,0,,,120,103,59,14,35,44,14,37,73
082271750,2,’}¼Žs,‰Ô‹´,0,,,35,28,19,6,10,9,2,6,20
082271760,2,’}¼Žs,‰Ô“c,0,,,64,55,32,12,12,23,3,15,45
082271770,2,’}¼Žs,ŠÖŠÚ,0,,,90,78,42,8,26,36,12,23,60
082271780,2,’}¼Žs,“¡ƒP’J,0,,,724,580,421,108,235,159,82,250,332
082271790,2,’}¼Žs,ˆäã,0,,,242,205,145,41,70,60,27,67,120
082271800,2,’}¼Žs,•Žq,0,,,86,66,42,15,22,24,5,15,62
082271810,2,’}¼Žs,’Ò,0,,,427,344,266,87,128,78,45,106,227
082271820,2,’}¼Žs,–ØŒË,0,,,368,302,212,64,110,90,24,87,222
082271830,2,’}¼Žs,Š“à,0,,,48,39,29,9,13,10,5,8,27
082271840,2,’}¼Žs,¼•Û––,0,,,65,57,30,9,13,27,6,19,49
082271850,2,’}¼Žs,ˆî‰×,0,,,65,57,23,12,6,34,5,17,51
08228,1,â“ŒŽs,,0,,,17282,13545,8881,2735,4444,4664,1762,4782,9139
082280010,2,â“ŒŽs,Šâˆä,0,,,2949,2032,1572,464,780,460,289,756,1279
082280020,2,â“ŒŽs,‘åŒû,0,,,371,298,162,47,87,136,40,98,220
082280030,2,â“ŒŽs,‘åŒûV“c,0,,,67,55,29,10,15,26,6,15,49
082280040,2,â“ŒŽs,‘åè,0,,,154,133,74,22,39,59,13,43,105
082280050,2,â“ŒŽs,‘å”nV“c,0,,,67,55,26,9,12,29,5,22,46
082280060,2,â“ŒŽs,‘å’JŒû,0,,,131,114,82,31,39,32,9,24,79
082280070,2,â“ŒŽs,¬ŽR,0,,,365,312,197,62,88,115,32,88,224
082280080,2,â“ŒŽs,_“cŽR,0,,,481,423,240,74,126,183,61,154,306
082280090,2,â“ŒŽs,_“cŽRV“c,0,,,49,46,23,6,14,23,6,17,34
082280100,2,â“ŒŽs,ão“‡,0,,,333,284,201,67,103,83,37,101,164
082280110,2,â“ŒŽs,ŽØh,0,,,155,133,87,31,39,46,16,38,91
082280120,2,â“ŒŽs,Š¨•V“c,0,,,64,56,35,11,17,21,8,14,45
082280130,2,â“ŒŽs,–ØŠÔƒP£,0,,,30,27,12,2,7,15,2,7,24
082280140,2,â“ŒŽs,‹Ë–Ø,0,,,248,194,141,49,67,53,14,48,142
082280150,2,â“ŒŽs,”ŒË,0,,,428,331,228,71,132,103,45,125,205
082280160,2,â“ŒŽs,¬ò,0,,,184,149,91,23,53,58,16,53,104
082280170,2,â“ŒŽs,K“c,0,,,202,162,102,35,43,60,14,43,137
082280180,2,â“ŒŽs,K“cV“c,0,,,101,80,42,15,22,38,9,25,73
082280190,2,â“ŒŽs,ŒÃ•z“à,0,,,25,22,14,3,7,8,3,5,16
082280200,2,â“ŒŽs,‹îæó,0,,,132,123,71,22,31,52,15,38,96
082280210,2,â“ŒŽs,‰ºo“‡,0,,,67,56,39,8,23,17,5,21,36
082280220,2,â“ŒŽs,¯‰E‰q–åV“c,0,,,55,49,27,10,11,22,4,12,42
082280230,2,â“ŒŽs,Ž›‹v,0,,,147,129,65,27,25,64,16,45,99
082280240,2,â“ŒŽs,•y“c,0,,,111,97,51,21,27,46,8,33,79
082280250,2,â“ŒŽs,’†—¢,0,,,297,238,172,62,82,66,19,75,174
082280260,2,â“ŒŽs,’·{,0,,,778,690,334,107,174,356,92,263,520
082280270,2,â“ŒŽs,’·’J,0,,,667,564,366,104,188,198,59,177,391
082280280,2,â“ŒŽs,”LŽÀ,0,,,356,296,196,44,108,100,36,106,205
082280290,2,â“ŒŽs,”LŽÀV“c,0,,,35,31,16,2,7,15,2,9,23
082280300,2,â“ŒŽs,”¼’J,0,,,163,144,80,23,40,64,16,44,113
082280310,2,â“ŒŽs,•½”ªV“c,0,,,43,36,18,8,8,18,4,13,32
082280320,2,â“ŒŽs,•Ó“c,0,,,2196,1441,1189,380,604,252,260,598,736
082280330,2,â“ŒŽs,–@ŽtŒË,0,,,56,55,31,14,13,24,2,14,35
082280340,2,â“ŒŽs,”n—§,1,,0390,241,190,116,39,58,74,16,57,138
082280350,2,â“ŒŽs,‚Ý‚Þ‚ç,0,,,133,113,55,12,32,58,19,42,87
082280360,2,â“ŒŽs,ä­‘Å,0,,,214,177,125,48,49,52,10,45,141
082280370,2,â“ŒŽs,–îì,0,,,598,511,336,97,164,175,50,140,398
082280380,2,â“ŒŽs,‹|“c,0,,,392,317,187,54,92,130,32,97,243
082280390,2,â“ŒŽs,KV•½,2,0340,,X,X,X,X,X,X,X,X,X
082280400,2,â“ŒŽs,‹tˆä,0,,,845,730,418,108,231,312,100,276,490
08228040001,3,â“ŒŽs,‹tˆäãV“c,0,,,122,112,67,16,37,45,13,38,78
08228040002,3,â“ŒŽs,‹tˆä‘å’¹,0,,,65,37,28,7,16,9,6,16,22
08228040003,3,â“ŒŽs,‹tˆäÀ‚Ì“c,0,,,64,56,37,13,16,19,6,21,33
08228040004,3,â“ŒŽs,‹tˆä‰ºV“c,0,,,45,44,23,5,11,21,12,19,28
08228040005,3,â“ŒŽs,‹tˆä‘OŽR,0,,,122,107,60,16,37,47,14,36,70
08228040006,3,â“ŒŽs,‹tˆä‘OŒ´,0,,,141,123,63,15,35,60,18,51,89
08228040007,3,â“ŒŽs,‹tˆä¼’Ø,0,,,76,65,32,8,16,33,6,24,48
08228040008,3,â“ŒŽs,‹tˆä»è,0,,,157,136,86,23,49,50,18,51,87
08228040009,3,â“ŒŽs,‹tˆäì’[,0,,,53,50,22,5,14,28,7,20,35
08228040010,3,â“ŒŽs,‹tˆä•Ÿ•ÓŒ´,0,,,-,-,-,-,-,-,-,-,-
082280410,2,â“ŒŽs,ŽR,0,,,361,302,167,46,82,135,27,110,203
08228041001,3,â“ŒŽs,ŽRŽRã,0,,,89,80,38,9,20,42,7,31,59
08228041002,3,â“ŒŽs,ŽRŽR¼,0,,,108,85,55,18,24,30,8,32,45
08228041003,3,â“ŒŽs,ŽRˆä‰ª,0,,,93,76,38,13,14,38,9,28,57
08228041004,3,â“ŒŽs,ŽR‹îŠñ,0,,,71,61,36,6,24,25,3,19,42
082280420,2,â“ŒŽs,ŒBŠ|,0,,,1391,1073,704,206,354,369,172,430,663
08228042001,3,â“ŒŽs,ŒBŠ|[ˆä,0,,,74,63,35,8,21,28,5,29,44
08228042002,3,â“ŒŽs,ŒBŠ|¼‘º¼,0,,,273,165,123,40,69,42,42,80,75
08228042003,3,â“ŒŽs,ŒBŠ|¼‘º“ì,0,,,91,69,38,16,17,31,9,19,63
08228042004,3,â“ŒŽs,ŒBŠ|¼‘º“Œ,0,,,74,65,31,15,11,34,12,29,58
08228042005,3,â“ŒŽs,ŒBŠ|¼‘º’†,0,,,82,71,57,8,22,14,7,37,32
08228042006,3,â“ŒŽs,ŒBŠ|¼‘º–k,0,,,171,126,95,26,52,31,23,54,61
08228042007,3,â“ŒŽs,ŒBŠ|z–KŽR,0,,,103,87,44,15,22,43,13,25,67
08228042008,3,â“ŒŽs,ŒBŠ|’†–k,0,,,113,91,62,16,37,29,20,40,45
08228042009,3,â“ŒŽs,ŒBŠ|ªŒÃ“à,0,,,129,107,69,19,33,38,10,35,68
08228042010,3,â“ŒŽs,ŒBŠ|ŒüŒ´,0,,,129,95,73,22,36,22,11,32,51
08228042011,3,â“ŒŽs,ŒBŠ|ŽRè,0,,,152,134,77,21,34,57,20,50,99
08228042012,3,â“ŒŽs,ŒBŠ|‰“_,0,,,-,-,-,-,-,-,-,-,-
082280430,2,â“ŒŽs,“à–ìŽR,0,,,291,245,130,40,63,115,34,74,199
08228043001,3,â“ŒŽs,“à–ìŽR’Ë‰z,0,,,81,65,36,13,17,29,7,19,51
08228043002,3,â“ŒŽs,“à–ìŽRŠ •l,0,,,63,55,26,5,13,29,9,18,49
08228043003,3,â“ŒŽs,“à–ìŽR‘äŠ ,0,,,14,13,6,3,2,7,1,3,13
08228043004,3,â“ŒŽs,“à–ìŽRŠ`‘ò,0,,,44,37,18,5,8,19,8,14,31
08228043005,3,â“ŒŽs,“à–ìŽRŠ˜‘O¼,0,,,22,18,13,2,7,5,4,6,12
08228043006,3,â“ŒŽs,“à–ìŽR‘RŽR,0,,,25,20,11,4,6,9,2,4,17
08228043007,3,â“ŒŽs,“à–ìŽRŠ˜‘O“Œ,0,,,42,37,20,8,10,17,3,10,26
082280440,2,â“ŒŽs,›’J,0,,,408,327,189,69,87,138,42,118,203
08228044001,3,â“ŒŽs,›’J‘å–[,0,,,108,66,44,18,17,22,10,27,39
08228044002,3,â“ŒŽs,›’J›’J–k,0,,,84,78,38,13,18,40,9,25,50
08228044003,3,â“ŒŽs,›’J›’J¼,0,,,78,66,42,19,18,24,10,20,37
08228044004,3,â“ŒŽs,›’J›’J“ì,0,,,138,117,65,19,34,52,13,46,77
08228044005,3,â“ŒŽs,›’J•ŸŒ´,0,,,-,-,-,-,-,-,-,-,-
082280450,2,â“ŒŽs,¶Žq,0,,,543,460,253,87,119,207,58,174,313
08228045001,3,â“ŒŽs,¶ŽqŠ˜Œû,0,,,112,104,51,20,24,53,14,39,73
08228045002,3,â“ŒŽs,¶Žq–k¶Žq,0,,,78,59,36,15,15,23,6,18,39
08228045003,3,â“ŒŽs,¶Žq“¹³“à,0,,,161,123,76,28,33,47,18,51,78
08228045004,3,â“ŒŽs,¶Žq–kŒü“à,0,,,60,52,26,7,16,26,8,19,33
08228045005,3,â“ŒŽs,¶Žq¼¶Žq,0,,,26,25,11,-,6,14,4,10,17
08228045006,3,â“ŒŽs,¶Žq’†¶Žq¼,0,,,44,43,23,6,9,20,3,15,34
08228045007,3,â“ŒŽs,¶Žq’†¶Žq“Œ,0,,,62,54,30,11,16,24,5,22,39
08228045008,3,â“ŒŽs,¶ŽqŽl”½“c,0,,,-,-,-,-,-,-,-,-,-
082280460,2,â“ŒŽs,¶ŽqV“c,0,,,66,57,27,7,14,30,4,18,45
082280470,2,â“ŒŽs,‚Ý‚Ç‚è’¬,0,,,292,188,161,58,68,27,35,77,92
08229,1,ˆî•~Žs,,0,,,14432,11197,7585,2671,3396,3612,1026,3132,8464
082290010,2,ˆî•~Žs,]ŒËè,0,,,1660,1188,920,331,409,268,113,337,914
082290020,2,ˆî•~Žs,Œ¢’Ë,0,,,483,331,272,112,106,59,27,85,212
082290030,2,ˆî•~Žs,ˆî”g,0,,,71,53,34,14,15,19,7,11,41
082290040,2,ˆî•~Žs,ãŒNŽR,0,,,101,83,50,13,23,33,8,21,75
082290050,2,ˆî•~Žs,‰ºŒNŽR,0,,,113,90,60,14,25,30,3,26,76
082290060,2,ˆî•~Žs,¼ŽR,0,,,80,62,42,16,20,20,3,15,56
082290070,2,ˆî•~Žs,‰H‰ê,0,,,160,132,101,35,48,31,8,34,97
082290080,2,ˆî•~Žs,‘º“c,0,,,64,47,31,15,12,16,2,10,44
082290090,2,ˆî•~Žs,À“c,0,,,538,430,355,122,180,75,35,119,226
082290100,2,ˆî•~Žs,¬‰H‰ê,0,,,94,65,46,19,20,19,7,19,48
082290110,2,ˆî•~Žs,Žžè,0,,,120,94,67,26,32,27,8,28,56
082290120,2,ˆî•~Žs,Š—ƒPŽR,0,,,511,366,291,104,136,75,24,91,228
082290130,2,ˆî•~Žs,ŒŽo—¢,0,,,667,486,416,170,171,70,32,123,321
082290140,2,ˆî•~Žs,”µè,0,,,179,145,90,38,36,55,10,32,129
082290150,2,ˆî•~Žs,²‘q,0,,,347,280,205,76,77,75,31,80,191
082290160,2,ˆî•~Žs,M‘¾ŒÃ“n,0,,,107,93,64,21,26,29,9,26,66
082290170,2,ˆî•~Žs,‚“c,0,,,424,299,213,70,89,86,24,80,227
082290180,2,ˆî•~Žs,’Å’Ë,0,,,280,199,151,67,57,48,25,62,140
082290190,2,ˆî•~Žs,‹î’Ë,0,,,122,99,61,29,22,38,9,20,84
082290200,2,ˆî•~Žs,ŒKŽR,0,,,105,81,55,26,22,26,9,21,71
082290210,2,ˆî•~Žs,“ìƒP‹u,0,,,122,102,89,20,57,13,14,46,32
082290220,2,ˆî•~Žs,‰àƒ–‰Y,0,,,-,-,-,-,-,-,-,-,-
082290230,2,ˆî•~Žs,’†ŽR,0,,,489,302,235,71,123,67,27,106,212
082290240,2,ˆî•~Žs,Špè,0,,,171,110,86,22,51,24,13,38,62
082290250,2,ˆî•~Žs,’KŒŠ,0,,,11,9,6,4,1,3,-,-,9
082290260,2,ˆî•~Žs,ŽÄè,0,,,680,554,392,141,170,162,46,152,420
082290270,2,ˆî•~Žs,ˆÉ²’Ã,0,,,208,164,117,39,59,47,9,35,116
082290280,2,ˆî•~Žs,œú“n,0,,,73,64,45,6,26,19,7,21,41
082290290,2,ˆî•~Žs,ˆÉè,0,,,34,31,19,4,9,12,-,4,24
082290300,2,ˆî•~Žs,Ž›“à,0,,,147,91,52,22,15,39,11,26,78
082290310,2,ˆî•~Žs,¬–ì,0,,,38,28,22,9,11,6,1,7,29
082290320,2,ˆî•~Žs,‰º‘¾“c,0,,,355,267,170,51,82,97,22,80,213
082290330,2,ˆî•~Žs,–xì,0,,,112,91,52,9,28,39,11,25,69
082290340,2,ˆî•~Žs,ãª–{,0,,,394,307,189,58,93,118,14,72,237
082290350,2,ˆî•~Žs,‰ºª–{,0,,,184,153,113,42,51,40,15,43,103
082290360,2,ˆî•~Žs,“ì‘¾“c,0,,,15,15,7,1,5,8,1,5,10
082290370,2,ˆî•~Žs,ˆ¢”g,0,,,153,125,81,16,42,44,24,53,94
082290380,2,ˆî•~Žs,_‹{Ž›,0,,,211,164,101,39,37,63,12,38,154
082290390,2,ˆî•~Žs,Žl‰Ó,0,,,120,108,54,19,26,54,10,25,93
082290400,2,ˆî•~Žs,{‰ê’Ã,0,,,93,76,39,14,15,37,6,16,71
082290410,2,ˆî•~Žs,ŠÃ“c,0,,,87,68,38,4,24,30,6,14,64
082290420,2,ˆî•~Žs,•‚“‡,0,,,473,416,214,61,97,202,39,109,356
082290430,2,ˆî•~Žs,”–Ø,0,,,21,18,12,7,2,6,1,4,13
082290440,2,ˆî•~Žs,–x”V“à,0,,,25,18,10,1,5,8,1,7,20
082290450,2,ˆî•~Žs,‰H¶,0,,,43,38,24,4,14,14,3,9,32
082290460,2,ˆî•~Žs,ŒÃ“n,0,,,213,181,114,45,44,67,11,39,156
082290470,2,ˆî•~Žs,‰ª”Ño,0,,,71,61,32,9,19,29,5,17,55
082290480,2,ˆî•~Žs,”Ño,0,,,51,42,27,6,17,15,5,14,35
082290490,2,ˆî•~Žs,ŽOŽŸ,0,,,71,62,23,11,10,39,6,18,53
082290500,2,ˆî•~Žs,ã”n“n,0,,,57,51,31,10,12,20,6,12,40
082290510,2,ˆî•~Žs,‰º”n“n,0,,,53,44,24,10,8,20,4,11,42
082290520,2,ˆî•~Žs,”–ØŒÃ“n,0,,,10,10,9,4,4,1,1,2,7
082290530,2,ˆî•~Žs,“ìŽR—ˆ,0,,,8,8,3,-,2,5,1,3,8
082290540,2,ˆî•~Žs,¼‚ÌF,0,,,-,-,-,-,-,-,-,-,-
082290550,2,ˆî•~Žs,‰àƒ–‰Y,0,,,-,-,-,-,-,-,-,-,-
082290560,2,ˆî•~Žs,ˆ¢”gè,0,,,216,173,96,34,42,77,10,38,144
082290570,2,ˆî•~Žs,ˆÉ²•”,0,,,228,188,106,41,45,82,26,66,148
082290580,2,ˆî•~Žs,Žsè,0,,,136,113,60,21,26,53,8,37,89
082290590,2,ˆî•~Žs,‘å“‡,0,,,29,19,16,8,4,3,3,4,15
082290600,2,ˆî•~Žs,‰Ÿ»,0,,,74,68,34,9,15,34,2,13,62
082290610,2,ˆî•~Žs,Š˜ˆä,0,,,98,86,43,13,22,43,9,26,72
082290620,2,ˆî•~Žs,ã{“c,0,,,171,152,72,28,33,80,15,50,132
082290630,2,ˆî•~Žs,ã”V“‡,0,,,81,75,37,13,17,38,5,25,57
082290640,2,ˆî•~Žs,Œ‹²,0,,,279,224,147,30,74,77,41,113,133
082290651,2,ˆî•~Žs,Œõ—t,0,,,309,244,236,141,80,8,27,53,193
082290652,2,ˆî•~Žs,K“c,0,,,171,138,67,23,35,71,23,51,125
082290660,2,ˆî•~Žs,Î”[,0,,,46,38,24,7,14,14,4,10,31
082290670,2,ˆî•~Žs,‹«“‡,0,,,50,42,29,12,7,13,3,10,37
082290680,2,ˆî•~Žs,²Œ´‘gV“c,0,,,56,51,23,9,11,28,2,10,46
082290690,2,ˆî•~Žs,²Œ´‰ºŽè,0,,,35,29,21,8,10,8,3,9,24
082290700,2,ˆî•~Žs,´…,0,,,81,68,30,9,16,38,3,15,62
082290720,2,ˆî•~Žs,‰º{“c,0,,,87,75,41,12,19,34,6,21,66
082290730,2,ˆî•~Žs,´‹v“‡,0,,,40,37,21,4,9,16,2,6,35
082290740,2,ˆî•~Žs,Žè‰ê‘gV“c,0,,,61,53,30,12,11,23,6,10,43
082290750,2,ˆî•~Žs,’†“‡,0,,,18,15,9,4,4,6,2,6,14
082290760,2,ˆî•~Žs,¼‘ã,0,,,244,175,110,35,54,65,30,63,118
082290770,2,ˆî•~Žs,‹´Œü,0,,,126,73,44,20,14,29,8,17,53
082290780,2,ˆî•~Žs,”ªçÎ,0,,,-,-,-,-,-,-,-,-,-
082290790,2,ˆî•~Žs,“Œ‘åÀ,0,,,49,41,26,5,14,15,3,10,35
082290810,2,ˆî•~Žs,•Ÿ“c,0,,,102,91,43,12,21,48,3,32,73
082290820,2,ˆî•~Žs,‹ÈŸº,0,,,46,41,17,5,8,24,3,10,34
082290830,2,ˆî•~Žs,’¬“c,0,,,156,104,54,22,18,50,14,28,83
082290850,2,ˆî•~Žs,ŽO“‡,0,,,8,6,5,2,2,1,1,1,5
082290860,2,ˆî•~Žs,–{V,0,,,190,172,84,28,36,88,22,47,126
082290870,2,ˆî•~Žs,”ª‹Øì,0,,,95,86,51,14,23,35,8,22,60
082290880,2,ˆî•~Žs,Žlƒb’J,0,,,27,24,13,4,5,11,1,4,20
082290890,2,ˆî•~Žs,—]’Ã’J,0,,,8,8,-,-,-,8,-,1,8
082290900,2,ˆî•~Žs,˜ZŠp,0,,,48,45,22,5,10,23,2,19,35
082290910,2,ˆî•~Žs,˜eì,0,,,48,42,20,4,12,22,5,14,36
082290920,2,ˆî•~Žs,‰àƒ–‰Y,0,,,-,-,-,-,-,-,-,-,-
082290930,2,ˆî•~Žs,]ŒËè‚Ý‚ç‚¢,0,,,-,-,-,-,-,-,-,-,-
08230,1,‚©‚·‚Ý‚ª‚¤‚çŽs,,0,,,15109,11190,8614,2965,4282,2576,1372,3722,7164
082300010,2,‚©‚·‚Ý‚ª‚¤‚çŽs,‚‘q,0,,,80,71,34,13,12,37,7,15,63
082300020,2,‚©‚·‚Ý‚ª‚¤‚çŽs,ˆ¾“c,0,,,29,24,8,3,4,16,-,8,22
082300030,2,‚©‚·‚Ý‚ª‚¤‚çŽs,’†Žu’},0,,,237,201,120,36,59,81,23,55,167
082300040,2,‚©‚·‚Ý‚ª‚¤‚çŽs,ãŽu’},0,,,38,36,17,2,12,19,5,13,30
082300050,2,‚©‚·‚Ý‚ª‚¤‚çŽs,ŒÜ”½“c,0,,,34,30,19,5,12,11,3,13,22
082300060,2,‚©‚·‚Ý‚ª‚¤‚çŽs,‘å•ô,0,,,26,18,10,5,4,8,2,4,14
082300070,2,‚©‚·‚Ý‚ª‚¤‚çŽs,‰¡–x,0,,,39,31,17,4,9,14,5,11,23
082300080,2,‚©‚·‚Ý‚ª‚¤‚çŽs,‰ºŽu’},0,,,186,167,104,45,48,63,10,36,128
082300090,2,‚©‚·‚Ý‚ª‚¤‚çŽs,‰º“y“c,0,,,112,97,61,21,30,36,9,26,79
082300100,2,‚©‚·‚Ý‚ª‚¤‚çŽs,ã“y“c,0,,,106,90,62,25,27,28,5,22,61
082300110,2,‚©‚·‚Ý‚ª‚¤‚çŽs,”Ñ“c,0,,,16,13,6,-,3,7,1,3,11
082300120,2,‚©‚·‚Ý‚ª‚¤‚çŽs,Žsì,0,,,133,110,75,23,28,35,10,25,97
082300130,2,‚©‚·‚Ý‚ª‚¤‚çŽs,¼–ìŽ›,0,,,108,84,61,29,26,23,12,24,63
082300140,2,‚©‚·‚Ý‚ª‚¤‚çŽs,“Œ–ìŽ›,0,,,112,99,58,19,27,41,10,28,75
082300150,2,‚©‚·‚Ý‚ª‚¤‚çŽs,VŽ¡,0,,,437,237,181,66,90,56,31,82,147
082300161,2,‚©‚·‚Ý‚ª‚¤‚çŽs,ˆî‹g,0,,,1177,744,642,220,308,102,117,285,413
08230016101,3,‚©‚·‚Ý‚ª‚¤‚çŽs,ˆî‹g‚P’š–Ú,0,,,91,42,31,12,10,11,4,14,34
08230016102,3,‚©‚·‚Ý‚ª‚¤‚çŽs,ˆî‹g‚Q’š–Ú,0,,,338,180,143,53,68,37,31,72,114
08230016103,3,‚©‚·‚Ý‚ª‚¤‚çŽs,ˆî‹g‚R’š–Ú,0,,,318,212,195,60,94,17,27,82,99
08230016104,3,‚©‚·‚Ý‚ª‚¤‚çŽs,ˆî‹g‚S’š–Ú,0,,,145,107,99,20,60,8,35,63,35
08230016105,3,‚©‚·‚Ý‚ª‚¤‚çŽs,ˆî‹g‚T’š–Ú,0,,,285,203,174,75,76,29,20,54,131
082300162,2,‚©‚·‚Ý‚ª‚¤‚çŽs,ˆî‹g“Œ,0,,,1598,1054,959,294,488,95,156,428,475
08230016201,3,‚©‚·‚Ý‚ª‚¤‚çŽs,ˆî‹g“Œ‚P’š–Ú,0,,,282,220,200,55,78,20,25,83,104
08230016202,3,‚©‚·‚Ý‚ª‚¤‚çŽs,ˆî‹g“Œ‚Q’š–Ú,0,,,196,146,132,41,69,14,7,39,78
08230016203,3,‚©‚·‚Ý‚ª‚¤‚çŽs,ˆî‹g“Œ‚R’š–Ú,0,,,272,179,162,44,95,17,30,78,57
08230016204,3,‚©‚·‚Ý‚ª‚¤‚çŽs,ˆî‹g“Œ‚S’š–Ú,0,,,442,243,221,79,111,22,49,104,118
08230016205,3,‚©‚·‚Ý‚ª‚¤‚çŽs,ˆî‹g“Œ‚T’š–Ú,0,,,243,161,150,48,75,11,23,66,78
08230016206,3,‚©‚·‚Ý‚ª‚¤‚çŽs,ˆî‹g“Œ‚U’š–Ú,0,,,163,105,94,27,60,11,22,58,40
082300163,2,‚©‚·‚Ý‚ª‚¤‚çŽs,ˆî‹g“ì,0,,,1118,608,551,190,304,57,92,222,295
08230016301,3,‚©‚·‚Ý‚ª‚¤‚çŽs,ˆî‹g“ì‚P’š–Ú,0,,,346,219,199,53,121,20,28,87,136
08230016302,3,‚©‚·‚Ý‚ª‚¤‚çŽs,ˆî‹g“ì‚Q’š–Ú,0,,,443,158,147,54,78,11,41,71,29
08230016303,3,‚©‚·‚Ý‚ª‚¤‚çŽs,ˆî‹g“ì‚R’š–Ú,0,,,329,231,205,83,105,26,23,64,130
082300164,2,‚©‚·‚Ý‚ª‚¤‚çŽs,‰ºˆî‹g,0,,,3269,2424,2154,672,1186,270,391,1008,1063
082300170,2,‚©‚·‚Ý‚ª‚¤‚çŽs,ãˆî‹g,0,,,681,502,380,138,176,122,72,151,363
082300180,2,‚©‚·‚Ý‚ª‚¤‚çŽs,’†²’J,0,,,97,87,41,11,22,46,6,26,77
082300190,2,‚©‚·‚Ý‚ª‚¤‚çŽs,‰º²’J,0,,,134,113,63,22,36,50,14,40,81
082300200,2,‚©‚·‚Ý‚ª‚¤‚çŽs,ŽR–{,0,,,20,17,11,4,7,6,1,6,13
082300210,2,‚©‚·‚Ý‚ª‚¤‚çŽs,ã²’J,0,,,118,99,62,24,27,37,9,29,79
082300220,2,‚©‚·‚Ý‚ª‚¤‚çŽs,á“ü,0,,,43,39,24,7,8,15,2,6,37
082300230,2,‚©‚·‚Ý‚ª‚¤‚çŽs,‰Á–Î,0,,,404,339,233,88,103,106,34,96,274
082300240,2,‚©‚·‚Ý‚ª‚¤‚çŽs,ŒËè,0,,,199,160,113,33,59,47,13,44,132
082300250,2,‚©‚·‚Ý‚ª‚¤‚çŽs,’†‘ä,0,,,46,38,26,6,20,12,4,12,27
082300260,2,‚©‚·‚Ý‚ª‚¤‚çŽs,’j_,0,,,60,50,40,13,15,10,1,9,32
082300270,2,‚©‚·‚Ý‚ª‚¤‚çŽs,‰º‘å’ç,0,,,104,89,59,21,30,30,6,21,62
082300280,2,‚©‚·‚Ý‚ª‚¤‚çŽs,‘å˜a“c,0,,,180,154,108,45,47,46,20,51,117
082300290,2,‚©‚·‚Ý‚ª‚¤‚çŽs,“ìª–{,0,,,37,27,15,5,6,12,4,10,25
082300300,2,‚©‚·‚Ý‚ª‚¤‚çŽs,ŽOƒc–Ø,0,,,72,60,41,12,21,19,4,11,53
082300310,2,‚©‚·‚Ý‚ª‚¤‚çŽs,ã‘å’ç,0,,,20,18,8,5,2,10,2,7,17
082300320,2,‚©‚·‚Ý‚ª‚¤‚çŽs,[’J,0,,,473,397,275,103,120,122,33,119,301
082300330,2,‚©‚·‚Ý‚ª‚¤‚çŽs,‹“n,0,,,714,579,404,138,194,175,51,167,417
082300340,2,‚©‚·‚Ý‚ª‚¤‚çŽs,—L‰Í,0,,,24,21,11,5,5,10,1,4,22
082300351,2,‚©‚·‚Ý‚ª‚¤‚çŽs,ŽuŒËè,2,0352,,X,X,X,X,X,X,X,X,X
082300352,2,‚©‚·‚Ý‚ª‚¤‚çŽs,â,1,,0351,371,306,194,80,80,112,30,73,258
082300360,2,‚©‚·‚Ý‚ª‚¤‚çŽs,“c•š,0,,,344,292,184,69,87,108,27,82,241
082300380,2,‚©‚·‚Ý‚ª‚¤‚çŽs,ˆÀH,0,,,268,228,151,58,69,77,18,48,189
082300390,2,‚©‚·‚Ý‚ª‚¤‚çŽs,”è,0,,,141,113,75,29,38,38,6,28,101
082300400,2,‚©‚·‚Ý‚ª‚¤‚çŽs,Šâ’Ø,0,,,187,132,87,35,39,45,11,36,103
082300410,2,‚©‚·‚Ý‚ª‚¤‚çŽs,‰ºŒy•”,0,,,83,66,43,17,20,23,4,17,56
082300420,2,‚©‚·‚Ý‚ª‚¤‚çŽs,¼¬ˆä,0,,,210,178,123,51,44,55,17,47,140
082300430,2,‚©‚·‚Ý‚ª‚¤‚çŽs,ãŒy•”,0,,,21,19,12,3,8,7,2,6,11
082300440,2,‚©‚·‚Ý‚ª‚¤‚çŽs,Ž³‘q,0,,,1203,929,692,271,322,237,91,268,688
082300450,2,‚©‚·‚Ý‚ª‚¤‚çŽs,‰àƒ–‰Y,0,,,-,-,-,-,-,-,-,-,-
08231,1,÷ìŽs,,0,,,13551,10966,7145,2307,3432,3821,1157,3486,8021
082310010,2,÷ìŽs,¼¬”·,0,,,309,247,182,50,90,65,22,73,183
082310020,2,÷ìŽs,‰Á–Î•”,0,,,142,129,82,31,36,47,12,27,93
082310030,2,÷ìŽs,‚”¦,0,,,31,25,7,4,2,18,-,5,23
082310040,2,÷ìŽs,¡ò,0,,,36,32,20,11,4,12,2,7,29
082310050,2,÷ìŽs,–ØA,0,,,51,42,23,9,10,19,1,10,35
082310060,2,÷ìŽs,‰Ž“c,0,,,59,47,22,10,8,25,2,8,37
082310070,2,÷ìŽs,‘]ª,0,,,80,75,57,6,32,18,24,52,30
082310080,2,÷ìŽs,¼“c,0,,,82,66,41,12,19,25,6,22,54
082310090,2,÷ìŽs,—F•”,0,,,666,536,389,121,191,147,62,181,354
082310100,2,÷ìŽs,ãé,0,,,108,94,63,20,30,31,12,30,59
082310110,2,÷ìŽs,…ŒË,0,,,27,21,16,4,6,5,1,3,20
082310120,2,÷ìŽs,Â–ö,0,,,84,65,49,17,19,16,3,18,60
082310130,2,÷ìŽs,ˆé•”,0,,,103,89,56,20,23,33,5,23,72
082310140,2,÷ìŽs,ˆî,0,,,23,21,10,3,4,11,-,3,17
082310151,2,÷ìŽs,Œä—Ì,0,,,89,68,61,23,30,7,7,28,30
08231015101,3,÷ìŽs,Œä—Ì‚P’š–Ú,0,,,12,10,9,3,5,1,-,5,3
08231015102,3,÷ìŽs,Œä—Ì‚Q’š–Ú,0,,,14,9,9,2,6,-,2,6,3
08231015103,3,÷ìŽs,Œä—Ì‚R’š–Ú,0,,,63,49,43,18,19,6,5,17,24
082310152,2,÷ìŽs,–¾“ú,0,,,221,128,116,32,55,12,36,72,37
08231015201,3,÷ìŽs,–¾“ú‚P’š–Ú,0,,,5,5,4,1,2,1,-,-,4
08231015202,3,÷ìŽs,–¾“ú‚Q’š–Ú,0,,,51,24,21,5,9,3,8,16,7
08231015203,3,÷ìŽs,–¾“ú‚R’š–Ú,0,,,72,40,35,10,17,5,12,22,9
08231015204,3,÷ìŽs,–¾“ú‚S’š–Ú,0,,,93,59,56,16,27,3,16,34,17
082310153,2,÷ìŽs,•xŽmŒ©‘ä,0,,,329,227,196,72,96,31,41,101,84
08231015301,3,÷ìŽs,•xŽmŒ©‘ä‚P’š–Ú,0,,,83,47,41,17,20,6,11,19,14
08231015302,3,÷ìŽs,•xŽmŒ©‘ä‚Q’š–Ú,0,,,96,71,63,23,32,8,15,31,29
08231015303,3,÷ìŽs,•xŽmŒ©‘ä‚R’š–Ú,0,,,90,66,55,21,23,11,7,27,28
08231015304,3,÷ìŽs,•xŽmŒ©‘ä‚S’š–Ú,0,,,60,43,37,11,21,6,8,24,13
082310154,2,÷ìŽs,¼÷ì,0,,,76,52,48,13,31,4,7,24,19
08231015401,3,÷ìŽs,¼÷ì‚P’š–Ú,0,,,16,12,10,3,7,2,-,3,8
08231015402,3,÷ìŽs,¼÷ì‚Q’š–Ú,0,,,29,17,16,3,13,1,5,12,6
08231015403,3,÷ìŽs,¼÷ì‚R’š–Ú,0,,,31,23,22,7,11,1,2,9,5
082310155,2,÷ìŽs,“Œ÷ì,0,,,99,59,50,20,28,9,11,23,16
08231015501,3,÷ìŽs,“Œ÷ì‚P’š–Ú,0,,,20,4,3,1,2,1,1,1,2
08231015502,3,÷ìŽs,“Œ÷ì‚Q’š–Ú,0,,,39,24,21,11,10,3,5,10,5
08231015503,3,÷ìŽs,“Œ÷ì‚R’š–Ú,0,,,40,31,26,8,16,5,5,12,9
082310156,2,÷ìŽs,Šâ£,0,,,1034,738,543,179,234,195,82,241,572
082310160,2,÷ìŽs,Œ¢“c,0,,,349,268,192,59,93,76,27,90,200
082310170,2,÷ìŽs,’·•û,0,,,207,182,117,40,64,65,14,58,123
082310180,2,÷ìŽs,’†ò,0,,,48,44,24,11,8,20,4,14,35
082310190,2,÷ìŽs,ã–ìŒ´’nV“c,0,,,37,26,19,6,9,7,-,7,18
082310200,2,÷ìŽs,‰ºò,0,,,58,49,19,6,9,30,9,19,41
082310210,2,÷ìŽs,–{‹½,0,,,76,67,35,14,12,32,6,21,54
082310220,2,÷ìŽs,’çã,0,,,40,35,16,7,7,19,5,12,28
082310230,2,÷ìŽs,¼”Ñ‰ª,0,,,122,106,61,25,27,45,8,31,88
082310240,2,÷ìŽs,‘åò,0,,,179,152,84,24,43,68,9,38,124
082310250,2,÷ìŽs,”Ñ•£,0,,,33,32,19,5,10,13,1,3,27
082310260,2,÷ìŽs,‹vŒ´,0,,,102,87,55,21,22,32,6,24,69
082310270,2,÷ìŽs,•x‰ª,0,,,72,65,40,10,21,25,6,21,45
082310280,2,÷ìŽs,ŒL“c,0,,,269,207,143,45,62,64,28,73,133
082310290,2,÷ìŽs,•x’J,0,,,238,192,134,45,62,58,18,49,168
082310300,2,÷ìŽs,’†—¢,0,,,35,34,23,9,10,11,2,10,26
082310310,2,÷ìŽs,“ü–ì,0,,,63,53,27,12,10,26,7,15,45
082310320,2,÷ìŽs,–å–Ñ,0,,,164,139,75,25,35,64,10,40,120
082310330,2,÷ìŽs,“ì”Ñ“c,0,,,199,154,103,35,48,51,17,53,123
082310340,2,÷ìŽs,ŠÔ’†,0,,,38,32,9,3,4,23,4,12,32
082310350,2,÷ìŽs,•½‘ò,0,,,55,50,27,7,12,23,6,17,39
082310360,2,÷ìŽs,’r‹T,0,,,62,48,21,8,10,27,4,9,48
082310370,2,÷ìŽs,ŽRŒû,0,,,71,58,35,10,14,23,3,11,49
082310380,2,÷ìŽs,â–{,0,,,30,27,15,4,6,12,2,7,20
082310390,2,÷ìŽs,‘åŒŽ,0,,,55,45,20,9,10,25,6,12,43
082310400,2,÷ìŽs,¬‰–,0,,,57,52,32,16,14,20,7,14,38
082310410,2,÷ìŽs,•Ÿè,0,,,35,33,19,9,4,14,-,5,27
082310420,2,÷ìŽs,‹T‰ª,0,,,93,82,43,15,23,39,8,31,70
082310430,2,÷ìŽs,^•Ç’¬^•Ç,0,,,439,309,216,95,78,93,27,80,283
082310440,2,÷ìŽs,^•Ç’¬ŒÃé,0,,,264,189,114,33,57,75,23,66,156
082310450,2,÷ìŽs,^•Ç’¬ŽR”ö,0,,,131,112,60,24,26,52,9,37,94
082310460,2,÷ìŽs,^•Ç’¬“c,0,,,487,394,283,94,128,111,32,122,276
082310470,2,÷ìŽs,^•Ç’¬ˆÉ²X,0,,,77,65,39,19,16,26,7,20,46
082310480,2,÷ìŽs,^•Ç’¬”Ñ’Ë,0,,,304,220,158,47,79,62,29,72,165
082310490,2,÷ìŽs,^•Ç’¬”·¢,0,,,192,167,101,37,52,66,18,58,124
082310500,2,÷ìŽs,^•Ç’¬‹TŒF,0,,,324,268,174,52,77,94,26,76,199
082310510,2,÷ìŽs,^•Ç’¬Œ¹–@Ž›,0,,,190,171,105,30,56,66,16,47,127
082310520,2,÷ìŽs,^•Ç’¬‰H’¹,0,,,141,124,65,17,38,59,13,45,93
082310530,2,÷ìŽs,^•Ç’¬“ŒŽR“c,0,,,194,168,103,34,52,65,13,47,125
082310540,2,÷ìŽs,^•Ç’¬’Å”ö,0,,,485,417,293,84,153,124,54,162,260
082310550,2,÷ìŽs,^•Ç’¬ŽðŠñ,0,,,210,179,105,32,42,74,25,49,149
082310560,2,÷ìŽs,^•Ç’¬×ŽÅ,0,,,64,48,30,9,13,18,6,18,35
082310570,2,÷ìŽs,^•Ç’¬‰º’JŠL,0,,,297,256,159,46,87,97,30,75,195
082310580,2,÷ìŽs,^•Ç’¬ã’JŠL,0,,,150,130,79,19,36,51,15,37,98
082310590,2,÷ìŽs,^•Ç’¬“Œ–îŠL,0,,,108,97,55,16,32,42,18,38,64
082310600,2,÷ìŽs,^•Ç’¬‘å’ËV“c,0,,,20,15,11,1,8,4,1,5,11
082310610,2,÷ìŽs,^•Ç’¬÷ˆä,0,,,279,226,158,56,75,68,26,63,165
082310620,2,÷ìŽs,^•Ç’¬”’ˆä,0,,,266,217,139,47,62,78,11,66,169
082310630,2,÷ìŽs,^•Ç’¬’·‰ª,0,,,287,249,159,41,93,90,18,73,190
082310640,2,÷ìŽs,^•Ç’¬‰º¬”¦,0,,,93,79,38,12,20,41,6,25,65
082310650,2,÷ìŽs,^•Ç’¬ã¬”¦,0,,,179,149,97,27,45,52,11,34,114
082310660,2,÷ìŽs,^•Ç’¬Œ´•û,0,,,74,67,35,11,7,32,8,23,50
082310670,2,÷ìŽs,–{–Ø,0,,,331,270,164,47,94,106,33,93,203
08231067001,3,÷ìŽs,–{–Ø–{–Ø‚P‹æ,0,,,177,148,95,31,52,53,20,52,100
08231067002,3,÷ìŽs,–{–Ø–{–Ø‚Q‹æ,0,,,154,122,69,16,42,53,13,41,103
082310680,2,÷ìŽs,‘å‘]ª,0,,,162,140,75,19,40,65,13,47,100
082310690,2,÷ìŽs,“Œ”Ñ“c,0,,,184,163,94,26,51,69,13,56,115
08231069001,3,÷ìŽs,“Œ”Ñ“c“Œ”Ñ“c,0,,,99,87,46,16,18,41,4,27,72
08231069002,3,÷ìŽs,“Œ”Ñ“c¼•û,0,,,85,76,48,10,33,28,9,29,43
082310700,2,÷ìŽs,ˆ¢•”“c,0,,,164,138,93,24,55,45,16,41,85
082310710,2,÷ìŽs,‰H“c,0,,,82,74,38,11,23,36,11,27,57
082310720,2,÷ìŽs,‘å‘‹Ê,0,,,293,261,138,48,69,123,19,82,194
08231072001,3,÷ìŽs,‘å‘‹Ê‹{,0,,,63,54,26,5,16,28,4,26,44
08231072002,3,÷ìŽs,‘å‘‹Ê–Øè,0,,,8,8,4,2,1,4,1,2,6
08231072003,3,÷ìŽs,‘å‘‹Ê‘OŒ´,0,,,109,98,50,22,23,48,8,26,65
08231072004,3,÷ìŽs,‘å‘‹Ê’†ŠÛ–Ø,0,,,60,53,31,13,12,22,3,12,47
08231072005,3,÷ìŽs,‘å‘‹Ê•Ÿò,0,,,53,48,27,6,17,21,3,16,32
082310730,2,÷ìŽs,‚‹v,0,,,322,236,153,48,87,83,25,73,153
08231073001,3,÷ìŽs,‚‹v’†ª,0,,,105,93,49,13,27,44,13,36,70
08231073002,3,÷ìŽs,‚‹v‚‹v,0,,,29,27,20,6,14,7,-,6,17
08231073003,3,÷ìŽs,‚‹v˜hh,0,,,188,116,84,29,46,32,12,31,66
082310740,2,÷ìŽs,‹à•~,0,,,74,67,42,12,22,25,9,20,39
082310750,2,÷ìŽs,‚X,0,,,76,66,37,15,15,29,6,20,48
082310760,2,÷ìŽs,Â–Ø,0,,,172,155,97,37,47,58,17,42,117
08232,1,_²Žs,,0,,,37180,24880,20105,6363,10208,4775,4015,9942,13022
082320010,2,_²Žs,‰¡£,0,,,580,466,354,106,184,112,67,177,226
082320020,2,_²Žs,“úì,0,,,950,707,565,185,281,142,99,255,382
082320030,2,_²Žs,”‹Œ´,0,,,124,110,56,15,29,54,10,34,86
082320040,2,_²Žs,ŽÅè,0,,,69,58,28,8,12,30,4,14,46
082320050,2,_²Žs,Î_,0,,,97,82,43,11,25,39,13,28,63
082320060,2,_²Žs,‚•l,0,,,348,272,219,90,93,53,46,96,157
082320070,2,_²Žs,“c”¨,0,,,194,153,128,45,60,25,23,51,75
082320080,2,_²Žs,–Øè,0,,,524,239,199,62,97,40,45,95,118
082320090,2,_²Žs,aŒû,0,,,406,309,245,73,132,64,44,117,181
082320100,2,_²Žs,‰œ–ì’J,0,,,149,94,69,20,29,25,5,35,61
082320110,2,_²Žs,’mŽè,0,,,505,367,292,91,147,75,55,135,206
082320120,2,_²Žs,–ö–x,0,,,408,331,265,75,152,66,47,131,162
082320130,2,_²Žs,ˆêŠÑ–ì,0,,,232,179,152,42,83,27,30,76,89
082320140,2,_²Žs,“úì•l,0,,,40,30,16,6,7,14,2,13,23
082320150,2,_²Žs,’mŽè•l,0,,,955,594,483,146,263,111,105,247,283
082320160,2,_²Žs,‰œ–ì’J•l,0,,,299,195,149,43,80,46,37,87,109
082320171,2,_²Žs,[ŽÅ“ì,0,,,1322,842,754,179,437,88,190,499,218
08232017101,3,_²Žs,[ŽÅ“ì‚P’š–Ú,0,,,360,214,194,41,115,20,48,129,64
08232017102,3,_²Žs,[ŽÅ“ì‚Q’š–Ú,0,,,327,186,171,46,91,15,29,91,45
08232017103,3,_²Žs,[ŽÅ“ì‚R’š–Ú,0,,,307,172,149,39,72,23,32,90,57
08232017104,3,_²Žs,[ŽÅ“ì‚S’š–Ú,0,,,129,98,83,18,52,15,32,64,24
08232017105,3,_²Žs,[ŽÅ“ì‚T’š–Ú,0,,,199,172,157,35,107,15,49,125,28
082320172,2,_²Žs,[ŽÅ,0,,,718,509,438,126,249,71,119,275,156
082320180,2,_²Žs,‹Ø,0,,,27,10,9,5,4,1,2,4,2
082320190,2,_²Žs,˜kì,0,,,42,31,21,6,10,10,6,12,20
082320200,2,_²Žs,‰º”¦–Ø,0,,,341,262,185,51,100,77,42,97,151
082320210,2,_²Žs,“›ˆä,0,,,382,313,264,95,132,49,31,107,165
082320220,2,_²Žs,‰ê,0,,,518,374,272,82,145,102,62,146,223
082320231,2,_²Žs,•½ò,0,,,787,462,395,117,212,67,91,204,177
082320232,2,_²Žs,•½ò“Œ,0,,,594,390,355,109,197,35,100,208,110
082320240,2,_²Žs,‘§²Œ´,0,,,312,195,168,56,75,27,43,74,103
082320250,2,_²Žs,‘å–ìŒ´,0,,,3856,2150,1915,636,934,235,411,923,980
08232025000,3,_²Žs,‘å–ìŒ´,0,,,321,243,213,59,118,30,50,104,89
08232025001,3,_²Žs,‘å–ìŒ´‚P’š–Ú,0,,,793,370,333,110,157,37,79,159,188
08232025002,3,_²Žs,‘å–ìŒ´‚Q’š–Ú,0,,,607,377,327,110,141,50,65,155,184
08232025003,3,_²Žs,‘å–ìŒ´‚R’š–Ú,0,,,517,251,230,73,111,21,60,120,123
08232025004,3,_²Žs,‘å–ìŒ´‚S’š–Ú,0,,,602,294,277,98,141,17,59,131,120
08232025005,3,_²Žs,‘å–ìŒ´‚T’š–Ú,0,,,166,94,82,30,43,12,23,41,23
08232025006,3,_²Žs,‘å–ìŒ´‚U’š–Ú,0,,,85,65,57,23,27,8,11,25,27
08232025007,3,_²Žs,‘å–ìŒ´‚V’š–Ú,0,,,359,217,183,56,98,34,36,102,100
08232025008,3,_²Žs,‘å–ìŒ´‚W’š–Ú,0,,,406,239,213,77,98,26,28,86,126
082320270,2,_²Žs,‘§²,0,,,524,404,303,102,146,101,47,131,241
082320280,2,_²Žs,_²,0,,,1742,939,812,267,385,127,197,401,490
08232028001,3,_²Žs,_²‚P’š–Ú,0,,,409,230,193,63,103,37,51,98,130
08232028002,3,_²Žs,_²‚Q’š–Ú,0,,,513,250,215,74,86,35,34,89,164
08232028003,3,_²Žs,_²‚R’š–Ú,0,,,535,288,250,87,123,38,67,125,121
08232028004,3,_²Žs,_²‚S’š–Ú,0,,,285,171,154,43,73,17,45,89,75
082320290,2,_²Žs,’mŽè’†‰›,0,,,3325,1684,1453,513,724,231,291,671,809
08232029001,3,_²Žs,’mŽè’†‰›‚P’š–Ú,0,,,269,125,98,32,51,27,19,52,64
08232029002,3,_²Žs,’mŽè’†‰›‚Q’š–Ú,0,,,354,231,196,81,86,35,44,93,102
08232029003,3,_²Žs,’mŽè’†‰›‚R’š–Ú,0,,,301,130,120,41,59,10,19,44,81
08232029004,3,_²Žs,’mŽè’†‰›‚S’š–Ú,0,,,195,107,88,35,34,19,12,35,62
08232029005,3,_²Žs,’mŽè’†‰›‚T’š–Ú,0,,,915,271,254,84,137,17,65,129,84
08232029006,3,_²Žs,’mŽè’†‰›‚U’š–Ú,0,,,585,321,275,106,124,46,56,115,168
08232029007,3,_²Žs,’mŽè’†‰›‚V’š–Ú,0,,,41,32,25,10,14,7,3,10,21
08232029008,3,_²Žs,’mŽè’†‰›‚W’š–Ú,0,,,268,194,164,45,98,30,35,80,95
08232029009,3,_²Žs,’mŽè’†‰›‚X’š–Ú,0,,,289,188,159,52,86,29,24,86,87
08232029010,3,_²Žs,’mŽè’†‰›‚P‚O’š–Ú,0,,,108,85,74,27,35,11,14,27,45
082320300,2,_²Žs,’mŽè’c’n,0,,,283,217,182,59,100,35,39,92,97
082320311,2,_²Žs,–k•l,0,,,-,-,-,-,-,-,-,-,-
082320312,2,_²Žs,“Œ˜a“c,0,,,-,-,-,-,-,-,-,-,-
082320320,2,_²Žs,“Œ[ŽÅ,0,,,-,-,-,-,-,-,-,-,-
082320330,2,_²Žs,“ì•l,0,,,109,72,66,18,13,6,9,41,39
082320340,2,_²Žs,Œõ,0,,,-,-,-,-,-,-,-,-,-
082320351,2,_²Žs,–xŠ„,0,,,584,362,312,97,150,50,91,172,140
08232035101,3,_²Žs,–xŠ„‚P’š–Ú,0,,,242,158,137,41,69,21,37,74,62
08232035102,3,_²Žs,–xŠ„‚Q’š–Ú,0,,,247,158,135,45,61,23,42,74,63
08232035103,3,_²Žs,–xŠ„‚R’š–Ú,0,,,95,46,40,11,20,6,12,24,15
082320352,2,_²Žs,‹Ø¼•”,0,,,769,481,429,133,243,52,119,248,123
082320360,2,_²Žs,_”V’r,0,,,-,-,-,-,-,-,-,-,-
082320370,2,_²Žs,Ž­“‡`,0,,,-,-,-,-,-,-,-,-,-
082320380,2,_²Žs,ŠO˜Q‹t‰Y,0,,,-,-,-,-,-,-,-,-,-
082320390,2,_²Žs,‘å–ìŒ´’†‰›,0,,,1187,931,809,246,453,122,187,428,377
08232039001,3,_²Žs,‘å–ìŒ´’†‰›‚P’š–Ú,0,,,191,156,134,44,77,22,34,83,63
08232039002,3,_²Žs,‘å–ìŒ´’†‰›‚Q’š–Ú,0,,,101,83,66,26,35,17,19,34,28
08232039003,3,_²Žs,‘å–ìŒ´’†‰›‚R’š–Ú,0,,,215,160,140,43,80,20,43,84,66
08232039004,3,_²Žs,‘å–ìŒ´’†‰›‚S’š–Ú,0,,,271,203,180,59,92,23,28,83,78
08232039005,3,_²Žs,‘å–ìŒ´’†‰›‚T’š–Ú,0,,,228,178,155,42,91,23,29,71,86
08232039006,3,_²Žs,‘å–ìŒ´’†‰›‚U’š–Ú,0,,,181,151,134,32,78,17,34,73,56
082320400,2,_²Žs,”gè“Œ•”,0,,,2683,1778,1307,447,542,471,197,512,1470
08232040001,3,_²Žs,”gè“Œ•”“Œ’¬,0,,,276,164,122,50,32,42,11,31,186
08232040002,3,_²Žs,”gè“Œ•”’‡’¬,0,,,68,55,40,14,18,15,5,15,45
08232040003,3,_²Žs,”gè“Œ•”¼’¬,0,,,120,81,56,15,23,25,6,20,82
08232040004,3,_²Žs,”gè“Œ•”“Œ’‡“‡“Œ,0,,,141,91,67,24,24,24,7,20,95
08232040005,3,_²Žs,”gè“Œ•”“Œ’‡“‡¼,0,,,95,72,49,15,22,23,6,15,57
08232040006,3,_²Žs,”gè“Œ•”¼’‡“‡,0,,,88,68,47,15,15,21,1,11,64
08232040007,3,_²Žs,”gè“Œ•”“Œ–¾_’¬,0,,,189,106,74,28,22,32,12,27,98
08232040008,3,_²Žs,”gè“Œ•”“Œ–¾_‘O,0,,,146,101,69,21,34,32,10,24,88
08232040009,3,_²Žs,”gè“Œ•”–¾_‘O,0,,,334,195,144,51,63,51,15,53,178
08232040010,3,_²Žs,”gè“Œ•”•lV“c,0,,,637,460,359,120,162,101,67,172,271
08232040011,3,_²Žs,”gè“Œ•”–{V’¬,0,,,363,228,171,55,76,57,38,72,178
08232040012,3,_²Žs,”gè“Œ•”ŠC˜V‘ä,0,,,226,157,109,39,51,48,19,52,128
082320410,2,_²Žs,”gè¼•”,0,,,1789,1337,908,300,422,429,125,407,987
08232041001,3,_²Žs,”gè¼•”–{‹½,0,,,528,380,277,98,135,103,36,115,263
08232041002,3,_²Žs,”gè¼•”‚–ì,0,,,188,148,97,32,44,51,17,47,108
08232041003,3,_²Žs,”gè¼•”•ÊŠ,0,,,269,199,127,42,55,72,16,59,157
08232041004,3,_²Žs,”gè¼•”r”g,0,,,94,73,37,11,18,36,7,26,56
08232041005,3,_²Žs,”gè¼•”Î’Ã,0,,,237,180,135,47,60,45,16,51,128
08232041006,3,_²Žs,”gè¼•”’‡ŽÉ—˜,0,,,130,106,78,21,38,28,13,42,65
08232041007,3,_²Žs,”gè¼•”“ào,0,,,83,61,34,14,14,27,5,16,49
08232041008,3,_²Žs,”gè¼•”¼–{,0,,,93,72,47,9,28,25,7,19,62
08232041009,3,_²Žs,”gè¼•”ŽÅ,0,,,59,48,27,10,9,21,4,11,42
08232041010,3,_²Žs,”gè¼•”ŽÉ—˜•l,0,,,108,70,49,16,21,21,4,21,57
082320420,2,_²Žs,–î“c•”,0,,,1547,1162,757,252,352,405,94,344,896
08232042001,3,_²Žs,–î“c•”’‡V“c,0,,,167,134,87,27,42,47,7,40,104
08232042002,3,_²Žs,–î“c•”´…,0,,,132,96,62,27,24,34,7,26,82
08232042003,3,_²Žs,–î“c•”“ŒŠC,0,,,167,133,102,29,46,31,6,26,107
08232042004,3,_²Žs,–î“c•”¼‘Oh,0,,,199,144,86,27,45,58,19,53,117
08232042005,3,_²Žs,–î“c•”Vì’c’n,0,,,62,9,9,2,6,-,-,5,-
08232042006,3,_²Žs,–î“c•”ã’†,0,,,72,58,23,6,12,35,2,16,58
08232042007,3,_²Žs,–î“c•”ìK,0,,,105,81,41,19,17,40,7,27,68
08232042008,3,_²Žs,–î“c•”‰ŸA,0,,,181,154,117,46,52,37,9,41,102
08232042009,3,_²Žs,–î“c•”“Œ¼‰º,0,,,273,209,151,49,70,58,25,64,141
08232042010,3,_²Žs,–î“c•”¼¼‰º,0,,,112,88,50,15,25,38,6,27,67
08232042011,3,_²Žs,–î“c•”\’¬•à,0,,,77,56,29,5,13,27,6,19,50
082320430,2,_²Žs,“y‡“Œ,0,,,268,193,167,61,79,26,30,74,101
08232043001,3,_²Žs,“y‡“Œ‚P’š–Ú,0,,,157,114,99,35,49,15,19,44,61
08232043002,3,_²Žs,“y‡“Œ‚Q’š–Ú,0,,,111,79,68,26,30,11,11,30,40
082320440,2,_²Žs,“y‡’†‰›,0,,,361,253,210,78,103,43,42,105,147
08232044001,3,_²Žs,“y‡’†‰›‚P’š–Ú,0,,,62,46,32,11,20,14,11,24,27
08232044002,3,_²Žs,“y‡’†‰›‚Q’š–Ú,0,,,133,103,88,29,48,15,16,43,56
08232044003,3,_²Žs,“y‡’†‰›‚R’š–Ú,0,,,166,104,90,38,35,14,15,38,64
082320450,2,_²Žs,“y‡“ì,0,,,594,459,402,140,194,57,69,174,236
08232045001,3,_²Žs,“y‡“ì‚P’š–Ú,0,,,256,189,165,52,87,24,41,92,81
08232045002,3,_²Žs,“y‡“ì‚Q’š–Ú,0,,,175,143,126,44,60,17,17,52,75
08232045003,3,_²Žs,“y‡“ì‚R’š–Ú,0,,,163,127,111,44,47,16,11,30,80
082320460,2,_²Žs,“y‡¼,0,,,479,361,316,130,151,45,52,110,170
08232046001,3,_²Žs,“y‡¼‚P’š–Ú,0,,,161,112,101,42,44,11,10,31,41
08232046002,3,_²Žs,“y‡¼‚Q’š–Ú,0,,,114,92,78,31,43,14,24,39,40
08232046003,3,_²Žs,“y‡¼‚R’š–Ú,0,,,122,91,81,35,37,10,4,17,56
08232046004,3,_²Žs,“y‡¼‚S’š–Ú,0,,,82,66,56,22,27,10,14,23,33
082320470,2,_²Žs,“y‡–k,0,,,167,142,121,39,66,21,27,58,52
08232047001,3,_²Žs,“y‡–k‚P’š–Ú,0,,,60,47,40,12,21,7,9,21,16
08232047002,3,_²Žs,“y‡–k‚Q’š–Ú,0,,,107,95,81,27,45,14,18,37,36
082320480,2,_²Žs,“y‡–{’¬,0,,,1353,1087,993,192,655,94,229,674,244
08232048001,3,_²Žs,“y‡–{’¬‚P’š–Ú,0,,,293,227,211,34,161,16,63,151,36
08232048002,3,_²Žs,“y‡–{’¬‚Q’š–Ú,0,,,68,61,56,11,39,5,5,34,13
08232048003,3,_²Žs,“y‡–{’¬‚R’š–Ú,0,,,233,176,166,40,109,10,49,113,31
08232048004,3,_²Žs,“y‡–{’¬‚S’š–Ú,0,,,412,299,270,51,136,29,39,179,87
08232048005,3,_²Žs,“y‡–{’¬‚T’š–Ú,0,,,347,324,290,56,210,34,73,197,77
082320490,2,_²Žs,‘¾“c,0,,,1658,1230,935,291,473,295,142,431,661
08232049001,3,_²Žs,‘¾“c“ú˜aŽR,0,,,96,69,42,15,16,27,8,16,54
08232049002,3,_²Žs,‘¾“c“Œ‰Ÿ—g,0,,,79,53,27,5,18,26,6,19,40
08232049003,3,_²Žs,‘¾“c¼‰Ÿ—g,0,,,448,341,244,90,115,97,31,111,198
08232049004,3,_²Žs,‘¾“c“Œ•óŽR,0,,,159,117,87,28,46,30,16,46,60
08232049005,3,_²Žs,‘¾“c¼•óŽR,0,,,480,342,270,78,140,72,37,115,190
08232049006,3,_²Žs,‘¾“c{“c’c’n,0,,,396,308,265,75,138,43,44,124,119
082320500,2,_²Žs,‘¾“cV’¬,0,,,358,298,234,88,114,64,29,92,161
08232050001,3,_²Žs,‘¾“cV’¬‚P’š–Ú,0,,,82,68,57,23,28,11,9,19,30
08232050002,3,_²Žs,‘¾“cV’¬‚Q’š–Ú,0,,,74,60,47,11,29,13,8,24,26
08232050003,3,_²Žs,‘¾“cV’¬‚R’š–Ú,0,,,48,42,35,17,16,7,5,14,20
08232050004,3,_²Žs,‘¾“cV’¬‚S’š–Ú,0,,,72,60,40,16,19,20,5,18,42
08232050005,3,_²Žs,‘¾“cV’¬‚T’š–Ú,0,,,82,68,55,21,22,13,2,17,43
082320510,2,_²Žs,Žá¼’†‰›,0,,,504,399,333,105,173,66,52,143,152
08232051001,3,_²Žs,Žá¼’†‰›‚P’š–Ú,0,,,102,71,64,20,29,7,6,24,26
08232051002,3,_²Žs,Žá¼’†‰›‚Q’š–Ú,0,,,66,53,46,18,20,7,5,16,23
08232051003,3,_²Žs,Žá¼’†‰›‚R’š–Ú,0,,,127,102,79,29,40,23,15,32,39
08232051004,3,_²Žs,Žá¼’†‰›‚S’š–Ú,0,,,100,76,62,17,36,14,12,25,39
08232051005,3,_²Žs,Žá¼’†‰›‚T’š–Ú,0,,,109,97,82,21,48,15,14,46,25
082320520,2,_²Žs,{“c,0,,,703,504,356,102,185,148,77,182,342
08232052001,3,_²Žs,{“c“Œ{“c,0,,,149,94,55,15,25,39,10,23,81
08232052002,3,_²Žs,{“c’†{“c,0,,,129,102,73,24,37,29,16,35,80
08232052003,3,_²Žs,{“c¼{“c,0,,,138,94,64,18,33,30,13,39,59
08232052004,3,_²Žs,{“c{“c•l,0,,,85,57,36,11,15,21,5,13,52
08232052005,3,_²Žs,{“c{“c’c’n,0,,,202,157,128,34,75,29,33,72,70
082320530,2,_²Žs,–öì,0,,,1188,720,538,183,247,182,113,246,470
08232053001,3,_²Žs,–öì‘Š¶,0,,,96,73,33,7,18,40,7,17,64
08232053002,3,_²Žs,–öì‚»,0,,,128,99,66,24,29,33,13,30,63
08232053003,3,_²Žs,–öì“ñ–{¼,0,,,39,27,15,4,8,12,3,10,19
08232053004,3,_²Žs,–öìŽáƒm¼,0,,,300,179,132,51,48,47,17,49,149
08232053005,3,_²Žs,–öì–kŽá¼,0,,,625,342,292,97,144,50,73,140,175
082320540,2,_²Žs,»ŽR,0,,,84,68,60,16,35,8,13,32,20
082320550,2,_²Žs,–öì’†‰›,0,,,97,75,63,24,34,12,15,34,23
08232055001,3,_²Žs,–öì’†‰›‚P’š–Ú,0,,,56,46,36,12,22,10,12,23,15
08232055002,3,_²Žs,–öì’†‰›‚Q’š–Ú,0,,,41,29,27,12,12,2,3,11,8
082320560,2,_²Žs,”gèV`,0,,,45,-,-,-,-,-,-,-,2
08233,1,s•ûŽs,,0,,,11095,8824,5252,1700,2437,3572,886,2597,6939
082330010,2,s•ûŽs,•x“c,0,,,267,215,128,44,55,87,14,49,181
082330020,2,s•ûŽs,‘e–Ñ,0,,,71,58,35,15,15,23,2,9,52
082330030,2,s•ûŽs,–ƒ¶,0,,,1014,773,496,175,225,277,73,215,611
082330040,2,s•ûŽs,–î”¦,0,,,188,170,93,32,43,77,25,65,122
082330050,2,s•ûŽs,Î_,0,,,173,144,77,20,39,67,17,47,122
082330060,2,s•ûŽs,ª¬‰®,0,,,92,74,32,16,15,42,4,22,68
082330070,2,s•ûŽs,‘ ì,0,,,89,70,30,15,11,40,7,19,58
082330080,2,s•ûŽs,”’•l,0,,,126,110,58,14,29,52,13,31,83
082330090,2,s•ûŽs,‰Fè,0,,,110,95,47,9,27,48,10,23,76
082330100,2,s•ûŽs,‰ª,0,,,62,55,29,10,13,26,4,11,39
082330110,2,s•ûŽs,ÂÀ,0,,,195,162,110,20,56,52,19,65,106
082330120,2,s•ûŽs,ŽlŽ­,0,,,194,155,98,33,50,57,19,47,116
082330130,2,s•ûŽs,™•½,0,,,35,30,21,10,8,9,3,5,26
082330140,2,s•ûŽs,¬–q,0,,,93,77,48,16,21,29,11,26,64
082330150,2,s•ûŽs,”Â•ô,0,,,13,10,6,1,4,4,-,3,9
082330160,2,s•ûŽs,V‹{,0,,,80,71,36,10,18,35,13,25,58
082330170,2,s•ûŽs,“VŠ|,0,,,70,60,29,9,12,31,10,18,58
082330180,2,s•ûŽs,âÄ“c,0,,,53,45,27,11,11,18,3,12,42
082330190,2,s•ûŽs,‰—‰º,0,,,178,149,84,30,32,65,19,47,128
082330200,2,s•ûŽs,s•û,0,,,173,146,82,29,33,64,11,34,116
082330210,2,s•ûŽs,‘DŽq,0,,,35,30,13,3,6,17,4,7,29
082330220,2,s•ûŽs,ŒÜ’¬“c,0,,,95,83,39,15,12,44,8,21,73
082330230,2,s•ûŽs,“‡•À,0,,,212,183,105,37,49,78,19,63,140
082330240,2,s•ûŽs,“ì,0,,,173,132,67,20,37,65,13,37,123
082330250,2,s•ûŽs,‹´–å,0,,,43,39,24,7,11,15,3,12,32
082330260,2,s•ûŽs,¬‚,0,,,241,195,96,31,44,99,18,50,158
082330270,2,s•ûŽs,ˆäŠL,0,,,146,121,62,19,25,59,11,44,101
082330280,2,s•ûŽs,‰àƒ–‰Y“ì•”,0,,,-,-,-,-,-,-,-,-,-
082330290,2,s•ûŽs,–k‰Y“ì•”,0,,,-,-,-,-,-,-,-,-,-
082330300,2,s•ûŽs,‹gì,0,,,99,82,37,7,25,45,8,25,70
082330310,2,s•ûŽs,”É¹,0,,,289,239,141,50,65,98,17,59,204
082330320,2,s•ûŽs,’†ª,0,,,82,71,28,6,16,43,9,24,61
082330330,2,s•ûŽs,ŽR“c,0,,,412,336,196,72,85,140,41,106,285
082330340,2,s•ûŽs,sŒË,0,,,210,172,92,27,43,80,23,60,132
082330350,2,s•ûŽs,¬”¦,0,,,260,223,121,40,58,102,22,60,174
082330360,2,s•ûŽs,“ì‚‰ª,0,,,128,93,59,16,35,34,5,20,70
082330370,2,s•ûŽs,–k‚‰ª,0,,,55,45,25,6,12,20,3,10,39
082330380,2,s•ûŽs,—¼h,0,,,135,107,70,20,27,37,5,26,88
082330390,2,s•ûŽs,“àh,0,,,192,121,75,25,31,46,8,30,91
082330400,2,s•ûŽs,¬“c,0,,,86,64,46,13,28,18,3,20,43
082330410,2,s•ûŽs,ŽO˜a,0,,,171,136,70,24,30,66,16,47,109
082330420,2,s•ûŽs,’·–ì],0,,,86,55,34,10,15,21,3,11,48
082330430,2,s•ûŽs,ŽŸ–Ø,0,,,183,119,73,30,31,46,12,33,91
082330440,2,s•ûŽs,¬ŠÑ,0,,,485,331,183,54,84,148,33,95,252
082330450,2,s•ûŽs,–k‰Y–k•”,0,,,-,-,-,-,-,-,-,-,-
082330460,2,s•ûŽs,rh,0,,,80,66,33,10,14,33,7,21,56
082330470,2,s•ûŽs,“¡ˆä,0,,,80,67,33,11,19,34,10,25,58
082330480,2,s•ûŽs,ˆäã“¡ˆä,0,,,36,21,10,2,4,11,6,6,15
082330490,2,s•ûŽs,ˆäã,0,,,179,149,83,28,43,66,9,31,132
082330500,2,s•ûŽs,¼˜@Ž›,0,,,176,149,91,39,42,58,10,41,111
082330510,2,s•ûŽs,Žè‰ê,0,,,478,413,206,64,94,207,34,115,338
082330520,2,s•ûŽs,b,0,,,1260,980,689,209,334,291,117,335,667
08233052001,3,s•ûŽs,bŽšãh,0,,,114,91,70,29,21,21,2,14,87
08233052002,3,s•ûŽs,bŽšìŒü,0,,,43,33,22,6,11,11,3,10,27
08233052003,3,s•ûŽs,bŽš‰ºh,0,,,58,49,21,9,8,28,6,19,43
08233052004,3,s•ûŽs,bŽš‰¡’¬,0,,,14,13,7,-,4,6,-,2,12
08233052005,3,s•ûŽs,bŽš“àh,0,,,35,30,16,8,7,14,2,8,25
08233052006,3,s•ûŽs,bŽš—¢,0,,,84,66,42,15,20,24,5,24,58
08233052007,3,s•ûŽs,bŽš—ÎƒP‹u,0,,,368,255,213,59,117,42,49,107,134
08233052008,3,s•ûŽs,bŽšò,0,,,149,114,76,18,41,38,11,43,73
08233052009,3,s•ûŽs,bŽš”ˆä,0,,,168,141,103,27,49,38,16,49,77
08233052010,3,s•ûŽs,bŽš•¿ŠL,0,,,101,81,55,22,24,26,10,29,51
08233052011,3,s•ûŽs,bŽš‚{,0,,,84,69,39,10,18,30,10,19,51
08233052012,3,s•ûŽs,bŽš‰¡{‰ê,0,,,42,38,25,6,14,13,3,11,29
082330530,2,s•ûŽs,‰³,0,,,87,72,47,15,19,25,6,18,61
082330540,2,s•ûŽs,”P–Ø,0,,,78,58,35,11,13,23,5,16,47
082330550,2,s•ûŽs,‹Ú‘ò,0,,,548,417,304,90,137,113,50,136,269
082330560,2,s•ûŽs,ŽáŠC,0,,,80,67,38,11,18,29,8,22,49
082330570,2,s•ûŽs,’J“‡,0,,,91,65,37,15,15,28,4,16,54
082330580,2,s•ûŽs,•l,0,,,286,225,139,53,65,86,24,66,182
082330590,2,s•ûŽs,”ª–ØŽª,0,,,131,111,78,25,37,33,8,38,85
082330600,2,s•ûŽs,‰H¶,0,,,219,172,91,24,48,81,17,50,146
082330610,2,s•ûŽs,‰«F,0,,,192,146,116,42,49,30,10,28,121
082330620,2,s•ûŽs,‰àƒ–‰Y–k•”,0,,,-,-,-,-,-,-,-,-,-
08234,1,–g“cŽs,,0,,,17401,12421,8559,3173,3824,3862,1351,3763,9434
082340010,2,–g“cŽs,‘åŽšr’n,0,,,178,143,103,27,61,40,15,54,94
082340020,2,–g“cŽs,‘åŽš”ŒFV“c,0,,,58,42,34,12,17,8,6,14,26
082340030,2,–g“cŽs,‘åŽšŸ‰º,0,,,158,106,55,17,30,51,19,38,80
082340040,2,–g“cŽs,‘åŽšŸ‰ºV“c,0,,,72,54,34,12,17,20,8,16,36
082340050,2,–g“cŽs,‘åŽšã‘¾“c,0,,,113,72,41,14,18,31,13,27,50
082340060,2,–g“cŽs,‘åŽšãŠ˜,0,,,354,233,167,51,80,66,27,90,149
082340070,2,–g“cŽs,‘åŽšŽq¶,0,,,248,180,107,44,53,73,24,62,128
082340080,2,–g“cŽs,‘åŽš‘òK,0,,,112,85,68,28,32,17,8,17,65
082340090,2,–g“cŽs,‘åŽšŽ­“c,0,,,615,350,203,60,95,147,52,126,234
082340100,2,–g“cŽs,‘åŽš‰º‘¾“c,0,,,61,46,20,6,10,26,5,14,32
082340110,2,–g“cŽs,‘åŽš‘ê•l,0,,,142,108,79,27,37,29,13,30,73
082340120,2,–g“cŽs,‘åŽš“cè,0,,,342,211,135,52,58,76,15,62,166
082340130,2,–g“cŽs,‘åŽš‹Ê“c,0,,,251,188,134,42,63,54,26,67,114
082340140,2,–g“cŽs,‘åŽš‘¢’J,0,,,457,328,210,53,116,118,48,125,211
082340150,2,–g“cŽs,‘åŽší”Ö,0,,,126,83,51,17,21,32,6,21,67
082340160,2,–g“cŽs,‘åŽš—â…,0,,,76,54,30,16,12,24,6,17,39
082340170,2,–g“cŽs,‘åŽš–¥—Ö,0,,,200,137,77,17,41,60,10,45,118
082340180,2,–g“cŽs,‘åŽšžàŽR,0,,,249,182,117,41,49,65,18,52,132
082340190,2,–g“cŽs,‘åŽš“’’Ø,0,,,48,32,17,7,8,15,-,11,24
082340200,2,–g“cŽs,Ÿ¿À,0,,,-,-,-,-,-,-,-,-,-
082340210,2,–g“cŽs,‘åŽšÂ–ö,0,,,238,209,125,39,57,84,14,56,157
082340220,2,–g“cŽs,‘åŽšHŽR,0,,,36,21,9,2,6,12,2,5,21
082340230,2,–g“cŽs,‘åŽšˆÀ–[,0,,,734,565,432,155,215,133,86,195,352
082340240,2,–g“cŽs,‘åŽš”Ñ–¼,0,,,279,215,163,48,85,52,30,85,140
082340250,2,–g“cŽs,‘åŽš‘å’|,0,,,457,360,240,101,109,120,39,90,264
082340260,2,–g“cŽs,‘åŽš‘åŒË,0,,,242,153,92,30,48,61,12,39,115
082340270,2,–g“cŽs,‘åŽš‘å˜a“c,0,,,138,111,63,21,28,48,17,47,87
082340280,2,–g“cŽs,‘åŽšà|“c,0,,,279,216,157,52,68,59,20,52,170
082340290,2,–g“cŽs,‘åŽš”ŒF,0,,,250,181,127,35,64,54,17,58,125
082340300,2,–g“cŽs,‘åŽšã•y“c,0,,,183,141,97,32,52,44,18,41,93
082340310,2,–g“cŽs,‘åŽšŽØh,0,,,254,184,98,44,36,86,21,56,158
082340320,2,–g“cŽs,‘åŽš‹ø”Ò,0,,,702,531,412,118,198,119,65,182,328
082340330,2,–g“cŽs,‘åŽš‹î–Øª,0,,,51,48,30,9,18,18,4,13,36
082340340,2,–g“cŽs,‘åŽš‰º•y“c,0,,,94,76,45,20,21,31,7,21,58
082340350,2,–g“cŽs,‘åŽš”’’Ë,0,,,145,120,84,29,42,36,12,31,91
082340360,2,–g“cŽs,V–g“c,0,,,203,119,100,35,48,19,23,57,41
08234036001,3,–g“cŽs,V–g“c‚P’š–Ú,0,,,78,38,31,11,15,7,6,18,13
08234036002,3,–g“cŽs,V–g“c‚Q’š–Ú,0,,,125,81,69,24,33,12,17,39,28
082340370,2,–g“cŽs,‘åŽš›–ì’J,0,,,177,114,84,23,43,30,6,28,80
082340380,2,–g“cŽs,‘åŽš‚“c,0,,,50,44,27,10,15,17,5,12,31
082340390,2,–g“cŽs,‘åŽš“ƒƒPè,0,,,268,210,155,56,74,55,16,64,166
082340400,2,–g“cŽs,‘åŽš“–ŠÔ,0,,,412,323,229,63,129,94,52,124,211
082340410,2,–g“cŽs,‘åŽš“¿h,0,,,801,496,279,90,149,217,65,172,359
082340420,2,–g“cŽs,‘åŽš’¹²,0,,,253,198,116,43,55,82,24,55,151
082340430,2,–g“cŽs,‘åŽš–ì—F,0,,,220,167,94,35,35,73,17,43,134
082340440,2,–g“cŽs,‘åŽš”¼Œ´,0,,,192,130,83,31,37,47,12,35,102
082340450,2,–g“cŽs,‘åŽšM–Ø,0,,,582,398,258,67,145,140,67,152,239
082340461,2,–g“cŽs,V–g“c¼,0,,,43,34,26,9,13,8,8,16,21
08234046101,3,–g“cŽs,V–g“c¼‚P’š–Ú,0,,,22,15,13,6,5,2,4,6,11
08234046102,3,–g“cŽs,V–g“c¼‚Q’š–Ú,0,,,21,19,13,3,8,6,4,10,10
082340462,2,–g“cŽs,‘åŽš–g“c,0,,,1181,867,674,216,302,193,88,269,635
082340470,2,–g“cŽs,‘åŽšg—t,0,,,243,171,104,31,51,67,13,53,129
082340480,2,–g“cŽs,‘åŽšˆÀ’Ë,0,,,410,306,230,82,96,76,30,85,229
082340490,2,–g“cŽs,–k‰Y,0,,,-,-,-,-,-,-,-,-,-
082340500,2,–g“cŽs,‘åŽšŽD,0,,,188,164,102,33,47,62,13,38,139
082340510,2,–g“cŽs,‘åŽš]ì,0,,,37,33,17,4,10,16,4,14,22
082340520,2,–g“cŽs,‘åŽš’†‹,0,,,141,96,60,31,21,36,3,20,98
082340530,2,–g“cŽs,‘åŽšã”¦–Ø,0,,,376,269,192,94,73,77,24,68,240
082340540,2,–g“cŽs,‘åŽš”Ñ“‡,0,,,439,330,228,110,80,102,34,94,284
082340550,2,–g“cŽs,‘åŽšã‘ò,0,,,562,414,301,139,113,113,34,116,348
082340560,2,–g“cŽs,‘åŽš‘å‘ ,0,,,356,246,177,82,52,69,19,64,234
082340570,2,–g“cŽs,‘åŽšˆ¢‹Ê,0,,,230,148,116,66,36,32,8,31,158
082340580,2,–g“cŽs,‘åŽšŠŽR,0,,,390,264,189,98,67,75,20,56,256
082340590,2,–g“cŽs,‘åŽš“ñdì,0,,,261,171,135,73,32,36,13,32,189
082340600,2,–g“cŽs,‘åŽš‘ä‘÷‘ò,0,,,344,246,176,77,55,70,15,52,218
082340610,2,–g“cŽs,‘åŽš‹‚ã,0,,,936,615,479,248,165,136,52,147,573
082340620,2,–g“cŽs,‘åŽšÂŽR,0,,,164,83,72,49,16,11,3,7,114
082340630,2,–g“cŽs,–k‰Y,0,,,-,-,-,-,-,-,-,-,-
08235,1,‚Â‚­‚Î‚Ý‚ç‚¢Žs,,0,,,18129,13724,11126,3914,5731,2598,2442,4980,7836
082350010,2,‚Â‚­‚Î‚Ý‚ç‚¢Žs,‘åŽš¬’£,0,,,613,486,373,126,174,113,52,130,389
082350020,2,‚Â‚­‚Î‚Ý‚ç‚¢Žs,‘åŽš’JŒû,0,,,22,20,10,3,3,10,1,5,19
082350030,2,‚Â‚­‚Î‚Ý‚ç‚¢Žs,‘åŽš•òŽÐ,0,,,13,11,6,-,5,5,-,4,9
082350040,2,‚Â‚­‚Î‚Ý‚ç‚¢Žs,‘åŽšŽs–ì[,0,,,58,51,23,5,15,28,10,21,38
082350050,2,‚Â‚­‚Î‚Ý‚ç‚¢Žs,‘åŽšVŒË,0,,,59,54,22,9,9,32,4,19,48
082350061,2,‚Â‚­‚Î‚Ý‚ç‚¢Žs,‘åŽš‘P•V“c,0,,,-,-,-,-,-,-,-,-,-
082350062,2,‚Â‚­‚Î‚Ý‚ç‚¢Žs,‘åŽš¬“‡V“c,0,,,6,5,4,2,2,1,2,3,3
082350080,2,‚Â‚­‚Î‚Ý‚ç‚¢Žs,‘åŽš–L‘Ì,0,,,262,226,171,65,84,55,39,87,148
082350090,2,‚Â‚­‚Î‚Ý‚ç‚¢Žs,‘åŽšÂŒÃV“c,0,,,27,26,16,5,7,10,4,10,19
082350100,2,‚Â‚­‚Î‚Ý‚ç‚¢Žs,‘åŽšÂ–Ø,0,,,145,110,85,43,28,25,10,23,116
082350110,2,‚Â‚­‚Î‚Ý‚ç‚¢Žs,‘åŽš’·“n˜C,0,,,107,90,69,25,31,21,9,21,72
082350120,2,‚Â‚­‚Î‚Ý‚ç‚¢Žs,‘åŽš’·“n˜CV“c,0,,,64,53,38,10,21,15,7,14,47
082350130,2,‚Â‚­‚Î‚Ý‚ç‚¢Žs,‘åŽš’KŸº,0,,,55,44,30,11,11,14,2,9,40
082350140,2,‚Â‚­‚Î‚Ý‚ç‚¢Žs,‘åŽš–í–ö,0,,,73,65,36,8,24,29,14,26,46
082350150,2,‚Â‚­‚Î‚Ý‚ç‚¢Žs,‘åŽš•Ÿ“c,0,,,29,24,16,4,9,8,1,7,18
082350160,2,‚Â‚­‚Î‚Ý‚ç‚¢Žs,‘åŽš’Jˆä“c,0,,,1899,1485,1270,546,533,215,112,349,1125
08235016000,3,‚Â‚­‚Î‚Ý‚ç‚¢Žs,‘åŽš’Jˆä“c,0,,,1767,1378,1176,507,487,202,101,317,1052
08235016001,3,‚Â‚­‚Î‚Ý‚ç‚¢Žs,‘åŽš’Jˆä“c,0,,,132,107,94,39,46,13,11,32,73
082350170,2,‚Â‚­‚Î‚Ý‚ç‚¢Žs,‘åŽšŽR’J,0,,,86,64,47,22,17,17,4,13,52
082350180,2,‚Â‚­‚Î‚Ý‚ç‚¢Žs,‘åŽšã•½–ö,0,,,76,68,46,14,23,22,3,14,47
082350190,2,‚Â‚­‚Î‚Ý‚ç‚¢Žs,‘åŽš’†•½–ö,0,,,117,94,68,22,36,26,9,21,76
082350200,2,‚Â‚­‚Î‚Ý‚ç‚¢Žs,‘åŽš‰º•½–ö,0,,,120,104,62,22,24,42,10,29,82
082350210,2,‚Â‚­‚Î‚Ý‚ç‚¢Žs,‘åŽš‰º“‡,0,,,76,69,38,12,20,31,6,15,61
082350220,2,‚Â‚­‚Î‚Ý‚ç‚¢Žs,‘åŽšˆÉ’O,0,,,91,80,50,17,25,30,10,24,58
082350230,2,‚Â‚­‚Î‚Ý‚ç‚¢Žs,‘åŽš_ZV“c,0,,,38,34,26,7,15,8,4,10,24
082350240,2,‚Â‚­‚Î‚Ý‚ç‚¢Žs,‘åŽšŽR‰¤V“c,0,,,366,287,231,98,86,56,19,54,260
082350250,2,‚Â‚­‚Î‚Ý‚ç‚¢Žs,‘åŽš’†“‡,0,,,11,11,4,1,1,7,1,3,10
082350260,2,‚Â‚­‚Î‚Ý‚ç‚¢Žs,‘åŽšã“‡,0,,,38,33,16,5,9,17,1,10,25
082350270,2,‚Â‚­‚Î‚Ý‚ç‚¢Žs,‘åŽš•ŸŒ´,0,,,23,22,7,2,2,15,2,5,18
082350280,2,‚Â‚­‚Î‚Ý‚ç‚¢Žs,‘åŽšŒËè,0,,,30,26,14,4,7,12,1,3,25
082350290,2,‚Â‚­‚Î‚Ý‚ç‚¢Žs,‘åŽšŒË–Î,0,,,31,22,8,2,3,14,-,9,24
082350300,2,‚Â‚­‚Î‚Ý‚ç‚¢Žs,‘åŽš‘«‚,0,,,104,87,54,20,23,33,5,18,72
082350310,2,‚Â‚­‚Î‚Ý‚ç‚¢Žs,‘åŽš“ŒŒIŽR,0,,,101,68,48,23,17,20,6,14,67
082350320,2,‚Â‚­‚Î‚Ý‚ç‚¢Žs,‘åŽšé’†,0,,,133,117,67,25,31,50,9,28,97
082350330,2,‚Â‚­‚Î‚Ý‚ç‚¢Žs,‘åŽš”Â‹´,0,,,751,587,460,170,197,127,53,165,451
082350340,2,‚Â‚­‚Î‚Ý‚ç‚¢Žs,‘åŽš“ì‘¾“c,0,,,184,158,113,39,51,45,15,44,114
082350350,2,‚Â‚­‚Î‚Ý‚ç‚¢Žs,‘åŽšˆÉ“Þ“Œ,0,,,1183,904,785,257,404,119,104,304,548
082350360,2,‚Â‚­‚Î‚Ý‚ç‚¢Žs,‘åŽš‚‰ª,0,,,145,111,81,28,35,30,15,32,80
082350370,2,‚Â‚­‚Î‚Ý‚ç‚¢Žs,‘åŽš’KŒŠ,0,,,415,320,248,92,91,72,26,83,247
082350380,2,‚Â‚­‚Î‚Ý‚ç‚¢Žs,‘åŽš‘å˜a“c,0,,,34,31,21,3,13,10,1,6,24
082350390,2,‚Â‚­‚Î‚Ý‚ç‚¢Žs,‘åŽš–ì–x,0,,,160,121,83,30,40,38,6,28,107
082350400,2,‚Â‚­‚Î‚Ý‚ç‚¢Žs,‘åŽš_¶,0,,,68,59,38,15,16,21,7,13,48
082350410,2,‚Â‚­‚Î‚Ý‚ç‚¢Žs,‘åŽš••º‰qV“c,0,,,8,5,5,3,1,-,-,-,6
082350420,2,‚Â‚­‚Î‚Ý‚ç‚¢Žs,‘åŽšd‰EƒG–åV“c,0,,,-,-,-,-,-,-,-,-,-
082350430,2,‚Â‚­‚Î‚Ý‚ç‚¢Žs,‘åŽš×‘ã,0,,,84,71,48,18,22,23,7,15,52
082350440,2,‚Â‚­‚Î‚Ý‚ç‚¢Žs,‘åŽš™‰º,0,,,62,38,23,9,8,15,1,13,30
082350450,2,‚Â‚­‚Î‚Ý‚ç‚¢Žs,‘åŽšŽ›”¨,0,,,77,58,38,15,18,20,9,15,40
082350461,2,‚Â‚­‚Î‚Ý‚ç‚¢Žs,‘åŽš¼ƒm‘ä“ì,0,,,78,63,61,18,36,2,9,29,16
082350462,2,‚Â‚­‚Î‚Ý‚ç‚¢Žs,‘åŽš¬Œ¦,0,,,810,580,505,140,308,75,120,285,226
082350470,2,‚Â‚­‚Î‚Ý‚ç‚¢Žs,‘åŽš¼ƒm‘ä,0,,,323,265,234,105,101,31,9,47,192
082350480,2,‚Â‚­‚Î‚Ý‚ç‚¢Žs,‘åŽš“›ŒË,0,,,880,654,536,159,303,118,142,290,282
082350490,2,‚Â‚­‚Î‚Ý‚ç‚¢Žs,‘åŽš•½À,0,,,31,27,18,4,9,9,4,6,22
082350500,2,‚Â‚­‚Î‚Ý‚ç‚¢Žs,Œ¦‚Ì‘ä,0,,,1464,1044,970,345,511,74,84,336,437
08235050001,3,‚Â‚­‚Î‚Ý‚ç‚¢Žs,Œ¦‚Ì‘ä‚P’š–Ú,0,,,191,137,123,26,78,14,15,62,37
08235050002,3,‚Â‚­‚Î‚Ý‚ç‚¢Žs,Œ¦‚Ì‘ä‚Q’š–Ú,0,,,186,121,111,39,59,10,11,38,60
08235050003,3,‚Â‚­‚Î‚Ý‚ç‚¢Žs,Œ¦‚Ì‘ä‚R’š–Ú,0,,,456,381,360,134,182,21,28,131,165
08235050004,3,‚Â‚­‚Î‚Ý‚ç‚¢Žs,Œ¦‚Ì‘ä‚S’š–Ú,0,,,-,-,-,-,-,-,-,-,-
08235050005,3,‚Â‚­‚Î‚Ý‚ç‚¢Žs,Œ¦‚Ì‘ä‚T’š–Ú,0,,,330,147,136,47,70,11,26,60,52
08235050006,3,‚Â‚­‚Î‚Ý‚ç‚¢Žs,Œ¦‚Ì‘ä‚U’š–Ú,0,,,301,258,240,99,122,18,4,45,123
08235050007,3,‚Â‚­‚Î‚Ý‚ç‚¢Žs,Œ¦‚Ì‘ä‚V’š–Ú,0,,,-,-,-,-,-,-,-,-,-
082350510,2,‚Â‚­‚Î‚Ý‚ç‚¢Žs,‘åŽš“Œ“èŒË,0,,,61,55,23,8,12,32,7,13,50
082350520,2,‚Â‚­‚Î‚Ý‚ç‚¢Žs,‘åŽš¼“èŒË,0,,,63,54,27,10,10,27,4,15,47
082350530,2,‚Â‚­‚Î‚Ý‚ç‚¢Žs,‘åŽš¼ŠÛŽR,0,,,36,31,21,8,12,10,3,8,23
082350540,2,‚Â‚­‚Î‚Ý‚ç‚¢Žs,‘åŽšŒÃì,0,,,100,89,58,14,27,31,4,24,58
082350550,2,‚Â‚­‚Î‚Ý‚ç‚¢Žs,‘åŽš‰Á“¡,0,,,28,27,8,2,4,19,2,9,24
082350560,2,‚Â‚­‚Î‚Ý‚ç‚¢Žs,‘åŽš¬£,0,,,32,25,13,2,7,12,1,5,21
082350570,2,‚Â‚­‚Î‚Ý‚ç‚¢Žs,‘åŽš‹{ŒË,0,,,40,37,13,4,8,24,5,14,31
082350580,2,‚Â‚­‚Î‚Ý‚ç‚¢Žs,‘åŽšã¬–Ú,0,,,29,22,10,5,3,12,3,8,18
082350590,2,‚Â‚­‚Î‚Ý‚ç‚¢Žs,‘åŽšìè,0,,,112,98,52,19,25,46,7,31,79
082350600,2,‚Â‚­‚Î‚Ý‚ç‚¢Žs,‘åŽš‹S’·,0,,,62,54,29,11,11,25,5,17,48
082350610,2,‚Â‚­‚Î‚Ý‚ç‚¢Žs,‘åŽš‰º¬–Ú,0,,,103,94,42,10,22,52,10,22,83
082350620,2,‚Â‚­‚Î‚Ý‚ç‚¢Žs,‘åŽšã’·À,0,,,74,67,32,11,15,35,8,22,47
082350630,2,‚Â‚­‚Î‚Ý‚ç‚¢Žs,‘åŽš‰º’·À,0,,,66,60,40,16,15,20,6,17,50
082350640,2,‚Â‚­‚Î‚Ý‚ç‚¢Žs,‘åŽš“c‘º,0,,,66,60,30,6,14,30,4,14,51
082350650,2,‚Â‚­‚Î‚Ý‚ç‚¢Žs,‘åŽš“úì,0,,,93,81,39,9,20,42,4,26,68
082350660,2,‚Â‚­‚Î‚Ý‚ç‚¢Žs,‘åŽš‰Ÿ»,0,,,40,36,20,5,9,16,2,12,33
082350670,2,‚Â‚­‚Î‚Ý‚ç‚¢Žs,‘åŽš^–Ø,0,,,21,18,5,1,2,13,1,8,19
082350680,2,‚Â‚­‚Î‚Ý‚ç‚¢Žs,‘åŽš\˜a,0,,,15,13,6,3,3,7,2,3,13
082350690,2,‚Â‚­‚Î‚Ý‚ç‚¢Žs,‘åŽš–k‘Ü,0,,,33,33,23,2,17,10,6,9,22
082350700,2,‚Â‚­‚Î‚Ý‚ç‚¢Žs,‘åŽšžÚ–Ø,0,,,27,26,17,5,9,9,3,8,19
082350710,2,‚Â‚­‚Î‚Ý‚ç‚¢Žs,‘åŽš–¥—Ö,0,,,17,13,10,4,1,3,1,3,12
082350720,2,‚Â‚­‚Î‚Ý‚ç‚¢Žs,‘åŽš•Ÿ‰ª,0,,,215,188,117,38,59,71,21,55,147
082350730,2,‚Â‚­‚Î‚Ý‚ç‚¢Žs,‘åŽš‘ä,0,,,129,115,66,19,39,49,14,33,89
082350740,2,‚Â‚­‚Î‚Ý‚ç‚¢Žs,‘åŽš“ì,0,,,84,79,33,9,23,46,10,23,72
082350750,2,‚Â‚­‚Î‚Ý‚ç‚¢Žs,‘åŽš’†Œ´,0,,,17,15,11,4,5,4,-,3,10
082350760,2,‚Â‚­‚Î‚Ý‚ç‚¢Žs,‘åŽšm¶‰q–åV“c,0,,,8,8,2,1,1,6,-,-,7
082350770,2,‚Â‚­‚Î‚Ý‚ç‚¢Žs,‘åŽšâ–ìV“c,0,,,12,5,5,2,3,-,-,-,5
082350780,2,‚Â‚­‚Î‚Ý‚ç‚¢Žs,—zŒõ‘ä,0,,,2817,1712,1655,664,888,57,554,856,433
08235078001,3,‚Â‚­‚Î‚Ý‚ç‚¢Žs,—zŒõ‘ä‚P’š–Ú,0,,,960,486,471,212,224,15,112,206,155
08235078002,3,‚Â‚­‚Î‚Ý‚ç‚¢Žs,—zŒõ‘ä‚Q’š–Ú,0,,,869,594,570,216,311,24,216,308,187
08235078003,3,‚Â‚­‚Î‚Ý‚ç‚¢Žs,—zŒõ‘ä‚R’š–Ú,0,,,596,426,414,149,251,12,164,242,57
08235078004,3,‚Â‚­‚Î‚Ý‚ç‚¢Žs,—zŒõ‘ä‚S’š–Ú,0,,,392,206,200,87,102,6,62,100,34
082350790,2,‚Â‚­‚Î‚Ý‚ç‚¢Žs,Ž‡•ôƒ–‹u,0,,,1466,1043,996,287,653,47,494,648,152
08235079001,3,‚Â‚­‚Î‚Ý‚ç‚¢Žs,Ž‡•ôƒ–‹u‚P’š–Ú,0,,,304,181,172,53,108,9,71,107,17
08235079002,3,‚Â‚­‚Î‚Ý‚ç‚¢Žs,Ž‡•ôƒ–‹u‚Q’š–Ú,0,,,236,181,178,48,121,3,96,119,15
08235079003,3,‚Â‚­‚Î‚Ý‚ç‚¢Žs,Ž‡•ôƒ–‹u‚R’š–Ú,0,,,425,322,313,68,235,9,186,232,26
08235079004,3,‚Â‚­‚Î‚Ý‚ç‚¢Žs,Ž‡•ôƒ–‹u‚S’š–Ú,0,,,266,193,184,68,102,9,79,98,42
08235079005,3,‚Â‚­‚Î‚Ý‚ç‚¢Žs,Ž‡•ôƒ–‹u‚T’š–Ú,0,,,235,166,149,50,87,17,62,92,52
082350800,2,‚Â‚­‚Î‚Ý‚ç‚¢Žs,•xŽmŒ©ƒ–‹u,0,,,614,520,491,123,350,29,291,362,35
08235080001,3,‚Â‚­‚Î‚Ý‚ç‚¢Žs,•xŽmŒ©ƒ–‹u‚P’š–Ú,0,,,179,154,146,41,104,8,86,102,16
08235080002,3,‚Â‚­‚Î‚Ý‚ç‚¢Žs,•xŽmŒ©ƒ–‹u‚Q’š–Ú,0,,,126,90,87,20,62,3,48,63,5
08235080003,3,‚Â‚­‚Î‚Ý‚ç‚¢Žs,•xŽmŒ©ƒ–‹u‚R’š–Ú,0,,,144,122,118,37,72,4,59,75,7
08235080004,3,‚Â‚­‚Î‚Ý‚ç‚¢Žs,•xŽmŒ©ƒ–‹u‚S’š–Ú,0,,,165,154,140,25,112,14,98,122,7
082350810,2,‚Â‚­‚Î‚Ý‚ç‚¢Žs,‘åŽš–kŽR,0,,,19,14,10,4,5,4,1,3,13
08236,1,¬”ü‹ÊŽs,,0,,,17429,13511,10480,3524,5207,3031,1742,4592,8330
082360010,2,¬”ü‹ÊŽs,‘åŽš¬ì,0,,,1074,843,699,220,350,144,138,317,482
082360020,2,¬”ü‹ÊŽs,‘åŽš‰º”nê,0,,,93,65,49,21,21,16,8,18,48
082360030,2,¬”ü‹ÊŽs,‘åŽš¬”·,0,,,82,61,46,17,21,15,4,14,56
082360040,2,¬”ü‹ÊŽs,‘åŽš’†‰„,0,,,497,367,277,103,133,90,49,122,250
082360050,2,¬”ü‹ÊŽs,‘åŽš‹{“c,0,,,51,48,28,9,12,20,4,10,37
082360060,2,¬”ü‹ÊŽs,‘åŽš–ì“c,0,,,832,645,517,149,294,128,136,287,341
082360070,2,¬”ü‹ÊŽs,‘åŽš¢Šy,0,,,123,91,49,15,24,42,11,30,69
082360080,2,¬”ü‹ÊŽs,‘åŽš²Ë,0,,,177,154,97,35,44,57,16,50,102
082360090,2,¬”ü‹ÊŽs,‘åŽšã‹g‰e,0,,,157,131,87,23,46,44,16,42,90
082360100,2,¬”ü‹ÊŽs,‘åŽš‰º‹g‰e,0,,,358,248,173,51,84,75,27,82,172
082360110,2,¬”ü‹ÊŽs,‘åŽš”Ñ‘O,0,,,337,255,183,37,101,72,30,97,145
082360120,2,¬”ü‹ÊŽs,‘åŽšã‡,0,,,153,115,84,25,42,31,6,27,86
082360130,2,¬”ü‹ÊŽs,‘åŽš—^‘ò,0,,,244,172,99,31,51,73,16,53,134
082360140,2,¬”ü‹ÊŽs,‘åŽš‘q”,0,,,207,172,110,40,58,62,21,45,130
082360150,2,¬”ü‹ÊŽs,‘åŽšŽR–ì,0,,,527,436,330,120,155,106,38,115,249
082360160,2,¬”ü‹ÊŽs,‘åŽš”¦’J,0,,,194,160,131,52,63,29,14,49,74
082360170,2,¬”ü‹ÊŽs,‘åŽšìŒË,0,,,439,333,258,84,123,75,38,116,218
082360180,2,¬”ü‹ÊŽs,‘åŽšŠO”V“à,0,,,89,76,38,15,14,38,13,24,60
082360190,2,¬”ü‹ÊŽs,‘åŽš•S—¢,0,,,17,3,2,-,-,1,-,-,2
082360200,2,¬”ü‹ÊŽs,,0,,,-,-,-,-,-,-,-,-,-
082360210,2,¬”ü‹ÊŽs,‘åŽš‘åù,0,,,60,52,30,10,11,22,4,12,41
082360220,2,¬”ü‹ÊŽs,‘åŽšŽè’ç,0,,,48,37,24,5,15,13,2,12,28
082360230,2,¬”ü‹ÊŽs,‘åŽš‚“c,0,,,34,31,16,5,5,15,2,8,27
082360240,2,¬”ü‹ÊŽs,‘åŽšŽ›è,0,,,65,52,26,6,17,26,4,14,44
082360250,2,¬”ü‹ÊŽs,‘åŽš‰HŠ ,0,,,788,627,543,223,265,84,78,190,398
082360260,2,¬”ü‹ÊŽs,‘åŽš”[ê,0,,,399,289,246,85,115,43,44,106,150
082360270,2,¬”ü‹ÊŽs,‘åŽš]ŒË,0,,,423,325,281,104,140,44,38,103,253
082360280,2,¬”ü‹ÊŽs,‘åŽš’£¯,0,,,112,99,71,13,49,28,10,39,46
082360290,2,¬”ü‹ÊŽs,‘åŽš•”Žº,0,,,143,118,83,17,48,35,17,43,81
082360300,2,¬”ü‹ÊŽs,‘åŽšŒ˜‘q,0,,,740,573,427,130,211,146,79,198,362
082360310,2,¬”ü‹ÊŽs,‘åŽšæŒã,0,,,143,123,94,28,47,29,14,43,69
082360320,2,¬”ü‹ÊŽs,‘åŽš‹´ê”ü,0,,,78,67,47,18,20,20,7,19,45
082360330,2,¬”ü‹ÊŽs,‘åŽš¼‹½’n,0,,,467,371,313,130,144,58,36,99,231
082360340,2,¬”ü‹ÊŽs,‘åŽš¬ŠâŒË,0,,,262,215,155,54,83,60,12,56,151
082360350,2,¬”ü‹ÊŽs,‘åŽšŽÄ‚,0,,,213,161,104,32,46,57,11,49,123
082360360,2,¬”ü‹ÊŽs,‘åŽš’ß“c,0,,,134,117,83,33,41,34,11,28,77
082360370,2,¬”ü‹ÊŽs,‘åŽšŽO‰Ó,0,,,164,106,61,22,30,45,11,33,75
082360380,2,¬”ü‹ÊŽs,‘åŽš‰H’¹,0,,,2934,2155,1831,608,916,324,366,845,1101
082360390,2,¬”ü‹ÊŽs,‘åŽš‘å’J,0,,,218,154,114,42,53,40,22,59,90
082360400,2,¬”ü‹ÊŽs,‘åŽš‰Ô–ìˆä,0,,,194,164,106,37,49,58,16,56,122
082360410,2,¬”ü‹ÊŽs,‘åŽš¬‘]”[,0,,,106,80,63,25,28,17,7,21,48
082360420,2,¬”ü‹ÊŽs,‘åŽš’†‘ä,0,,,322,282,255,95,130,27,28,116,125
082360430,2,¬”ü‹ÊŽs,‘åŽš’†–ì’J,0,,,252,213,177,52,95,36,28,78,113
082360440,2,¬”ü‹ÊŽs,‘åŽš’|Œ´‰º‹½,0,,,126,103,76,29,38,27,11,32,78
082360450,2,¬”ü‹ÊŽs,‘åŽš’|Œ´,0,,,398,348,262,102,125,86,36,103,218
082360460,2,¬”ü‹ÊŽs,‘åŽš’|Œ´’†‹½,0,,,126,106,58,23,28,48,10,29,85
082360470,2,¬”ü‹ÊŽs,‘åŽšã”nê,0,,,49,44,31,10,14,13,5,12,33
082360480,2,¬”ü‹ÊŽs,‘åŽš‰º‹Ê—¢,0,,,281,230,152,48,77,78,18,69,173
082360490,2,¬”ü‹ÊŽs,‘åŽšì’†Žq,0,,,79,56,23,8,9,33,8,18,56
082360500,2,¬”ü‹ÊŽs,‘åŽš‚è,0,,,365,292,204,69,101,88,29,87,214
082360510,2,¬”ü‹ÊŽs,‘åŽšã‹Ê—¢,0,,,721,569,471,147,248,98,82,211,308
082360520,2,¬”ü‹ÊŽs,‘åŽš“c–Ø’J,0,,,344,268,211,55,114,57,42,102,148
082360530,2,¬”ü‹ÊŽs,‘åŽšŒI–”ŽlƒP,0,,,985,704,580,211,255,124,69,204,470
082360540,2,¬”ü‹ÊŽs,,0,,,-,-,-,-,-,-,-,-,-
082360550,2,¬”ü‹ÊŽs,‘åŽš“Œ“c’†,0,,,5,5,5,1,4,-,-,-,2
08302,1,“ŒˆïéŒSˆïé’¬,,0,,,11310,8855,6706,2396,3205,2149,917,2597,6179
083020010,2,“ŒˆïéŒSˆïé’¬,‘åŽš‘åŒË,0,,,724,587,478,196,215,109,50,133,408
08302001001,3,“ŒˆïéŒSˆïé’¬,‘åŽš‘åŒË‘åŽRŒ´,0,,,404,330,271,119,118,59,28,74,230
08302001002,3,“ŒˆïéŒSˆïé’¬,‘åŽš‘åŒË‰º‹½,0,,,181,146,118,51,51,28,13,35,98
08302001003,3,“ŒˆïéŒSˆïé’¬,‘åŽš‘åŒË‘å”¨,0,,,84,69,55,18,28,14,4,15,47
08302001004,3,“ŒˆïéŒSˆïé’¬,‘åŽš‘åŒËã‹½,0,,,55,42,34,8,18,8,5,9,33
083020050,2,“ŒˆïéŒSˆïé’¬,‘åŽš‘O“c,0,,,732,569,483,209,207,86,53,160,405
083020060,2,“ŒˆïéŒSˆïé’¬,‘åŽš’·‰ª,0,,,2534,1921,1643,634,771,278,266,628,1078
08302006000,3,“ŒˆïéŒSˆïé’¬,‘åŽš’·‰ª,0,,,1122,839,719,274,338,120,123,268,472
08302006001,3,“ŒˆïéŒSˆïé’¬,‘åŽš’·‰ª–î“ª,0,,,1094,812,705,270,327,107,110,265,439
08302006002,3,“ŒˆïéŒSˆïé’¬,‘åŽš’·‰ªA”_,0,,,296,250,205,83,100,45,31,89,154
08302006003,3,“ŒˆïéŒSˆïé’¬,‘åŽš’·‰ªŽO“‡,0,,,22,20,14,7,6,6,2,6,13
083020100,2,“ŒˆïéŒSˆïé’¬,‘åŽš’J“c•”,0,,,178,150,117,36,64,33,15,47,97
083020110,2,“ŒˆïéŒSˆïé’¬,‘åŽš¬’ß,0,,,531,411,327,134,143,84,30,101,328
083020120,2,“ŒˆïéŒSˆïé’¬,‘åŽš‹ß“¡,0,,,58,50,38,17,18,12,6,13,32
083020130,2,“ŒˆïéŒSˆïé’¬,‘åŽšíˆä,0,,,106,90,66,27,30,24,11,32,56
083020140,2,“ŒˆïéŒSˆïé’¬,‘åŽš”n“n,0,,,38,32,27,8,14,5,1,5,22
083020150,2,“ŒˆïéŒSˆïé’¬,‘åŽš–Ø•”,0,,,286,240,166,52,82,74,13,68,160
083020160,2,“ŒˆïéŒSˆïé’¬,‘åŽš”ÑÀ,0,,,38,31,21,7,7,10,3,8,27
083020170,2,“ŒˆïéŒSˆïé’¬,‘åŽšã”ÑÀ,0,,,114,99,62,16,35,37,13,34,68
083020180,2,“ŒˆïéŒSˆïé’¬,‘åŽš‰º”ÑÀ,0,,,96,85,57,15,25,28,12,39,55
083020190,2,“ŒˆïéŒSˆïé’¬,‘åŽš‰º“yŽt,0,,,177,148,107,39,50,41,16,44,105
083020200,2,“ŒˆïéŒSˆïé’¬,‘åŽš‰œ’J,0,,,438,337,266,88,126,71,30,105,268
08302020000,3,“ŒˆïéŒSˆïé’¬,‘åŽš‰œ’J,0,,,382,290,233,79,110,57,30,97,224
08302020001,3,“ŒˆïéŒSˆïé’¬,‘åŽš‰œ’JÔâ,0,,,56,47,33,9,16,14,-,8,44
083020220,2,“ŒˆïéŒSˆïé’¬,‘åŽš‰zˆÀ,0,,,90,74,54,14,29,20,6,22,51
083020230,2,“ŒˆïéŒSˆïé’¬,‘åŽš‹¼”žŒ´,0,,,29,23,17,6,7,6,-,4,20
083020240,2,“ŒˆïéŒSˆïé’¬,‘åŽš‹î“n,0,,,89,63,46,14,24,17,10,20,42
083020260,2,“ŒˆïéŒSˆïé’¬,‘åŽš–ì‘],0,,,114,100,52,9,29,48,10,30,86
083020270,2,“ŒˆïéŒSˆïé’¬,‘åŽš“ìŒIè,0,,,39,33,28,6,14,5,-,4,27
083020280,2,“ŒˆïéŒSˆïé’¬,‘åŽš“ìì–”,0,,,50,44,31,11,14,13,2,12,37
083020290,2,“ŒˆïéŒSˆïé’¬,‘åŽšH—t,0,,,121,97,62,23,30,35,8,26,80
083020300,2,“ŒˆïéŒSˆïé’¬,‘åŽš“ì“‡“c,0,,,50,41,28,12,13,13,4,7,38
083020310,2,“ŒˆïéŒSˆïé’¬,‘åŽš_’J,0,,,100,68,51,24,21,17,2,11,53
083020320,2,“ŒˆïéŒSˆïé’¬,‘åŽš’¹‰H“c,0,,,283,238,148,52,70,90,19,67,188
08302032000,3,“ŒˆïéŒSˆïé’¬,‘åŽš’¹‰H“c,0,,,113,95,61,18,32,34,8,26,77
08302032001,3,“ŒˆïéŒSˆïé’¬,‘åŽš’¹‰H“c‘ŽR,0,,,76,58,34,13,15,24,5,15,51
08302032002,3,“ŒˆïéŒSˆïé’¬,‘åŽš’¹‰H“câ“Œ,0,,,94,85,53,21,23,32,6,26,60
083020350,2,“ŒˆïéŒSˆïé’¬,‘åŽš¶ˆä‘ò,0,,,56,47,34,12,16,13,-,10,40
083020360,2,“ŒˆïéŒSˆïé’¬,‘åŽš‰º‰J’J,0,,,62,54,37,14,17,17,5,12,34
083020370,2,“ŒˆïéŒSˆïé’¬,‘åŽšã‰J’J,0,,,101,84,59,18,26,25,9,18,68
083020380,2,“ŒˆïéŒSˆïé’¬,‘åŽš‰ºÀ,0,,,40,31,19,7,7,12,4,10,23
083020390,2,“ŒˆïéŒSˆïé’¬,‘åŽš¬”¦,0,,,548,451,323,104,160,128,40,109,343
083020400,2,“ŒˆïéŒSˆïé’¬,‘åŽš¬’ç,0,,,298,240,178,49,94,62,26,82,164
083020410,2,“ŒˆïéŒSˆïé’¬,‘åŽš‹îê,0,,,227,195,130,41,62,65,11,50,134
083020420,2,“ŒˆïéŒSˆïé’¬,‘åŽš_h,0,,,55,47,28,8,16,19,5,14,35
083020430,2,“ŒˆïéŒSˆïé’¬,‘åŽšŠC˜V‘ò,0,,,209,169,115,38,60,54,17,49,128
08302043000,3,“ŒˆïéŒSˆïé’¬,‘åŽšŠC˜V‘ò,0,,,138,109,75,25,37,34,11,28,86
08302043001,3,“ŒˆïéŒSˆïé’¬,‘åŽšŠC˜V‘ò–{‹½,0,,,71,60,40,13,23,20,6,21,42
083020450,2,“ŒˆïéŒSˆïé’¬,‘åŽšé”V“à,0,,,163,124,67,23,28,57,14,35,103
083020460,2,“ŒˆïéŒSˆïé’¬,‘åŽš–ÔŠ|,0,,,198,126,80,33,35,46,12,30,107
08302046000,3,“ŒˆïéŒSˆïé’¬,‘åŽš–ÔŠ|,0,,,135,96,63,30,24,33,9,20,81
08302046001,3,“ŒˆïéŒSˆïé’¬,‘åŽš–ÔŠ|º˜a,0,,,63,30,17,3,11,13,3,10,26
083020480,2,“ŒˆïéŒSˆïé’¬,‘åŽš‹{ƒ–è,0,,,459,350,215,69,97,135,33,102,279
08302048000,3,“ŒˆïéŒSˆïé’¬,‘åŽš‹{ƒ–è,0,,,218,162,108,37,41,54,10,39,139
08302048001,3,“ŒˆïéŒSˆïé’¬,‘åŽš‹{ƒ–è‘æ‚S,0,,,76,68,43,9,26,25,9,27,50
08302048002,3,“ŒˆïéŒSˆïé’¬,‘åŽš‹{ƒ–è‘æ‚T,0,,,80,65,34,11,18,31,4,19,52
08302048003,3,“ŒˆïéŒSˆïé’¬,‘åŽš‹{ƒ–è‘æ‚U,0,,,85,55,30,12,12,25,10,17,38
083020520,2,“ŒˆïéŒSˆïé’¬,‘åŽšãÎè,0,,,763,555,403,135,208,152,42,137,425
083020530,2,“ŒˆïéŒSˆïé’¬,‘åŽš’†Îè,0,,,224,182,129,48,57,53,12,45,136
083020540,2,“ŒˆïéŒSˆïé’¬,‘åŽš‰ºÎè,0,,,360,296,193,65,92,103,33,84,237
083020550,2,“ŒˆïéŒSˆïé’¬,‘åŽšŽá‹{,0,,,176,136,94,30,51,42,8,36,114
083020560,2,“ŒˆïéŒSˆïé’¬,,0,,,-,-,-,-,-,-,-,-,-
083020570,2,“ŒˆïéŒSˆïé’¬,’†‰›H‹Æ’c’n,0,,,-,-,-,-,-,-,-,-,-
083020580,2,“ŒˆïéŒSˆïé’¬,÷‚Ì‹½,0,,,356,237,227,53,141,10,66,154,78
08309,1,“ŒˆïéŒS‘åô’¬,,0,,,6649,4648,3732,1251,1715,916,457,1340,3415
083090011,2,“ŒˆïéŒS‘åô’¬,ˆé•l’¬,0,,,3359,2350,1888,622,851,462,212,622,1899
08309001101,3,“ŒˆïéŒS‘åô’¬,ˆé•l’¬–¾_’¬,0,,,342,242,183,51,88,59,13,50,232
08309001102,3,“ŒˆïéŒS‘åô’¬,ˆé•l’¬“ŒŒõ‘ä,0,,,179,133,105,38,52,28,11,42,88
08309001103,3,“ŒˆïéŒS‘åô’¬,ˆé•l’¬ˆê’š–Ú,0,,,183,133,103,43,38,30,8,27,114
08309001104,3,“ŒˆïéŒS‘åô’¬,ˆé•l’¬Ž¬Œ©ƒP‹u,0,,,24,9,8,2,1,1,-,-,14
08309001105,3,“ŒˆïéŒS‘åô’¬,ˆé•l’¬“ñ’š–Ú,0,,,173,124,99,34,40,25,10,27,99
08309001106,3,“ŒˆïéŒS‘åô’¬,ˆé•l’¬’‡’¬,0,,,122,62,46,13,20,16,4,11,62
08309001107,3,“ŒˆïéŒS‘åô’¬,ˆé•l’¬‹à‘ò’¬,0,,,135,98,80,24,37,18,12,32,79
08309001108,3,“ŒˆïéŒS‘åô’¬,ˆé•l’¬j’¬,0,,,413,308,258,72,129,50,49,121,208
08309001109,3,“ŒˆïéŒS‘åô’¬,ˆé•l’¬¼ƒP‹u,0,,,79,44,37,8,11,7,6,13,37
08309001110,3,“ŒˆïéŒS‘åô’¬,ˆé•l’¬’Ê’¬,0,,,73,50,41,12,21,9,4,10,42
08309001111,3,“ŒˆïéŒS‘åô’¬,ˆé•l’¬V’¬,0,,,523,370,302,97,144,68,40,108,283
08309001112,3,“ŒˆïéŒS‘åô’¬,ˆé•l’¬‰i’¬,0,,,752,533,433,161,190,100,45,137,417
08309001113,3,“ŒˆïéŒS‘åô’¬,ˆé•l’¬•EŠ˜’¬,0,,,361,244,193,67,80,51,10,44,224
083090012,2,“ŒˆïéŒS‘åô’¬,ˆé“¹,0,,,119,86,76,19,46,10,13,34,32
083090020,2,“ŒˆïéŒS‘åô’¬,˜a“º,0,,,164,131,106,31,55,25,17,47,82
083090030,2,“ŒˆïéŒS‘åô’¬,“ŒŒõ‘ä,0,,,193,124,97,29,47,27,14,35,78
083090040,2,“ŒˆïéŒS‘åô’¬,ŒÜ”½“c,0,,,490,339,295,92,159,44,60,156,130
083090050,2,“ŒˆïéŒS‘åô’¬,‘åŠÑ’¬,0,,,1201,852,673,236,294,179,75,231,628
083090060,2,“ŒˆïéŒS‘åô’¬,_ŽR’¬,0,,,148,121,77,29,36,44,8,30,106
083090070,2,“ŒˆïéŒS‘åô’¬,¬“c’¬,0,,,349,268,198,73,88,70,24,77,207
083090080,2,“ŒˆïéŒS‘åô’¬,÷“¹,0,,,626,377,322,120,139,55,34,108,253
083090090,2,“ŒˆïéŒS‘åô’¬,`’†‰›,0,,,-,-,-,-,-,-,-,-,-
083090100,2,“ŒˆïéŒS‘åô’¬,‘åô`,0,,,-,-,-,-,-,-,-,-,-
083090110,2,“ŒˆïéŒS‘åô’¬,Ÿ¿À,0,,,-,-,-,-,-,-,-,-,-
08310,1,“ŒˆïéŒSé—¢’¬,,0,,,7059,5698,4402,1593,2063,1296,429,1466,4070
083100010,2,“ŒˆïéŒSé—¢’¬,‘åŽšÎ’Ë,0,,,2007,1611,1342,489,645,269,155,472,998
083100020,2,“ŒˆïéŒSé—¢’¬,‘åŽš“ß‰Ï¼,0,,,831,701,601,209,301,100,52,227,383
083100030,2,“ŒˆïéŒSé—¢’¬,‘åŽšãò,0,,,69,60,36,13,18,24,4,13,46
083100040,2,“ŒˆïéŒSé—¢’¬,‘åŽš‘ˆä,0,,,213,172,106,38,52,66,14,41,132
083100050,2,“ŒˆïéŒSé—¢’¬,‘åŽšˆé–ì,0,,,63,53,45,18,19,8,3,8,41
083100060,2,“ŒˆïéŒSé—¢’¬,‘åŽšã“ü–ì,0,,,303,243,186,76,78,57,13,41,203
083100070,2,“ŒˆïéŒSé—¢’¬,‘åŽšãÂŽR,0,,,189,151,119,41,58,32,15,37,96
083100080,2,“ŒˆïéŒSé—¢’¬,‘åŽš‰ºÂŽR,0,,,122,94,75,24,34,19,4,19,65
083100090,2,“ŒˆïéŒSé—¢’¬,‘åŽšt‰€,0,,,158,127,103,39,49,24,7,26,84
083100100,2,“ŒˆïéŒSé—¢’¬,‘åŽš¬â,0,,,97,78,53,18,28,25,2,18,63
083100110,2,“ŒˆïéŒSé—¢’¬,‘åŽšŸŒ©‘ò,0,,,41,32,22,7,10,10,2,4,32
083100120,2,“ŒˆïéŒSé—¢’¬,‘åŽšãŒÃ“à,0,,,113,88,62,19,26,26,6,19,79
083100130,2,“ŒˆïéŒSé—¢’¬,‘åŽš‰ºŒÃ“à,0,,,186,140,99,47,40,41,8,24,126
083100140,2,“ŒˆïéŒSé—¢’¬,‘åŽšãš¨,0,,,208,161,115,36,58,46,12,47,131
083100150,2,“ŒˆïéŒSé—¢’¬,‘åŽš‰ºš¨,0,,,165,131,88,25,47,43,6,32,106
083100160,2,“ŒˆïéŒSé—¢’¬,‘åŽšˆ¾,0,,,160,128,102,39,45,26,5,30,98
083100170,2,“ŒˆïéŒSé—¢’¬,‘åŽš–k•û,0,,,219,176,134,49,61,42,9,42,132
083100180,2,“ŒˆïéŒSé—¢’¬,‘åŽš‚‹v,0,,,103,83,61,21,28,22,3,13,71
083100190,2,“ŒˆïéŒSé—¢’¬,‘åŽšŽà‚–ì,0,,,130,101,64,27,25,37,2,17,99
083100200,2,“ŒˆïéŒSé—¢’¬,‘åŽš‘·ª,0,,,126,100,74,30,30,26,4,19,95
083100210,2,“ŒˆïéŒSé—¢’¬,‘åŽšŠâ‘D,0,,,37,24,19,9,5,5,1,4,29
083100220,2,“ŒˆïéŒSé—¢’¬,‘åŽš‚ª,0,,,89,74,57,22,25,17,8,18,53
083100230,2,“ŒˆïéŒSé—¢’¬,‘åŽšˆ¢”gŽR,0,,,361,298,239,88,106,59,23,68,213
083100240,2,“ŒˆïéŒSé—¢’¬,‘åŽš‰ºˆ¢–ì‘ò,0,,,126,106,76,25,35,30,9,29,81
083100250,2,“ŒˆïéŒSé—¢’¬,‘åŽšãˆ¢–ì‘ò,0,,,102,81,59,23,27,22,5,19,64
083100260,2,“ŒˆïéŒSé—¢’¬,‘åŽš‚ª‘ä,0,,,78,66,60,20,29,6,12,29,26
083100270,2,“ŒˆïéŒSé—¢’¬,‘åŽšŒä‘OŽR,0,,,152,116,88,33,44,28,4,27,109
083100280,2,“ŒˆïéŒSé—¢’¬,‘åŽš“¿‘ ,0,,,95,78,45,13,28,33,7,23,64
083100290,2,“ŒˆïéŒSé—¢’¬,‘åŽš¬Ÿ,0,,,146,122,83,24,34,39,14,31,99
083100300,2,“ŒˆïéŒSé—¢’¬,‘åŽš‰–Žq,0,,,229,186,120,47,46,66,11,42,167
083100310,2,“ŒˆïéŒSé—¢’¬,‘åŽš‰ºÔ‘ò,0,,,59,47,32,13,10,15,4,10,31
083100320,2,“ŒˆïéŒSé—¢’¬,‘åŽšãÔ‘ò,0,,,33,29,13,4,8,16,-,8,23
083100330,2,“ŒˆïéŒSé—¢’¬,‘åŽš^’[,0,,,23,20,11,5,5,9,2,3,16
083100340,2,“ŒˆïéŒSé—¢’¬,‘åŽš‘å–Ô,0,,,26,21,13,2,9,8,3,6,15
08341,1,“ß‰ÏŒS“ŒŠC‘º,,0,,,14469,10570,9348,3354,4887,1222,1658,4163,5502
083410010,2,“ß‰ÏŒS“ŒŠC‘º,‘åŽš‘º¼,0,,,3083,2054,1815,648,970,239,316,845,1077
08341001001,3,“ß‰ÏŒS“ŒŠC‘º,‘åŽš‘º¼h,0,,,371,188,144,60,61,44,19,43,141
08341001002,3,“ß‰ÏŒS“ŒŠC‘º,‘åŽš‘º¼^è,0,,,1388,944,828,299,429,116,149,371,519
08341001003,3,“ß‰ÏŒS“ŒŠC‘º,‘åŽš‘º¼ìª,0,,,81,59,48,15,27,11,7,24,33
08341001004,3,“ß‰ÏŒS“ŒŠC‘º,‘åŽš‘º¼‰Ÿ‰„,0,,,311,246,215,53,137,31,29,121,111
08341001005,3,“ß‰ÏŒS“ŒŠC‘º,‘åŽš‘º¼’†ŠÛ,0,,,262,218,207,68,126,11,39,117,94
08341001006,3,“ß‰ÏŒS“ŒŠC‘º,‘åŽš‘º¼–¥—Ö,0,,,109,25,25,7,17,-,9,15,2
08341001007,3,“ß‰ÏŒS“ŒŠC‘º,‘åŽš‘º¼‘êâ,0,,,103,23,23,7,15,-,11,16,-
08341001008,3,“ß‰ÏŒS“ŒŠC‘º,‘åŽš‘º¼r’J‘ä,0,,,66,60,60,12,46,-,21,45,-
08341001009,3,“ß‰ÏŒS“ŒŠC‘º,‘åŽš‘º¼’·–x,0,,,192,125,124,42,74,1,27,66,9
08341001010,3,“ß‰ÏŒS“ŒŠC‘º,‘åŽš‘º¼—Îƒ–‹u,0,,,200,166,141,85,38,25,5,27,168
083410021,2,“ß‰ÏŒS“ŒŠC‘º,”’•û’†‰›,0,,,714,566,519,205,259,47,86,214,290
08341002101,3,“ß‰ÏŒS“ŒŠC‘º,”’•û’†‰›‚P’š–Ú,0,,,425,332,308,114,160,24,54,131,158
08341002102,3,“ß‰ÏŒS“ŒŠC‘º,”’•û’†‰›‚Q’š–Ú,0,,,289,234,211,91,99,23,32,83,132
083410022,2,“ß‰ÏŒS“ŒŠC‘º,‘åŽš”’•û,0,,,929,713,634,189,370,79,104,315,299
083410030,2,“ß‰ÏŒS“ŒŠC‘º,‘åŽš–L‰ª,0,,,258,213,179,61,102,34,24,66,143
083410040,2,“ß‰ÏŒS“ŒŠC‘º,‘åŽšÆÀ,0,,,383,218,185,64,87,33,36,74,147
083410050,2,“ß‰ÏŒS“ŒŠC‘º,‘åŽš{˜aŠÔ,0,,,1363,1204,1060,405,547,144,181,419,729
083410060,2,“ß‰ÏŒS“ŒŠC‘º,‘åŽš‘Dê,0,,,569,508,448,137,275,60,83,217,256
083410070,2,“ß‰ÏŒS“ŒŠC‘º,‘åŽšÎ_ŠOh,0,,,636,533,450,142,231,83,61,193,304
083410080,2,“ß‰ÏŒS“ŒŠC‘º,‘åŽšÎ_“àh,0,,,918,761,647,234,330,114,82,259,483
083410090,2,“ß‰ÏŒS“ŒŠC‘º,‘åŽš’|Š¢,0,,,79,63,49,20,22,14,5,13,52
083410100,2,“ß‰ÏŒS“ŒŠC‘º,‘åŽš‹T‰º,0,,,172,141,115,38,63,26,19,46,83
083410111,2,“ß‰ÏŒS“ŒŠC‘º,MÎì‰w¼,0,,,959,591,553,190,282,38,136,260,228
08341011101,3,“ß‰ÏŒS“ŒŠC‘º,MÎì‰w¼‚P’š–Ú,0,,,305,145,135,47,70,10,38,63,56
08341011102,3,“ß‰ÏŒS“ŒŠC‘º,MÎì‰w¼‚Q’š–Ú,0,,,220,122,112,47,55,10,26,49,52
08341011103,3,“ß‰ÏŒS“ŒŠC‘º,MÎì‰w¼‚R’š–Ú,0,,,228,165,158,49,86,7,45,84,53
08341011104,3,“ß‰ÏŒS“ŒŠC‘º,MÎì‰w¼‚S’š–Ú,0,,,206,159,148,47,71,11,27,64,67
083410112,2,“ß‰ÏŒS“ŒŠC‘º,‘åŽšMÎì,0,,,1434,1071,953,355,492,118,158,452,496
083410120,2,“ß‰ÏŒS“ŒŠC‘º,,0,,,-,-,-,-,-,-,-,-,-
083410130,2,“ß‰ÏŒS“ŒŠC‘º,‘º¼–k,0,,,510,341,299,120,151,42,49,130,192
08341013001,3,“ß‰ÏŒS“ŒŠC‘º,‘º¼–k‚P’š–Ú,0,,,203,139,118,41,65,21,20,59,93
08341013002,3,“ß‰ÏŒS“ŒŠC‘º,‘º¼–k‚Q’š–Ú,0,,,307,202,181,79,86,21,29,71,99
083410140,2,“ß‰ÏŒS“ŒŠC‘º,–L”’,0,,,556,387,341,138,157,46,53,127,215
083410150,2,“ß‰ÏŒS“ŒŠC‘º,“ŒŠC,0,,,931,635,571,202,274,64,115,264,311
08341015001,3,“ß‰ÏŒS“ŒŠC‘º,“ŒŠC‚P’š–Ú,0,,,470,300,263,94,132,37,58,131,146
08341015002,3,“ß‰ÏŒS“ŒŠC‘º,“ŒŠC‚Q’š–Ú,0,,,305,206,190,79,81,16,27,60,130
08341015003,3,“ß‰ÏŒS“ŒŠC‘º,“ŒŠC‚R’š–Ú,0,,,156,129,118,29,61,11,30,73,35
083410160,2,“ß‰ÏŒS“ŒŠC‘º,MÎì‰w“Œ,0,,,975,571,530,206,275,41,150,269,197
08341016001,3,“ß‰ÏŒS“ŒŠC‘º,MÎì‰w“Œ‚P’š–Ú,0,,,271,179,165,56,94,14,56,95,69
08341016002,3,“ß‰ÏŒS“ŒŠC‘º,MÎì‰w“Œ‚Q’š–Ú,0,,,490,243,231,102,114,12,64,107,65
08341016003,3,“ß‰ÏŒS“ŒŠC‘º,MÎì‰w“Œ‚R’š–Ú,0,,,180,129,118,44,59,11,25,59,51
08341016004,3,“ß‰ÏŒS“ŒŠC‘º,MÎì‰w“Œ‚S’š–Ú,0,,,34,20,16,4,8,4,5,8,12
08364,1,‹vŽœŒS‘åŽq’¬,,0,,,6721,4975,3435,1556,1199,1540,356,1068,4675
083640010,2,‹vŽœŒS‘åŽq’¬,‘åŽš‘Šì,0,,,83,68,38,18,16,30,6,13,63
083640020,2,‹vŽœŒS‘åŽq’¬,‘åŽšóì,0,,,307,240,168,65,67,72,12,52,204
083640030,2,‹vŽœŒS‘åŽq’¬,‘åŽšˆ°–ì‘q,0,,,139,97,64,29,22,33,8,25,84
083640040,2,‹vŽœŒS‘åŽq’¬,‘åŽš’r“c,0,,,499,374,289,119,126,85,43,125,260
083640050,2,‹vŽœŒS‘åŽq’¬,‘åŽš“à‘å–ì,0,,,91,63,45,20,12,18,3,13,68
083640060,2,‹vŽœŒS‘åŽq’¬,‘åŽšã‰ª,0,,,133,102,65,35,20,37,5,22,96
083640070,2,‹vŽœŒS‘åŽq’¬,‘åŽš‘å‘ò,0,,,102,79,58,28,15,21,3,10,77
083640080,2,‹vŽœŒS‘åŽq’¬,‘åŽš‘å¶£,0,,,141,106,67,32,23,39,4,14,107
083640090,2,‹vŽœŒS‘åŽq’¬,‘åŽšã‹à‘ò,0,,,114,93,57,30,16,36,2,18,89
083640100,2,‹vŽœŒS‘åŽq’¬,‘åŽšã‹½,0,,,134,102,72,31,23,30,1,17,101
083640110,2,‹vŽœŒS‘åŽq’¬,‘åŽšã–ì‹{,0,,,153,111,84,40,22,27,5,11,131
083640120,2,‹vŽœŒS‘åŽq’¬,‘åŽšìŽR,0,,,133,101,69,35,27,32,12,28,85
083640130,2,‹vŽœŒS‘åŽq’¬,‘åŽš–k“c‹C,0,,,228,170,145,53,65,25,18,50,125
083640140,2,‹vŽœŒS‘åŽq’¬,‘åŽš–k•x“c,0,,,17,10,8,1,2,2,-,-,15
083640150,2,‹vŽœŒS‘åŽq’¬,‘åŽš–k‹g‘ò,0,,,31,21,11,4,4,10,-,4,22
083640160,2,‹vŽœŒS‘åŽq’¬,‘åŽš‹v–ì£,0,,,39,30,21,6,10,9,2,6,29
083640170,2,‹vŽœŒS‘åŽq’¬,‘åŽš¬¶£,0,,,283,223,148,74,40,75,12,43,212
083640180,2,‹vŽœŒS‘åŽq’¬,‘åŽš “¡,0,,,565,417,275,112,111,142,33,83,379
083640190,2,‹vŽœŒS‘åŽq’¬,‘åŽš¼‹à,0,,,172,127,84,30,32,43,6,23,127
083640200,2,‹vŽœŒS‘åŽq’¬,‘åŽš¶ŠÑ,0,,,241,196,104,49,27,92,14,38,191
083640210,2,‹vŽœŒS‘åŽq’¬,‘åŽš‰º‹à‘ò,0,,,113,85,53,25,17,32,10,22,79
083640220,2,‹vŽœŒS‘åŽq’¬,‘åŽš‰º’ÃŒ´,0,,,80,63,50,26,15,13,3,11,62
083640230,2,‹vŽœŒS‘åŽq’¬,‘åŽš‰º–ì‹{,0,,,299,232,157,77,51,75,17,51,221
083640240,2,‹vŽœŒS‘åŽq’¬,‘åŽšŠO‘å–ì,0,,,68,54,35,14,13,19,2,7,59
083640250,2,‹vŽœŒS‘åŽq’¬,‘åŽš‘åŽq,0,,,798,518,399,200,122,119,38,122,519
083640260,2,‹vŽœŒS‘åŽq’¬,‘åŽš‚ŽÄ,0,,,125,95,60,28,22,35,5,16,100
083640270,2,‹vŽœŒS‘åŽq’¬,‘åŽš‚“c,0,,,18,13,10,8,1,3,-,-,14
083640280,2,‹vŽœŒS‘åŽq’¬,‘åŽš“c–ì‘ò,0,,,63,49,27,7,14,22,3,13,49
083640290,2,‹vŽœŒS‘åŽq’¬,‘åŽš“ÈŒ´,0,,,43,33,22,11,6,11,-,2,35
083640300,2,‹vŽœŒS‘åŽq’¬,‘åŽš’†‹½,0,,,101,68,43,24,9,25,2,7,86
083640310,2,‹vŽœŒS‘åŽq’¬,‘åŽš‰Œ´,0,,,110,80,52,23,18,28,4,10,86
083640320,2,‹vŽœŒS‘åŽq’¬,‘åŽš”·,0,,,97,75,49,23,18,26,6,12,72
083640330,2,‹vŽœŒS‘åŽq’¬,‘åŽš‘Ü“c,0,,,354,258,183,75,67,75,24,60,246
083640340,2,‹vŽœŒS‘åŽq’¬,‘åŽšê –ì’n,0,,,88,63,34,15,8,29,3,16,68
083640350,2,‹vŽœŒS‘åŽq’¬,‘åŽš’¬•t,0,,,194,133,97,57,25,36,7,20,141
083640360,2,‹vŽœŒS‘åŽq’¬,‘åŽš“ì“c‹C,0,,,84,66,46,23,20,20,7,13,61
083640370,2,‹vŽœŒS‘åŽq’¬,‘åŽš–»‰ê,0,,,75,64,35,21,10,29,6,16,60
083640380,2,‹vŽœŒS‘åŽq’¬,‘åŽš·‹à,0,,,27,19,14,7,4,5,1,2,19
083640390,2,‹vŽœŒS‘åŽq’¬,‘åŽš–î“c,0,,,265,184,141,51,67,43,22,57,140
083640400,2,‹vŽœŒS‘åŽq’¬,‘åŽšŽR“c,0,,,114,93,56,30,12,37,7,16,93
08442,1,ˆî•~ŒS”ü‰Y‘º,,0,,,5948,4321,3430,1245,1613,891,491,1356,2721
084420010,2,ˆî•~ŒS”ü‰Y‘º,‘åŽšMŽq,0,,,605,467,368,152,140,99,35,121,363
084420020,2,ˆî•~ŒS”ü‰Y‘º,‘åŽš–ØŒ´,0,,,457,352,258,82,134,94,32,89,236
084420030,2,ˆî•~ŒS”ü‰Y‘º,‘åŽš•z²,0,,,347,238,195,63,88,43,24,71,150
084420040,2,ˆî•~ŒS”ü‰Y‘º,‘åŽš‹{’n,0,,,77,62,49,18,19,13,3,10,45
084420050,2,ˆî•~ŒS”ü‰Y‘º,‘åŽšŽó—Ì,0,,,264,186,143,52,64,43,17,46,131
084420060,2,ˆî•~ŒS”ü‰Y‘º,‘åŽš‘å{‰ê’Ã,0,,,160,129,90,27,42,39,8,44,98
084420070,2,ˆî•~ŒS”ü‰Y‘º,‘åŽš–Î˜C,0,,,119,82,62,29,27,20,7,22,66
084420080,2,ˆî•~ŒS”ü‰Y‘º,‘åŽš‘å’J,0,,,264,212,146,57,56,66,17,51,162
084420090,2,ˆî•~ŒS”ü‰Y‘º,‘åŽšM‘¾,0,,,569,417,342,108,178,75,55,150,252
084420100,2,ˆî•~ŒS”ü‰Y‘º,‘åŽš‹»’Ã,0,,,187,151,113,39,54,38,9,40,100
084420110,2,ˆî•~ŒS”ü‰Y‘º,‘åŽš“y‰®,0,,,1020,733,633,239,272,100,77,236,450
084420120,2,ˆî•~ŒS”ü‰Y‘º,‘åŽš”ü‹î,0,,,768,426,419,135,270,7,137,245,16
084420130,2,ˆî•~ŒS”ü‰Y‘º,‘åŽš‘å’Ë,0,,,40,34,20,5,13,14,2,12,25
084420140,2,ˆî•~ŒS”ü‰Y‘º,‘åŽš’J’†,0,,,18,12,6,1,5,6,1,3,12
084420150,2,ˆî•~ŒS”ü‰Y‘º,‘åŽšŽR“à,0,,,20,17,8,5,2,9,-,3,15
084420160,2,ˆî•~ŒS”ü‰Y‘º,‘åŽšŽR‰¤,0,,,22,20,11,2,7,9,1,7,12
084420170,2,ˆî•~ŒS”ü‰Y‘º,‘åŽš”ªˆä“c,1,,0320,26,23,17,5,11,6,4,7,13
084420180,2,ˆî•~ŒS”ü‰Y‘º,‘åŽšª‰Î,0,,,47,37,24,8,11,13,1,9,32
084420191,2,ˆî•~ŒS”ü‰Y‘º,‘åŽšª–{,0,,,6,6,3,2,1,3,-,-,5
084420192,2,ˆî•~ŒS”ü‰Y‘º,‘åŽš‹ž,0,,,23,21,16,8,6,5,1,3,15
084420201,2,ˆî•~ŒS”ü‰Y‘º,‘åŽš’èŒõ,0,,,15,13,6,2,3,7,2,4,11
084420202,2,ˆî•~ŒS”ü‰Y‘º,‘åŽš–Ø,0,,,19,14,8,6,1,6,2,3,17
084420210,2,ˆî•~ŒS”ü‰Y‘º,‘åŽš–{‹´,0,,,26,24,11,2,5,13,2,6,19
084420220,2,ˆî•~ŒS”ü‰Y‘º,‘åŽšŠÔ–ì,0,,,20,16,10,6,3,6,1,4,14
084420230,2,ˆî•~ŒS”ü‰Y‘º,‘åŽš“y‰Y,0,,,97,77,50,23,17,27,11,21,66
084420240,2,ˆî•~ŒS”ü‰Y‘º,‘åŽš”nŠ|,0,,,38,30,16,5,5,14,3,7,27
084420250,2,ˆî•~ŒS”ü‰Y‘º,‘åŽš”nŒ©ŽR,0,,,18,14,6,2,4,8,1,3,12
084420260,2,ˆî•~ŒS”ü‰Y‘º,‘åŽš‘åŽR,0,,,165,134,81,36,31,53,8,26,118
084420270,2,ˆî•~ŒS”ü‰Y‘º,‰àƒ–‰Y,0,,,-,-,-,-,-,-,-,-,-
084420280,2,ˆî•~ŒS”ü‰Y‘º,‘åŽšŒ©°,0,,,46,40,39,18,18,1,2,8,18
084420290,2,ˆî•~ŒS”ü‰Y‘º,‘åŽš‰ÔŒ©’Ë,0,,,86,65,59,25,22,6,4,18,44
084420300,2,ˆî•~ŒS”ü‰Y‘º,‘åŽš—]‹½“ü,0,,,-,-,-,-,-,-,-,-,-
084420310,2,ˆî•~ŒS”ü‰Y‘º,‘åŽš‘¾“c,0,,,10,7,5,3,2,2,-,2,6
084420320,2,ˆî•~ŒS”ü‰Y‘º,‘åŽš–x“c,2,0170,,X,X,X,X,X,X,X,X,X
084420330,2,ˆî•~ŒS”ü‰Y‘º,‘åŽš’†–ì“à,0,,,18,15,7,3,2,8,2,3,10
084420340,2,ˆî•~ŒS”ü‰Y‘º,‹½’†,0,,,321,225,189,69,89,36,21,74,145
084420350,2,ˆî•~ŒS”ü‰Y‘º,‚Ý‚Ç‚è‘ä,0,,,30,22,20,8,11,2,1,8,16
08443,1,ˆî•~ŒSˆ¢Œ©’¬,,0,,,18772,12952,10854,3781,5323,2098,1772,4379,7719
084430010,2,ˆî•~ŒSˆ¢Œ©’¬,‘åŽšˆ¢Œ©,0,,,3419,2116,1761,631,853,355,261,670,1386
08443001001,3,ˆî•~ŒSˆ¢Œ©’¬,‘åŽšˆ¢Œ©,0,,,1808,1200,966,342,459,234,139,383,851
08443001002,3,ˆî•~ŒSˆ¢Œ©’¬,‘åŽšˆ¢Œ©,0,,,1223,687,590,222,280,97,74,187,431
08443001003,3,ˆî•~ŒSˆ¢Œ©’¬,‘åŽšˆ¢Œ©,0,,,388,229,205,67,114,24,48,100,104
084430020,2,ˆî•~ŒSˆ¢Œ©’¬,‘åŽšÂh,0,,,473,292,246,89,102,46,38,93,179
084430030,2,ˆî•~ŒSˆ¢Œ©’¬,‘åŽš‰ôŒË,0,,,183,125,105,34,51,20,16,34,77
084430040,2,ˆî•~ŒSˆ¢Œ©’¬,‘åŽš‘åŽº,0,,,244,203,162,65,78,41,11,40,124
084430050,2,ˆî•~ŒSˆ¢Œ©’¬,‘åŽšŒ,0,,,707,501,446,141,163,55,46,188,296
084430060,2,ˆî•~ŒSˆ¢Œ©’¬,‘åŽšŽáŒI,0,,,1004,700,570,188,275,130,86,235,433
084430070,2,ˆî•~ŒSˆ¢Œ©’¬,‘åŽš—é–Ø,0,,,506,328,273,78,154,55,50,134,172
084430080,2,ˆî•~ŒSˆ¢Œ©’¬,’†‰›,0,,,2624,1580,1375,484,667,205,202,508,1005
08443008001,3,ˆî•~ŒSˆ¢Œ©’¬,’†‰›‚P’š–Ú,0,,,294,148,130,37,72,18,25,52,93
08443008002,3,ˆî•~ŒSˆ¢Œ©’¬,’†‰›‚Q’š–Ú,0,,,480,275,225,58,114,50,41,104,171
08443008003,3,ˆî•~ŒSˆ¢Œ©’¬,’†‰›‚R’š–Ú,0,,,224,98,81,31,39,17,12,28,81
08443008004,3,ˆî•~ŒSˆ¢Œ©’¬,’†‰›‚S’š–Ú,0,,,271,142,126,49,61,16,17,44,70
08443008005,3,ˆî•~ŒSˆ¢Œ©’¬,’†‰›‚T’š–Ú,0,,,509,364,320,135,138,44,46,104,253
08443008006,3,ˆî•~ŒSˆ¢Œ©’¬,’†‰›‚U’š–Ú,0,,,438,263,230,71,129,33,29,101,147
08443008007,3,ˆî•~ŒSˆ¢Œ©’¬,’†‰›‚V’š–Ú,0,,,374,275,248,99,106,27,29,69,181
08443008008,3,ˆî•~ŒSˆ¢Œ©’¬,’†‰›‚W’š–Ú,0,,,34,15,15,4,8,-,3,6,9
084430100,2,ˆî•~ŒSˆ¢Œ©’¬,‘åŽšrì–{‹½,0,,,1184,911,755,281,342,156,113,270,611
084430110,2,ˆî•~ŒSˆ¢Œ©’¬,‘åŽšŽÀ’,0,,,702,569,477,200,194,92,51,121,411
084430120,2,ˆî•~ŒSˆ¢Œ©’¬,‘åŽšã’·,0,,,185,155,113,41,56,42,19,42,108
084430130,2,ˆî•~ŒSˆ¢Œ©’¬,‘åŽš¬’r,0,,,146,122,76,20,36,46,13,28,101
084430140,2,ˆî•~ŒSˆ¢Œ©’¬,‘åŽš‹gŒ´,0,,,374,289,198,76,85,91,25,71,245
084430150,2,ˆî•~ŒSˆ¢Œ©’¬,‘åŽš•Ÿ“c,0,,,125,112,73,15,38,39,4,30,78
084430160,2,ˆî•~ŒSˆ¢Œ©’¬,‘åŽšŒN“‡,0,,,87,76,43,13,20,33,9,18,69
084430170,2,ˆî•~ŒSˆ¢Œ©’¬,‘åŽšÎì,0,,,39,37,23,7,12,14,5,9,25
084430180,2,ˆî•~ŒSˆ¢Œ©’¬,‘åŽš”·,0,,,53,46,24,9,8,22,2,10,36
084430190,2,ˆî•~ŒSˆ¢Œ©’¬,‘åŽšãð,0,,,78,64,40,10,20,24,2,18,62
084430201,2,ˆî•~ŒSˆ¢Œ©’¬,‘åŽšŸ‚Ì—¢,0,,,-,-,-,-,-,-,-,-,-
084430202,2,ˆî•~ŒSˆ¢Œ©’¬,‘åŽš’ÇŒ´,0,,,111,97,57,22,24,40,4,22,79
084430210,2,ˆî•~ŒSˆ¢Œ©’¬,‘åŽš‘åŒ`,0,,,61,55,37,13,17,18,2,11,46
084430220,2,ˆî•~ŒSˆ¢Œ©’¬,‘åŽš”Ñ‘q,0,,,170,138,78,29,37,60,15,41,109
084430230,2,ˆî•~ŒSˆ¢Œ©’¬,‘åŽš’|—ˆ,0,,,99,80,53,22,18,27,8,24,66
084430240,2,ˆî•~ŒSˆ¢Œ©’¬,‘åŽšŠ|”n,0,,,108,87,55,19,25,32,5,16,75
084430250,2,ˆî•~ŒSˆ¢Œ©’¬,‘åŽš“‡’Ã,0,,,304,257,186,76,80,71,15,53,205
084430260,2,ˆî•~ŒSˆ¢Œ©’¬,‰àƒ–‰Y,0,,,-,-,-,-,-,-,-,-,-
084430270,2,ˆî•~ŒSˆ¢Œ©’¬,“ì•½‘ä,0,,,870,774,705,207,434,69,108,376,239
08443027001,3,ˆî•~ŒSˆ¢Œ©’¬,“ì•½‘ä‚P’š–Ú,0,,,269,245,218,73,131,27,29,106,80
08443027002,3,ˆî•~ŒSˆ¢Œ©’¬,“ì•½‘ä‚Q’š–Ú,0,,,211,181,166,55,94,15,21,60,65
08443027003,3,ˆî•~ŒSˆ¢Œ©’¬,“ì•½‘ä‚R’š–Ú,0,,,390,348,321,79,209,27,58,210,94
084430280,2,ˆî•~ŒSˆ¢Œ©’¬,‰ªè,0,,,982,558,488,168,235,70,76,219,304
08443028001,3,ˆî•~ŒSˆ¢Œ©’¬,‰ªè‚P’š–Ú,0,,,311,203,176,60,85,27,30,75,114
08443028002,3,ˆî•~ŒSˆ¢Œ©’¬,‰ªè‚Q’š–Ú,0,,,533,290,255,89,124,35,38,119,149
08443028003,3,ˆî•~ŒSˆ¢Œ©’¬,‰ªè‚R’š–Ú,0,,,138,65,57,19,26,8,8,25,41
084430290,2,ˆî•~ŒSˆ¢Œ©’¬,Z‹g,0,,,500,284,254,109,106,30,44,90,167
08443029001,3,ˆî•~ŒSˆ¢Œ©’¬,Z‹g‚P’š–Ú,0,,,269,156,137,51,64,19,28,59,88
08443029002,3,ˆî•~ŒSˆ¢Œ©’¬,Z‹g‚Q’š–Ú,0,,,231,128,117,58,42,11,16,31,79
084430300,2,ˆî•~ŒSˆ¢Œ©’¬,‚¤‚¸‚ç–ì,0,,,2515,1669,1490,555,710,179,229,533,887
08443030001,3,ˆî•~ŒSˆ¢Œ©’¬,‚¤‚¸‚ç–ì‚P’š–Ú,0,,,589,408,361,131,174,47,46,122,211
08443030002,3,ˆî•~ŒSˆ¢Œ©’¬,‚¤‚¸‚ç–ì‚Q’š–Ú,0,,,630,434,380,164,158,54,54,126,289
08443030003,3,ˆî•~ŒSˆ¢Œ©’¬,‚¤‚¸‚ç–ì‚R’š–Ú,0,,,653,514,462,148,264,52,91,207,219
08443030004,3,ˆî•~ŒSˆ¢Œ©’¬,‚¤‚¸‚ç–ì‚S’š–Ú,0,,,643,313,287,112,114,26,38,78,168
084430310,2,ˆî•~ŒSˆ¢Œ©’¬,‘åŽš¯‚Ì—¢,0,,,-,-,-,-,-,-,-,-,-
084430320,2,ˆî•~ŒSˆ¢Œ©’¬,‚æ‚µ‚í‚ç,0,,,36,13,10,4,3,3,1,5,8
08443032001,3,ˆî•~ŒSˆ¢Œ©’¬,‚æ‚µ‚í‚ç‚P’š–Ú,2,032002,,X,X,X,X,X,X,X,X,X
08443032002,3,ˆî•~ŒSˆ¢Œ©’¬,‚æ‚µ‚í‚ç‚Q’š–Ú,1,,032001,31,8,7,3,3,1,1,4,4
08443032003,3,ˆî•~ŒSˆ¢Œ©’¬,‚æ‚µ‚í‚ç‚R’š–Ú,1,,032004,5,5,3,1,-,2,-,1,4
08443032004,3,ˆî•~ŒSˆ¢Œ©’¬,‚æ‚µ‚í‚ç‚S’š–Ú,2,032003,,X,X,X,X,X,X,X,X,X
084430330,2,ˆî•~ŒSˆ¢Œ©’¬,–{‹½,0,,,883,714,681,175,480,33,312,470,116
08443033001,3,ˆî•~ŒSˆ¢Œ©’¬,–{‹½‚P’š–Ú,0,,,516,421,405,97,290,16,188,281,61
08443033002,3,ˆî•~ŒSˆ¢Œ©’¬,–{‹½‚Q’š–Ú,0,,,150,126,118,29,86,8,68,91,11
08443033003,3,ˆî•~ŒSˆ¢Œ©’¬,–{‹½‚R’š–Ú,0,,,217,167,158,49,104,9,56,98,44
08447,1,ˆî•~ŒS‰Í“à’¬,,0,,,2947,2437,1550,517,687,887,180,632,1998
084470010,2,ˆî•~ŒS‰Í“à’¬,¶”Â,0,,,641,526,362,108,174,164,40,160,406
084470020,2,ˆî•~ŒS‰Í“à’¬,K’J,0,,,19,14,10,3,5,4,1,3,12
084470030,2,ˆî•~ŒS‰Í“à’¬,Špè’¬•à,0,,,16,13,7,1,3,6,1,2,12
084470040,2,ˆî•~ŒS‰Í“à’¬,¬—Ñ’¬•à,0,,,13,11,6,3,2,5,2,3,10
084470050,2,ˆî•~ŒS‰Í“à’¬,¶”Â“çŽqV“c,0,,,31,28,17,4,8,11,1,5,26
084470060,2,ˆî•~ŒS‰Í“à’¬,‘å“¿“çŽqV“c,0,,,53,44,25,7,11,19,1,8,38
084470070,2,ˆî•~ŒS‰Í“à’¬,—³ƒPè’¬•à,0,,,49,41,25,10,8,16,2,12,32
084470080,2,ˆî•~ŒS‰Í“à’¬,Œ¹´“c,0,,,297,255,167,55,70,88,31,80,194
084470090,2,ˆî•~ŒS‰Í“à’¬,‹{•£,0,,,22,15,9,2,2,6,-,2,15
084470100,2,ˆî•~ŒS‰Í“à’¬,•½ŽO˜Y,0,,,13,12,6,2,-,6,1,5,11
084470110,2,ˆî•~ŒS‰Í“à’¬,•zŠ™,0,,,30,20,16,6,5,4,1,3,27
084470120,2,ˆî•~ŒS‰Í“à’¬,‰HŽq‹R,0,,,49,45,22,10,5,23,6,11,39
084470130,2,ˆî•~ŒS‰Í“à’¬,ŒÃ‰Í—Ñ,0,,,48,42,25,13,8,17,-,7,39
084470140,2,ˆî•~ŒS‰Í“à’¬,ŽèŒI,0,,,50,43,27,9,14,16,4,11,33
084470150,2,ˆî•~ŒS‰Í“à’¬,‰Ž“‡,0,,,39,31,24,8,9,7,1,8,24
084470160,2,ˆî•~ŒS‰Í“à’¬,’·ŠÆ,0,,,362,284,194,61,92,90,22,76,220
084470170,2,ˆî•~ŒS‰Í“à’¬,\—¢,0,,,34,24,17,6,9,7,1,5,24
084470180,2,ˆî•~ŒS‰Í“à’¬,‰º’¬•à,0,,,32,24,14,2,7,10,2,4,29
084470190,2,ˆî•~ŒS‰Í“à’¬,¯•zì,0,,,40,34,16,5,9,18,1,10,27
084470200,2,ˆî•~ŒS‰Í“à’¬,‹à]’Ã,0,,,560,473,296,107,125,177,20,104,403
084470210,2,ˆî•~ŒS‰Í“à’¬,“cì,0,,,91,80,51,18,25,29,6,16,72
084470220,2,ˆî•~ŒS‰Í“à’¬,•ÐŠª,0,,,150,126,77,33,31,49,11,26,100
084470230,2,ˆî•~ŒS‰Í“à’¬,‰º‰Á”[,0,,,182,143,85,32,39,58,16,40,113
084470240,2,ˆî•~ŒS‰Í“à’¬,•½ì,0,,,67,57,28,6,15,29,3,16,48
084470250,2,ˆî•~ŒS‰Í“à’¬,\ŽOŠÔŒË,0,,,59,52,24,6,11,28,6,15,44
08521,1,Œ‹éŒS”ªç‘ã’¬,,0,,,6792,5182,2910,866,1463,2272,712,1892,3739
085210010,2,Œ‹éŒS”ªç‘ã’¬,‘åŽšm]ŒË,0,,,226,182,99,28,43,83,24,60,147
085210020,2,Œ‹éŒS”ªç‘ã’¬,‘åŽšˆ¾–ì,0,,,73,67,38,9,21,29,5,18,45
085210030,2,Œ‹éŒS”ªç‘ã’¬,‘åŽš•ÐŠp,0,,,51,47,25,11,10,22,4,13,36
085210040,2,Œ‹éŒS”ªç‘ã’¬,‘åŽš’†–ì,0,,,30,26,11,3,7,15,1,10,22
085210050,2,Œ‹éŒS”ªç‘ã’¬,‘åŽšŠ¡‹´,0,,,25,24,13,3,8,11,2,10,19
085210060,2,Œ‹éŒS”ªç‘ã’¬,‘åŽš“Œ‘åŽR,0,,,47,45,15,4,10,30,6,20,37
085210070,2,Œ‹éŒS”ªç‘ã’¬,‘åŽš‘¾“c,0,,,126,101,43,9,26,58,17,41,87
085210080,2,Œ‹éŒS”ªç‘ã’¬,‘åŽšŽá,0,,,373,283,161,62,66,122,44,107,193
085210090,2,Œ‹éŒS”ªç‘ã’¬,‘åŽšÀX,0,,,128,116,57,10,34,59,14,50,82
085210100,2,Œ‹éŒS”ªç‘ã’¬,‘åŽšŠL’J,0,,,73,62,38,16,19,24,10,24,45
085210110,2,Œ‹éŒS”ªç‘ã’¬,‘åŽšìK,0,,,139,111,64,18,33,47,14,38,86
085210120,2,Œ‹éŒS”ªç‘ã’¬,‘åŽš¡—¢,0,,,99,86,38,13,14,48,10,28,70
085210130,2,Œ‹éŒS”ªç‘ã’¬,‘åŽš–{‹½,0,,,27,24,12,7,3,12,5,8,22
085210140,2,Œ‹éŒS”ªç‘ã’¬,‘åŽš•™“c,0,,,184,144,88,23,48,56,19,52,106
085210150,2,Œ‹éŒS”ªç‘ã’¬,‘åŽš“Œ•™“c,0,,,157,108,58,15,24,50,11,37,90
085210160,2,Œ‹éŒS”ªç‘ã’¬,‘åŽšV’n,0,,,146,108,56,17,26,52,14,44,89
085210170,2,Œ‹éŒS”ªç‘ã’¬,‘åŽšV’nV“c,0,,,8,6,1,-,-,5,-,2,6
085210180,2,Œ‹éŒS”ªç‘ã’¬,‘åŽš•Ÿ‰ª,0,,,22,13,11,2,5,2,2,3,11
085210190,2,Œ‹éŒS”ªç‘ã’¬,‘åŽšŒIŽR,0,,,134,71,36,16,17,35,6,23,61
085210200,2,Œ‹éŒS”ªç‘ã’¬,‘åŽš”öè,0,,,70,58,25,9,12,33,6,20,46
085210210,2,Œ‹éŒS”ªç‘ã’¬,‘åŽš‘åŠÔ–Ø,0,,,51,28,12,3,7,16,2,5,22
085210220,2,Œ‹éŒS”ªç‘ã’¬,‘åŽšˆ°ƒP’JV“c,0,,,61,51,17,3,9,34,5,23,38
085210230,2,Œ‹éŒS”ªç‘ã’¬,‘åŽšˆ°ƒP’J,0,,,361,231,105,30,49,126,28,84,190
085210240,2,Œ‹éŒS”ªç‘ã’¬,‘åŽšˆé,0,,,115,74,38,9,21,36,11,30,65
085210250,2,Œ‹éŒS”ªç‘ã’¬,‘åŽš‘ºŠÑ,0,,,190,142,67,18,38,75,16,39,111
085210260,2,Œ‹éŒS”ªç‘ã’¬,‘åŽš²–ì,0,,,208,175,113,34,51,62,13,43,130
085210270,2,Œ‹éŒS”ªç‘ã’¬,‘åŽš£ŒËˆä,0,,,103,92,40,12,15,52,13,34,74
085210280,2,Œ‹éŒS”ªç‘ã’¬,‘åŽš•ºŒÉ,0,,,38,31,17,3,10,14,10,14,27
085210290,2,Œ‹éŒS”ªç‘ã’¬,‘åŽš›’J,0,,,974,740,513,148,278,227,156,319,420
085210300,2,Œ‹éŒS”ªç‘ã’¬,‘åŽš“ŒŒ´,0,,,130,95,78,23,38,17,19,45,33
085210310,2,Œ‹éŒS”ªç‘ã’¬,‘åŽš‘åŒËV“c,0,,,98,61,47,15,24,14,5,16,47
085210320,2,Œ‹éŒS”ªç‘ã’¬,‘åŽš¬“c,0,,,39,21,16,7,8,5,2,4,13
085210330,2,Œ‹éŒS”ªç‘ã’¬,‘åŽš¼‘åŽR,0,,,148,121,75,26,36,46,15,44,83
085210340,2,Œ‹éŒS”ªç‘ã’¬,‘åŽš‰––{,0,,,192,146,74,25,34,72,14,45,108
085210350,2,Œ‹éŒS”ªç‘ã’¬,‘åŽš‰ºŽRì,0,,,44,37,12,2,10,25,4,12,32
085210360,2,Œ‹éŒS”ªç‘ã’¬,‘åŽš””—ç,0,,,90,69,44,11,21,25,6,20,44
085210370,2,Œ‹éŒS”ªç‘ã’¬,‘åŽš•½’Ë,0,,,735,533,287,93,132,246,75,206,386
085210380,2,Œ‹éŒS”ªç‘ã’¬,‘åŽš…Œû,0,,,198,109,60,11,42,49,14,44,73
085210390,2,Œ‹éŒS”ªç‘ã’¬,‘åŽš¼–{,0,,,191,132,87,24,47,45,18,46,86
085210400,2,Œ‹éŒS”ªç‘ã’¬,‘åŽš‹v‰º“c,0,,,123,109,48,20,19,61,15,49,80
085210410,2,Œ‹éŒS”ªç‘ã’¬,‘åŽšVˆä,0,,,83,75,44,13,22,31,9,24,50
085210420,2,Œ‹éŒS”ªç‘ã’¬,‘åŽš”ª’¬,0,,,14,13,7,3,4,6,-,1,12
085210430,2,Œ‹éŒS”ªç‘ã’¬,‘åŽš‘Ü,0,,,57,53,22,5,16,31,7,19,41
085210440,2,Œ‹éŒS”ªç‘ã’¬,‘åŽš–ì’Ü,0,,,105,93,55,11,25,38,10,24,74
085210450,2,Œ‹éŒS”ªç‘ã’¬,‘åŽš’Øˆä,0,,,46,42,25,8,14,17,-,9,32
085210460,2,Œ‹éŒS”ªç‘ã’¬,‘åŽš‚è,0,,,104,88,41,17,20,47,10,34,71
085210470,2,Œ‹éŒS”ªç‘ã’¬,‘åŽš‘å“nŒË,0,,,49,43,20,4,11,23,9,18,33
085210480,2,Œ‹éŒS”ªç‘ã’¬,‘åŽš‘å—¢,0,,,48,43,23,6,14,20,8,17,28
085210490,2,Œ‹éŒS”ªç‘ã’¬,‘åŽš¬‰®,0,,,59,53,34,7,22,19,4,16,36
08542,1,‰Ž“‡ŒSŒÜ‰à’¬,,0,,,2890,2331,1662,521,844,669,214,652,1574
085420010,2,‰Ž“‡ŒSŒÜ‰à’¬,‘åŽšŒ³ŒI‹´,0,,,596,475,307,95,155,168,43,135,354
085420020,2,‰Ž“‡ŒSŒÜ‰à’¬,‘åŽšìÈ,0,,,152,127,80,25,36,47,8,33,99
085420030,2,‰Ž“‡ŒSŒÜ‰à’¬,‘åŽš¬ŽèŽw,0,,,217,183,122,29,68,61,18,55,119
085420040,2,‰Ž“‡ŒSŒÜ‰à’¬,‘åŽšVK’J,0,,,69,58,35,9,16,23,10,21,39
085420050,2,‰Ž“‡ŒSŒÜ‰à’¬,‘åŽš¬•Ÿ“c,0,,,193,162,109,34,54,53,15,40,125
085420060,2,‰Ž“‡ŒSŒÜ‰à’¬,‘åŽš‘å•Ÿ“c,0,,,115,102,59,15,33,43,11,33,81
085420070,2,‰Ž“‡ŒSŒÜ‰à’¬,‘åŽšŽR‰¤ŽR,0,,,75,69,42,13,21,27,4,20,43
085420080,2,‰Ž“‡ŒSŒÜ‰à’¬,‘åŽšŽR‰¤,0,,,60,53,34,13,9,19,1,12,45
085420090,2,‰Ž“‡ŒSŒÜ‰à’¬,‘åŽš]ì,0,,,159,131,82,19,49,49,8,37,99
085420100,2,‰Ž“‡ŒSŒÜ‰à’¬,‘åŽšKŽå,0,,,122,101,50,15,22,51,12,29,85
085420110,2,‰Ž“‡ŒSŒÜ‰à’¬,‘åŽš“~–Ø,0,,,117,100,64,19,35,36,8,19,87
085420120,2,‰Ž“‡ŒSŒÜ‰à’¬,‘åŽšŽß‰Þ,0,,,18,15,13,3,7,2,1,2,8
085420130,2,‰Ž“‡ŒSŒÜ‰à’¬,‘åŽš‘O—Ñ,0,,,23,17,9,1,7,8,1,4,14
085420140,2,‰Ž“‡ŒSŒÜ‰à’¬,Œ´h‘ä,0,,,974,738,656,231,332,82,74,212,376
08542014001,3,‰Ž“‡ŒSŒÜ‰à’¬,Œ´h‘ä‚P’š–Ú,0,,,120,62,57,24,28,5,5,16,35
08542014002,3,‰Ž“‡ŒSŒÜ‰à’¬,Œ´h‘ä‚Q’š–Ú,0,,,303,250,223,78,111,27,23,72,122
08542014003,3,‰Ž“‡ŒSŒÜ‰à’¬,Œ´h‘ä‚R’š–Ú,0,,,297,213,182,68,89,31,20,56,115
08542014004,3,‰Ž“‡ŒSŒÜ‰à’¬,Œ´h‘ä‚S’š–Ú,0,,,254,213,194,61,104,19,26,68,104
08546,1,‰Ž“‡ŒS‹«’¬,,0,,,8051,6269,4289,1315,2209,1980,869,2237,4143
085460010,2,‰Ž“‡ŒS‹«’¬,‘åŽš‹«,0,,,2863,1977,1551,549,704,426,267,649,1347
08546001001,3,‰Ž“‡ŒS‹«’¬,‘åŽš‹«–{‘D’¬,0,,,17,11,10,4,5,1,1,1,7
08546001002,3,‰Ž“‡ŒS‹«’¬,‘åŽš‹«‰º’‡’¬,0,,,21,15,13,5,6,2,-,1,17
08546001003,3,‰Ž“‡ŒS‹«’¬,‘åŽš‹«ã’‡’¬,0,,,46,35,25,8,10,10,3,3,30
08546001004,3,‰Ž“‡ŒS‹«’¬,‘åŽš‹«ã’¬,0,,,134,89,59,24,23,30,12,30,80
08546001005,3,‰Ž“‡ŒS‹«’¬,‘åŽš‹«Z‹g’¬,0,,,622,389,319,116,131,70,59,130,252
08546001006,3,‰Ž“‡ŒS‹«’¬,‘åŽš‹«‹{–{’¬,0,,,303,216,190,68,91,26,28,70,133
08546001007,3,‰Ž“‡ŒS‹«’¬,‘åŽš‹«â‰Ô’¬,0,,,57,36,24,9,8,12,3,9,38
08546001008,3,‰Ž“‡ŒS‹«’¬,‘åŽš‹«V‹g’¬,0,,,121,96,67,22,37,29,14,30,71
08546001009,3,‰Ž“‡ŒS‹«’¬,‘åŽš‹«ŽR_’¬,0,,,517,354,281,99,120,73,50,129,221
08546001010,3,‰Ž“‡ŒS‹«’¬,‘åŽš‹«ˆ®’¬,0,,,351,258,211,66,109,47,39,93,163
08546001011,3,‰Ž“‡ŒS‹«’¬,‘åŽš‹«¼‰ª’¬,0,,,674,478,352,128,164,126,58,153,335
085460011,2,‰Ž“‡ŒS‹«’¬,‘åŽš‹«,0,,,275,212,198,31,146,14,64,143,38
08546001101,3,‰Ž“‡ŒS‹«’¬,‘åŽš‹«—zŒõ‘ä‚P’š–Ú,0,,,114,92,89,10,68,3,19,62,15
08546001102,3,‰Ž“‡ŒS‹«’¬,‘åŽš‹«—zŒõ‘ä‚Q’š–Ú,0,,,161,120,109,21,78,11,45,81,23
085460012,2,‰Ž“‡ŒS‹«’¬,‘åŽš‹«,0,,,83,64,51,12,34,13,17,33,28
085460020,2,‰Ž“‡ŒS‹«’¬,‘åŽšŽÖ’r,0,,,141,115,71,16,38,44,18,58,79
085460030,2,‰Ž“‡ŒS‹«’¬,‘åŽš’·ˆäŒË,0,,,710,557,405,124,219,152,89,214,336
085460040,2,‰Ž“‡ŒS‹«’¬,‘åŽš‰ŽŽR,0,,,101,94,47,12,23,47,14,23,74
085460050,2,‰Ž“‡ŒS‹«’¬,‘åŽš‰º»ˆä,0,,,102,94,46,16,24,48,10,26,68
085460060,2,‰Ž“‡ŒS‹«’¬,‘åŽšŒIŽR,0,,,65,62,40,14,19,22,9,20,44
085460070,2,‰Ž“‡ŒS‹«’¬,‘åŽš¼ò“c,0,,,309,243,165,38,94,78,31,104,154
085460080,2,‰Ž“‡ŒS‹«’¬,‘åŽšã¬‹´,0,,,271,177,146,43,76,31,24,69,81
085460081,2,‰Ž“‡ŒS‹«’¬,‘åŽšã¬‹´,0,,,16,14,13,9,3,1,-,2,10
085460090,2,‰Ž“‡ŒS‹«’¬,‘åŽš‹à‰ª,0,,,54,48,22,8,7,26,11,20,38
085460100,2,‰Ž“‡ŒS‹«’¬,‘åŽš‰YŒü,0,,,173,147,92,32,50,55,14,45,105
085460110,2,‰Ž“‡ŒS‹«’¬,‘åŽš‰º¬‹´,0,,,120,100,66,23,36,34,8,31,74
085460111,2,‰Ž“‡ŒS‹«’¬,‘åŽš‰º¬‹´,0,,,42,27,25,5,18,2,6,9,13
085460120,2,‰Ž“‡ŒS‹«’¬,‘åŽšõ’J,0,,,135,119,70,24,38,49,19,43,88
085460130,2,‰Ž“‡ŒS‹«’¬,‘åŽš‘å•à,0,,,207,172,123,30,55,49,22,51,109
085460140,2,‰Ž“‡ŒS‹«’¬,‘åŽš“à–å,0,,,197,155,84,21,47,71,20,56,100
085460150,2,‰Ž“‡ŒS‹«’¬,‘åŽšŽRè,0,,,318,279,150,46,73,129,43,96,213
085460160,2,‰Ž“‡ŒS‹«’¬,‘åŽš•š–Ø,0,,,521,417,266,83,130,151,49,139,297
085460170,2,‰Ž“‡ŒS‹«’¬,‘åŽšˆêƒm’J,0,,,55,51,30,9,16,21,4,15,32
085460180,2,‰Ž“‡ŒS‹«’¬,‘åŽš•SŒË,0,,,136,123,56,11,40,67,10,41,82
085460190,2,‰Ž“‡ŒS‹«’¬,‘åŽšV“cŒË,0,,,10,10,3,-,3,7,1,3,6
085460200,2,‰Ž“‡ŒS‹«’¬,‘åŽš‹ËƒPì,0,,,32,27,12,1,6,15,-,9,21
085460210,2,‰Ž“‡ŒS‹«’¬,‘åŽšŽá—Ñ,0,,,406,367,198,61,103,169,50,127,266
085460220,2,‰Ž“‡ŒS‹«’¬,‘åŽš’Ëè,0,,,494,430,265,83,148,165,51,150,296
085460230,2,‰Ž“‡ŒS‹«’¬,‘åŽšˆî”ö,0,,,79,68,35,1,25,33,7,24,53
085460240,2,‰Ž“‡ŒS‹«’¬,‘åŽšŽu’¹,0,,,94,83,39,7,22,44,10,28,61
085460250,2,‰Ž“‡ŒS‹«’¬,‘åŽš‰¡’Ë,0,,,42,37,20,6,12,17,1,9,30
08564,1,–k‘Š”nŒS—˜ª’¬,,0,,,6130,4900,4088,1864,1637,812,317,1017,3905
085640010,2,–k‘Š”nŒS—˜ª’¬,‘åŽš‰Hª–ì,0,,,829,653,577,300,193,76,16,89,582
085640020,2,–k‘Š”nŒS—˜ª’¬,‘åŽš‘”ö,0,,,595,485,441,251,145,44,12,54,445
085640030,2,–k‘Š”nŒS—˜ª’¬,‘åŽš‘å•½,0,,,8,7,6,3,2,1,-,-,6
085640040,2,–k‘Š”nŒS—˜ª’¬,‘åŽš‰¡{‰ê,0,,,75,60,43,17,23,17,3,8,45
085640050,2,–k‘Š”nŒS—˜ª’¬,‘åŽš‰º‘]ª,0,,,20,17,10,4,4,7,3,4,16
085640060,2,–k‘Š”nŒS—˜ª’¬,‘åŽš‰ºˆä,0,,,14,12,8,3,3,4,2,2,12
085640070,2,–k‘Š”nŒS—˜ª’¬,‘åŽšã‘]ª,0,,,55,45,26,9,14,19,5,11,33
085640080,2,–k‘Š”nŒS—˜ª’¬,‘åŽš‰Ÿ•tV“c,0,,,52,44,28,12,14,16,3,9,33
085640090,2,–k‘Š”nŒS—˜ª’¬,‘åŽš’†“cØ,0,,,61,46,30,9,18,16,4,11,37
085640101,2,–k‘Š”nŒS—˜ª’¬,Žl‹G‚Ì‹u,0,,,286,240,224,60,142,16,46,134,84
08564010101,3,–k‘Š”nŒS—˜ª’¬,Žl‹G‚Ì‹u‚P’š–Ú,0,,,116,98,87,23,53,11,14,50,38
08564010102,3,–k‘Š”nŒS—˜ª’¬,Žl‹G‚Ì‹u‚Q’š–Ú,0,,,170,142,137,37,89,5,32,84,46
085640102,2,–k‘Š”nŒS—˜ª’¬,‘åŽš•zì,0,,,2569,2014,1755,908,591,259,76,287,1772
08564010200,3,–k‘Š”nŒS—˜ª’¬,‘åŽš•zì,0,,,2302,1798,1572,808,528,226,70,257,1588
08564010201,3,–k‘Š”nŒS—˜ª’¬,‘åŽš•zì,0,,,267,216,183,100,63,33,6,30,184
085640110,2,–k‘Š”nŒS—˜ª’¬,‘åŽš”ª”¦‘ä,0,,,130,100,89,41,30,11,3,14,80
085640120,2,–k‘Š”nŒS—˜ª’¬,‘åŽš‰œŽRC‘åŽš‰ŸŒË,0,,,30,26,10,1,8,16,-,5,23
085640130,2,–k‘Š”nŒS—˜ª’¬,‘åŽš‘å–[,0,,,128,108,70,21,28,38,6,24,98
085640140,2,–k‘Š”nŒS—˜ª’¬,‘åŽš—§–ØC‘åŽš‘å–[,0,,,164,135,86,25,38,49,7,28,113
085640150,2,–k‘Š”nŒS—˜ª’¬,‘åŽš‰H’†,0,,,75,64,40,13,22,24,3,11,54
085640160,2,–k‘Š”nŒS—˜ª’¬,‘åŽš•Ÿ–Ø,0,,,60,51,35,13,18,16,2,9,42
085640170,2,–k‘Š”nŒS—˜ª’¬,‘åŽš’†’J,0,,,91,80,43,11,23,37,4,14,66
085640180,2,–k‘Š”nŒS—˜ª’¬,‘åŽš—§è,0,,,59,50,34,12,14,16,1,9,44
085640190,2,–k‘Š”nŒS—˜ª’¬,‘åŽš‘yV“c,0,,,56,49,24,5,11,25,3,9,43
085640200,2,–k‘Š”nŒS—˜ª’¬,‘åŽš‰Á”[V“c,0,,,92,70,39,14,13,31,5,14,68
085640210,2,–k‘Š”nŒS—˜ª’¬,‘åŽš‰ŸŒË,0,,,127,101,75,23,37,26,5,21,86
085640220,2,–k‘Š”nŒS—˜ª’¬,‘åŽš“Œ‰œŽRV“c,0,,,6,3,2,-,-,1,-,-,3
085640230,2,–k‘Š”nŒS—˜ª’¬,‚à‚¦‚¬–ì‘ä,0,,,548,440,393,109,246,47,108,250,120
08564023001,3,–k‘Š”nŒS—˜ª’¬,‚à‚¦‚¬–ì‘ä‚P’š–Ú,0,,,96,79,66,17,43,13,19,50,19
08564023002,3,–k‘Š”nŒS—˜ª’¬,‚à‚¦‚¬–ì‘ä‚Q’š–Ú,0,,,39,33,26,4,22,7,5,23,11
08564023003,3,–k‘Š”nŒS—˜ª’¬,‚à‚¦‚¬–ì‘ä‚R’š–Ú,0,,,151,113,103,26,71,10,28,67,31
08564023004,3,–k‘Š”nŒS—˜ª’¬,‚à‚¦‚¬–ì‘ä‚S’š–Ú,0,,,140,115,108,37,54,7,21,50,31
08564023005,3,–k‘Š”nŒS—˜ª’¬,‚à‚¦‚¬–ì‘ä‚T’š–Ú,0,,,122,100,90,25,56,10,35,60,28
