vehicle_id,vehicle_kind,origin_id,KEY_CODE,from_sumo_edge_id,pickup_edge_id,shelter_id,shelter_name,to_sumo_edge_id,depart,passenger_equivalent
veh_full_origin_0001_0001,private_car,origin_0001,5339777442,551#5,,shelter_5,菅生小学校,928#4,0,2.3
veh_full_origin_0001_0002,private_car,origin_0001,5339777442,551#5,,shelter_5,菅生小学校,928#4,0,2.3
veh_full_origin_0001_0003,private_car,origin_0001,5339777442,551#5,,shelter_5,菅生小学校,928#4,0,2.3
veh_full_origin_0001_0004,private_car,origin_0001,5339777442,551#5,,shelter_5,菅生小学校,928#4,0,2.3
veh_full_origin_0001_0005,private_car,origin_0001,5339777442,551#5,,shelter_5,菅生小学校,928#4,0,2.3
veh_full_origin_0001_0006,private_car,origin_0001,5339777442,551#5,,shelter_5,菅生小学校,928#4,0,2.3
veh_full_origin_0001_0007,private_car,origin_0001,5339777442,551#5,,shelter_5,菅生小学校,928#4,0,2.3
veh_full_origin_0001_0008,private_car,origin_0001,5339777442,551#5,,shelter_5,菅生小学校,928#4,0,2.3
veh_full_origin_0001_0009,private_car,origin_0001,5339777442,551#5,,shelter_5,菅生小学校,928#4,0,2.3
veh_full_origin_0001_0010,private_car,origin_0001,5339777442,551#5,,shelter_5,菅生小学校,928#4,0,2.3
veh_full_origin_0001_0011,private_car,origin_0001,5339777442,551#5,,shelter_5,菅生小学校,928#4,0,2.3
veh_full_origin_0001_0012,private_car,origin_0001,5339777442,551#5,,shelter_5,菅生小学校,928#4,0,2.3
veh_full_origin_0001_0013,private_car,origin_0001,5339777442,551#5,,shelter_5,菅生小学校,928#4,0,2.3
veh_full_origin_0001_0014,private_car,origin_0001,5339777442,551#5,,shelter_5,菅生小学校,928#4,0,2.3
veh_full_origin_0001_0015,private_car,origin_0001,5339777442,551#5,,shelter_5,菅生小学校,928#4,0,2.3
veh_full_origin_0001_0016,private_car,origin_0001,5339777442,551#5,,shelter_5,菅生小学校,928#4,0,2.3
veh_full_origin_0001_0017,private_car,origin_0001,5339777442,551#5,,shelter_5,菅生小学校,928#4,0,2.3
veh_full_origin_0002_0001,private_car,origin_0002,5339778343,791#0,,shelter_5,菅生小学校,928#4,0,2.3
veh_full_origin_0002_0002,private_car,origin_0002,5339778343,791#0,,shelter_5,菅生小学校,928#4,0,2.3
veh_full_origin_0002_0003,private_car,origin_0002,5339778343,791#0,,shelter_5,菅生小学校,928#4,0,2.3
veh_full_origin_0002_0004,private_car,origin_0002,5339778343,791#0,,shelter_5,菅生小学校,928#4,0,2.3
veh_full_origin_0002_0005,private_car,origin_0002,5339778343,791#0,,shelter_5,菅生小学校,928#4,0,2.3
veh_full_origin_0002_0006,private_car,origin_0002,5339778343,791#0,,shelter_5,菅生小学校,928#4,0,2.3
veh_full_origin_0002_0007,private_car,origin_0002,5339778343,791#0,,shelter_5,菅生小学校,928#4,0,2.3
veh_full_origin_0002_0008,private_car,origin_0002,5339778343,791#0,,shelter_5,菅生小学校,928#4,0,2.3
veh_full_origin_0002_0009,private_car,origin_0002,5339778343,791#0,,shelter_5,菅生小学校,928#4,0,2.3
veh_full_origin_0002_0010,private_car,origin_0002,5339778343,791#0,,shelter_5,菅生小学校,928#4,0,2.3
veh_full_origin_0002_0011,private_car,origin_0002,5339778343,791#0,,shelter_5,菅生小学校,928#4,0,2.3
veh_full_origin_0002_0012,private_car,origin_0002,5339778343,791#0,,shelter_5,菅生小学校,928#4,0,2.3
veh_full_origin_0002_0013,private_car,origin_0002,5339778343,791#0,,shelter_5,菅生小学校,928#4,0,2.3
veh_full_origin_0002_0014,private_car,origin_0002,5339778343,791#0,,shelter_5,菅生小学校,928#4,0,2.3
veh_full_origin_0002_0015,private_car,origin_0002,5339778343,791#0,,shelter_5,菅生小学校,928#4,0,2.3
veh_full_origin_0002_0016,private_car,origin_0002,5339778343,791#0,,shelter_5,菅生小学校,928#4,0,2.3
veh_full_origin_0002_0017,private_car,origin_0002,5339778343,791#0,,shelter_5,菅生小学校,928#4,0,2.3
veh_full_origin_0002_0018,private_car,origin_0002,5339778343,791#0,,shelter_5,菅生小学校,928#4,0,2.3
veh_full_origin_0002_0019,private_car,origin_0002,5339778343,791#0,,shelter_5,菅生小学校,928#4,0,2.3
veh_full_origin_0002_0020,private_car,origin_0002,5339778343,791#0,,shelter_5,菅生小学校,928#4,0,2.3
veh_full_origin_0003_0001,private_car,origin_0003,5339779313,792#4,,shelter_5,菅生小学校,928#4,0,2.3
veh_full_origin_0003_0002,private_car,origin_0003,5339779313,792#4,,shelter_5,菅生小学校,928#4,0,2.3
veh_full_origin_0003_0003,private_car,origin_0003,5339779313,792#4,,shelter_5,菅生小学校,928#4,0,2.3
veh_full_origin_0003_0004,private_car,origin_0003,5339779313,792#4,,shelter_5,菅生小学校,928#4,0,2.3
veh_full_origin_0003_0005,private_car,origin_0003,5339779313,792#4,,shelter_5,菅生小学校,928#4,0,2.3
veh_full_origin_0003_0006,private_car,origin_0003,5339779313,792#4,,shelter_5,菅生小学校,928#4,0,2.3
veh_full_origin_0003_0007,private_car,origin_0003,5339779313,792#4,,shelter_5,菅生小学校,928#4,0,2.3
veh_full_origin_0003_0008,private_car,origin_0003,5339779313,792#4,,shelter_5,菅生小学校,928#4,0,2.3
veh_full_origin_0003_0009,private_car,origin_0003,5339779313,792#4,,shelter_5,菅生小学校,928#4,0,2.3
veh_full_origin_0003_0010,private_car,origin_0003,5339779313,792#4,,shelter_5,菅生小学校,928#4,0,2.3
veh_full_origin_0003_0011,private_car,origin_0003,5339779313,792#4,,shelter_5,菅生小学校,928#4,0,2.3
veh_full_origin_0003_0012,private_car,origin_0003,5339779313,792#4,,shelter_5,菅生小学校,928#4,0,2.3
veh_full_origin_0003_0013,private_car,origin_0003,5339779313,792#4,,shelter_5,菅生小学校,928#4,0,2.3
veh_full_origin_0003_0014,private_car,origin_0003,5339779313,792#4,,shelter_5,菅生小学校,928#4,0,2.3
veh_full_origin_0003_0015,private_car,origin_0003,5339779313,792#4,,shelter_5,菅生小学校,928#4,0,2.3
veh_full_origin_0003_0016,private_car,origin_0003,5339779313,792#4,,shelter_5,菅生小学校,928#4,0,2.3
veh_full_origin_0003_0017,private_car,origin_0003,5339779313,792#4,,shelter_5,菅生小学校,928#4,0,2.3
veh_full_origin_0003_0018,private_car,origin_0003,5339779313,792#4,,shelter_5,菅生小学校,928#4,0,2.3
veh_full_origin_0003_0019,private_car,origin_0003,5339779313,792#4,,shelter_5,菅生小学校,928#4,0,2.3
veh_full_origin_0003_0020,private_car,origin_0003,5339779313,792#4,,shelter_5,菅生小学校,928#4,0,2.3
veh_full_origin_0004_0001,private_car,origin_0004,5339779333,912#7,,shelter_5,菅生小学校,928#4,0,2.3
veh_full_origin_0004_0002,private_car,origin_0004,5339779333,912#7,,shelter_5,菅生小学校,928#4,0,2.3
veh_full_origin_0004_0003,private_car,origin_0004,5339779333,912#7,,shelter_5,菅生小学校,928#4,0,2.3
veh_full_origin_0004_0004,private_car,origin_0004,5339779333,912#7,,shelter_5,菅生小学校,928#4,0,2.3
veh_full_origin_0004_0005,private_car,origin_0004,5339779333,912#7,,shelter_5,菅生小学校,928#4,0,2.3
veh_full_origin_0004_0006,private_car,origin_0004,5339779333,912#7,,shelter_5,菅生小学校,928#4,0,2.3
veh_full_origin_0004_0007,private_car,origin_0004,5339779333,912#7,,shelter_5,菅生小学校,928#4,0,2.3
veh_full_origin_0004_0008,private_car,origin_0004,5339779333,912#7,,shelter_5,菅生小学校,928#4,0,2.3
veh_full_origin_0004_0009,private_car,origin_0004,5339779333,912#7,,shelter_5,菅生小学校,928#4,0,2.3
veh_full_origin_0004_0010,private_car,origin_0004,5339779333,912#7,,shelter_5,菅生小学校,928#4,0,2.3
veh_full_origin_0004_0011,private_car,origin_0004,5339779333,912#7,,shelter_5,菅生小学校,928#4,0,2.3
veh_full_origin_0004_0012,private_car,origin_0004,5339779333,912#7,,shelter_5,菅生小学校,928#4,0,2.3
veh_full_origin_0004_0013,private_car,origin_0004,5339779333,912#7,,shelter_5,菅生小学校,928#4,0,2.3
veh_full_origin_0005_0001,private_car,origin_0005,5339779344,12273#6,,shelter_5,菅生小学校,928#4,0,2.3
veh_full_origin_0005_0002,private_car,origin_0005,5339779344,12273#6,,shelter_5,菅生小学校,928#4,0,2.3
veh_full_origin_0006_0001,private_car,origin_0006,5339779823,8754#15,,shelter_4,水海道小学校,6656#8,0,2.3
veh_full_origin_0006_0002,private_car,origin_0006,5339779823,8754#15,,shelter_4,水海道小学校,6656#8,0,2.3
veh_full_origin_0006_0003,private_car,origin_0006,5339779823,8754#15,,shelter_4,水海道小学校,6656#8,0,2.3
veh_full_origin_0006_0004,private_car,origin_0006,5339779823,8754#15,,shelter_4,水海道小学校,6656#8,0,2.3
veh_full_origin_0006_0005,private_car,origin_0006,5339779823,8754#15,,shelter_4,水海道小学校,6656#8,0,2.3
veh_full_origin_0006_0006,private_car,origin_0006,5339779823,8754#15,,shelter_4,水海道小学校,6656#8,0,2.3
veh_full_origin_0007_0001,private_car,origin_0007,5339779824,8756#5,,shelter_4,水海道小学校,6656#8,0,2.3
veh_full_origin_0007_0002,private_car,origin_0007,5339779824,8756#5,,shelter_4,水海道小学校,6656#8,0,2.3
veh_full_origin_0007_0003,private_car,origin_0007,5339779824,8756#5,,shelter_4,水海道小学校,6656#8,0,2.3
veh_full_origin_0008_0001,private_car,origin_0008,5339779833,8754#16,,shelter_4,水海道小学校,6656#8,0,2.3
veh_full_origin_0008_0002,private_car,origin_0008,5339779833,8754#16,,shelter_4,水海道小学校,6656#8,0,2.3
veh_full_origin_0008_0003,private_car,origin_0008,5339779833,8754#16,,shelter_4,水海道小学校,6656#8,0,2.3
veh_full_origin_0008_0004,private_car,origin_0008,5339779833,8754#16,,shelter_4,水海道小学校,6656#8,0,2.3
veh_full_origin_0008_0005,private_car,origin_0008,5339779833,8754#16,,shelter_4,水海道小学校,6656#8,0,2.3
veh_full_origin_0008_0006,private_car,origin_0008,5339779833,8754#16,,shelter_4,水海道小学校,6656#8,0,2.3
veh_full_origin_0008_0007,private_car,origin_0008,5339779833,8754#16,,shelter_4,水海道小学校,6656#8,0,2.3
veh_full_origin_0008_0008,private_car,origin_0008,5339779833,8754#16,,shelter_4,水海道小学校,6656#8,0,2.3
veh_full_origin_0008_0009,private_car,origin_0008,5339779833,8754#16,,shelter_4,水海道小学校,6656#8,0,2.3
veh_full_origin_0008_0010,private_car,origin_0008,5339779833,8754#16,,shelter_4,水海道小学校,6656#8,0,2.3
veh_full_origin_0008_0011,private_car,origin_0008,5339779833,8754#16,,shelter_4,水海道小学校,6656#8,0,2.3
veh_full_origin_0008_0012,private_car,origin_0008,5339779833,8754#16,,shelter_4,水海道小学校,6656#8,0,2.3
veh_full_origin_0008_0013,private_car,origin_0008,5339779833,8754#16,,shelter_4,水海道小学校,6656#8,0,2.3
veh_full_origin_0008_0014,private_car,origin_0008,5339779833,8754#16,,shelter_4,水海道小学校,6656#8,0,2.3
veh_full_origin_0008_0015,private_car,origin_0008,5339779833,8754#16,,shelter_4,水海道小学校,6656#8,0,2.3
veh_full_origin_0008_0016,private_car,origin_0008,5339779833,8754#16,,shelter_4,水海道小学校,6656#8,0,2.3
veh_full_origin_0008_0017,private_car,origin_0008,5339779833,8754#16,,shelter_4,水海道小学校,6656#8,0,2.3
veh_full_origin_0008_0018,private_car,origin_0008,5339779833,8754#16,,shelter_4,水海道小学校,6656#8,0,2.3
veh_full_origin_0008_0019,private_car,origin_0008,5339779833,8754#16,,shelter_4,水海道小学校,6656#8,0,2.3
veh_full_origin_0008_0020,private_car,origin_0008,5339779833,8754#16,,shelter_4,水海道小学校,6656#8,0,2.3
veh_full_origin_0008_0021,private_car,origin_0008,5339779833,8754#16,,shelter_4,水海道小学校,6656#8,0,2.3
veh_full_origin_0008_0022,private_car,origin_0008,5339779833,8754#16,,shelter_4,水海道小学校,6656#8,0,2.3
veh_full_origin_0008_0023,private_car,origin_0008,5339779833,8754#16,,shelter_4,水海道小学校,6656#8,0,2.3
veh_full_origin_0008_0024,private_car,origin_0008,5339779833,8754#16,,shelter_4,水海道小学校,6656#8,0,2.3
veh_full_origin_0008_0025,private_car,origin_0008,5339779833,8754#16,,shelter_4,水海道小学校,6656#8,0,2.3
veh_full_origin_0008_0026,private_car,origin_0008,5339779833,8754#16,,shelter_4,水海道小学校,6656#8,0,2.3
veh_full_origin_0009_0001,private_car,origin_0009,5339779834,8756#5,,shelter_4,水海道小学校,6656#8,0,2.3
veh_full_origin_0009_0002,private_car,origin_0009,5339779834,8756#5,,shelter_4,水海道小学校,6656#8,0,2.3
veh_full_origin_0009_0003,private_car,origin_0009,5339779834,8756#5,,shelter_4,水海道小学校,6656#8,0,2.3
veh_full_origin_0009_0004,private_car,origin_0009,5339779834,8756#5,,shelter_4,水海道小学校,6656#8,0,2.3
veh_full_origin_0010_0001,private_car,origin_0010,5339779844,12742#8,,shelter_4,水海道小学校,6656#8,0,2.3
veh_full_origin_0010_0002,private_car,origin_0010,5339779844,12742#8,,shelter_4,水海道小学校,6656#8,0,2.3
veh_full_origin_0010_0003,private_car,origin_0010,5339779844,12742#8,,shelter_4,水海道小学校,6656#8,0,2.3
veh_full_origin_0010_0004,private_car,origin_0010,5339779844,12742#8,,shelter_4,水海道小学校,6656#8,0,2.3
veh_full_origin_0010_0005,private_car,origin_0010,5339779844,12742#8,,shelter_4,水海道小学校,6656#8,0,2.3
veh_full_origin_0010_0006,private_car,origin_0010,5339779844,12742#8,,shelter_4,水海道小学校,6656#8,0,2.3
veh_full_origin_0010_0007,private_car,origin_0010,5339779844,12742#8,,shelter_4,水海道小学校,6656#8,0,2.3
veh_full_origin_0011_0001,private_car,origin_0011,5339779941,12742#16,,shelter_4,水海道小学校,6656#8,0,2.3
veh_full_origin_0011_0002,private_car,origin_0011,5339779941,12742#16,,shelter_4,水海道小学校,6656#8,0,2.3
veh_full_origin_0011_0003,private_car,origin_0011,5339779941,12742#16,,shelter_4,水海道小学校,6656#8,0,2.3
veh_full_origin_0011_0004,private_car,origin_0011,5339779941,12742#16,,shelter_4,水海道小学校,6656#8,0,2.3
veh_full_origin_0012_0001,private_car,origin_0012,5439070313,1003#15,,shelter_5,菅生小学校,928#4,0,2.3
veh_full_origin_0012_0002,private_car,origin_0012,5439070313,1003#15,,shelter_5,菅生小学校,928#4,0,2.3
veh_full_origin_0012_0003,private_car,origin_0012,5439070313,1003#15,,shelter_5,菅生小学校,928#4,0,2.3
veh_full_origin_0012_0004,private_car,origin_0012,5439070313,1003#15,,shelter_5,菅生小学校,928#4,0,2.3
veh_full_origin_0013_0001,private_car,origin_0013,5439070411,1018#8,,shelter_5,菅生小学校,928#4,0,2.3
veh_full_origin_0013_0002,private_car,origin_0013,5439070411,1018#8,,shelter_5,菅生小学校,928#4,0,2.3
veh_full_origin_0013_0003,private_car,origin_0013,5439070411,1018#8,,shelter_5,菅生小学校,928#4,0,2.3
veh_full_origin_0013_0004,private_car,origin_0013,5439070411,1018#8,,shelter_5,菅生小学校,928#4,0,2.3
veh_full_origin_0013_0005,private_car,origin_0013,5439070411,1018#8,,shelter_5,菅生小学校,928#4,0,2.3
veh_full_origin_0013_0006,private_car,origin_0013,5439070411,1018#8,,shelter_5,菅生小学校,928#4,0,2.3
veh_full_origin_0013_0007,private_car,origin_0013,5439070411,1018#8,,shelter_5,菅生小学校,928#4,0,2.3
veh_full_origin_0013_0008,private_car,origin_0013,5439070411,1018#8,,shelter_5,菅生小学校,928#4,0,2.3
veh_full_origin_0013_0009,private_car,origin_0013,5439070411,1018#8,,shelter_5,菅生小学校,928#4,0,2.3
veh_full_origin_0013_0010,private_car,origin_0013,5439070411,1018#8,,shelter_5,菅生小学校,928#4,0,2.3
veh_full_origin_0013_0011,private_car,origin_0013,5439070411,1018#8,,shelter_5,菅生小学校,928#4,0,2.3
veh_full_origin_0014_0001,private_car,origin_0014,5439070424,1038#5,,shelter_5,菅生小学校,928#4,0,2.3
veh_full_origin_0014_0002,private_car,origin_0014,5439070424,1038#5,,shelter_5,菅生小学校,928#4,0,2.3
veh_full_origin_0014_0003,private_car,origin_0014,5439070424,1038#5,,shelter_5,菅生小学校,928#4,0,2.3
veh_full_origin_0014_0004,private_car,origin_0014,5439070424,1038#5,,shelter_5,菅生小学校,928#4,0,2.3
veh_full_origin_0014_0005,private_car,origin_0014,5439070424,1038#5,,shelter_5,菅生小学校,928#4,0,2.3
veh_full_origin_0014_0006,private_car,origin_0014,5439070424,1038#5,,shelter_5,菅生小学校,928#4,0,2.3
veh_full_origin_0014_0007,private_car,origin_0014,5439070424,1038#5,,shelter_5,菅生小学校,928#4,0,2.3
veh_full_origin_0014_0008,private_car,origin_0014,5439070424,1038#5,,shelter_5,菅生小学校,928#4,0,2.3
veh_full_origin_0014_0009,private_car,origin_0014,5439070424,1038#5,,shelter_5,菅生小学校,928#4,0,2.3
veh_full_origin_0014_0010,private_car,origin_0014,5439070424,1038#5,,shelter_5,菅生小学校,928#4,0,2.3
veh_full_origin_0014_0011,private_car,origin_0014,5439070424,1038#5,,shelter_5,菅生小学校,928#4,0,2.3
veh_full_origin_0014_0012,private_car,origin_0014,5439070424,1038#5,,shelter_5,菅生小学校,928#4,0,2.3
veh_full_origin_0015_0001,private_car,origin_0015,5439070433,1602#3,,shelter_5,菅生小学校,928#4,0,2.3
veh_full_origin_0015_0002,private_car,origin_0015,5439070433,1602#3,,shelter_5,菅生小学校,928#4,0,2.3
veh_full_origin_0015_0003,private_car,origin_0015,5439070433,1602#3,,shelter_5,菅生小学校,928#4,0,2.3
veh_full_origin_0015_0004,private_car,origin_0015,5439070433,1602#3,,shelter_5,菅生小学校,928#4,0,2.3
veh_full_origin_0015_0005,private_car,origin_0015,5439070433,1602#3,,shelter_5,菅生小学校,928#4,0,2.3
veh_full_origin_0015_0006,private_car,origin_0015,5439070433,1602#3,,shelter_5,菅生小学校,928#4,0,2.3
veh_full_origin_0015_0007,private_car,origin_0015,5439070433,1602#3,,shelter_5,菅生小学校,928#4,0,2.3
veh_full_origin_0015_0008,private_car,origin_0015,5439070433,1602#3,,shelter_5,菅生小学校,928#4,0,2.3
veh_full_origin_0015_0009,private_car,origin_0015,5439070433,1602#3,,shelter_5,菅生小学校,928#4,0,2.3
veh_full_origin_0015_0010,private_car,origin_0015,5439070433,1602#3,,shelter_5,菅生小学校,928#4,0,2.3
veh_full_origin_0015_0011,private_car,origin_0015,5439070433,1602#3,,shelter_5,菅生小学校,928#4,0,2.3
veh_full_origin_0015_0012,private_car,origin_0015,5439070433,1602#3,,shelter_5,菅生小学校,928#4,0,2.3
veh_full_origin_0016_0001,private_car,origin_0016,5439070434,1093#0,,shelter_5,菅生小学校,928#4,0,2.3
veh_full_origin_0016_0002,private_car,origin_0016,5439070434,1093#0,,shelter_5,菅生小学校,928#4,0,2.3
veh_full_origin_0016_0003,private_car,origin_0016,5439070434,1093#0,,shelter_5,菅生小学校,928#4,0,2.3
veh_full_origin_0016_0004,private_car,origin_0016,5439070434,1093#0,,shelter_5,菅生小学校,928#4,0,2.3
veh_full_origin_0016_0005,private_car,origin_0016,5439070434,1093#0,,shelter_5,菅生小学校,928#4,0,2.3
veh_full_origin_0016_0006,private_car,origin_0016,5439070434,1093#0,,shelter_5,菅生小学校,928#4,0,2.3
veh_full_origin_0016_0007,private_car,origin_0016,5439070434,1093#0,,shelter_5,菅生小学校,928#4,0,2.3
veh_full_origin_0016_0008,private_car,origin_0016,5439070434,1093#0,,shelter_5,菅生小学校,928#4,0,2.3
veh_full_origin_0016_0009,private_car,origin_0016,5439070434,1093#0,,shelter_5,菅生小学校,928#4,0,2.3
veh_full_origin_0016_0010,private_car,origin_0016,5439070434,1093#0,,shelter_5,菅生小学校,928#4,0,2.3
veh_full_origin_0016_0011,private_car,origin_0016,5439070434,1093#0,,shelter_5,菅生小学校,928#4,0,2.3
veh_full_origin_0017_0001,private_car,origin_0017,5439070531,1160#8,,shelter_5,菅生小学校,928#4,0,2.3
veh_full_origin_0017_0002,private_car,origin_0017,5439070531,1160#8,,shelter_5,菅生小学校,928#4,0,2.3
veh_full_origin_0018_0001,private_car,origin_0018,5439070541,1160#6,,shelter_5,菅生小学校,928#4,0,2.3
veh_full_origin_0018_0002,private_car,origin_0018,5439070541,1160#6,,shelter_5,菅生小学校,928#4,0,2.3
veh_full_origin_0018_0003,private_car,origin_0018,5439070541,1160#6,,shelter_5,菅生小学校,928#4,0,2.3
veh_full_origin_0019_0001,private_car,origin_0019,5439070714,309#0,,shelter_1,絹西小学校,1072#20,0,2.3
veh_full_origin_0019_0002,private_car,origin_0019,5439070714,309#0,,shelter_1,絹西小学校,1072#20,0,2.3
veh_full_origin_0019_0003,private_car,origin_0019,5439070714,309#0,,shelter_1,絹西小学校,1072#20,0,2.3
veh_full_origin_0019_0004,private_car,origin_0019,5439070714,309#0,,shelter_1,絹西小学校,1072#20,0,2.3
veh_full_origin_0019_0005,private_car,origin_0019,5439070714,309#0,,shelter_1,絹西小学校,1072#20,0,2.3
veh_full_origin_0019_0006,private_car,origin_0019,5439070714,309#0,,shelter_1,絹西小学校,1072#20,0,2.3
veh_full_origin_0019_0007,private_car,origin_0019,5439070714,309#0,,shelter_1,絹西小学校,1072#20,0,2.3
veh_full_origin_0019_0008,private_car,origin_0019,5439070714,309#0,,shelter_1,絹西小学校,1072#20,0,2.3
veh_full_origin_0019_0009,private_car,origin_0019,5439070714,309#0,,shelter_1,絹西小学校,1072#20,0,2.3
veh_full_origin_0019_0010,private_car,origin_0019,5439070714,309#0,,shelter_1,絹西小学校,1072#20,0,2.3
veh_full_origin_0019_0011,private_car,origin_0019,5439070714,309#0,,shelter_1,絹西小学校,1072#20,0,2.3
veh_full_origin_0019_0012,private_car,origin_0019,5439070714,309#0,,shelter_1,絹西小学校,1072#20,0,2.3
veh_full_origin_0019_0013,private_car,origin_0019,5439070714,309#0,,shelter_1,絹西小学校,1072#20,0,2.3
veh_full_origin_0019_0014,private_car,origin_0019,5439070714,309#0,,shelter_1,絹西小学校,1072#20,0,2.3
veh_full_origin_0019_0015,private_car,origin_0019,5439070714,309#0,,shelter_1,絹西小学校,1072#20,0,2.3
veh_full_origin_0019_0016,private_car,origin_0019,5439070714,309#0,,shelter_1,絹西小学校,1072#20,0,2.3
veh_full_origin_0019_0017,private_car,origin_0019,5439070714,309#0,,shelter_1,絹西小学校,1072#20,0,2.3
veh_full_origin_0019_0018,private_car,origin_0019,5439070714,309#0,,shelter_1,絹西小学校,1072#20,0,2.3
veh_full_origin_0019_0019,private_car,origin_0019,5439070714,309#0,,shelter_1,絹西小学校,1072#20,0,2.3
veh_full_origin_0020_0001,private_car,origin_0020,5439070724,1133#4,,shelter_4,水海道小学校,6656#8,0,2.3
veh_full_origin_0020_0002,private_car,origin_0020,5439070724,1133#4,,shelter_4,水海道小学校,6656#8,0,2.3
veh_full_origin_0020_0003,private_car,origin_0020,5439070724,1133#4,,shelter_4,水海道小学校,6656#8,0,2.3
veh_full_origin_0020_0004,private_car,origin_0020,5439070724,1133#4,,shelter_4,水海道小学校,6656#8,0,2.3
veh_full_origin_0021_0001,private_car,origin_0021,5439070734,1133#1,,shelter_4,水海道小学校,6656#8,0,2.3
veh_full_origin_0021_0002,private_car,origin_0021,5439070734,1133#1,,shelter_4,水海道小学校,6656#8,0,2.3
veh_full_origin_0021_0003,private_car,origin_0021,5439070734,1133#1,,shelter_4,水海道小学校,6656#8,0,2.3
veh_full_origin_0021_0004,private_car,origin_0021,5439070734,1133#1,,shelter_4,水海道小学校,6656#8,0,2.3
veh_full_origin_0021_0005,private_car,origin_0021,5439070734,1133#1,,shelter_4,水海道小学校,6656#8,0,2.3
veh_full_origin_0021_0006,private_car,origin_0021,5439070734,1133#1,,shelter_4,水海道小学校,6656#8,0,2.3
veh_full_origin_0021_0007,private_car,origin_0021,5439070734,1133#1,,shelter_4,水海道小学校,6656#8,0,2.3
veh_full_origin_0021_0008,private_car,origin_0021,5439070734,1133#1,,shelter_4,水海道小学校,6656#8,0,2.3
veh_full_origin_0021_0009,private_car,origin_0021,5439070734,1133#1,,shelter_4,水海道小学校,6656#8,0,2.3
veh_full_origin_0021_0010,private_car,origin_0021,5439070734,1133#1,,shelter_4,水海道小学校,6656#8,0,2.3
veh_full_origin_0021_0011,private_car,origin_0021,5439070734,1133#1,,shelter_4,水海道小学校,6656#8,0,2.3
veh_full_origin_0021_0012,private_car,origin_0021,5439070734,1133#1,,shelter_4,水海道小学校,6656#8,0,2.3
veh_full_origin_0021_0013,private_car,origin_0021,5439070734,1133#1,,shelter_4,水海道小学校,6656#8,0,2.3
veh_full_origin_0021_0014,private_car,origin_0021,5439070734,1133#1,,shelter_4,水海道小学校,6656#8,0,2.3
veh_full_origin_0021_0015,private_car,origin_0021,5439070734,1133#1,,shelter_4,水海道小学校,6656#8,0,2.3
veh_full_origin_0021_0016,private_car,origin_0021,5439070734,1133#1,,shelter_4,水海道小学校,6656#8,0,2.3
veh_full_origin_0021_0017,private_car,origin_0021,5439070734,1133#1,,shelter_4,水海道小学校,6656#8,0,2.3
veh_full_origin_0021_0018,private_car,origin_0021,5439070734,1133#1,,shelter_4,水海道小学校,6656#8,0,2.3
veh_full_origin_0021_0019,private_car,origin_0021,5439070734,1133#1,,shelter_4,水海道小学校,6656#8,0,2.3
veh_full_origin_0021_0020,private_car,origin_0021,5439070734,1133#1,,shelter_4,水海道小学校,6656#8,0,2.3
veh_full_origin_0021_0021,private_car,origin_0021,5439070734,1133#1,,shelter_4,水海道小学校,6656#8,0,2.3
veh_full_origin_0021_0022,private_car,origin_0021,5439070734,1133#1,,shelter_4,水海道小学校,6656#8,0,2.3
veh_full_origin_0021_0023,private_car,origin_0021,5439070734,1133#1,,shelter_4,水海道小学校,6656#8,0,2.3
veh_full_origin_0021_0024,private_car,origin_0021,5439070734,1133#1,,shelter_4,水海道小学校,6656#8,0,2.3
veh_full_origin_0021_0025,private_car,origin_0021,5439070734,1133#1,,shelter_4,水海道小学校,6656#8,0,2.3
veh_full_origin_0021_0026,private_car,origin_0021,5439070734,1133#1,,shelter_4,水海道小学校,6656#8,0,2.3
veh_full_origin_0021_0027,private_car,origin_0021,5439070734,1133#1,,shelter_4,水海道小学校,6656#8,0,2.3
veh_full_origin_0021_0028,private_car,origin_0021,5439070734,1133#1,,shelter_4,水海道小学校,6656#8,0,2.3
veh_full_origin_0021_0029,private_car,origin_0021,5439070734,1133#1,,shelter_4,水海道小学校,6656#8,0,2.3
veh_full_origin_0021_0030,private_car,origin_0021,5439070734,1133#1,,shelter_4,水海道小学校,6656#8,0,2.3
veh_full_origin_0021_0031,private_car,origin_0021,5439070734,1133#1,,shelter_4,水海道小学校,6656#8,0,2.3
veh_full_origin_0021_0032,private_car,origin_0021,5439070734,1133#1,,shelter_4,水海道小学校,6656#8,0,2.3
veh_full_origin_0021_0033,private_car,origin_0021,5439070734,1133#1,,shelter_4,水海道小学校,6656#8,0,2.3
veh_full_origin_0021_0034,private_car,origin_0021,5439070734,1133#1,,shelter_4,水海道小学校,6656#8,0,2.3
veh_full_origin_0021_0035,private_car,origin_0021,5439070734,1133#1,,shelter_4,水海道小学校,6656#8,0,2.3
veh_full_origin_0021_0036,private_car,origin_0021,5439070734,1133#1,,shelter_4,水海道小学校,6656#8,0,2.3
veh_full_origin_0021_0037,private_car,origin_0021,5439070734,1133#1,,shelter_4,水海道小学校,6656#8,0,2.3
veh_full_origin_0022_0001,private_car,origin_0022,5439070811,309#0,,shelter_4,水海道小学校,6656#8,0,2.3
veh_full_origin_0022_0002,private_car,origin_0022,5439070811,309#0,,shelter_4,水海道小学校,6656#8,0,2.3
veh_full_origin_0022_0003,private_car,origin_0022,5439070811,309#0,,shelter_4,水海道小学校,6656#8,0,2.3
veh_full_origin_0022_0004,private_car,origin_0022,5439070811,309#0,,shelter_4,水海道小学校,6656#8,0,2.3
veh_full_origin_0022_0005,private_car,origin_0022,5439070811,309#0,,shelter_4,水海道小学校,6656#8,0,2.3
veh_full_origin_0022_0006,private_car,origin_0022,5439070811,309#0,,shelter_4,水海道小学校,6656#8,0,2.3
veh_full_origin_0022_0007,private_car,origin_0022,5439070811,309#0,,shelter_4,水海道小学校,6656#8,0,2.3
veh_full_origin_0022_0008,private_car,origin_0022,5439070811,309#0,,shelter_4,水海道小学校,6656#8,0,2.3
veh_full_origin_0022_0009,private_car,origin_0022,5439070811,309#0,,shelter_4,水海道小学校,6656#8,0,2.3
veh_full_origin_0022_0010,private_car,origin_0022,5439070811,309#0,,shelter_4,水海道小学校,6656#8,0,2.3
veh_full_origin_0022_0011,private_car,origin_0022,5439070811,309#0,,shelter_4,水海道小学校,6656#8,0,2.3
veh_full_origin_0022_0012,private_car,origin_0022,5439070811,309#0,,shelter_4,水海道小学校,6656#8,0,2.3
veh_full_origin_0022_0013,private_car,origin_0022,5439070811,309#0,,shelter_4,水海道小学校,6656#8,0,2.3
veh_full_origin_0022_0014,private_car,origin_0022,5439070811,309#0,,shelter_4,水海道小学校,6656#8,0,2.3
veh_full_origin_0022_0015,private_car,origin_0022,5439070811,309#0,,shelter_4,水海道小学校,6656#8,0,2.3
veh_full_origin_0022_0016,private_car,origin_0022,5439070811,309#0,,shelter_4,水海道小学校,6656#8,0,2.3
veh_full_origin_0022_0017,private_car,origin_0022,5439070811,309#0,,shelter_4,水海道小学校,6656#8,0,2.3
veh_full_origin_0022_0018,private_car,origin_0022,5439070811,309#0,,shelter_4,水海道小学校,6656#8,0,2.3
veh_full_origin_0022_0019,private_car,origin_0022,5439070811,309#0,,shelter_4,水海道小学校,6656#8,0,2.3
veh_full_origin_0022_0020,private_car,origin_0022,5439070811,309#0,,shelter_4,水海道小学校,6656#8,0,2.3
veh_full_origin_0022_0021,private_car,origin_0022,5439070811,309#0,,shelter_4,水海道小学校,6656#8,0,2.3
veh_full_origin_0022_0022,private_car,origin_0022,5439070811,309#0,,shelter_4,水海道小学校,6656#8,0,2.3
veh_full_origin_0022_0023,private_car,origin_0022,5439070811,309#0,,shelter_4,水海道小学校,6656#8,0,2.3
veh_full_origin_0023_0001,private_car,origin_0023,5439070812,312#7,,shelter_4,水海道小学校,6656#8,0,2.3
veh_full_origin_0023_0002,private_car,origin_0023,5439070812,312#7,,shelter_4,水海道小学校,6656#8,0,2.3
veh_full_origin_0023_0003,private_car,origin_0023,5439070812,312#7,,shelter_4,水海道小学校,6656#8,0,2.3
veh_full_origin_0023_0004,private_car,origin_0023,5439070812,312#7,,shelter_4,水海道小学校,6656#8,0,2.3
veh_full_origin_0024_0001,private_car,origin_0024,5439070821,1129#2,,shelter_4,水海道小学校,6656#8,0,2.3
veh_full_origin_0024_0002,private_car,origin_0024,5439070821,1129#2,,shelter_4,水海道小学校,6656#8,0,2.3
veh_full_origin_0024_0003,private_car,origin_0024,5439070821,1129#2,,shelter_4,水海道小学校,6656#8,0,2.3
veh_full_origin_0024_0004,private_car,origin_0024,5439070821,1129#2,,shelter_4,水海道小学校,6656#8,0,2.3
veh_full_origin_0024_0005,private_car,origin_0024,5439070821,1129#2,,shelter_4,水海道小学校,6656#8,0,2.3
veh_full_origin_0024_0006,private_car,origin_0024,5439070821,1129#2,,shelter_4,水海道小学校,6656#8,0,2.3
veh_full_origin_0024_0007,private_car,origin_0024,5439070821,1129#2,,shelter_4,水海道小学校,6656#8,0,2.3
veh_full_origin_0024_0008,private_car,origin_0024,5439070821,1129#2,,shelter_4,水海道小学校,6656#8,0,2.3
veh_full_origin_0024_0009,private_car,origin_0024,5439070821,1129#2,,shelter_4,水海道小学校,6656#8,0,2.3
veh_full_origin_0025_0001,private_car,origin_0025,5439070822,6650#9,,shelter_4,水海道小学校,6656#8,0,2.3
veh_full_origin_0025_0002,private_car,origin_0025,5439070822,6650#9,,shelter_4,水海道小学校,6656#8,0,2.3
veh_full_origin_0025_0003,private_car,origin_0025,5439070822,6650#9,,shelter_4,水海道小学校,6656#8,0,2.3
veh_full_origin_0025_0004,private_car,origin_0025,5439070822,6650#9,,shelter_4,水海道小学校,6656#8,0,2.3
veh_full_origin_0025_0005,private_car,origin_0025,5439070822,6650#9,,shelter_4,水海道小学校,6656#8,0,2.3
veh_full_origin_0025_0006,private_car,origin_0025,5439070822,6650#9,,shelter_4,水海道小学校,6656#8,0,2.3
veh_full_origin_0025_0007,private_car,origin_0025,5439070822,6650#9,,shelter_4,水海道小学校,6656#8,0,2.3
veh_full_origin_0025_0008,private_car,origin_0025,5439070822,6650#9,,shelter_4,水海道小学校,6656#8,0,2.3
veh_full_origin_0025_0009,private_car,origin_0025,5439070822,6650#9,,shelter_4,水海道小学校,6656#8,0,2.3
veh_full_origin_0025_0010,private_car,origin_0025,5439070822,6650#9,,shelter_4,水海道小学校,6656#8,0,2.3
veh_full_origin_0025_0011,private_car,origin_0025,5439070822,6650#9,,shelter_4,水海道小学校,6656#8,0,2.3
veh_full_origin_0025_0012,private_car,origin_0025,5439070822,6650#9,,shelter_4,水海道小学校,6656#8,0,2.3
veh_full_origin_0025_0013,private_car,origin_0025,5439070822,6650#9,,shelter_4,水海道小学校,6656#8,0,2.3
veh_full_origin_0025_0014,private_car,origin_0025,5439070822,6650#9,,shelter_4,水海道小学校,6656#8,0,2.3
veh_full_origin_0025_0015,private_car,origin_0025,5439070822,6650#9,,shelter_4,水海道小学校,6656#8,0,2.3
veh_full_origin_0025_0016,private_car,origin_0025,5439070822,6650#9,,shelter_4,水海道小学校,6656#8,0,2.3
veh_full_origin_0025_0017,private_car,origin_0025,5439070822,6650#9,,shelter_4,水海道小学校,6656#8,0,2.3
veh_full_origin_0025_0018,private_car,origin_0025,5439070822,6650#9,,shelter_4,水海道小学校,6656#8,0,2.3
veh_full_origin_0025_0019,private_car,origin_0025,5439070822,6650#9,,shelter_4,水海道小学校,6656#8,0,2.3
veh_full_origin_0025_0020,private_car,origin_0025,5439070822,6650#9,,shelter_4,水海道小学校,6656#8,0,2.3
veh_full_origin_0025_0021,private_car,origin_0025,5439070822,6650#9,,shelter_4,水海道小学校,6656#8,0,2.3
veh_full_origin_0025_0022,private_car,origin_0025,5439070822,6650#9,,shelter_4,水海道小学校,6656#8,0,2.3
veh_full_origin_0025_0023,private_car,origin_0025,5439070822,6650#9,,shelter_4,水海道小学校,6656#8,0,2.3
veh_full_origin_0026_0001,private_car,origin_0026,5439070823,1102#19,,shelter_4,水海道小学校,6656#8,0,2.3
veh_full_origin_0026_0002,private_car,origin_0026,5439070823,1102#19,,shelter_4,水海道小学校,6656#8,0,2.3
veh_full_origin_0027_0001,private_car,origin_0027,5439070824,8785,,shelter_4,水海道小学校,6656#8,0,2.3
veh_full_origin_0027_0002,private_car,origin_0027,5439070824,8785,,shelter_4,水海道小学校,6656#8,0,2.3
veh_full_origin_0027_0003,private_car,origin_0027,5439070824,8785,,shelter_4,水海道小学校,6656#8,0,2.3
veh_full_origin_0027_0004,private_car,origin_0027,5439070824,8785,,shelter_4,水海道小学校,6656#8,0,2.3
veh_full_origin_0027_0005,private_car,origin_0027,5439070824,8785,,shelter_4,水海道小学校,6656#8,0,2.3
veh_full_origin_0028_0001,private_car,origin_0028,5439070831,1129#0,,shelter_4,水海道小学校,6656#8,0,2.3
veh_full_origin_0028_0002,private_car,origin_0028,5439070831,1129#0,,shelter_4,水海道小学校,6656#8,0,2.3
veh_full_origin_0028_0003,private_car,origin_0028,5439070831,1129#0,,shelter_4,水海道小学校,6656#8,0,2.3
veh_full_origin_0028_0004,private_car,origin_0028,5439070831,1129#0,,shelter_4,水海道小学校,6656#8,0,2.3
veh_full_origin_0028_0005,private_car,origin_0028,5439070831,1129#0,,shelter_4,水海道小学校,6656#8,0,2.3
veh_full_origin_0029_0001,private_car,origin_0029,5439070832,310#6,,shelter_4,水海道小学校,6656#8,0,2.3
veh_full_origin_0030_0001,private_car,origin_0030,5439070833,6652#2,,shelter_4,水海道小学校,6656#8,0,2.3
veh_full_origin_0030_0002,private_car,origin_0030,5439070833,6652#2,,shelter_4,水海道小学校,6656#8,0,2.3
veh_full_origin_0030_0003,private_car,origin_0030,5439070833,6652#2,,shelter_4,水海道小学校,6656#8,0,2.3
veh_full_origin_0030_0004,private_car,origin_0030,5439070833,6652#2,,shelter_4,水海道小学校,6656#8,0,2.3
veh_full_origin_0030_0005,private_car,origin_0030,5439070833,6652#2,,shelter_4,水海道小学校,6656#8,0,2.3
veh_full_origin_0030_0006,private_car,origin_0030,5439070833,6652#2,,shelter_4,水海道小学校,6656#8,0,2.3
veh_full_origin_0030_0007,private_car,origin_0030,5439070833,6652#2,,shelter_4,水海道小学校,6656#8,0,2.3
veh_full_origin_0030_0008,private_car,origin_0030,5439070833,6652#2,,shelter_4,水海道小学校,6656#8,0,2.3
veh_full_origin_0030_0009,private_car,origin_0030,5439070833,6652#2,,shelter_4,水海道小学校,6656#8,0,2.3
veh_full_origin_0030_0010,private_car,origin_0030,5439070833,6652#2,,shelter_4,水海道小学校,6656#8,0,2.3
veh_full_origin_0030_0011,private_car,origin_0030,5439070833,6652#2,,shelter_4,水海道小学校,6656#8,0,2.3
veh_full_origin_0030_0012,private_car,origin_0030,5439070833,6652#2,,shelter_4,水海道小学校,6656#8,0,2.3
veh_full_origin_0030_0013,private_car,origin_0030,5439070833,6652#2,,shelter_4,水海道小学校,6656#8,0,2.3
veh_full_origin_0030_0014,private_car,origin_0030,5439070833,6652#2,,shelter_4,水海道小学校,6656#8,0,2.3
veh_full_origin_0030_0015,private_car,origin_0030,5439070833,6652#2,,shelter_4,水海道小学校,6656#8,0,2.3
veh_full_origin_0030_0016,private_car,origin_0030,5439070833,6652#2,,shelter_4,水海道小学校,6656#8,0,2.3
veh_full_origin_0030_0017,private_car,origin_0030,5439070833,6652#2,,shelter_4,水海道小学校,6656#8,0,2.3
veh_full_origin_0030_0018,private_car,origin_0030,5439070833,6652#2,,shelter_4,水海道小学校,6656#8,0,2.3
veh_full_origin_0030_0019,private_car,origin_0030,5439070833,6652#2,,shelter_4,水海道小学校,6656#8,0,2.3
veh_full_origin_0030_0020,private_car,origin_0030,5439070833,6652#2,,shelter_4,水海道小学校,6656#8,0,2.3
veh_full_origin_0030_0021,private_car,origin_0030,5439070833,6652#2,,shelter_4,水海道小学校,6656#8,0,2.3
veh_full_origin_0030_0022,private_car,origin_0030,5439070833,6652#2,,shelter_4,水海道小学校,6656#8,0,2.3
veh_full_origin_0030_0023,private_car,origin_0030,5439070833,6652#2,,shelter_4,水海道小学校,6656#8,0,2.3
veh_full_origin_0030_0024,private_car,origin_0030,5439070833,6652#2,,shelter_4,水海道小学校,6656#8,0,2.3
veh_full_origin_0030_0025,private_car,origin_0030,5439070833,6652#2,,shelter_4,水海道小学校,6656#8,0,2.3
veh_full_origin_0030_0026,private_car,origin_0030,5439070833,6652#2,,shelter_4,水海道小学校,6656#8,0,2.3
veh_full_origin_0030_0027,private_car,origin_0030,5439070833,6652#2,,shelter_4,水海道小学校,6656#8,0,2.3
veh_full_origin_0030_0028,private_car,origin_0030,5439070833,6652#2,,shelter_4,水海道小学校,6656#8,0,2.3
veh_full_origin_0030_0029,private_car,origin_0030,5439070833,6652#2,,shelter_4,水海道小学校,6656#8,0,2.3
veh_full_origin_0030_0030,private_car,origin_0030,5439070833,6652#2,,shelter_4,水海道小学校,6656#8,0,2.3
veh_full_origin_0030_0031,private_car,origin_0030,5439070833,6652#2,,shelter_4,水海道小学校,6656#8,0,2.3
veh_full_origin_0031_0001,private_car,origin_0031,5439070834,1101#2,,shelter_4,水海道小学校,6656#8,0,2.3
veh_full_origin_0031_0002,private_car,origin_0031,5439070834,1101#2,,shelter_4,水海道小学校,6656#8,0,2.3
veh_full_origin_0031_0003,private_car,origin_0031,5439070834,1101#2,,shelter_4,水海道小学校,6656#8,0,2.3
veh_full_origin_0031_0004,private_car,origin_0031,5439070834,1101#2,,shelter_4,水海道小学校,6656#8,0,2.3
veh_full_origin_0031_0005,private_car,origin_0031,5439070834,1101#2,,shelter_4,水海道小学校,6656#8,0,2.3
veh_full_origin_0031_0006,private_car,origin_0031,5439070834,1101#2,,shelter_4,水海道小学校,6656#8,0,2.3
veh_full_origin_0031_0007,private_car,origin_0031,5439070834,1101#2,,shelter_4,水海道小学校,6656#8,0,2.3
veh_full_origin_0031_0008,private_car,origin_0031,5439070834,1101#2,,shelter_4,水海道小学校,6656#8,0,2.3
veh_full_origin_0031_0009,private_car,origin_0031,5439070834,1101#2,,shelter_4,水海道小学校,6656#8,0,2.3
veh_full_origin_0032_0001,private_car,origin_0032,5439070842,8799#0,,shelter_4,水海道小学校,6656#8,0,2.3
veh_full_origin_0032_0002,private_car,origin_0032,5439070842,8799#0,,shelter_4,水海道小学校,6656#8,0,2.3
veh_full_origin_0032_0003,private_car,origin_0032,5439070842,8799#0,,shelter_4,水海道小学校,6656#8,0,2.3
veh_full_origin_0033_0001,private_car,origin_0033,5439070844,8810#3,,shelter_4,水海道小学校,6656#8,0,2.3
veh_full_origin_0033_0002,private_car,origin_0033,5439070844,8810#3,,shelter_4,水海道小学校,6656#8,0,2.3
veh_full_origin_0033_0003,private_car,origin_0033,5439070844,8810#3,,shelter_4,水海道小学校,6656#8,0,2.3
veh_full_origin_0033_0004,private_car,origin_0033,5439070844,8810#3,,shelter_4,水海道小学校,6656#8,0,2.3
veh_full_origin_0033_0005,private_car,origin_0033,5439070844,8810#3,,shelter_4,水海道小学校,6656#8,0,2.3
veh_full_origin_0033_0006,private_car,origin_0033,5439070844,8810#3,,shelter_4,水海道小学校,6656#8,0,2.3
veh_full_origin_0033_0007,private_car,origin_0033,5439070844,8810#3,,shelter_4,水海道小学校,6656#8,0,2.3
veh_full_origin_0033_0008,private_car,origin_0033,5439070844,8810#3,,shelter_4,水海道小学校,6656#8,0,2.3
veh_full_origin_0033_0009,private_car,origin_0033,5439070844,8810#3,,shelter_4,水海道小学校,6656#8,0,2.3
veh_full_origin_0033_0010,private_car,origin_0033,5439070844,8810#3,,shelter_4,水海道小学校,6656#8,0,2.3
veh_full_origin_0033_0011,private_car,origin_0033,5439070844,8810#3,,shelter_4,水海道小学校,6656#8,0,2.3
veh_full_origin_0033_0012,private_car,origin_0033,5439070844,8810#3,,shelter_4,水海道小学校,6656#8,0,2.3
veh_full_origin_0033_0013,private_car,origin_0033,5439070844,8810#3,,shelter_4,水海道小学校,6656#8,0,2.3
veh_full_origin_0033_0014,private_car,origin_0033,5439070844,8810#3,,shelter_4,水海道小学校,6656#8,0,2.3
veh_full_origin_0033_0015,private_car,origin_0033,5439070844,8810#3,,shelter_4,水海道小学校,6656#8,0,2.3
veh_full_origin_0033_0016,private_car,origin_0033,5439070844,8810#3,,shelter_4,水海道小学校,6656#8,0,2.3
veh_full_origin_0033_0017,private_car,origin_0033,5439070844,8810#3,,shelter_4,水海道小学校,6656#8,0,2.3
veh_full_origin_0033_0018,private_car,origin_0033,5439070844,8810#3,,shelter_4,水海道小学校,6656#8,0,2.3
veh_full_origin_0033_0019,private_car,origin_0033,5439070844,8810#3,,shelter_4,水海道小学校,6656#8,0,2.3
veh_full_origin_0033_0020,private_car,origin_0033,5439070844,8810#3,,shelter_4,水海道小学校,6656#8,0,2.3
veh_full_origin_0033_0021,private_car,origin_0033,5439070844,8810#3,,shelter_4,水海道小学校,6656#8,0,2.3
veh_full_origin_0033_0022,private_car,origin_0033,5439070844,8810#3,,shelter_4,水海道小学校,6656#8,0,2.3
veh_full_origin_0033_0023,private_car,origin_0033,5439070844,8810#3,,shelter_4,水海道小学校,6656#8,0,2.3
veh_full_origin_0033_0024,private_car,origin_0033,5439070844,8810#3,,shelter_4,水海道小学校,6656#8,0,2.3
veh_full_origin_0033_0025,private_car,origin_0033,5439070844,8810#3,,shelter_4,水海道小学校,6656#8,0,2.3
veh_full_origin_0033_0026,private_car,origin_0033,5439070844,8810#3,,shelter_4,水海道小学校,6656#8,0,2.3
veh_full_origin_0033_0027,private_car,origin_0033,5439070844,8810#3,,shelter_4,水海道小学校,6656#8,0,2.3
veh_full_origin_0033_0028,private_car,origin_0033,5439070844,8810#3,,shelter_4,水海道小学校,6656#8,0,2.3
veh_full_origin_0033_0029,private_car,origin_0033,5439070844,8810#3,,shelter_4,水海道小学校,6656#8,0,2.3
veh_full_origin_0033_0030,private_car,origin_0033,5439070844,8810#3,,shelter_4,水海道小学校,6656#8,0,2.3
veh_full_origin_0033_0031,private_car,origin_0033,5439070844,8810#3,,shelter_4,水海道小学校,6656#8,0,2.3
veh_full_origin_0033_0032,private_car,origin_0033,5439070844,8810#3,,shelter_4,水海道小学校,6656#8,0,2.3
veh_full_origin_0033_0033,private_car,origin_0033,5439070844,8810#3,,shelter_4,水海道小学校,6656#8,0,2.3
veh_full_origin_0033_0034,private_car,origin_0033,5439070844,8810#3,,shelter_4,水海道小学校,6656#8,0,2.3
veh_full_origin_0034_0001,private_car,origin_0034,5439070911,9465#1,,shelter_4,水海道小学校,6656#8,0,2.3
veh_full_origin_0034_0002,private_car,origin_0034,5439070911,9465#1,,shelter_4,水海道小学校,6656#8,0,2.3
veh_full_origin_0034_0003,private_car,origin_0034,5439070911,9465#1,,shelter_4,水海道小学校,6656#8,0,2.3
veh_full_origin_0035_0001,private_car,origin_0035,5439070913,1044#14,,shelter_4,水海道小学校,6656#8,0,2.3
veh_full_origin_0035_0002,private_car,origin_0035,5439070913,1044#14,,shelter_4,水海道小学校,6656#8,0,2.3
veh_full_origin_0035_0003,private_car,origin_0035,5439070913,1044#14,,shelter_4,水海道小学校,6656#8,0,2.3
veh_full_origin_0035_0004,private_car,origin_0035,5439070913,1044#14,,shelter_4,水海道小学校,6656#8,0,2.3
veh_full_origin_0035_0005,private_car,origin_0035,5439070913,1044#14,,shelter_4,水海道小学校,6656#8,0,2.3
veh_full_origin_0035_0006,private_car,origin_0035,5439070913,1044#14,,shelter_4,水海道小学校,6656#8,0,2.3
veh_full_origin_0035_0007,private_car,origin_0035,5439070913,1044#14,,shelter_4,水海道小学校,6656#8,0,2.3
veh_full_origin_0035_0008,private_car,origin_0035,5439070913,1044#14,,shelter_4,水海道小学校,6656#8,0,2.3
veh_full_origin_0035_0009,private_car,origin_0035,5439070913,1044#14,,shelter_4,水海道小学校,6656#8,0,2.3
veh_full_origin_0035_0010,private_car,origin_0035,5439070913,1044#14,,shelter_4,水海道小学校,6656#8,0,2.3
veh_full_origin_0035_0011,private_car,origin_0035,5439070913,1044#14,,shelter_4,水海道小学校,6656#8,0,2.3
veh_full_origin_0035_0012,private_car,origin_0035,5439070913,1044#14,,shelter_4,水海道小学校,6656#8,0,2.3
veh_full_origin_0035_0013,private_car,origin_0035,5439070913,1044#14,,shelter_4,水海道小学校,6656#8,0,2.3
veh_full_origin_0035_0014,private_car,origin_0035,5439070913,1044#14,,shelter_4,水海道小学校,6656#8,0,2.3
veh_full_origin_0035_0015,private_car,origin_0035,5439070913,1044#14,,shelter_4,水海道小学校,6656#8,0,2.3
veh_full_origin_0036_0001,private_car,origin_0036,5439070921,8788#6,,shelter_4,水海道小学校,6656#8,0,2.3
veh_full_origin_0036_0002,private_car,origin_0036,5439070921,8788#6,,shelter_4,水海道小学校,6656#8,0,2.3
veh_full_origin_0036_0003,private_car,origin_0036,5439070921,8788#6,,shelter_4,水海道小学校,6656#8,0,2.3
veh_full_origin_0037_0001,private_car,origin_0037,5439070931,8786#10,,shelter_4,水海道小学校,6656#8,0,2.3
veh_full_origin_0037_0002,private_car,origin_0037,5439070931,8786#10,,shelter_4,水海道小学校,6656#8,0,2.3
veh_full_origin_0037_0003,private_car,origin_0037,5439070931,8786#10,,shelter_4,水海道小学校,6656#8,0,2.3
veh_full_origin_0037_0004,private_car,origin_0037,5439070931,8786#10,,shelter_4,水海道小学校,6656#8,0,2.3
veh_full_origin_0037_0005,private_car,origin_0037,5439070931,8786#10,,shelter_4,水海道小学校,6656#8,0,2.3
veh_full_origin_0037_0006,private_car,origin_0037,5439070931,8786#10,,shelter_4,水海道小学校,6656#8,0,2.3
veh_full_origin_0037_0007,private_car,origin_0037,5439070931,8786#10,,shelter_4,水海道小学校,6656#8,0,2.3
veh_full_origin_0037_0008,private_car,origin_0037,5439070931,8786#10,,shelter_4,水海道小学校,6656#8,0,2.3
veh_full_origin_0037_0009,private_car,origin_0037,5439070931,8786#10,,shelter_4,水海道小学校,6656#8,0,2.3
veh_full_origin_0037_0010,private_car,origin_0037,5439070931,8786#10,,shelter_4,水海道小学校,6656#8,0,2.3
veh_full_origin_0037_0011,private_car,origin_0037,5439070931,8786#10,,shelter_4,水海道小学校,6656#8,0,2.3
veh_full_origin_0037_0012,private_car,origin_0037,5439070931,8786#10,,shelter_4,水海道小学校,6656#8,0,2.3
veh_full_origin_0037_0013,private_car,origin_0037,5439070931,8786#10,,shelter_4,水海道小学校,6656#8,0,2.3
veh_full_origin_0038_0001,private_car,origin_0038,5439071414,11291#5,,shelter_5,菅生小学校,928#4,0,2.3
veh_full_origin_0038_0002,private_car,origin_0038,5439071414,11291#5,,shelter_5,菅生小学校,928#4,0,2.3
veh_full_origin_0038_0003,private_car,origin_0038,5439071414,11291#5,,shelter_5,菅生小学校,928#4,0,2.3
veh_full_origin_0038_0004,private_car,origin_0038,5439071414,11291#5,,shelter_5,菅生小学校,928#4,0,2.3
veh_full_origin_0038_0005,private_car,origin_0038,5439071414,11291#5,,shelter_5,菅生小学校,928#4,0,2.3
veh_full_origin_0038_0006,private_car,origin_0038,5439071414,11291#5,,shelter_5,菅生小学校,928#4,0,2.3
veh_full_origin_0038_0007,private_car,origin_0038,5439071414,11291#5,,shelter_5,菅生小学校,928#4,0,2.3
veh_full_origin_0039_0001,private_car,origin_0039,5439071424,1193#7,,shelter_5,菅生小学校,928#4,0,2.3
veh_full_origin_0039_0002,private_car,origin_0039,5439071424,1193#7,,shelter_5,菅生小学校,928#4,0,2.3
veh_full_origin_0039_0003,private_car,origin_0039,5439071424,1193#7,,shelter_5,菅生小学校,928#4,0,2.3
veh_full_origin_0040_0001,private_car,origin_0040,5439071433,1253#0,,shelter_5,菅生小学校,928#4,0,2.3
veh_full_origin_0040_0002,private_car,origin_0040,5439071433,1253#0,,shelter_5,菅生小学校,928#4,0,2.3
veh_full_origin_0040_0003,private_car,origin_0040,5439071433,1253#0,,shelter_5,菅生小学校,928#4,0,2.3
veh_full_origin_0040_0004,private_car,origin_0040,5439071433,1253#0,,shelter_5,菅生小学校,928#4,0,2.3
veh_full_origin_0040_0005,private_car,origin_0040,5439071433,1253#0,,shelter_5,菅生小学校,928#4,0,2.3
veh_full_origin_0040_0006,private_car,origin_0040,5439071433,1253#0,,shelter_5,菅生小学校,928#4,0,2.3
veh_full_origin_0041_0001,private_car,origin_0041,5439071434,1312,,shelter_5,菅生小学校,928#4,0,2.3
veh_full_origin_0041_0002,private_car,origin_0041,5439071434,1312,,shelter_5,菅生小学校,928#4,0,2.3
veh_full_origin_0041_0003,private_car,origin_0041,5439071434,1312,,shelter_5,菅生小学校,928#4,0,2.3
veh_full_origin_0041_0004,private_car,origin_0041,5439071434,1312,,shelter_5,菅生小学校,928#4,0,2.3
veh_full_origin_0041_0005,private_car,origin_0041,5439071434,1312,,shelter_5,菅生小学校,928#4,0,2.3
veh_full_origin_0041_0006,private_car,origin_0041,5439071434,1312,,shelter_5,菅生小学校,928#4,0,2.3
veh_full_origin_0041_0007,private_car,origin_0041,5439071434,1312,,shelter_5,菅生小学校,928#4,0,2.3
veh_full_origin_0041_0008,private_car,origin_0041,5439071434,1312,,shelter_5,菅生小学校,928#4,0,2.3
veh_full_origin_0041_0009,private_car,origin_0041,5439071434,1312,,shelter_5,菅生小学校,928#4,0,2.3
veh_full_origin_0041_0010,private_car,origin_0041,5439071434,1312,,shelter_5,菅生小学校,928#4,0,2.3
veh_full_origin_0041_0011,private_car,origin_0041,5439071434,1312,,shelter_5,菅生小学校,928#4,0,2.3
veh_full_origin_0041_0012,private_car,origin_0041,5439071434,1312,,shelter_5,菅生小学校,928#4,0,2.3
veh_full_origin_0041_0013,private_car,origin_0041,5439071434,1312,,shelter_5,菅生小学校,928#4,0,2.3
veh_full_origin_0041_0014,private_car,origin_0041,5439071434,1312,,shelter_5,菅生小学校,928#4,0,2.3
veh_full_origin_0041_0015,private_car,origin_0041,5439071434,1312,,shelter_5,菅生小学校,928#4,0,2.3
veh_full_origin_0041_0016,private_car,origin_0041,5439071434,1312,,shelter_5,菅生小学校,928#4,0,2.3
veh_full_origin_0041_0017,private_car,origin_0041,5439071434,1312,,shelter_5,菅生小学校,928#4,0,2.3
veh_full_origin_0041_0018,private_car,origin_0041,5439071434,1312,,shelter_5,菅生小学校,928#4,0,2.3
veh_full_origin_0041_0019,private_car,origin_0041,5439071434,1312,,shelter_5,菅生小学校,928#4,0,2.3
veh_full_origin_0041_0020,private_car,origin_0041,5439071434,1312,,shelter_5,菅生小学校,928#4,0,2.3
veh_full_origin_0041_0021,private_car,origin_0041,5439071434,1312,,shelter_5,菅生小学校,928#4,0,2.3
veh_full_origin_0041_0022,private_car,origin_0041,5439071434,1312,,shelter_5,菅生小学校,928#4,0,2.3
veh_full_origin_0041_0023,private_car,origin_0041,5439071434,1312,,shelter_5,菅生小学校,928#4,0,2.3
veh_full_origin_0041_0024,private_car,origin_0041,5439071434,1312,,shelter_5,菅生小学校,928#4,0,2.3
veh_full_origin_0041_0025,private_car,origin_0041,5439071434,1312,,shelter_5,菅生小学校,928#4,0,2.3
veh_full_origin_0041_0026,private_car,origin_0041,5439071434,1312,,shelter_5,菅生小学校,928#4,0,2.3
veh_full_origin_0041_0027,private_car,origin_0041,5439071434,1312,,shelter_5,菅生小学校,928#4,0,2.3
veh_full_origin_0041_0028,private_car,origin_0041,5439071434,1312,,shelter_5,菅生小学校,928#4,0,2.3
veh_full_origin_0041_0029,private_car,origin_0041,5439071434,1312,,shelter_5,菅生小学校,928#4,0,2.3
veh_full_origin_0041_0030,private_car,origin_0041,5439071434,1312,,shelter_5,菅生小学校,928#4,0,2.3
veh_full_origin_0041_0031,private_car,origin_0041,5439071434,1312,,shelter_5,菅生小学校,928#4,0,2.3
veh_full_origin_0041_0032,private_car,origin_0041,5439071434,1312,,shelter_5,菅生小学校,928#4,0,2.3
veh_full_origin_0041_0033,private_car,origin_0041,5439071434,1312,,shelter_5,菅生小学校,928#4,0,2.3
veh_full_origin_0041_0034,private_car,origin_0041,5439071434,1312,,shelter_5,菅生小学校,928#4,0,2.3
veh_full_origin_0041_0035,private_car,origin_0041,5439071434,1312,,shelter_5,菅生小学校,928#4,0,2.3
veh_full_origin_0041_0036,private_car,origin_0041,5439071434,1312,,shelter_5,菅生小学校,928#4,0,2.3
veh_full_origin_0041_0037,private_car,origin_0041,5439071434,1312,,shelter_5,菅生小学校,928#4,0,2.3
veh_full_origin_0041_0038,private_car,origin_0041,5439071434,1312,,shelter_5,菅生小学校,928#4,0,2.3
veh_full_origin_0041_0039,private_car,origin_0041,5439071434,1312,,shelter_5,菅生小学校,928#4,0,2.3
veh_full_origin_0042_0001,private_car,origin_0042,5439071442,1317#1,,shelter_5,菅生小学校,928#4,0,2.3
veh_full_origin_0042_0002,private_car,origin_0042,5439071442,1317#1,,shelter_5,菅生小学校,928#4,0,2.3
veh_full_origin_0042_0003,private_car,origin_0042,5439071442,1317#1,,shelter_5,菅生小学校,928#4,0,2.3
veh_full_origin_0042_0004,private_car,origin_0042,5439071442,1317#1,,shelter_5,菅生小学校,928#4,0,2.3
veh_full_origin_0043_0001,private_car,origin_0043,5439071443,12327#10,,shelter_5,菅生小学校,928#4,0,2.3
veh_full_origin_0043_0002,private_car,origin_0043,5439071443,12327#10,,shelter_5,菅生小学校,928#4,0,2.3
veh_full_origin_0043_0003,private_car,origin_0043,5439071443,12327#10,,shelter_5,菅生小学校,928#4,0,2.3
veh_full_origin_0043_0004,private_car,origin_0043,5439071443,12327#10,,shelter_5,菅生小学校,928#4,0,2.3
veh_full_origin_0043_0005,private_car,origin_0043,5439071443,12327#10,,shelter_5,菅生小学校,928#4,0,2.3
veh_full_origin_0043_0006,private_car,origin_0043,5439071443,12327#10,,shelter_5,菅生小学校,928#4,0,2.3
veh_full_origin_0043_0007,private_car,origin_0043,5439071443,12327#10,,shelter_5,菅生小学校,928#4,0,2.3
veh_full_origin_0043_0008,private_car,origin_0043,5439071443,12327#10,,shelter_5,菅生小学校,928#4,0,2.3
veh_full_origin_0043_0009,private_car,origin_0043,5439071443,12327#10,,shelter_5,菅生小学校,928#4,0,2.3
veh_full_origin_0044_0001,private_car,origin_0044,5439071511,1192#16,,shelter_5,菅生小学校,928#4,0,2.3
veh_full_origin_0044_0002,private_car,origin_0044,5439071511,1192#16,,shelter_5,菅生小学校,928#4,0,2.3
veh_full_origin_0044_0003,private_car,origin_0044,5439071511,1192#16,,shelter_5,菅生小学校,928#4,0,2.3
veh_full_origin_0044_0004,private_car,origin_0044,5439071511,1192#16,,shelter_5,菅生小学校,928#4,0,2.3
veh_full_origin_0044_0005,private_car,origin_0044,5439071511,1192#16,,shelter_5,菅生小学校,928#4,0,2.3
veh_full_origin_0044_0006,private_car,origin_0044,5439071511,1192#16,,shelter_5,菅生小学校,928#4,0,2.3
veh_full_origin_0045_0001,private_car,origin_0045,5439071624,9666#5,,shelter_1,絹西小学校,1072#20,0,2.3
veh_full_origin_0045_0002,private_car,origin_0045,5439071624,9666#5,,shelter_1,絹西小学校,1072#20,0,2.3
veh_full_origin_0045_0003,private_car,origin_0045,5439071624,9666#5,,shelter_1,絹西小学校,1072#20,0,2.3
veh_full_origin_0045_0004,private_car,origin_0045,5439071624,9666#5,,shelter_1,絹西小学校,1072#20,0,2.3
veh_full_origin_0045_0005,private_car,origin_0045,5439071624,9666#5,,shelter_1,絹西小学校,1072#20,0,2.3
veh_full_origin_0045_0006,private_car,origin_0045,5439071624,9666#5,,shelter_1,絹西小学校,1072#20,0,2.3
veh_full_origin_0045_0007,private_car,origin_0045,5439071624,9666#5,,shelter_1,絹西小学校,1072#20,0,2.3
veh_full_origin_0045_0008,private_car,origin_0045,5439071624,9666#5,,shelter_1,絹西小学校,1072#20,0,2.3
veh_full_origin_0045_0009,private_car,origin_0045,5439071624,9666#5,,shelter_1,絹西小学校,1072#20,0,2.3
veh_full_origin_0045_0010,private_car,origin_0045,5439071624,9666#5,,shelter_1,絹西小学校,1072#20,0,2.3
veh_full_origin_0045_0011,private_car,origin_0045,5439071624,9666#5,,shelter_1,絹西小学校,1072#20,0,2.3
veh_full_origin_0045_0012,private_car,origin_0045,5439071624,9666#5,,shelter_1,絹西小学校,1072#20,0,2.3
veh_full_origin_0045_0013,private_car,origin_0045,5439071624,9666#5,,shelter_1,絹西小学校,1072#20,0,2.3
veh_full_origin_0045_0014,private_car,origin_0045,5439071624,9666#5,,shelter_1,絹西小学校,1072#20,0,2.3
veh_full_origin_0045_0015,private_car,origin_0045,5439071624,9666#5,,shelter_1,絹西小学校,1072#20,0,2.3
veh_full_origin_0045_0016,private_car,origin_0045,5439071624,9666#5,,shelter_1,絹西小学校,1072#20,0,2.3
veh_full_origin_0045_0017,private_car,origin_0045,5439071624,9666#5,,shelter_1,絹西小学校,1072#20,0,2.3
veh_full_origin_0045_0018,private_car,origin_0045,5439071624,9666#5,,shelter_1,絹西小学校,1072#20,0,2.3
veh_full_origin_0045_0019,private_car,origin_0045,5439071624,9666#5,,shelter_1,絹西小学校,1072#20,0,2.3
veh_full_origin_0045_0020,private_car,origin_0045,5439071624,9666#5,,shelter_1,絹西小学校,1072#20,0,2.3
veh_full_origin_0045_0021,private_car,origin_0045,5439071624,9666#5,,shelter_1,絹西小学校,1072#20,0,2.3
veh_full_origin_0045_0022,private_car,origin_0045,5439071624,9666#5,,shelter_1,絹西小学校,1072#20,0,2.3
veh_full_origin_0045_0023,private_car,origin_0045,5439071624,9666#5,,shelter_1,絹西小学校,1072#20,0,2.3
veh_full_origin_0045_0024,private_car,origin_0045,5439071624,9666#5,,shelter_1,絹西小学校,1072#20,0,2.3
veh_full_origin_0045_0025,private_car,origin_0045,5439071624,9666#5,,shelter_1,絹西小学校,1072#20,0,2.3
veh_full_origin_0046_0001,private_car,origin_0046,5439071644,10621#0,,shelter_1,絹西小学校,1072#20,0,2.3
veh_full_origin_0046_0002,private_car,origin_0046,5439071644,10621#0,,shelter_1,絹西小学校,1072#20,0,2.3
veh_full_origin_0046_0003,private_car,origin_0046,5439071644,10621#0,,shelter_1,絹西小学校,1072#20,0,2.3
veh_full_origin_0046_0004,private_car,origin_0046,5439071644,10621#0,,shelter_1,絹西小学校,1072#20,0,2.3
veh_full_origin_0046_0005,private_car,origin_0046,5439071644,10621#0,,shelter_1,絹西小学校,1072#20,0,2.3
veh_full_origin_0046_0006,private_car,origin_0046,5439071644,10621#0,,shelter_1,絹西小学校,1072#20,0,2.3
veh_full_origin_0047_0001,private_car,origin_0047,5439071721,10563#10,,shelter_1,絹西小学校,1072#20,0,2.3
veh_full_origin_0047_0002,private_car,origin_0047,5439071721,10563#10,,shelter_1,絹西小学校,1072#20,0,2.3
veh_full_origin_0047_0003,private_car,origin_0047,5439071721,10563#10,,shelter_1,絹西小学校,1072#20,0,2.3
veh_full_origin_0047_0004,private_car,origin_0047,5439071721,10563#10,,shelter_1,絹西小学校,1072#20,0,2.3
veh_full_origin_0047_0005,private_car,origin_0047,5439071721,10563#10,,shelter_1,絹西小学校,1072#20,0,2.3
veh_full_origin_0047_0006,private_car,origin_0047,5439071721,10563#10,,shelter_1,絹西小学校,1072#20,0,2.3
veh_full_origin_0047_0007,private_car,origin_0047,5439071721,10563#10,,shelter_1,絹西小学校,1072#20,0,2.3
veh_full_origin_0047_0008,private_car,origin_0047,5439071721,10563#10,,shelter_1,絹西小学校,1072#20,0,2.3
veh_full_origin_0047_0009,private_car,origin_0047,5439071721,10563#10,,shelter_1,絹西小学校,1072#20,0,2.3
veh_full_origin_0047_0010,private_car,origin_0047,5439071721,10563#10,,shelter_1,絹西小学校,1072#20,0,2.3
veh_full_origin_0047_0011,private_car,origin_0047,5439071721,10563#10,,shelter_1,絹西小学校,1072#20,0,2.3
veh_full_origin_0047_0012,private_car,origin_0047,5439071721,10563#10,,shelter_1,絹西小学校,1072#20,0,2.3
veh_full_origin_0047_0013,private_car,origin_0047,5439071721,10563#10,,shelter_1,絹西小学校,1072#20,0,2.3
veh_full_origin_0047_0014,private_car,origin_0047,5439071721,10563#10,,shelter_1,絹西小学校,1072#20,0,2.3
veh_full_origin_0047_0015,private_car,origin_0047,5439071721,10563#10,,shelter_1,絹西小学校,1072#20,0,2.3
veh_full_origin_0048_0001,private_car,origin_0048,5439071722,9688#11,,shelter_4,水海道小学校,6656#8,0,2.3
veh_full_origin_0048_0002,private_car,origin_0048,5439071722,9688#11,,shelter_4,水海道小学校,6656#8,0,2.3
veh_full_origin_0048_0003,private_car,origin_0048,5439071722,9688#11,,shelter_4,水海道小学校,6656#8,0,2.3
veh_full_origin_0048_0004,private_car,origin_0048,5439071722,9688#11,,shelter_4,水海道小学校,6656#8,0,2.3
veh_full_origin_0048_0005,private_car,origin_0048,5439071722,9688#11,,shelter_4,水海道小学校,6656#8,0,2.3
veh_full_origin_0048_0006,private_car,origin_0048,5439071722,9688#11,,shelter_4,水海道小学校,6656#8,0,2.3
veh_full_origin_0049_0001,private_car,origin_0049,5439071731,10586#0,,shelter_4,水海道小学校,6656#8,0,2.3
veh_full_origin_0049_0002,private_car,origin_0049,5439071731,10586#0,,shelter_4,水海道小学校,6656#8,0,2.3
veh_full_origin_0049_0003,private_car,origin_0049,5439071731,10586#0,,shelter_4,水海道小学校,6656#8,0,2.3
veh_full_origin_0049_0004,private_car,origin_0049,5439071731,10586#0,,shelter_4,水海道小学校,6656#8,0,2.3
veh_full_origin_0049_0005,private_car,origin_0049,5439071731,10586#0,,shelter_4,水海道小学校,6656#8,0,2.3
veh_full_origin_0049_0006,private_car,origin_0049,5439071731,10586#0,,shelter_4,水海道小学校,6656#8,0,2.3
veh_full_origin_0049_0007,private_car,origin_0049,5439071731,10586#0,,shelter_4,水海道小学校,6656#8,0,2.3
veh_full_origin_0049_0008,private_car,origin_0049,5439071731,10586#0,,shelter_4,水海道小学校,6656#8,0,2.3
veh_full_origin_0049_0009,private_car,origin_0049,5439071731,10586#0,,shelter_4,水海道小学校,6656#8,0,2.3
veh_full_origin_0049_0010,private_car,origin_0049,5439071731,10586#0,,shelter_4,水海道小学校,6656#8,0,2.3
veh_full_origin_0049_0011,private_car,origin_0049,5439071731,10586#0,,shelter_4,水海道小学校,6656#8,0,2.3
veh_full_origin_0049_0012,private_car,origin_0049,5439071731,10586#0,,shelter_4,水海道小学校,6656#8,0,2.3
veh_full_origin_0049_0013,private_car,origin_0049,5439071731,10586#0,,shelter_4,水海道小学校,6656#8,0,2.3
veh_full_origin_0049_0014,private_car,origin_0049,5439071731,10586#0,,shelter_4,水海道小学校,6656#8,0,2.3
veh_full_origin_0049_0015,private_car,origin_0049,5439071731,10586#0,,shelter_4,水海道小学校,6656#8,0,2.3
veh_full_origin_0049_0016,private_car,origin_0049,5439071731,10586#0,,shelter_4,水海道小学校,6656#8,0,2.3
veh_full_origin_0049_0017,private_car,origin_0049,5439071731,10586#0,,shelter_4,水海道小学校,6656#8,0,2.3
veh_full_origin_0049_0018,private_car,origin_0049,5439071731,10586#0,,shelter_4,水海道小学校,6656#8,0,2.3
veh_full_origin_0049_0019,private_car,origin_0049,5439071731,10586#0,,shelter_4,水海道小学校,6656#8,0,2.3
veh_full_origin_0049_0020,private_car,origin_0049,5439071731,10586#0,,shelter_4,水海道小学校,6656#8,0,2.3
veh_full_origin_0049_0021,private_car,origin_0049,5439071731,10586#0,,shelter_4,水海道小学校,6656#8,0,2.3
veh_full_origin_0049_0022,private_car,origin_0049,5439071731,10586#0,,shelter_4,水海道小学校,6656#8,0,2.3
veh_full_origin_0050_0001,private_car,origin_0050,5439071732,9765,,shelter_4,水海道小学校,6656#8,0,2.3
veh_full_origin_0050_0002,private_car,origin_0050,5439071732,9765,,shelter_4,水海道小学校,6656#8,0,2.3
veh_full_origin_0050_0003,private_car,origin_0050,5439071732,9765,,shelter_4,水海道小学校,6656#8,0,2.3
veh_full_origin_0050_0004,private_car,origin_0050,5439071732,9765,,shelter_4,水海道小学校,6656#8,0,2.3
veh_full_origin_0050_0005,private_car,origin_0050,5439071732,9765,,shelter_4,水海道小学校,6656#8,0,2.3
veh_full_origin_0050_0006,private_car,origin_0050,5439071732,9765,,shelter_4,水海道小学校,6656#8,0,2.3
veh_full_origin_0050_0007,private_car,origin_0050,5439071732,9765,,shelter_4,水海道小学校,6656#8,0,2.3
veh_full_origin_0051_0001,private_car,origin_0051,5439071741,9784#0,,shelter_4,水海道小学校,6656#8,0,2.3
veh_full_origin_0051_0002,private_car,origin_0051,5439071741,9784#0,,shelter_4,水海道小学校,6656#8,0,2.3
veh_full_origin_0051_0003,private_car,origin_0051,5439071741,9784#0,,shelter_4,水海道小学校,6656#8,0,2.3
veh_full_origin_0051_0004,private_car,origin_0051,5439071741,9784#0,,shelter_4,水海道小学校,6656#8,0,2.3
veh_full_origin_0051_0005,private_car,origin_0051,5439071741,9784#0,,shelter_4,水海道小学校,6656#8,0,2.3
veh_full_origin_0051_0006,private_car,origin_0051,5439071741,9784#0,,shelter_4,水海道小学校,6656#8,0,2.3
veh_full_origin_0051_0007,private_car,origin_0051,5439071741,9784#0,,shelter_4,水海道小学校,6656#8,0,2.3
veh_full_origin_0051_0008,private_car,origin_0051,5439071741,9784#0,,shelter_4,水海道小学校,6656#8,0,2.3
veh_full_origin_0051_0009,private_car,origin_0051,5439071741,9784#0,,shelter_4,水海道小学校,6656#8,0,2.3
veh_full_origin_0051_0010,private_car,origin_0051,5439071741,9784#0,,shelter_4,水海道小学校,6656#8,0,2.3
veh_full_origin_0051_0011,private_car,origin_0051,5439071741,9784#0,,shelter_4,水海道小学校,6656#8,0,2.3
veh_full_origin_0051_0012,private_car,origin_0051,5439071741,9784#0,,shelter_4,水海道小学校,6656#8,0,2.3
veh_full_origin_0051_0013,private_car,origin_0051,5439071741,9784#0,,shelter_4,水海道小学校,6656#8,0,2.3
veh_full_origin_0051_0014,private_car,origin_0051,5439071741,9784#0,,shelter_4,水海道小学校,6656#8,0,2.3
veh_full_origin_0051_0015,private_car,origin_0051,5439071741,9784#0,,shelter_4,水海道小学校,6656#8,0,2.3
veh_full_origin_0051_0016,private_car,origin_0051,5439071741,9784#0,,shelter_4,水海道小学校,6656#8,0,2.3
veh_full_origin_0051_0017,private_car,origin_0051,5439071741,9784#0,,shelter_4,水海道小学校,6656#8,0,2.3
veh_full_origin_0051_0018,private_car,origin_0051,5439071741,9784#0,,shelter_4,水海道小学校,6656#8,0,2.3
veh_full_origin_0051_0019,private_car,origin_0051,5439071741,9784#0,,shelter_4,水海道小学校,6656#8,0,2.3
veh_full_origin_0051_0020,private_car,origin_0051,5439071741,9784#0,,shelter_4,水海道小学校,6656#8,0,2.3
veh_full_origin_0051_0021,private_car,origin_0051,5439071741,9784#0,,shelter_4,水海道小学校,6656#8,0,2.3
veh_full_origin_0051_0022,private_car,origin_0051,5439071741,9784#0,,shelter_4,水海道小学校,6656#8,0,2.3
veh_full_origin_0051_0023,private_car,origin_0051,5439071741,9784#0,,shelter_4,水海道小学校,6656#8,0,2.3
veh_full_origin_0051_0024,private_car,origin_0051,5439071741,9784#0,,shelter_4,水海道小学校,6656#8,0,2.3
veh_full_origin_0051_0025,private_car,origin_0051,5439071741,9784#0,,shelter_4,水海道小学校,6656#8,0,2.3
veh_full_origin_0051_0026,private_car,origin_0051,5439071741,9784#0,,shelter_4,水海道小学校,6656#8,0,2.3
veh_full_origin_0051_0027,private_car,origin_0051,5439071741,9784#0,,shelter_4,水海道小学校,6656#8,0,2.3
veh_full_origin_0051_0028,private_car,origin_0051,5439071741,9784#0,,shelter_4,水海道小学校,6656#8,0,2.3
veh_full_origin_0051_0029,private_car,origin_0051,5439071741,9784#0,,shelter_4,水海道小学校,6656#8,0,2.3
veh_full_origin_0051_0030,private_car,origin_0051,5439071741,9784#0,,shelter_4,水海道小学校,6656#8,0,2.3
veh_full_origin_0052_0001,private_car,origin_0052,5439071742,9785#1,,shelter_4,水海道小学校,6656#8,0,2.3
veh_full_origin_0052_0002,private_car,origin_0052,5439071742,9785#1,,shelter_4,水海道小学校,6656#8,0,2.3
veh_full_origin_0052_0003,private_car,origin_0052,5439071742,9785#1,,shelter_4,水海道小学校,6656#8,0,2.3
veh_full_origin_0052_0004,private_car,origin_0052,5439071742,9785#1,,shelter_4,水海道小学校,6656#8,0,2.3
veh_full_origin_0052_0005,private_car,origin_0052,5439071742,9785#1,,shelter_4,水海道小学校,6656#8,0,2.3
veh_full_origin_0052_0006,private_car,origin_0052,5439071742,9785#1,,shelter_4,水海道小学校,6656#8,0,2.3
veh_full_origin_0052_0007,private_car,origin_0052,5439071742,9785#1,,shelter_4,水海道小学校,6656#8,0,2.3
veh_full_origin_0052_0008,private_car,origin_0052,5439071742,9785#1,,shelter_4,水海道小学校,6656#8,0,2.3
veh_full_origin_0052_0009,private_car,origin_0052,5439071742,9785#1,,shelter_4,水海道小学校,6656#8,0,2.3
veh_full_origin_0052_0010,private_car,origin_0052,5439071742,9785#1,,shelter_4,水海道小学校,6656#8,0,2.3
veh_full_origin_0052_0011,private_car,origin_0052,5439071742,9785#1,,shelter_4,水海道小学校,6656#8,0,2.3
veh_full_origin_0053_0001,private_car,origin_0053,5439071743,9776#1,,shelter_4,水海道小学校,6656#8,0,2.3
veh_full_origin_0053_0002,private_car,origin_0053,5439071743,9776#1,,shelter_4,水海道小学校,6656#8,0,2.3
veh_full_origin_0053_0003,private_car,origin_0053,5439071743,9776#1,,shelter_4,水海道小学校,6656#8,0,2.3
veh_full_origin_0053_0004,private_car,origin_0053,5439071743,9776#1,,shelter_4,水海道小学校,6656#8,0,2.3
veh_full_origin_0053_0005,private_car,origin_0053,5439071743,9776#1,,shelter_4,水海道小学校,6656#8,0,2.3
veh_full_origin_0053_0006,private_car,origin_0053,5439071743,9776#1,,shelter_4,水海道小学校,6656#8,0,2.3
veh_full_origin_0053_0007,private_car,origin_0053,5439071743,9776#1,,shelter_4,水海道小学校,6656#8,0,2.3
veh_full_origin_0053_0008,private_car,origin_0053,5439071743,9776#1,,shelter_4,水海道小学校,6656#8,0,2.3
veh_full_origin_0053_0009,private_car,origin_0053,5439071743,9776#1,,shelter_4,水海道小学校,6656#8,0,2.3
veh_full_origin_0053_0010,private_car,origin_0053,5439071743,9776#1,,shelter_4,水海道小学校,6656#8,0,2.3
veh_full_origin_0053_0011,private_car,origin_0053,5439071743,9776#1,,shelter_4,水海道小学校,6656#8,0,2.3
veh_full_origin_0053_0012,private_car,origin_0053,5439071743,9776#1,,shelter_4,水海道小学校,6656#8,0,2.3
veh_full_origin_0053_0013,private_car,origin_0053,5439071743,9776#1,,shelter_4,水海道小学校,6656#8,0,2.3
veh_full_origin_0053_0014,private_car,origin_0053,5439071743,9776#1,,shelter_4,水海道小学校,6656#8,0,2.3
veh_full_origin_0053_0015,private_car,origin_0053,5439071743,9776#1,,shelter_4,水海道小学校,6656#8,0,2.3
veh_full_origin_0053_0016,private_car,origin_0053,5439071743,9776#1,,shelter_4,水海道小学校,6656#8,0,2.3
veh_full_origin_0053_0017,private_car,origin_0053,5439071743,9776#1,,shelter_4,水海道小学校,6656#8,0,2.3
veh_full_origin_0053_0018,private_car,origin_0053,5439071743,9776#1,,shelter_4,水海道小学校,6656#8,0,2.3
veh_full_origin_0053_0019,private_car,origin_0053,5439071743,9776#1,,shelter_4,水海道小学校,6656#8,0,2.3
veh_full_origin_0053_0020,private_car,origin_0053,5439071743,9776#1,,shelter_4,水海道小学校,6656#8,0,2.3
veh_full_origin_0053_0021,private_car,origin_0053,5439071743,9776#1,,shelter_4,水海道小学校,6656#8,0,2.3
veh_full_origin_0054_0001,private_car,origin_0054,5439071812,8771#1,,shelter_4,水海道小学校,6656#8,0,2.3
veh_full_origin_0054_0002,private_car,origin_0054,5439071812,8771#1,,shelter_4,水海道小学校,6656#8,0,2.3
veh_full_origin_0054_0003,private_car,origin_0054,5439071812,8771#1,,shelter_4,水海道小学校,6656#8,0,2.3
veh_full_origin_0054_0004,private_car,origin_0054,5439071812,8771#1,,shelter_4,水海道小学校,6656#8,0,2.3
veh_full_origin_0054_0005,private_car,origin_0054,5439071812,8771#1,,shelter_4,水海道小学校,6656#8,0,2.3
veh_full_origin_0054_0006,private_car,origin_0054,5439071812,8771#1,,shelter_4,水海道小学校,6656#8,0,2.3
veh_full_origin_0054_0007,private_car,origin_0054,5439071812,8771#1,,shelter_4,水海道小学校,6656#8,0,2.3
veh_full_origin_0054_0008,private_car,origin_0054,5439071812,8771#1,,shelter_4,水海道小学校,6656#8,0,2.3
veh_full_origin_0054_0009,private_car,origin_0054,5439071812,8771#1,,shelter_4,水海道小学校,6656#8,0,2.3
veh_full_origin_0054_0010,private_car,origin_0054,5439071812,8771#1,,shelter_4,水海道小学校,6656#8,0,2.3
veh_full_origin_0054_0011,private_car,origin_0054,5439071812,8771#1,,shelter_4,水海道小学校,6656#8,0,2.3
veh_full_origin_0054_0012,private_car,origin_0054,5439071812,8771#1,,shelter_4,水海道小学校,6656#8,0,2.3
veh_full_origin_0054_0013,private_car,origin_0054,5439071812,8771#1,,shelter_4,水海道小学校,6656#8,0,2.3
veh_full_origin_0054_0014,private_car,origin_0054,5439071812,8771#1,,shelter_4,水海道小学校,6656#8,0,2.3
veh_full_origin_0054_0015,private_car,origin_0054,5439071812,8771#1,,shelter_4,水海道小学校,6656#8,0,2.3
veh_full_origin_0054_0016,private_car,origin_0054,5439071812,8771#1,,shelter_4,水海道小学校,6656#8,0,2.3
veh_full_origin_0054_0017,private_car,origin_0054,5439071812,8771#1,,shelter_4,水海道小学校,6656#8,0,2.3
veh_full_origin_0054_0018,private_car,origin_0054,5439071812,8771#1,,shelter_4,水海道小学校,6656#8,0,2.3
veh_full_origin_0054_0019,private_car,origin_0054,5439071812,8771#1,,shelter_4,水海道小学校,6656#8,0,2.3
veh_full_origin_0054_0020,private_car,origin_0054,5439071812,8771#1,,shelter_4,水海道小学校,6656#8,0,2.3
veh_full_origin_0054_0021,private_car,origin_0054,5439071812,8771#1,,shelter_4,水海道小学校,6656#8,0,2.3
veh_full_origin_0054_0022,private_car,origin_0054,5439071812,8771#1,,shelter_4,水海道小学校,6656#8,0,2.3
veh_full_origin_0054_0023,private_car,origin_0054,5439071812,8771#1,,shelter_4,水海道小学校,6656#8,0,2.3
veh_full_origin_0054_0024,private_car,origin_0054,5439071812,8771#1,,shelter_4,水海道小学校,6656#8,0,2.3
veh_full_origin_0055_0001,private_car,origin_0055,5439071814,8835,,shelter_4,水海道小学校,6656#8,0,2.3
veh_full_origin_0055_0002,private_car,origin_0055,5439071814,8835,,shelter_4,水海道小学校,6656#8,0,2.3
veh_full_origin_0055_0003,private_car,origin_0055,5439071814,8835,,shelter_4,水海道小学校,6656#8,0,2.3
veh_full_origin_0055_0004,private_car,origin_0055,5439071814,8835,,shelter_4,水海道小学校,6656#8,0,2.3
veh_full_origin_0055_0005,private_car,origin_0055,5439071814,8835,,shelter_4,水海道小学校,6656#8,0,2.3
veh_full_origin_0055_0006,private_car,origin_0055,5439071814,8835,,shelter_4,水海道小学校,6656#8,0,2.3
veh_full_origin_0055_0007,private_car,origin_0055,5439071814,8835,,shelter_4,水海道小学校,6656#8,0,2.3
veh_full_origin_0055_0008,private_car,origin_0055,5439071814,8835,,shelter_4,水海道小学校,6656#8,0,2.3
veh_full_origin_0055_0009,private_car,origin_0055,5439071814,8835,,shelter_4,水海道小学校,6656#8,0,2.3
veh_full_origin_0055_0010,private_car,origin_0055,5439071814,8835,,shelter_4,水海道小学校,6656#8,0,2.3
veh_full_origin_0055_0011,private_car,origin_0055,5439071814,8835,,shelter_4,水海道小学校,6656#8,0,2.3
veh_full_origin_0055_0012,private_car,origin_0055,5439071814,8835,,shelter_4,水海道小学校,6656#8,0,2.3
veh_full_origin_0055_0013,private_car,origin_0055,5439071814,8835,,shelter_4,水海道小学校,6656#8,0,2.3
veh_full_origin_0055_0014,private_car,origin_0055,5439071814,8835,,shelter_4,水海道小学校,6656#8,0,2.3
veh_full_origin_0055_0015,private_car,origin_0055,5439071814,8835,,shelter_4,水海道小学校,6656#8,0,2.3
veh_full_origin_0055_0016,private_car,origin_0055,5439071814,8835,,shelter_4,水海道小学校,6656#8,0,2.3
veh_full_origin_0055_0017,private_car,origin_0055,5439071814,8835,,shelter_4,水海道小学校,6656#8,0,2.3
veh_full_origin_0055_0018,private_car,origin_0055,5439071814,8835,,shelter_4,水海道小学校,6656#8,0,2.3
veh_full_origin_0056_0001,private_car,origin_0056,5439071823,8927,,shelter_4,水海道小学校,6656#8,0,2.3
veh_full_origin_0056_0002,private_car,origin_0056,5439071823,8927,,shelter_4,水海道小学校,6656#8,0,2.3
veh_full_origin_0056_0003,private_car,origin_0056,5439071823,8927,,shelter_4,水海道小学校,6656#8,0,2.3
veh_full_origin_0056_0004,private_car,origin_0056,5439071823,8927,,shelter_4,水海道小学校,6656#8,0,2.3
veh_full_origin_0056_0005,private_car,origin_0056,5439071823,8927,,shelter_4,水海道小学校,6656#8,0,2.3
veh_full_origin_0056_0006,private_car,origin_0056,5439071823,8927,,shelter_4,水海道小学校,6656#8,0,2.3
veh_full_origin_0056_0007,private_car,origin_0056,5439071823,8927,,shelter_4,水海道小学校,6656#8,0,2.3
veh_full_origin_0056_0008,private_car,origin_0056,5439071823,8927,,shelter_4,水海道小学校,6656#8,0,2.3
veh_full_origin_0056_0009,private_car,origin_0056,5439071823,8927,,shelter_4,水海道小学校,6656#8,0,2.3
veh_full_origin_0056_0010,private_car,origin_0056,5439071823,8927,,shelter_4,水海道小学校,6656#8,0,2.3
veh_full_origin_0056_0011,private_car,origin_0056,5439071823,8927,,shelter_4,水海道小学校,6656#8,0,2.3
veh_full_origin_0056_0012,private_car,origin_0056,5439071823,8927,,shelter_4,水海道小学校,6656#8,0,2.3
veh_full_origin_0056_0013,private_car,origin_0056,5439071823,8927,,shelter_4,水海道小学校,6656#8,0,2.3
veh_full_origin_0056_0014,private_car,origin_0056,5439071823,8927,,shelter_4,水海道小学校,6656#8,0,2.3
veh_full_origin_0056_0015,private_car,origin_0056,5439071823,8927,,shelter_4,水海道小学校,6656#8,0,2.3
veh_full_origin_0056_0016,private_car,origin_0056,5439071823,8927,,shelter_4,水海道小学校,6656#8,0,2.3
veh_full_origin_0056_0017,private_car,origin_0056,5439071823,8927,,shelter_4,水海道小学校,6656#8,0,2.3
veh_full_origin_0056_0018,private_car,origin_0056,5439071823,8927,,shelter_4,水海道小学校,6656#8,0,2.3
veh_full_origin_0056_0019,private_car,origin_0056,5439071823,8927,,shelter_4,水海道小学校,6656#8,0,2.3
veh_full_origin_0056_0020,private_car,origin_0056,5439071823,8927,,shelter_4,水海道小学校,6656#8,0,2.3
veh_full_origin_0056_0021,private_car,origin_0056,5439071823,8927,,shelter_4,水海道小学校,6656#8,0,2.3
veh_full_origin_0056_0022,private_car,origin_0056,5439071823,8927,,shelter_4,水海道小学校,6656#8,0,2.3
veh_full_origin_0056_0023,private_car,origin_0056,5439071823,8927,,shelter_4,水海道小学校,6656#8,0,2.3
veh_full_origin_0056_0024,private_car,origin_0056,5439071823,8927,,shelter_4,水海道小学校,6656#8,0,2.3
veh_full_origin_0056_0025,private_car,origin_0056,5439071823,8927,,shelter_4,水海道小学校,6656#8,0,2.3
veh_full_origin_0056_0026,private_car,origin_0056,5439071823,8927,,shelter_4,水海道小学校,6656#8,0,2.3
veh_full_origin_0056_0027,private_car,origin_0056,5439071823,8927,,shelter_4,水海道小学校,6656#8,0,2.3
veh_full_origin_0056_0028,private_car,origin_0056,5439071823,8927,,shelter_4,水海道小学校,6656#8,0,2.3
veh_full_origin_0056_0029,private_car,origin_0056,5439071823,8927,,shelter_4,水海道小学校,6656#8,0,2.3
veh_full_origin_0056_0030,private_car,origin_0056,5439071823,8927,,shelter_4,水海道小学校,6656#8,0,2.3
veh_full_origin_0056_0031,private_car,origin_0056,5439071823,8927,,shelter_4,水海道小学校,6656#8,0,2.3
veh_full_origin_0056_0032,private_car,origin_0056,5439071823,8927,,shelter_4,水海道小学校,6656#8,0,2.3
veh_full_origin_0056_0033,private_car,origin_0056,5439071823,8927,,shelter_4,水海道小学校,6656#8,0,2.3
veh_full_origin_0056_0034,private_car,origin_0056,5439071823,8927,,shelter_4,水海道小学校,6656#8,0,2.3
veh_full_origin_0056_0035,private_car,origin_0056,5439071823,8927,,shelter_4,水海道小学校,6656#8,0,2.3
veh_full_origin_0056_0036,private_car,origin_0056,5439071823,8927,,shelter_4,水海道小学校,6656#8,0,2.3
veh_full_origin_0056_0037,private_car,origin_0056,5439071823,8927,,shelter_4,水海道小学校,6656#8,0,2.3
veh_full_origin_0056_0038,private_car,origin_0056,5439071823,8927,,shelter_4,水海道小学校,6656#8,0,2.3
veh_full_origin_0056_0039,private_car,origin_0056,5439071823,8927,,shelter_4,水海道小学校,6656#8,0,2.3
veh_full_origin_0056_0040,private_car,origin_0056,5439071823,8927,,shelter_4,水海道小学校,6656#8,0,2.3
veh_full_origin_0056_0041,private_car,origin_0056,5439071823,8927,,shelter_4,水海道小学校,6656#8,0,2.3
veh_full_origin_0057_0001,private_car,origin_0057,5439071824,8896#1,,shelter_4,水海道小学校,6656#8,0,2.3
veh_full_origin_0057_0002,private_car,origin_0057,5439071824,8896#1,,shelter_4,水海道小学校,6656#8,0,2.3
veh_full_origin_0057_0003,private_car,origin_0057,5439071824,8896#1,,shelter_4,水海道小学校,6656#8,0,2.3
veh_full_origin_0057_0004,private_car,origin_0057,5439071824,8896#1,,shelter_4,水海道小学校,6656#8,0,2.3
veh_full_origin_0057_0005,private_car,origin_0057,5439071824,8896#1,,shelter_4,水海道小学校,6656#8,0,2.3
veh_full_origin_0057_0006,private_car,origin_0057,5439071824,8896#1,,shelter_4,水海道小学校,6656#8,0,2.3
veh_full_origin_0057_0007,private_car,origin_0057,5439071824,8896#1,,shelter_4,水海道小学校,6656#8,0,2.3
veh_full_origin_0057_0008,private_car,origin_0057,5439071824,8896#1,,shelter_4,水海道小学校,6656#8,0,2.3
veh_full_origin_0057_0009,private_car,origin_0057,5439071824,8896#1,,shelter_4,水海道小学校,6656#8,0,2.3
veh_full_origin_0057_0010,private_car,origin_0057,5439071824,8896#1,,shelter_4,水海道小学校,6656#8,0,2.3
veh_full_origin_0057_0011,private_car,origin_0057,5439071824,8896#1,,shelter_4,水海道小学校,6656#8,0,2.3
veh_full_origin_0057_0012,private_car,origin_0057,5439071824,8896#1,,shelter_4,水海道小学校,6656#8,0,2.3
veh_full_origin_0057_0013,private_car,origin_0057,5439071824,8896#1,,shelter_4,水海道小学校,6656#8,0,2.3
veh_full_origin_0057_0014,private_car,origin_0057,5439071824,8896#1,,shelter_4,水海道小学校,6656#8,0,2.3
veh_full_origin_0057_0015,private_car,origin_0057,5439071824,8896#1,,shelter_4,水海道小学校,6656#8,0,2.3
veh_full_origin_0057_0016,private_car,origin_0057,5439071824,8896#1,,shelter_4,水海道小学校,6656#8,0,2.3
veh_full_origin_0057_0017,private_car,origin_0057,5439071824,8896#1,,shelter_4,水海道小学校,6656#8,0,2.3
veh_full_origin_0057_0018,private_car,origin_0057,5439071824,8896#1,,shelter_4,水海道小学校,6656#8,0,2.3
veh_full_origin_0057_0019,private_car,origin_0057,5439071824,8896#1,,shelter_4,水海道小学校,6656#8,0,2.3
veh_full_origin_0057_0020,private_car,origin_0057,5439071824,8896#1,,shelter_4,水海道小学校,6656#8,0,2.3
veh_full_origin_0057_0021,private_car,origin_0057,5439071824,8896#1,,shelter_4,水海道小学校,6656#8,0,2.3
veh_full_origin_0057_0022,private_car,origin_0057,5439071824,8896#1,,shelter_4,水海道小学校,6656#8,0,2.3
veh_full_origin_0057_0023,private_car,origin_0057,5439071824,8896#1,,shelter_4,水海道小学校,6656#8,0,2.3
veh_full_origin_0057_0024,private_car,origin_0057,5439071824,8896#1,,shelter_4,水海道小学校,6656#8,0,2.3
veh_full_origin_0057_0025,private_car,origin_0057,5439071824,8896#1,,shelter_4,水海道小学校,6656#8,0,2.3
veh_full_origin_0057_0026,private_car,origin_0057,5439071824,8896#1,,shelter_4,水海道小学校,6656#8,0,2.3
veh_full_origin_0057_0027,private_car,origin_0057,5439071824,8896#1,,shelter_4,水海道小学校,6656#8,0,2.3
veh_full_origin_0057_0028,private_car,origin_0057,5439071824,8896#1,,shelter_4,水海道小学校,6656#8,0,2.3
veh_full_origin_0057_0029,private_car,origin_0057,5439071824,8896#1,,shelter_4,水海道小学校,6656#8,0,2.3
veh_full_origin_0057_0030,private_car,origin_0057,5439071824,8896#1,,shelter_4,水海道小学校,6656#8,0,2.3
veh_full_origin_0057_0031,private_car,origin_0057,5439071824,8896#1,,shelter_4,水海道小学校,6656#8,0,2.3
veh_full_origin_0057_0032,private_car,origin_0057,5439071824,8896#1,,shelter_4,水海道小学校,6656#8,0,2.3
veh_full_origin_0057_0033,private_car,origin_0057,5439071824,8896#1,,shelter_4,水海道小学校,6656#8,0,2.3
veh_full_origin_0057_0034,private_car,origin_0057,5439071824,8896#1,,shelter_4,水海道小学校,6656#8,0,2.3
veh_full_origin_0057_0035,private_car,origin_0057,5439071824,8896#1,,shelter_4,水海道小学校,6656#8,0,2.3
veh_full_origin_0057_0036,private_car,origin_0057,5439071824,8896#1,,shelter_4,水海道小学校,6656#8,0,2.3
veh_full_origin_0057_0037,private_car,origin_0057,5439071824,8896#1,,shelter_4,水海道小学校,6656#8,0,2.3
veh_full_origin_0057_0038,private_car,origin_0057,5439071824,8896#1,,shelter_4,水海道小学校,6656#8,0,2.3
veh_full_origin_0057_0039,private_car,origin_0057,5439071824,8896#1,,shelter_4,水海道小学校,6656#8,0,2.3
veh_full_origin_0057_0040,private_car,origin_0057,5439071824,8896#1,,shelter_4,水海道小学校,6656#8,0,2.3
veh_full_origin_0057_0041,private_car,origin_0057,5439071824,8896#1,,shelter_4,水海道小学校,6656#8,0,2.3
veh_full_origin_0057_0042,private_car,origin_0057,5439071824,8896#1,,shelter_4,水海道小学校,6656#8,0,2.3
veh_full_origin_0057_0043,private_car,origin_0057,5439071824,8896#1,,shelter_4,水海道小学校,6656#8,0,2.3
veh_full_origin_0057_0044,private_car,origin_0057,5439071824,8896#1,,shelter_4,水海道小学校,6656#8,0,2.3
veh_full_origin_0057_0045,private_car,origin_0057,5439071824,8896#1,,shelter_4,水海道小学校,6656#8,0,2.3
veh_full_origin_0057_0046,private_car,origin_0057,5439071824,8896#1,,shelter_4,水海道小学校,6656#8,0,2.3
veh_full_origin_0057_0047,private_car,origin_0057,5439071824,8896#1,,shelter_4,水海道小学校,6656#8,0,2.3
veh_full_origin_0057_0048,private_car,origin_0057,5439071824,8896#1,,shelter_4,水海道小学校,6656#8,0,2.3
veh_full_origin_0057_0049,private_car,origin_0057,5439071824,8896#1,,shelter_4,水海道小学校,6656#8,0,2.3
veh_full_origin_0057_0050,private_car,origin_0057,5439071824,8896#1,,shelter_4,水海道小学校,6656#8,0,2.3
veh_full_origin_0057_0051,private_car,origin_0057,5439071824,8896#1,,shelter_4,水海道小学校,6656#8,0,2.3
veh_full_origin_0057_0052,private_car,origin_0057,5439071824,8896#1,,shelter_4,水海道小学校,6656#8,0,2.3
veh_full_origin_0057_0053,private_car,origin_0057,5439071824,8896#1,,shelter_4,水海道小学校,6656#8,0,2.3
veh_full_origin_0057_0054,private_car,origin_0057,5439071824,8896#1,,shelter_4,水海道小学校,6656#8,0,2.3
veh_full_origin_0057_0055,private_car,origin_0057,5439071824,8896#1,,shelter_4,水海道小学校,6656#8,0,2.3
veh_full_origin_0057_0056,private_car,origin_0057,5439071824,8896#1,,shelter_4,水海道小学校,6656#8,0,2.3
veh_full_origin_0057_0057,private_car,origin_0057,5439071824,8896#1,,shelter_4,水海道小学校,6656#8,0,2.3
veh_full_origin_0057_0058,private_car,origin_0057,5439071824,8896#1,,shelter_4,水海道小学校,6656#8,0,2.3
veh_full_origin_0057_0059,private_car,origin_0057,5439071824,8896#1,,shelter_4,水海道小学校,6656#8,0,2.3
veh_full_origin_0057_0060,private_car,origin_0057,5439071824,8896#1,,shelter_4,水海道小学校,6656#8,0,2.3
veh_full_origin_0057_0061,private_car,origin_0057,5439071824,8896#1,,shelter_4,水海道小学校,6656#8,0,2.3
veh_full_origin_0057_0062,private_car,origin_0057,5439071824,8896#1,,shelter_4,水海道小学校,6656#8,0,2.3
veh_full_origin_0057_0063,private_car,origin_0057,5439071824,8896#1,,shelter_4,水海道小学校,6656#8,0,2.3
veh_full_origin_0057_0064,private_car,origin_0057,5439071824,8896#1,,shelter_4,水海道小学校,6656#8,0,2.3
veh_full_origin_0057_0065,private_car,origin_0057,5439071824,8896#1,,shelter_4,水海道小学校,6656#8,0,2.3
veh_full_origin_0057_0066,private_car,origin_0057,5439071824,8896#1,,shelter_4,水海道小学校,6656#8,0,2.3
veh_full_origin_0057_0067,private_car,origin_0057,5439071824,8896#1,,shelter_4,水海道小学校,6656#8,0,2.3
veh_full_origin_0057_0068,private_car,origin_0057,5439071824,8896#1,,shelter_4,水海道小学校,6656#8,0,2.3
veh_full_origin_0057_0069,private_car,origin_0057,5439071824,8896#1,,shelter_4,水海道小学校,6656#8,0,2.3
veh_full_origin_0057_0070,private_car,origin_0057,5439071824,8896#1,,shelter_4,水海道小学校,6656#8,0,2.3
veh_full_origin_0057_0071,private_car,origin_0057,5439071824,8896#1,,shelter_4,水海道小学校,6656#8,0,2.3
veh_full_origin_0057_0072,private_car,origin_0057,5439071824,8896#1,,shelter_4,水海道小学校,6656#8,0,2.3
veh_full_origin_0057_0073,private_car,origin_0057,5439071824,8896#1,,shelter_4,水海道小学校,6656#8,0,2.3
veh_full_origin_0057_0074,private_car,origin_0057,5439071824,8896#1,,shelter_4,水海道小学校,6656#8,0,2.3
veh_full_origin_0057_0075,private_car,origin_0057,5439071824,8896#1,,shelter_4,水海道小学校,6656#8,0,2.3
veh_full_origin_0057_0076,private_car,origin_0057,5439071824,8896#1,,shelter_4,水海道小学校,6656#8,0,2.3
veh_full_origin_0057_0077,private_car,origin_0057,5439071824,8896#1,,shelter_4,水海道小学校,6656#8,0,2.3
veh_full_origin_0057_0078,private_car,origin_0057,5439071824,8896#1,,shelter_4,水海道小学校,6656#8,0,2.3
veh_full_origin_0057_0079,private_car,origin_0057,5439071824,8896#1,,shelter_4,水海道小学校,6656#8,0,2.3
veh_full_origin_0057_0080,private_car,origin_0057,5439071824,8896#1,,shelter_4,水海道小学校,6656#8,0,2.3
veh_full_origin_0057_0081,private_car,origin_0057,5439071824,8896#1,,shelter_4,水海道小学校,6656#8,0,2.3
veh_full_origin_0057_0082,private_car,origin_0057,5439071824,8896#1,,shelter_4,水海道小学校,6656#8,0,2.3
veh_full_origin_0057_0083,private_car,origin_0057,5439071824,8896#1,,shelter_4,水海道小学校,6656#8,0,2.3
veh_full_origin_0057_0084,private_car,origin_0057,5439071824,8896#1,,shelter_4,水海道小学校,6656#8,0,2.3
veh_full_origin_0057_0085,private_car,origin_0057,5439071824,8896#1,,shelter_4,水海道小学校,6656#8,0,2.3
veh_full_origin_0057_0086,private_car,origin_0057,5439071824,8896#1,,shelter_4,水海道小学校,6656#8,0,2.3
veh_full_origin_0057_0087,private_car,origin_0057,5439071824,8896#1,,shelter_4,水海道小学校,6656#8,0,2.3
veh_full_origin_0057_0088,private_car,origin_0057,5439071824,8896#1,,shelter_4,水海道小学校,6656#8,0,2.3
veh_full_origin_0057_0089,private_car,origin_0057,5439071824,8896#1,,shelter_4,水海道小学校,6656#8,0,2.3
veh_full_origin_0057_0090,private_car,origin_0057,5439071824,8896#1,,shelter_4,水海道小学校,6656#8,0,2.3
veh_full_origin_0057_0091,private_car,origin_0057,5439071824,8896#1,,shelter_4,水海道小学校,6656#8,0,2.3
veh_full_origin_0057_0092,private_car,origin_0057,5439071824,8896#1,,shelter_4,水海道小学校,6656#8,0,2.3
veh_full_origin_0057_0093,private_car,origin_0057,5439071824,8896#1,,shelter_4,水海道小学校,6656#8,0,2.3
veh_full_origin_0057_0094,private_car,origin_0057,5439071824,8896#1,,shelter_4,水海道小学校,6656#8,0,2.3
veh_full_origin_0057_0095,private_car,origin_0057,5439071824,8896#1,,shelter_4,水海道小学校,6656#8,0,2.3
veh_full_origin_0057_0096,private_car,origin_0057,5439071824,8896#1,,shelter_4,水海道小学校,6656#8,0,2.3
veh_full_origin_0057_0097,private_car,origin_0057,5439071824,8896#1,,shelter_4,水海道小学校,6656#8,0,2.3
veh_full_origin_0057_0098,private_car,origin_0057,5439071824,8896#1,,shelter_4,水海道小学校,6656#8,0,2.3
veh_full_origin_0057_0099,private_car,origin_0057,5439071824,8896#1,,shelter_4,水海道小学校,6656#8,0,2.3
veh_full_origin_0057_0100,private_car,origin_0057,5439071824,8896#1,,shelter_4,水海道小学校,6656#8,0,2.3
veh_full_origin_0057_0101,private_car,origin_0057,5439071824,8896#1,,shelter_4,水海道小学校,6656#8,0,2.3
veh_full_origin_0057_0102,private_car,origin_0057,5439071824,8896#1,,shelter_4,水海道小学校,6656#8,0,2.3
veh_full_origin_0057_0103,private_car,origin_0057,5439071824,8896#1,,shelter_4,水海道小学校,6656#8,0,2.3
veh_full_origin_0057_0104,private_car,origin_0057,5439071824,8896#1,,shelter_4,水海道小学校,6656#8,0,2.3
veh_full_origin_0057_0105,private_car,origin_0057,5439071824,8896#1,,shelter_4,水海道小学校,6656#8,0,2.3
veh_full_origin_0057_0106,private_car,origin_0057,5439071824,8896#1,,shelter_4,水海道小学校,6656#8,0,2.3
veh_full_origin_0057_0107,private_car,origin_0057,5439071824,8896#1,,shelter_4,水海道小学校,6656#8,0,2.3
veh_full_origin_0057_0108,private_car,origin_0057,5439071824,8896#1,,shelter_4,水海道小学校,6656#8,0,2.3
veh_full_origin_0057_0109,private_car,origin_0057,5439071824,8896#1,,shelter_4,水海道小学校,6656#8,0,2.3
veh_full_origin_0057_0110,private_car,origin_0057,5439071824,8896#1,,shelter_4,水海道小学校,6656#8,0,2.3
veh_full_origin_0057_0111,private_car,origin_0057,5439071824,8896#1,,shelter_4,水海道小学校,6656#8,0,2.3
veh_full_origin_0057_0112,private_car,origin_0057,5439071824,8896#1,,shelter_4,水海道小学校,6656#8,0,2.3
veh_full_origin_0057_0113,private_car,origin_0057,5439071824,8896#1,,shelter_4,水海道小学校,6656#8,0,2.3
veh_full_origin_0057_0114,private_car,origin_0057,5439071824,8896#1,,shelter_4,水海道小学校,6656#8,0,2.3
veh_full_origin_0057_0115,private_car,origin_0057,5439071824,8896#1,,shelter_4,水海道小学校,6656#8,0,2.3
veh_full_origin_0057_0116,private_car,origin_0057,5439071824,8896#1,,shelter_4,水海道小学校,6656#8,0,2.3
veh_full_origin_0057_0117,private_car,origin_0057,5439071824,8896#1,,shelter_4,水海道小学校,6656#8,0,2.3
veh_full_origin_0057_0118,private_car,origin_0057,5439071824,8896#1,,shelter_4,水海道小学校,6656#8,0,2.3
veh_full_origin_0057_0119,private_car,origin_0057,5439071824,8896#1,,shelter_4,水海道小学校,6656#8,0,2.3
veh_full_origin_0057_0120,private_car,origin_0057,5439071824,8896#1,,shelter_4,水海道小学校,6656#8,0,2.3
veh_full_origin_0057_0121,private_car,origin_0057,5439071824,8896#1,,shelter_4,水海道小学校,6656#8,0,2.3
veh_full_origin_0057_0122,private_car,origin_0057,5439071824,8896#1,,shelter_4,水海道小学校,6656#8,0,2.3
veh_full_origin_0057_0123,private_car,origin_0057,5439071824,8896#1,,shelter_4,水海道小学校,6656#8,0,2.3
veh_full_origin_0057_0124,private_car,origin_0057,5439071824,8896#1,,shelter_4,水海道小学校,6656#8,0,2.3
veh_full_origin_0057_0125,private_car,origin_0057,5439071824,8896#1,,shelter_4,水海道小学校,6656#8,0,2.3
veh_full_origin_0057_0126,private_car,origin_0057,5439071824,8896#1,,shelter_4,水海道小学校,6656#8,0,2.3
veh_full_origin_0057_0127,private_car,origin_0057,5439071824,8896#1,,shelter_4,水海道小学校,6656#8,0,2.3
veh_full_origin_0057_0128,private_car,origin_0057,5439071824,8896#1,,shelter_4,水海道小学校,6656#8,0,2.3
veh_full_origin_0057_0129,private_car,origin_0057,5439071824,8896#1,,shelter_4,水海道小学校,6656#8,0,2.3
veh_full_origin_0057_0130,private_car,origin_0057,5439071824,8896#1,,shelter_4,水海道小学校,6656#8,0,2.3
veh_full_origin_0057_0131,private_car,origin_0057,5439071824,8896#1,,shelter_4,水海道小学校,6656#8,0,2.3
veh_full_origin_0057_0132,private_car,origin_0057,5439071824,8896#1,,shelter_4,水海道小学校,6656#8,0,2.3
veh_full_origin_0057_0133,private_car,origin_0057,5439071824,8896#1,,shelter_4,水海道小学校,6656#8,0,2.3
veh_full_origin_0057_0134,private_car,origin_0057,5439071824,8896#1,,shelter_4,水海道小学校,6656#8,0,2.3
veh_full_origin_0057_0135,private_car,origin_0057,5439071824,8896#1,,shelter_4,水海道小学校,6656#8,0,2.3
veh_full_origin_0057_0136,private_car,origin_0057,5439071824,8896#1,,shelter_4,水海道小学校,6656#8,0,2.3
veh_full_origin_0057_0137,private_car,origin_0057,5439071824,8896#1,,shelter_4,水海道小学校,6656#8,0,2.3
veh_full_origin_0057_0138,private_car,origin_0057,5439071824,8896#1,,shelter_4,水海道小学校,6656#8,0,2.3
veh_full_origin_0057_0139,private_car,origin_0057,5439071824,8896#1,,shelter_4,水海道小学校,6656#8,0,2.3
veh_full_origin_0057_0140,private_car,origin_0057,5439071824,8896#1,,shelter_4,水海道小学校,6656#8,0,2.3
veh_full_origin_0057_0141,private_car,origin_0057,5439071824,8896#1,,shelter_4,水海道小学校,6656#8,0,2.3
veh_full_origin_0057_0142,private_car,origin_0057,5439071824,8896#1,,shelter_4,水海道小学校,6656#8,0,2.3
veh_full_origin_0057_0143,private_car,origin_0057,5439071824,8896#1,,shelter_4,水海道小学校,6656#8,0,2.3
veh_full_origin_0057_0144,private_car,origin_0057,5439071824,8896#1,,shelter_4,水海道小学校,6656#8,0,2.3
veh_full_origin_0057_0145,private_car,origin_0057,5439071824,8896#1,,shelter_4,水海道小学校,6656#8,0,2.3
veh_full_origin_0057_0146,private_car,origin_0057,5439071824,8896#1,,shelter_4,水海道小学校,6656#8,0,2.3
veh_full_origin_0057_0147,private_car,origin_0057,5439071824,8896#1,,shelter_4,水海道小学校,6656#8,0,2.3
veh_full_origin_0058_0001,private_car,origin_0058,5439071843,1469#5,,shelter_3,水海道第一高等学校,11531#5,0,2.3
veh_full_origin_0058_0002,private_car,origin_0058,5439071843,1469#5,,shelter_3,水海道第一高等学校,11531#5,0,2.3
veh_full_origin_0058_0003,private_car,origin_0058,5439071843,1469#5,,shelter_3,水海道第一高等学校,11531#5,0,2.3
veh_full_origin_0058_0004,private_car,origin_0058,5439071843,1469#5,,shelter_3,水海道第一高等学校,11531#5,0,2.3
veh_full_origin_0058_0005,private_car,origin_0058,5439071843,1469#5,,shelter_3,水海道第一高等学校,11531#5,0,2.3
veh_full_origin_0058_0006,private_car,origin_0058,5439071843,1469#5,,shelter_3,水海道第一高等学校,11531#5,0,2.3
veh_full_origin_0058_0007,private_car,origin_0058,5439071843,1469#5,,shelter_3,水海道第一高等学校,11531#5,0,2.3
veh_full_origin_0058_0008,private_car,origin_0058,5439071843,1469#5,,shelter_3,水海道第一高等学校,11531#5,0,2.3
veh_full_origin_0058_0009,private_car,origin_0058,5439071843,1469#5,,shelter_3,水海道第一高等学校,11531#5,0,2.3
veh_full_origin_0058_0010,private_car,origin_0058,5439071843,1469#5,,shelter_3,水海道第一高等学校,11531#5,0,2.3
veh_full_origin_0058_0011,private_car,origin_0058,5439071843,1469#5,,shelter_3,水海道第一高等学校,11531#5,0,2.3
veh_full_origin_0058_0012,private_car,origin_0058,5439071843,1469#5,,shelter_3,水海道第一高等学校,11531#5,0,2.3
veh_full_origin_0058_0013,private_car,origin_0058,5439071843,1469#5,,shelter_3,水海道第一高等学校,11531#5,0,2.3
veh_full_origin_0058_0014,private_car,origin_0058,5439071843,1469#5,,shelter_3,水海道第一高等学校,11531#5,0,2.3
veh_full_origin_0058_0015,private_car,origin_0058,5439071843,1469#5,,shelter_3,水海道第一高等学校,11531#5,0,2.3
veh_full_origin_0058_0016,private_car,origin_0058,5439071843,1469#5,,shelter_3,水海道第一高等学校,11531#5,0,2.3
veh_full_origin_0058_0017,private_car,origin_0058,5439071843,1469#5,,shelter_3,水海道第一高等学校,11531#5,0,2.3
veh_full_origin_0058_0018,private_car,origin_0058,5439071843,1469#5,,shelter_3,水海道第一高等学校,11531#5,0,2.3
veh_full_origin_0058_0019,private_car,origin_0058,5439071843,1469#5,,shelter_3,水海道第一高等学校,11531#5,0,2.3
veh_full_origin_0058_0020,private_car,origin_0058,5439071843,1469#5,,shelter_3,水海道第一高等学校,11531#5,0,2.3
veh_full_origin_0058_0021,private_car,origin_0058,5439071843,1469#5,,shelter_3,水海道第一高等学校,11531#5,0,2.3
veh_full_origin_0058_0022,private_car,origin_0058,5439071843,1469#5,,shelter_3,水海道第一高等学校,11531#5,0,2.3
veh_full_origin_0058_0023,private_car,origin_0058,5439071843,1469#5,,shelter_3,水海道第一高等学校,11531#5,0,2.3
veh_full_origin_0058_0024,private_car,origin_0058,5439071843,1469#5,,shelter_3,水海道第一高等学校,11531#5,0,2.3
veh_full_origin_0058_0025,private_car,origin_0058,5439071843,1469#5,,shelter_3,水海道第一高等学校,11531#5,0,2.3
veh_full_origin_0058_0026,private_car,origin_0058,5439071843,1469#5,,shelter_3,水海道第一高等学校,11531#5,0,2.3
veh_full_origin_0058_0027,private_car,origin_0058,5439071843,1469#5,,shelter_3,水海道第一高等学校,11531#5,0,2.3
veh_full_origin_0058_0028,private_car,origin_0058,5439071843,1469#5,,shelter_3,水海道第一高等学校,11531#5,0,2.3
veh_full_origin_0058_0029,private_car,origin_0058,5439071843,1469#5,,shelter_3,水海道第一高等学校,11531#5,0,2.3
veh_full_origin_0058_0030,private_car,origin_0058,5439071843,1469#5,,shelter_3,水海道第一高等学校,11531#5,0,2.3
veh_full_origin_0058_0031,private_car,origin_0058,5439071843,1469#5,,shelter_3,水海道第一高等学校,11531#5,0,2.3
veh_full_origin_0059_0001,private_car,origin_0059,5439071844,323,,shelter_3,水海道第一高等学校,11531#5,0,2.3
veh_full_origin_0059_0002,private_car,origin_0059,5439071844,323,,shelter_3,水海道第一高等学校,11531#5,0,2.3
veh_full_origin_0059_0003,private_car,origin_0059,5439071844,323,,shelter_3,水海道第一高等学校,11531#5,0,2.3
veh_full_origin_0059_0004,private_car,origin_0059,5439071844,323,,shelter_3,水海道第一高等学校,11531#5,0,2.3
veh_full_origin_0059_0005,private_car,origin_0059,5439071844,323,,shelter_3,水海道第一高等学校,11531#5,0,2.3
veh_full_origin_0059_0006,private_car,origin_0059,5439071844,323,,shelter_3,水海道第一高等学校,11531#5,0,2.3
veh_full_origin_0059_0007,private_car,origin_0059,5439071844,323,,shelter_3,水海道第一高等学校,11531#5,0,2.3
veh_full_origin_0059_0008,private_car,origin_0059,5439071844,323,,shelter_3,水海道第一高等学校,11531#5,0,2.3
veh_full_origin_0059_0009,private_car,origin_0059,5439071844,323,,shelter_3,水海道第一高等学校,11531#5,0,2.3
veh_full_origin_0059_0010,private_car,origin_0059,5439071844,323,,shelter_3,水海道第一高等学校,11531#5,0,2.3
veh_full_origin_0059_0011,private_car,origin_0059,5439071844,323,,shelter_3,水海道第一高等学校,11531#5,0,2.3
veh_full_origin_0059_0012,private_car,origin_0059,5439071844,323,,shelter_3,水海道第一高等学校,11531#5,0,2.3
veh_full_origin_0059_0013,private_car,origin_0059,5439071844,323,,shelter_3,水海道第一高等学校,11531#5,0,2.3
veh_full_origin_0059_0014,private_car,origin_0059,5439071844,323,,shelter_3,水海道第一高等学校,11531#5,0,2.3
veh_full_origin_0059_0015,private_car,origin_0059,5439071844,323,,shelter_3,水海道第一高等学校,11531#5,0,2.3
veh_full_origin_0059_0016,private_car,origin_0059,5439071844,323,,shelter_3,水海道第一高等学校,11531#5,0,2.3
veh_full_origin_0059_0017,private_car,origin_0059,5439071844,323,,shelter_3,水海道第一高等学校,11531#5,0,2.3
veh_full_origin_0059_0018,private_car,origin_0059,5439071844,323,,shelter_3,水海道第一高等学校,11531#5,0,2.3
veh_full_origin_0059_0019,private_car,origin_0059,5439071844,323,,shelter_3,水海道第一高等学校,11531#5,0,2.3
veh_full_origin_0059_0020,private_car,origin_0059,5439071844,323,,shelter_3,水海道第一高等学校,11531#5,0,2.3
veh_full_origin_0059_0021,private_car,origin_0059,5439071844,323,,shelter_3,水海道第一高等学校,11531#5,0,2.3
veh_full_origin_0059_0022,private_car,origin_0059,5439071844,323,,shelter_3,水海道第一高等学校,11531#5,0,2.3
veh_full_origin_0059_0023,private_car,origin_0059,5439071844,323,,shelter_3,水海道第一高等学校,11531#5,0,2.3
veh_full_origin_0059_0024,private_car,origin_0059,5439071844,323,,shelter_3,水海道第一高等学校,11531#5,0,2.3
veh_full_origin_0059_0025,private_car,origin_0059,5439071844,323,,shelter_3,水海道第一高等学校,11531#5,0,2.3
veh_full_origin_0059_0026,private_car,origin_0059,5439071844,323,,shelter_3,水海道第一高等学校,11531#5,0,2.3
veh_full_origin_0059_0027,private_car,origin_0059,5439071844,323,,shelter_3,水海道第一高等学校,11531#5,0,2.3
veh_full_origin_0059_0028,private_car,origin_0059,5439071844,323,,shelter_3,水海道第一高等学校,11531#5,0,2.3
veh_full_origin_0059_0029,private_car,origin_0059,5439071844,323,,shelter_3,水海道第一高等学校,11531#5,0,2.3
veh_full_origin_0059_0030,private_car,origin_0059,5439071844,323,,shelter_3,水海道第一高等学校,11531#5,0,2.3
veh_full_origin_0059_0031,private_car,origin_0059,5439071844,323,,shelter_3,水海道第一高等学校,11531#5,0,2.3
veh_full_origin_0059_0032,private_car,origin_0059,5439071844,323,,shelter_3,水海道第一高等学校,11531#5,0,2.3
veh_full_origin_0059_0033,private_car,origin_0059,5439071844,323,,shelter_3,水海道第一高等学校,11531#5,0,2.3
veh_full_origin_0059_0034,private_car,origin_0059,5439071844,323,,shelter_3,水海道第一高等学校,11531#5,0,2.3
veh_full_origin_0059_0035,private_car,origin_0059,5439071844,323,,shelter_3,水海道第一高等学校,11531#5,0,2.3
veh_full_origin_0059_0036,private_car,origin_0059,5439071844,323,,shelter_3,水海道第一高等学校,11531#5,0,2.3
veh_full_origin_0059_0037,private_car,origin_0059,5439071844,323,,shelter_3,水海道第一高等学校,11531#5,0,2.3
veh_full_origin_0059_0038,private_car,origin_0059,5439071844,323,,shelter_3,水海道第一高等学校,11531#5,0,2.3
veh_full_origin_0059_0039,private_car,origin_0059,5439071844,323,,shelter_3,水海道第一高等学校,11531#5,0,2.3
veh_full_origin_0059_0040,private_car,origin_0059,5439071844,323,,shelter_3,水海道第一高等学校,11531#5,0,2.3
veh_full_origin_0059_0041,private_car,origin_0059,5439071844,323,,shelter_3,水海道第一高等学校,11531#5,0,2.3
veh_full_origin_0059_0042,private_car,origin_0059,5439071844,323,,shelter_3,水海道第一高等学校,11531#5,0,2.3
veh_full_origin_0059_0043,private_car,origin_0059,5439071844,323,,shelter_3,水海道第一高等学校,11531#5,0,2.3
veh_full_origin_0059_0044,private_car,origin_0059,5439071844,323,,shelter_3,水海道第一高等学校,11531#5,0,2.3
veh_full_origin_0059_0045,private_car,origin_0059,5439071844,323,,shelter_3,水海道第一高等学校,11531#5,0,2.3
veh_full_origin_0059_0046,private_car,origin_0059,5439071844,323,,shelter_3,水海道第一高等学校,11531#5,0,2.3
veh_full_origin_0059_0047,private_car,origin_0059,5439071844,323,,shelter_3,水海道第一高等学校,11531#5,0,2.3
veh_full_origin_0059_0048,private_car,origin_0059,5439071844,323,,shelter_3,水海道第一高等学校,11531#5,0,2.3
veh_full_origin_0059_0049,private_car,origin_0059,5439071844,323,,shelter_3,水海道第一高等学校,11531#5,0,2.3
veh_full_origin_0059_0050,private_car,origin_0059,5439071844,323,,shelter_3,水海道第一高等学校,11531#5,0,2.3
veh_full_origin_0059_0051,private_car,origin_0059,5439071844,323,,shelter_3,水海道第一高等学校,11531#5,0,2.3
veh_full_origin_0059_0052,private_car,origin_0059,5439071844,323,,shelter_3,水海道第一高等学校,11531#5,0,2.3
veh_full_origin_0059_0053,private_car,origin_0059,5439071844,323,,shelter_3,水海道第一高等学校,11531#5,0,2.3
veh_full_origin_0059_0054,private_car,origin_0059,5439071844,323,,shelter_3,水海道第一高等学校,11531#5,0,2.3
veh_full_origin_0059_0055,private_car,origin_0059,5439071844,323,,shelter_3,水海道第一高等学校,11531#5,0,2.3
veh_full_origin_0059_0056,private_car,origin_0059,5439071844,323,,shelter_3,水海道第一高等学校,11531#5,0,2.3
veh_full_origin_0059_0057,private_car,origin_0059,5439071844,323,,shelter_3,水海道第一高等学校,11531#5,0,2.3
veh_full_origin_0059_0058,private_car,origin_0059,5439071844,323,,shelter_3,水海道第一高等学校,11531#5,0,2.3
veh_full_origin_0059_0059,private_car,origin_0059,5439071844,323,,shelter_3,水海道第一高等学校,11531#5,0,2.3
veh_full_origin_0059_0060,private_car,origin_0059,5439071844,323,,shelter_3,水海道第一高等学校,11531#5,0,2.3
veh_full_origin_0059_0061,private_car,origin_0059,5439071844,323,,shelter_3,水海道第一高等学校,11531#5,0,2.3
veh_full_origin_0059_0062,private_car,origin_0059,5439071844,323,,shelter_3,水海道第一高等学校,11531#5,0,2.3
veh_full_origin_0059_0063,private_car,origin_0059,5439071844,323,,shelter_3,水海道第一高等学校,11531#5,0,2.3
veh_full_origin_0059_0064,private_car,origin_0059,5439071844,323,,shelter_3,水海道第一高等学校,11531#5,0,2.3
veh_full_origin_0059_0065,private_car,origin_0059,5439071844,323,,shelter_3,水海道第一高等学校,11531#5,0,2.3
veh_full_origin_0059_0066,private_car,origin_0059,5439071844,323,,shelter_3,水海道第一高等学校,11531#5,0,2.3
veh_full_origin_0059_0067,private_car,origin_0059,5439071844,323,,shelter_3,水海道第一高等学校,11531#5,0,2.3
veh_full_origin_0059_0068,private_car,origin_0059,5439071844,323,,shelter_3,水海道第一高等学校,11531#5,0,2.3
veh_full_origin_0059_0069,private_car,origin_0059,5439071844,323,,shelter_3,水海道第一高等学校,11531#5,0,2.3
veh_full_origin_0059_0070,private_car,origin_0059,5439071844,323,,shelter_3,水海道第一高等学校,11531#5,0,2.3
veh_full_origin_0059_0071,private_car,origin_0059,5439071844,323,,shelter_3,水海道第一高等学校,11531#5,0,2.3
veh_full_origin_0059_0072,private_car,origin_0059,5439071844,323,,shelter_3,水海道第一高等学校,11531#5,0,2.3
veh_full_origin_0059_0073,private_car,origin_0059,5439071844,323,,shelter_3,水海道第一高等学校,11531#5,0,2.3
veh_full_origin_0059_0074,private_car,origin_0059,5439071844,323,,shelter_3,水海道第一高等学校,11531#5,0,2.3
veh_full_origin_0059_0075,private_car,origin_0059,5439071844,323,,shelter_3,水海道第一高等学校,11531#5,0,2.3
veh_full_origin_0059_0076,private_car,origin_0059,5439071844,323,,shelter_3,水海道第一高等学校,11531#5,0,2.3
veh_full_origin_0059_0077,private_car,origin_0059,5439071844,323,,shelter_3,水海道第一高等学校,11531#5,0,2.3
veh_full_origin_0059_0078,private_car,origin_0059,5439071844,323,,shelter_3,水海道第一高等学校,11531#5,0,2.3
veh_full_origin_0059_0079,private_car,origin_0059,5439071844,323,,shelter_3,水海道第一高等学校,11531#5,0,2.3
veh_full_origin_0059_0080,private_car,origin_0059,5439071844,323,,shelter_3,水海道第一高等学校,11531#5,0,2.3
veh_full_origin_0059_0081,private_car,origin_0059,5439071844,323,,shelter_3,水海道第一高等学校,11531#5,0,2.3
veh_full_origin_0059_0082,private_car,origin_0059,5439071844,323,,shelter_3,水海道第一高等学校,11531#5,0,2.3
veh_full_origin_0060_0001,private_car,origin_0060,5439071911,9471#4,,shelter_4,水海道小学校,6656#8,0,2.3
veh_full_origin_0060_0002,private_car,origin_0060,5439071911,9471#4,,shelter_4,水海道小学校,6656#8,0,2.3
veh_full_origin_0060_0003,private_car,origin_0060,5439071911,9471#4,,shelter_4,水海道小学校,6656#8,0,2.3
veh_full_origin_0060_0004,private_car,origin_0060,5439071911,9471#4,,shelter_4,水海道小学校,6656#8,0,2.3
veh_full_origin_0061_0001,private_car,origin_0061,5439071931,1462#3,,shelter_3,水海道第一高等学校,11531#5,0,2.3
veh_full_origin_0061_0002,private_car,origin_0061,5439071931,1462#3,,shelter_3,水海道第一高等学校,11531#5,0,2.3
veh_full_origin_0061_0003,private_car,origin_0061,5439071931,1462#3,,shelter_3,水海道第一高等学校,11531#5,0,2.3
veh_full_origin_0061_0004,private_car,origin_0061,5439071931,1462#3,,shelter_3,水海道第一高等学校,11531#5,0,2.3
veh_full_origin_0061_0005,private_car,origin_0061,5439071931,1462#3,,shelter_3,水海道第一高等学校,11531#5,0,2.3
veh_full_origin_0061_0006,private_car,origin_0061,5439071931,1462#3,,shelter_3,水海道第一高等学校,11531#5,0,2.3
veh_full_origin_0061_0007,private_car,origin_0061,5439071931,1462#3,,shelter_3,水海道第一高等学校,11531#5,0,2.3
veh_full_origin_0061_0008,private_car,origin_0061,5439071931,1462#3,,shelter_3,水海道第一高等学校,11531#5,0,2.3
veh_full_origin_0061_0009,private_car,origin_0061,5439071931,1462#3,,shelter_3,水海道第一高等学校,11531#5,0,2.3
veh_full_origin_0061_0010,private_car,origin_0061,5439071931,1462#3,,shelter_3,水海道第一高等学校,11531#5,0,2.3
veh_full_origin_0061_0011,private_car,origin_0061,5439071931,1462#3,,shelter_3,水海道第一高等学校,11531#5,0,2.3
veh_full_origin_0061_0012,private_car,origin_0061,5439071931,1462#3,,shelter_3,水海道第一高等学校,11531#5,0,2.3
veh_full_origin_0061_0013,private_car,origin_0061,5439071931,1462#3,,shelter_3,水海道第一高等学校,11531#5,0,2.3
veh_full_origin_0061_0014,private_car,origin_0061,5439071931,1462#3,,shelter_3,水海道第一高等学校,11531#5,0,2.3
veh_full_origin_0061_0015,private_car,origin_0061,5439071931,1462#3,,shelter_3,水海道第一高等学校,11531#5,0,2.3
veh_full_origin_0061_0016,private_car,origin_0061,5439071931,1462#3,,shelter_3,水海道第一高等学校,11531#5,0,2.3
veh_full_origin_0061_0017,private_car,origin_0061,5439071931,1462#3,,shelter_3,水海道第一高等学校,11531#5,0,2.3
veh_full_origin_0061_0018,private_car,origin_0061,5439071931,1462#3,,shelter_3,水海道第一高等学校,11531#5,0,2.3
veh_full_origin_0061_0019,private_car,origin_0061,5439071931,1462#3,,shelter_3,水海道第一高等学校,11531#5,0,2.3
veh_full_origin_0061_0020,private_car,origin_0061,5439071931,1462#3,,shelter_3,水海道第一高等学校,11531#5,0,2.3
veh_full_origin_0061_0021,private_car,origin_0061,5439071931,1462#3,,shelter_3,水海道第一高等学校,11531#5,0,2.3
veh_full_origin_0061_0022,private_car,origin_0061,5439071931,1462#3,,shelter_3,水海道第一高等学校,11531#5,0,2.3
veh_full_origin_0061_0023,private_car,origin_0061,5439071931,1462#3,,shelter_3,水海道第一高等学校,11531#5,0,2.3
veh_full_origin_0061_0024,private_car,origin_0061,5439071931,1462#3,,shelter_3,水海道第一高等学校,11531#5,0,2.3
veh_full_origin_0061_0025,private_car,origin_0061,5439071931,1462#3,,shelter_3,水海道第一高等学校,11531#5,0,2.3
veh_full_origin_0061_0026,private_car,origin_0061,5439071931,1462#3,,shelter_3,水海道第一高等学校,11531#5,0,2.3
veh_full_origin_0061_0027,private_car,origin_0061,5439071931,1462#3,,shelter_3,水海道第一高等学校,11531#5,0,2.3
veh_full_origin_0061_0028,private_car,origin_0061,5439071931,1462#3,,shelter_3,水海道第一高等学校,11531#5,0,2.3
veh_full_origin_0061_0029,private_car,origin_0061,5439071931,1462#3,,shelter_3,水海道第一高等学校,11531#5,0,2.3
veh_full_origin_0061_0030,private_car,origin_0061,5439071931,1462#3,,shelter_3,水海道第一高等学校,11531#5,0,2.3
veh_full_origin_0061_0031,private_car,origin_0061,5439071931,1462#3,,shelter_3,水海道第一高等学校,11531#5,0,2.3
veh_full_origin_0061_0032,private_car,origin_0061,5439071931,1462#3,,shelter_3,水海道第一高等学校,11531#5,0,2.3
veh_full_origin_0061_0033,private_car,origin_0061,5439071931,1462#3,,shelter_3,水海道第一高等学校,11531#5,0,2.3
veh_full_origin_0061_0034,private_car,origin_0061,5439071931,1462#3,,shelter_3,水海道第一高等学校,11531#5,0,2.3
veh_full_origin_0061_0035,private_car,origin_0061,5439071931,1462#3,,shelter_3,水海道第一高等学校,11531#5,0,2.3
veh_full_origin_0061_0036,private_car,origin_0061,5439071931,1462#3,,shelter_3,水海道第一高等学校,11531#5,0,2.3
veh_full_origin_0061_0037,private_car,origin_0061,5439071931,1462#3,,shelter_3,水海道第一高等学校,11531#5,0,2.3
veh_full_origin_0061_0038,private_car,origin_0061,5439071931,1462#3,,shelter_3,水海道第一高等学校,11531#5,0,2.3
veh_full_origin_0061_0039,private_car,origin_0061,5439071931,1462#3,,shelter_3,水海道第一高等学校,11531#5,0,2.3
veh_full_origin_0061_0040,private_car,origin_0061,5439071931,1462#3,,shelter_3,水海道第一高等学校,11531#5,0,2.3
veh_full_origin_0061_0041,private_car,origin_0061,5439071931,1462#3,,shelter_3,水海道第一高等学校,11531#5,0,2.3
veh_full_origin_0061_0042,private_car,origin_0061,5439071931,1462#3,,shelter_3,水海道第一高等学校,11531#5,0,2.3
veh_full_origin_0061_0043,private_car,origin_0061,5439071931,1462#3,,shelter_3,水海道第一高等学校,11531#5,0,2.3
veh_full_origin_0061_0044,private_car,origin_0061,5439071931,1462#3,,shelter_3,水海道第一高等学校,11531#5,0,2.3
veh_full_origin_0061_0045,private_car,origin_0061,5439071931,1462#3,,shelter_3,水海道第一高等学校,11531#5,0,2.3
veh_full_origin_0061_0046,private_car,origin_0061,5439071931,1462#3,,shelter_3,水海道第一高等学校,11531#5,0,2.3
veh_full_origin_0061_0047,private_car,origin_0061,5439071931,1462#3,,shelter_3,水海道第一高等学校,11531#5,0,2.3
veh_full_origin_0061_0048,private_car,origin_0061,5439071931,1462#3,,shelter_3,水海道第一高等学校,11531#5,0,2.3
veh_full_origin_0061_0049,private_car,origin_0061,5439071931,1462#3,,shelter_3,水海道第一高等学校,11531#5,0,2.3
veh_full_origin_0061_0050,private_car,origin_0061,5439071931,1462#3,,shelter_3,水海道第一高等学校,11531#5,0,2.3
veh_full_origin_0061_0051,private_car,origin_0061,5439071931,1462#3,,shelter_3,水海道第一高等学校,11531#5,0,2.3
veh_full_origin_0061_0052,private_car,origin_0061,5439071931,1462#3,,shelter_3,水海道第一高等学校,11531#5,0,2.3
veh_full_origin_0061_0053,private_car,origin_0061,5439071931,1462#3,,shelter_3,水海道第一高等学校,11531#5,0,2.3
veh_full_origin_0061_0054,private_car,origin_0061,5439071931,1462#3,,shelter_3,水海道第一高等学校,11531#5,0,2.3
veh_full_origin_0061_0055,private_car,origin_0061,5439071931,1462#3,,shelter_3,水海道第一高等学校,11531#5,0,2.3
veh_full_origin_0061_0056,private_car,origin_0061,5439071931,1462#3,,shelter_3,水海道第一高等学校,11531#5,0,2.3
veh_full_origin_0061_0057,private_car,origin_0061,5439071931,1462#3,,shelter_3,水海道第一高等学校,11531#5,0,2.3
veh_full_origin_0061_0058,private_car,origin_0061,5439071931,1462#3,,shelter_3,水海道第一高等学校,11531#5,0,2.3
veh_full_origin_0061_0059,private_car,origin_0061,5439071931,1462#3,,shelter_3,水海道第一高等学校,11531#5,0,2.3
veh_full_origin_0061_0060,private_car,origin_0061,5439071931,1462#3,,shelter_3,水海道第一高等学校,11531#5,0,2.3
veh_full_origin_0061_0061,private_car,origin_0061,5439071931,1462#3,,shelter_3,水海道第一高等学校,11531#5,0,2.3
veh_full_origin_0061_0062,private_car,origin_0061,5439071931,1462#3,,shelter_3,水海道第一高等学校,11531#5,0,2.3
veh_full_origin_0061_0063,private_car,origin_0061,5439071931,1462#3,,shelter_3,水海道第一高等学校,11531#5,0,2.3
veh_full_origin_0061_0064,private_car,origin_0061,5439071931,1462#3,,shelter_3,水海道第一高等学校,11531#5,0,2.3
veh_full_origin_0061_0065,private_car,origin_0061,5439071931,1462#3,,shelter_3,水海道第一高等学校,11531#5,0,2.3
veh_full_origin_0061_0066,private_car,origin_0061,5439071931,1462#3,,shelter_3,水海道第一高等学校,11531#5,0,2.3
veh_full_origin_0061_0067,private_car,origin_0061,5439071931,1462#3,,shelter_3,水海道第一高等学校,11531#5,0,2.3
veh_full_origin_0061_0068,private_car,origin_0061,5439071931,1462#3,,shelter_3,水海道第一高等学校,11531#5,0,2.3
veh_full_origin_0061_0069,private_car,origin_0061,5439071931,1462#3,,shelter_3,水海道第一高等学校,11531#5,0,2.3
veh_full_origin_0061_0070,private_car,origin_0061,5439071931,1462#3,,shelter_3,水海道第一高等学校,11531#5,0,2.3
veh_full_origin_0061_0071,private_car,origin_0061,5439071931,1462#3,,shelter_3,水海道第一高等学校,11531#5,0,2.3
veh_full_origin_0061_0072,private_car,origin_0061,5439071931,1462#3,,shelter_3,水海道第一高等学校,11531#5,0,2.3
veh_full_origin_0061_0073,private_car,origin_0061,5439071931,1462#3,,shelter_3,水海道第一高等学校,11531#5,0,2.3
veh_full_origin_0061_0074,private_car,origin_0061,5439071931,1462#3,,shelter_3,水海道第一高等学校,11531#5,0,2.3
veh_full_origin_0061_0075,private_car,origin_0061,5439071931,1462#3,,shelter_3,水海道第一高等学校,11531#5,0,2.3
veh_full_origin_0061_0076,private_car,origin_0061,5439071931,1462#3,,shelter_3,水海道第一高等学校,11531#5,0,2.3
veh_full_origin_0061_0077,private_car,origin_0061,5439071931,1462#3,,shelter_3,水海道第一高等学校,11531#5,0,2.3
veh_full_origin_0061_0078,private_car,origin_0061,5439071931,1462#3,,shelter_3,水海道第一高等学校,11531#5,0,2.3
veh_full_origin_0061_0079,private_car,origin_0061,5439071931,1462#3,,shelter_3,水海道第一高等学校,11531#5,0,2.3
veh_full_origin_0061_0080,private_car,origin_0061,5439071931,1462#3,,shelter_3,水海道第一高等学校,11531#5,0,2.3
veh_full_origin_0061_0081,private_car,origin_0061,5439071931,1462#3,,shelter_3,水海道第一高等学校,11531#5,0,2.3
veh_full_origin_0061_0082,private_car,origin_0061,5439071931,1462#3,,shelter_3,水海道第一高等学校,11531#5,0,2.3
veh_full_origin_0061_0083,private_car,origin_0061,5439071931,1462#3,,shelter_3,水海道第一高等学校,11531#5,0,2.3
veh_full_origin_0061_0084,private_car,origin_0061,5439071931,1462#3,,shelter_3,水海道第一高等学校,11531#5,0,2.3
veh_full_origin_0061_0085,private_car,origin_0061,5439071931,1462#3,,shelter_3,水海道第一高等学校,11531#5,0,2.3
veh_full_origin_0061_0086,private_car,origin_0061,5439071931,1462#3,,shelter_3,水海道第一高等学校,11531#5,0,2.3
veh_full_origin_0061_0087,private_car,origin_0061,5439071931,1462#3,,shelter_3,水海道第一高等学校,11531#5,0,2.3
veh_full_origin_0061_0088,private_car,origin_0061,5439071931,1462#3,,shelter_3,水海道第一高等学校,11531#5,0,2.3
veh_full_origin_0062_0001,private_car,origin_0062,5439071941,9059#4,,shelter_3,水海道第一高等学校,11531#5,0,2.3
veh_full_origin_0063_0001,private_car,origin_0063,5439071942,9043#0,,shelter_3,水海道第一高等学校,11531#5,0,2.3
veh_full_origin_0063_0002,private_car,origin_0063,5439071942,9043#0,,shelter_3,水海道第一高等学校,11531#5,0,2.3
veh_full_origin_0063_0003,private_car,origin_0063,5439071942,9043#0,,shelter_3,水海道第一高等学校,11531#5,0,2.3
veh_full_origin_0063_0004,private_car,origin_0063,5439071942,9043#0,,shelter_3,水海道第一高等学校,11531#5,0,2.3
veh_full_origin_0063_0005,private_car,origin_0063,5439071942,9043#0,,shelter_3,水海道第一高等学校,11531#5,0,2.3
veh_full_origin_0063_0006,private_car,origin_0063,5439071942,9043#0,,shelter_3,水海道第一高等学校,11531#5,0,2.3
veh_full_origin_0063_0007,private_car,origin_0063,5439071942,9043#0,,shelter_3,水海道第一高等学校,11531#5,0,2.3
veh_full_origin_0063_0008,private_car,origin_0063,5439071942,9043#0,,shelter_3,水海道第一高等学校,11531#5,0,2.3
veh_full_origin_0063_0009,private_car,origin_0063,5439071942,9043#0,,shelter_3,水海道第一高等学校,11531#5,0,2.3
veh_full_origin_0063_0010,private_car,origin_0063,5439071942,9043#0,,shelter_3,水海道第一高等学校,11531#5,0,2.3
veh_full_origin_0063_0011,private_car,origin_0063,5439071942,9043#0,,shelter_3,水海道第一高等学校,11531#5,0,2.3
veh_full_origin_0063_0012,private_car,origin_0063,5439071942,9043#0,,shelter_3,水海道第一高等学校,11531#5,0,2.3
veh_full_origin_0063_0013,private_car,origin_0063,5439071942,9043#0,,shelter_3,水海道第一高等学校,11531#5,0,2.3
veh_full_origin_0063_0014,private_car,origin_0063,5439071942,9043#0,,shelter_3,水海道第一高等学校,11531#5,0,2.3
veh_full_origin_0063_0015,private_car,origin_0063,5439071942,9043#0,,shelter_3,水海道第一高等学校,11531#5,0,2.3
veh_full_origin_0063_0016,private_car,origin_0063,5439071942,9043#0,,shelter_3,水海道第一高等学校,11531#5,0,2.3
veh_full_origin_0063_0017,private_car,origin_0063,5439071942,9043#0,,shelter_3,水海道第一高等学校,11531#5,0,2.3
veh_full_origin_0063_0018,private_car,origin_0063,5439071942,9043#0,,shelter_3,水海道第一高等学校,11531#5,0,2.3
veh_full_origin_0064_0001,private_car,origin_0064,5439072412,1318#6,,shelter_5,菅生小学校,928#4,0,2.3
veh_full_origin_0064_0002,private_car,origin_0064,5439072412,1318#6,,shelter_5,菅生小学校,928#4,0,2.3
veh_full_origin_0064_0003,private_car,origin_0064,5439072412,1318#6,,shelter_5,菅生小学校,928#4,0,2.3
veh_full_origin_0064_0004,private_car,origin_0064,5439072412,1318#6,,shelter_5,菅生小学校,928#4,0,2.3
veh_full_origin_0064_0005,private_car,origin_0064,5439072412,1318#6,,shelter_5,菅生小学校,928#4,0,2.3
veh_full_origin_0064_0006,private_car,origin_0064,5439072412,1318#6,,shelter_5,菅生小学校,928#4,0,2.3
veh_full_origin_0064_0007,private_car,origin_0064,5439072412,1318#6,,shelter_5,菅生小学校,928#4,0,2.3
veh_full_origin_0064_0008,private_car,origin_0064,5439072412,1318#6,,shelter_5,菅生小学校,928#4,0,2.3
veh_full_origin_0064_0009,private_car,origin_0064,5439072412,1318#6,,shelter_5,菅生小学校,928#4,0,2.3
veh_full_origin_0064_0010,private_car,origin_0064,5439072412,1318#6,,shelter_5,菅生小学校,928#4,0,2.3
veh_full_origin_0064_0011,private_car,origin_0064,5439072412,1318#6,,shelter_5,菅生小学校,928#4,0,2.3
veh_full_origin_0064_0012,private_car,origin_0064,5439072412,1318#6,,shelter_5,菅生小学校,928#4,0,2.3
veh_full_origin_0064_0013,private_car,origin_0064,5439072412,1318#6,,shelter_5,菅生小学校,928#4,0,2.3
veh_full_origin_0064_0014,private_car,origin_0064,5439072412,1318#6,,shelter_5,菅生小学校,928#4,0,2.3
veh_full_origin_0064_0015,private_car,origin_0064,5439072412,1318#6,,shelter_5,菅生小学校,928#4,0,2.3
veh_full_origin_0065_0001,private_car,origin_0065,5439072413,1412#7,,shelter_5,菅生小学校,928#4,0,2.3
veh_full_origin_0065_0002,private_car,origin_0065,5439072413,1412#7,,shelter_5,菅生小学校,928#4,0,2.3
veh_full_origin_0065_0003,private_car,origin_0065,5439072413,1412#7,,shelter_5,菅生小学校,928#4,0,2.3
veh_full_origin_0065_0004,private_car,origin_0065,5439072413,1412#7,,shelter_5,菅生小学校,928#4,0,2.3
veh_full_origin_0065_0005,private_car,origin_0065,5439072413,1412#7,,shelter_5,菅生小学校,928#4,0,2.3
veh_full_origin_0065_0006,private_car,origin_0065,5439072413,1412#7,,shelter_5,菅生小学校,928#4,0,2.3
veh_full_origin_0065_0007,private_car,origin_0065,5439072413,1412#7,,shelter_5,菅生小学校,928#4,0,2.3
veh_full_origin_0065_0008,private_car,origin_0065,5439072413,1412#7,,shelter_5,菅生小学校,928#4,0,2.3
veh_full_origin_0065_0009,private_car,origin_0065,5439072413,1412#7,,shelter_5,菅生小学校,928#4,0,2.3
veh_full_origin_0065_0010,private_car,origin_0065,5439072413,1412#7,,shelter_5,菅生小学校,928#4,0,2.3
veh_full_origin_0065_0011,private_car,origin_0065,5439072413,1412#7,,shelter_5,菅生小学校,928#4,0,2.3
veh_full_origin_0065_0012,private_car,origin_0065,5439072413,1412#7,,shelter_5,菅生小学校,928#4,0,2.3
veh_full_origin_0065_0013,private_car,origin_0065,5439072413,1412#7,,shelter_5,菅生小学校,928#4,0,2.3
veh_full_origin_0065_0014,private_car,origin_0065,5439072413,1412#7,,shelter_5,菅生小学校,928#4,0,2.3
veh_full_origin_0065_0015,private_car,origin_0065,5439072413,1412#7,,shelter_5,菅生小学校,928#4,0,2.3
veh_full_origin_0065_0016,private_car,origin_0065,5439072413,1412#7,,shelter_5,菅生小学校,928#4,0,2.3
veh_full_origin_0065_0017,private_car,origin_0065,5439072413,1412#7,,shelter_5,菅生小学校,928#4,0,2.3
veh_full_origin_0065_0018,private_car,origin_0065,5439072413,1412#7,,shelter_5,菅生小学校,928#4,0,2.3
veh_full_origin_0066_0001,private_car,origin_0066,5439072524,10322#4,,shelter_7,豊岡小学校,12727#0,0,2.3
veh_full_origin_0066_0002,private_car,origin_0066,5439072524,10322#4,,shelter_7,豊岡小学校,12727#0,0,2.3
veh_full_origin_0066_0003,private_car,origin_0066,5439072524,10322#4,,shelter_7,豊岡小学校,12727#0,0,2.3
veh_full_origin_0066_0004,private_car,origin_0066,5439072524,10322#4,,shelter_7,豊岡小学校,12727#0,0,2.3
veh_full_origin_0067_0001,private_car,origin_0067,5439072532,10334#22,,shelter_7,豊岡小学校,12727#0,0,2.3
veh_full_origin_0068_0001,private_car,origin_0068,5439072541,1370#26,,shelter_7,豊岡小学校,12727#0,0,2.3
veh_full_origin_0068_0002,private_car,origin_0068,5439072541,1370#26,,shelter_7,豊岡小学校,12727#0,0,2.3
veh_full_origin_0068_0003,private_car,origin_0068,5439072541,1370#26,,shelter_7,豊岡小学校,12727#0,0,2.3
veh_full_origin_0068_0004,private_car,origin_0068,5439072541,1370#26,,shelter_7,豊岡小学校,12727#0,0,2.3
veh_full_origin_0068_0005,private_car,origin_0068,5439072541,1370#26,,shelter_7,豊岡小学校,12727#0,0,2.3
veh_full_origin_0069_0001,private_car,origin_0069,5439072542,10334#10,,shelter_7,豊岡小学校,12727#0,0,2.3
veh_full_origin_0069_0002,private_car,origin_0069,5439072542,10334#10,,shelter_7,豊岡小学校,12727#0,0,2.3
veh_full_origin_0069_0003,private_car,origin_0069,5439072542,10334#10,,shelter_7,豊岡小学校,12727#0,0,2.3
veh_full_origin_0069_0004,private_car,origin_0069,5439072542,10334#10,,shelter_7,豊岡小学校,12727#0,0,2.3
veh_full_origin_0069_0005,private_car,origin_0069,5439072542,10334#10,,shelter_7,豊岡小学校,12727#0,0,2.3
veh_full_origin_0069_0006,private_car,origin_0069,5439072542,10334#10,,shelter_7,豊岡小学校,12727#0,0,2.3
veh_full_origin_0069_0007,private_car,origin_0069,5439072542,10334#10,,shelter_7,豊岡小学校,12727#0,0,2.3
veh_full_origin_0069_0008,private_car,origin_0069,5439072542,10334#10,,shelter_7,豊岡小学校,12727#0,0,2.3
veh_full_origin_0069_0009,private_car,origin_0069,5439072542,10334#10,,shelter_7,豊岡小学校,12727#0,0,2.3
veh_full_origin_0069_0010,private_car,origin_0069,5439072542,10334#10,,shelter_7,豊岡小学校,12727#0,0,2.3
veh_full_origin_0069_0011,private_car,origin_0069,5439072542,10334#10,,shelter_7,豊岡小学校,12727#0,0,2.3
veh_full_origin_0069_0012,private_car,origin_0069,5439072542,10334#10,,shelter_7,豊岡小学校,12727#0,0,2.3
veh_full_origin_0069_0013,private_car,origin_0069,5439072542,10334#10,,shelter_7,豊岡小学校,12727#0,0,2.3
veh_full_origin_0069_0014,private_car,origin_0069,5439072542,10334#10,,shelter_7,豊岡小学校,12727#0,0,2.3
veh_full_origin_0069_0015,private_car,origin_0069,5439072542,10334#10,,shelter_7,豊岡小学校,12727#0,0,2.3
veh_full_origin_0069_0016,private_car,origin_0069,5439072542,10334#10,,shelter_7,豊岡小学校,12727#0,0,2.3
veh_full_origin_0069_0017,private_car,origin_0069,5439072542,10334#10,,shelter_7,豊岡小学校,12727#0,0,2.3
veh_full_origin_0069_0018,private_car,origin_0069,5439072542,10334#10,,shelter_7,豊岡小学校,12727#0,0,2.3
veh_full_origin_0069_0019,private_car,origin_0069,5439072542,10334#10,,shelter_7,豊岡小学校,12727#0,0,2.3
veh_full_origin_0069_0020,private_car,origin_0069,5439072542,10334#10,,shelter_7,豊岡小学校,12727#0,0,2.3
veh_full_origin_0069_0021,private_car,origin_0069,5439072542,10334#10,,shelter_7,豊岡小学校,12727#0,0,2.3
veh_full_origin_0070_0001,private_car,origin_0070,5439072543,10334#6,,shelter_7,豊岡小学校,12727#0,0,2.3
veh_full_origin_0070_0002,private_car,origin_0070,5439072543,10334#6,,shelter_7,豊岡小学校,12727#0,0,2.3
veh_full_origin_0070_0003,private_car,origin_0070,5439072543,10334#6,,shelter_7,豊岡小学校,12727#0,0,2.3
veh_full_origin_0071_0001,private_car,origin_0071,5439072544,10321#0,,shelter_7,豊岡小学校,12727#0,0,2.3
veh_full_origin_0071_0002,private_car,origin_0071,5439072544,10321#0,,shelter_7,豊岡小学校,12727#0,0,2.3
veh_full_origin_0071_0003,private_car,origin_0071,5439072544,10321#0,,shelter_7,豊岡小学校,12727#0,0,2.3
veh_full_origin_0071_0004,private_car,origin_0071,5439072544,10321#0,,shelter_7,豊岡小学校,12727#0,0,2.3
veh_full_origin_0072_0001,private_car,origin_0072,5439072614,10624#2,,shelter_7,豊岡小学校,12727#0,0,2.3
veh_full_origin_0072_0002,private_car,origin_0072,5439072614,10624#2,,shelter_7,豊岡小学校,12727#0,0,2.3
veh_full_origin_0072_0003,private_car,origin_0072,5439072614,10624#2,,shelter_7,豊岡小学校,12727#0,0,2.3
veh_full_origin_0072_0004,private_car,origin_0072,5439072614,10624#2,,shelter_7,豊岡小学校,12727#0,0,2.3
veh_full_origin_0072_0005,private_car,origin_0072,5439072614,10624#2,,shelter_7,豊岡小学校,12727#0,0,2.3
veh_full_origin_0072_0006,private_car,origin_0072,5439072614,10624#2,,shelter_7,豊岡小学校,12727#0,0,2.3
veh_full_origin_0072_0007,private_car,origin_0072,5439072614,10624#2,,shelter_7,豊岡小学校,12727#0,0,2.3
veh_full_origin_0072_0008,private_car,origin_0072,5439072614,10624#2,,shelter_7,豊岡小学校,12727#0,0,2.3
veh_full_origin_0072_0009,private_car,origin_0072,5439072614,10624#2,,shelter_7,豊岡小学校,12727#0,0,2.3
veh_full_origin_0072_0010,private_car,origin_0072,5439072614,10624#2,,shelter_7,豊岡小学校,12727#0,0,2.3
veh_full_origin_0072_0011,private_car,origin_0072,5439072614,10624#2,,shelter_7,豊岡小学校,12727#0,0,2.3
veh_full_origin_0072_0012,private_car,origin_0072,5439072614,10624#2,,shelter_7,豊岡小学校,12727#0,0,2.3
veh_full_origin_0072_0013,private_car,origin_0072,5439072614,10624#2,,shelter_7,豊岡小学校,12727#0,0,2.3
veh_full_origin_0072_0014,private_car,origin_0072,5439072614,10624#2,,shelter_7,豊岡小学校,12727#0,0,2.3
veh_full_origin_0072_0015,private_car,origin_0072,5439072614,10624#2,,shelter_7,豊岡小学校,12727#0,0,2.3
veh_full_origin_0072_0016,private_car,origin_0072,5439072614,10624#2,,shelter_7,豊岡小学校,12727#0,0,2.3
veh_full_origin_0072_0017,private_car,origin_0072,5439072614,10624#2,,shelter_7,豊岡小学校,12727#0,0,2.3
veh_full_origin_0072_0018,private_car,origin_0072,5439072614,10624#2,,shelter_7,豊岡小学校,12727#0,0,2.3
veh_full_origin_0072_0019,private_car,origin_0072,5439072614,10624#2,,shelter_7,豊岡小学校,12727#0,0,2.3
veh_full_origin_0072_0020,private_car,origin_0072,5439072614,10624#2,,shelter_7,豊岡小学校,12727#0,0,2.3
veh_full_origin_0072_0021,private_car,origin_0072,5439072614,10624#2,,shelter_7,豊岡小学校,12727#0,0,2.3
veh_full_origin_0072_0022,private_car,origin_0072,5439072614,10624#2,,shelter_7,豊岡小学校,12727#0,0,2.3
veh_full_origin_0072_0023,private_car,origin_0072,5439072614,10624#2,,shelter_7,豊岡小学校,12727#0,0,2.3
veh_full_origin_0072_0024,private_car,origin_0072,5439072614,10624#2,,shelter_7,豊岡小学校,12727#0,0,2.3
veh_full_origin_0072_0025,private_car,origin_0072,5439072614,10624#2,,shelter_7,豊岡小学校,12727#0,0,2.3
veh_full_origin_0072_0026,private_car,origin_0072,5439072614,10624#2,,shelter_7,豊岡小学校,12727#0,0,2.3
veh_full_origin_0072_0027,private_car,origin_0072,5439072614,10624#2,,shelter_7,豊岡小学校,12727#0,0,2.3
veh_full_origin_0072_0028,private_car,origin_0072,5439072614,10624#2,,shelter_7,豊岡小学校,12727#0,0,2.3
veh_full_origin_0072_0029,private_car,origin_0072,5439072614,10624#2,,shelter_7,豊岡小学校,12727#0,0,2.3
veh_full_origin_0073_0001,private_car,origin_0073,5439072623,1428,,shelter_7,豊岡小学校,12727#0,0,2.3
veh_full_origin_0073_0002,private_car,origin_0073,5439072623,1428,,shelter_7,豊岡小学校,12727#0,0,2.3
veh_full_origin_0073_0003,private_car,origin_0073,5439072623,1428,,shelter_7,豊岡小学校,12727#0,0,2.3
veh_full_origin_0073_0004,private_car,origin_0073,5439072623,1428,,shelter_7,豊岡小学校,12727#0,0,2.3
veh_full_origin_0073_0005,private_car,origin_0073,5439072623,1428,,shelter_7,豊岡小学校,12727#0,0,2.3
veh_full_origin_0073_0006,private_car,origin_0073,5439072623,1428,,shelter_7,豊岡小学校,12727#0,0,2.3
veh_full_origin_0073_0007,private_car,origin_0073,5439072623,1428,,shelter_7,豊岡小学校,12727#0,0,2.3
veh_full_origin_0073_0008,private_car,origin_0073,5439072623,1428,,shelter_7,豊岡小学校,12727#0,0,2.3
veh_full_origin_0073_0009,private_car,origin_0073,5439072623,1428,,shelter_7,豊岡小学校,12727#0,0,2.3
veh_full_origin_0073_0010,private_car,origin_0073,5439072623,1428,,shelter_7,豊岡小学校,12727#0,0,2.3
veh_full_origin_0073_0011,private_car,origin_0073,5439072623,1428,,shelter_7,豊岡小学校,12727#0,0,2.3
veh_full_origin_0073_0012,private_car,origin_0073,5439072623,1428,,shelter_7,豊岡小学校,12727#0,0,2.3
veh_full_origin_0073_0013,private_car,origin_0073,5439072623,1428,,shelter_7,豊岡小学校,12727#0,0,2.3
veh_full_origin_0073_0014,private_car,origin_0073,5439072623,1428,,shelter_7,豊岡小学校,12727#0,0,2.3
veh_full_origin_0073_0015,private_car,origin_0073,5439072623,1428,,shelter_7,豊岡小学校,12727#0,0,2.3
veh_full_origin_0073_0016,private_car,origin_0073,5439072623,1428,,shelter_7,豊岡小学校,12727#0,0,2.3
veh_full_origin_0073_0017,private_car,origin_0073,5439072623,1428,,shelter_7,豊岡小学校,12727#0,0,2.3
veh_full_origin_0073_0018,private_car,origin_0073,5439072623,1428,,shelter_7,豊岡小学校,12727#0,0,2.3
veh_full_origin_0073_0019,private_car,origin_0073,5439072623,1428,,shelter_7,豊岡小学校,12727#0,0,2.3
veh_full_origin_0073_0020,private_car,origin_0073,5439072623,1428,,shelter_7,豊岡小学校,12727#0,0,2.3
veh_full_origin_0073_0021,private_car,origin_0073,5439072623,1428,,shelter_7,豊岡小学校,12727#0,0,2.3
veh_full_origin_0073_0022,private_car,origin_0073,5439072623,1428,,shelter_7,豊岡小学校,12727#0,0,2.3
veh_full_origin_0073_0023,private_car,origin_0073,5439072623,1428,,shelter_7,豊岡小学校,12727#0,0,2.3
veh_full_origin_0073_0024,private_car,origin_0073,5439072623,1428,,shelter_7,豊岡小学校,12727#0,0,2.3
veh_full_origin_0073_0025,private_car,origin_0073,5439072623,1428,,shelter_7,豊岡小学校,12727#0,0,2.3
veh_full_origin_0074_0001,private_car,origin_0074,5439072624,10638#2,,shelter_7,豊岡小学校,12727#0,0,2.3
veh_full_origin_0074_0002,private_car,origin_0074,5439072624,10638#2,,shelter_7,豊岡小学校,12727#0,0,2.3
veh_full_origin_0074_0003,private_car,origin_0074,5439072624,10638#2,,shelter_7,豊岡小学校,12727#0,0,2.3
veh_full_origin_0074_0004,private_car,origin_0074,5439072624,10638#2,,shelter_7,豊岡小学校,12727#0,0,2.3
veh_full_origin_0074_0005,private_car,origin_0074,5439072624,10638#2,,shelter_7,豊岡小学校,12727#0,0,2.3
veh_full_origin_0074_0006,private_car,origin_0074,5439072624,10638#2,,shelter_7,豊岡小学校,12727#0,0,2.3
veh_full_origin_0074_0007,private_car,origin_0074,5439072624,10638#2,,shelter_7,豊岡小学校,12727#0,0,2.3
veh_full_origin_0074_0008,private_car,origin_0074,5439072624,10638#2,,shelter_7,豊岡小学校,12727#0,0,2.3
veh_full_origin_0075_0001,private_car,origin_0075,5439072634,10638#1,,shelter_7,豊岡小学校,12727#0,0,2.3
veh_full_origin_0076_0001,private_car,origin_0076,5439072641,12684#1,,shelter_7,豊岡小学校,12727#0,0,2.3
veh_full_origin_0076_0002,private_car,origin_0076,5439072641,12684#1,,shelter_7,豊岡小学校,12727#0,0,2.3
veh_full_origin_0076_0003,private_car,origin_0076,5439072641,12684#1,,shelter_7,豊岡小学校,12727#0,0,2.3
veh_full_origin_0076_0004,private_car,origin_0076,5439072641,12684#1,,shelter_7,豊岡小学校,12727#0,0,2.3
veh_full_origin_0076_0005,private_car,origin_0076,5439072641,12684#1,,shelter_7,豊岡小学校,12727#0,0,2.3
veh_full_origin_0076_0006,private_car,origin_0076,5439072641,12684#1,,shelter_7,豊岡小学校,12727#0,0,2.3
veh_full_origin_0076_0007,private_car,origin_0076,5439072641,12684#1,,shelter_7,豊岡小学校,12727#0,0,2.3
veh_full_origin_0076_0008,private_car,origin_0076,5439072641,12684#1,,shelter_7,豊岡小学校,12727#0,0,2.3
veh_full_origin_0076_0009,private_car,origin_0076,5439072641,12684#1,,shelter_7,豊岡小学校,12727#0,0,2.3
veh_full_origin_0076_0010,private_car,origin_0076,5439072641,12684#1,,shelter_7,豊岡小学校,12727#0,0,2.3
veh_full_origin_0077_0001,private_car,origin_0077,5439072642,10506,,shelter_7,豊岡小学校,12727#0,0,2.3
veh_full_origin_0077_0002,private_car,origin_0077,5439072642,10506,,shelter_7,豊岡小学校,12727#0,0,2.3
veh_full_origin_0078_0001,private_car,origin_0078,5439072643,10509#1,,shelter_7,豊岡小学校,12727#0,0,2.3
veh_full_origin_0078_0002,private_car,origin_0078,5439072643,10509#1,,shelter_7,豊岡小学校,12727#0,0,2.3
veh_full_origin_0079_0001,private_car,origin_0079,5439072644,10837#1,,shelter_7,豊岡小学校,12727#0,0,2.3
veh_full_origin_0079_0002,private_car,origin_0079,5439072644,10837#1,,shelter_7,豊岡小学校,12727#0,0,2.3
veh_full_origin_0079_0003,private_car,origin_0079,5439072644,10837#1,,shelter_7,豊岡小学校,12727#0,0,2.3
veh_full_origin_0079_0004,private_car,origin_0079,5439072644,10837#1,,shelter_7,豊岡小学校,12727#0,0,2.3
veh_full_origin_0079_0005,private_car,origin_0079,5439072644,10837#1,,shelter_7,豊岡小学校,12727#0,0,2.3
veh_full_origin_0079_0006,private_car,origin_0079,5439072644,10837#1,,shelter_7,豊岡小学校,12727#0,0,2.3
veh_full_origin_0079_0007,private_car,origin_0079,5439072644,10837#1,,shelter_7,豊岡小学校,12727#0,0,2.3
veh_full_origin_0079_0008,private_car,origin_0079,5439072644,10837#1,,shelter_7,豊岡小学校,12727#0,0,2.3
veh_full_origin_0079_0009,private_car,origin_0079,5439072644,10837#1,,shelter_7,豊岡小学校,12727#0,0,2.3
veh_full_origin_0079_0010,private_car,origin_0079,5439072644,10837#1,,shelter_7,豊岡小学校,12727#0,0,2.3
veh_full_origin_0079_0011,private_car,origin_0079,5439072644,10837#1,,shelter_7,豊岡小学校,12727#0,0,2.3
veh_full_origin_0079_0012,private_car,origin_0079,5439072644,10837#1,,shelter_7,豊岡小学校,12727#0,0,2.3
veh_full_origin_0079_0013,private_car,origin_0079,5439072644,10837#1,,shelter_7,豊岡小学校,12727#0,0,2.3
veh_full_origin_0079_0014,private_car,origin_0079,5439072644,10837#1,,shelter_7,豊岡小学校,12727#0,0,2.3
veh_full_origin_0079_0015,private_car,origin_0079,5439072644,10837#1,,shelter_7,豊岡小学校,12727#0,0,2.3
veh_full_origin_0080_0001,private_car,origin_0080,5439072834,5188#1,,shelter_3,水海道第一高等学校,11531#5,0,2.3
veh_full_origin_0080_0002,private_car,origin_0080,5439072834,5188#1,,shelter_3,水海道第一高等学校,11531#5,0,2.3
veh_full_origin_0080_0003,private_car,origin_0080,5439072834,5188#1,,shelter_3,水海道第一高等学校,11531#5,0,2.3
veh_full_origin_0080_0004,private_car,origin_0080,5439072834,5188#1,,shelter_3,水海道第一高等学校,11531#5,0,2.3
veh_full_origin_0080_0005,private_car,origin_0080,5439072834,5188#1,,shelter_3,水海道第一高等学校,11531#5,0,2.3
veh_full_origin_0080_0006,private_car,origin_0080,5439072834,5188#1,,shelter_3,水海道第一高等学校,11531#5,0,2.3
veh_full_origin_0080_0007,private_car,origin_0080,5439072834,5188#1,,shelter_3,水海道第一高等学校,11531#5,0,2.3
veh_full_origin_0080_0008,private_car,origin_0080,5439072834,5188#1,,shelter_3,水海道第一高等学校,11531#5,0,2.3
veh_full_origin_0080_0009,private_car,origin_0080,5439072834,5188#1,,shelter_3,水海道第一高等学校,11531#5,0,2.3
veh_full_origin_0080_0010,private_car,origin_0080,5439072834,5188#1,,shelter_3,水海道第一高等学校,11531#5,0,2.3
veh_full_origin_0080_0011,private_car,origin_0080,5439072834,5188#1,,shelter_3,水海道第一高等学校,11531#5,0,2.3
veh_full_origin_0080_0012,private_car,origin_0080,5439072834,5188#1,,shelter_3,水海道第一高等学校,11531#5,0,2.3
veh_full_origin_0080_0013,private_car,origin_0080,5439072834,5188#1,,shelter_3,水海道第一高等学校,11531#5,0,2.3
veh_full_origin_0080_0014,private_car,origin_0080,5439072834,5188#1,,shelter_3,水海道第一高等学校,11531#5,0,2.3
veh_full_origin_0080_0015,private_car,origin_0080,5439072834,5188#1,,shelter_3,水海道第一高等学校,11531#5,0,2.3
veh_full_origin_0080_0016,private_car,origin_0080,5439072834,5188#1,,shelter_3,水海道第一高等学校,11531#5,0,2.3
veh_full_origin_0080_0017,private_car,origin_0080,5439072834,5188#1,,shelter_3,水海道第一高等学校,11531#5,0,2.3
veh_full_origin_0080_0018,private_car,origin_0080,5439072834,5188#1,,shelter_3,水海道第一高等学校,11531#5,0,2.3
veh_full_origin_0080_0019,private_car,origin_0080,5439072834,5188#1,,shelter_3,水海道第一高等学校,11531#5,0,2.3
veh_full_origin_0080_0020,private_car,origin_0080,5439072834,5188#1,,shelter_3,水海道第一高等学校,11531#5,0,2.3
veh_full_origin_0080_0021,private_car,origin_0080,5439072834,5188#1,,shelter_3,水海道第一高等学校,11531#5,0,2.3
veh_full_origin_0080_0022,private_car,origin_0080,5439072834,5188#1,,shelter_3,水海道第一高等学校,11531#5,0,2.3
veh_full_origin_0080_0023,private_car,origin_0080,5439072834,5188#1,,shelter_3,水海道第一高等学校,11531#5,0,2.3
veh_full_origin_0080_0024,private_car,origin_0080,5439072834,5188#1,,shelter_3,水海道第一高等学校,11531#5,0,2.3
veh_full_origin_0080_0025,private_car,origin_0080,5439072834,5188#1,,shelter_3,水海道第一高等学校,11531#5,0,2.3
veh_full_origin_0080_0026,private_car,origin_0080,5439072834,5188#1,,shelter_3,水海道第一高等学校,11531#5,0,2.3
veh_full_origin_0080_0027,private_car,origin_0080,5439072834,5188#1,,shelter_3,水海道第一高等学校,11531#5,0,2.3
veh_full_origin_0080_0028,private_car,origin_0080,5439072834,5188#1,,shelter_3,水海道第一高等学校,11531#5,0,2.3
veh_full_origin_0080_0029,private_car,origin_0080,5439072834,5188#1,,shelter_3,水海道第一高等学校,11531#5,0,2.3
veh_full_origin_0080_0030,private_car,origin_0080,5439072834,5188#1,,shelter_3,水海道第一高等学校,11531#5,0,2.3
veh_full_origin_0080_0031,private_car,origin_0080,5439072834,5188#1,,shelter_3,水海道第一高等学校,11531#5,0,2.3
veh_full_origin_0080_0032,private_car,origin_0080,5439072834,5188#1,,shelter_3,水海道第一高等学校,11531#5,0,2.3
veh_full_origin_0080_0033,private_car,origin_0080,5439072834,5188#1,,shelter_3,水海道第一高等学校,11531#5,0,2.3
veh_full_origin_0080_0034,private_car,origin_0080,5439072834,5188#1,,shelter_3,水海道第一高等学校,11531#5,0,2.3
veh_full_origin_0080_0035,private_car,origin_0080,5439072834,5188#1,,shelter_3,水海道第一高等学校,11531#5,0,2.3
veh_full_origin_0080_0036,private_car,origin_0080,5439072834,5188#1,,shelter_3,水海道第一高等学校,11531#5,0,2.3
veh_full_origin_0080_0037,private_car,origin_0080,5439072834,5188#1,,shelter_3,水海道第一高等学校,11531#5,0,2.3
veh_full_origin_0080_0038,private_car,origin_0080,5439072834,5188#1,,shelter_3,水海道第一高等学校,11531#5,0,2.3
veh_full_origin_0080_0039,private_car,origin_0080,5439072834,5188#1,,shelter_3,水海道第一高等学校,11531#5,0,2.3
veh_full_origin_0080_0040,private_car,origin_0080,5439072834,5188#1,,shelter_3,水海道第一高等学校,11531#5,0,2.3
veh_full_origin_0080_0041,private_car,origin_0080,5439072834,5188#1,,shelter_3,水海道第一高等学校,11531#5,0,2.3
veh_full_origin_0080_0042,private_car,origin_0080,5439072834,5188#1,,shelter_3,水海道第一高等学校,11531#5,0,2.3
veh_full_origin_0080_0043,private_car,origin_0080,5439072834,5188#1,,shelter_3,水海道第一高等学校,11531#5,0,2.3
veh_full_origin_0080_0044,private_car,origin_0080,5439072834,5188#1,,shelter_3,水海道第一高等学校,11531#5,0,2.3
veh_full_origin_0080_0045,private_car,origin_0080,5439072834,5188#1,,shelter_3,水海道第一高等学校,11531#5,0,2.3
veh_full_origin_0080_0046,private_car,origin_0080,5439072834,5188#1,,shelter_3,水海道第一高等学校,11531#5,0,2.3
veh_full_origin_0080_0047,private_car,origin_0080,5439072834,5188#1,,shelter_3,水海道第一高等学校,11531#5,0,2.3
veh_full_origin_0080_0048,private_car,origin_0080,5439072834,5188#1,,shelter_3,水海道第一高等学校,11531#5,0,2.3
veh_full_origin_0080_0049,private_car,origin_0080,5439072834,5188#1,,shelter_3,水海道第一高等学校,11531#5,0,2.3
veh_full_origin_0080_0050,private_car,origin_0080,5439072834,5188#1,,shelter_3,水海道第一高等学校,11531#5,0,2.3
veh_full_origin_0080_0051,private_car,origin_0080,5439072834,5188#1,,shelter_3,水海道第一高等学校,11531#5,0,2.3
veh_full_origin_0080_0052,private_car,origin_0080,5439072834,5188#1,,shelter_3,水海道第一高等学校,11531#5,0,2.3
veh_full_origin_0080_0053,private_car,origin_0080,5439072834,5188#1,,shelter_3,水海道第一高等学校,11531#5,0,2.3
veh_full_origin_0080_0054,private_car,origin_0080,5439072834,5188#1,,shelter_3,水海道第一高等学校,11531#5,0,2.3
veh_full_origin_0080_0055,private_car,origin_0080,5439072834,5188#1,,shelter_3,水海道第一高等学校,11531#5,0,2.3
veh_full_origin_0080_0056,private_car,origin_0080,5439072834,5188#1,,shelter_3,水海道第一高等学校,11531#5,0,2.3
veh_full_origin_0080_0057,private_car,origin_0080,5439072834,5188#1,,shelter_3,水海道第一高等学校,11531#5,0,2.3
veh_full_origin_0080_0058,private_car,origin_0080,5439072834,5188#1,,shelter_3,水海道第一高等学校,11531#5,0,2.3
veh_full_origin_0080_0059,private_car,origin_0080,5439072834,5188#1,,shelter_3,水海道第一高等学校,11531#5,0,2.3
veh_full_origin_0080_0060,private_car,origin_0080,5439072834,5188#1,,shelter_3,水海道第一高等学校,11531#5,0,2.3
veh_full_origin_0080_0061,private_car,origin_0080,5439072834,5188#1,,shelter_3,水海道第一高等学校,11531#5,0,2.3
veh_full_origin_0080_0062,private_car,origin_0080,5439072834,5188#1,,shelter_3,水海道第一高等学校,11531#5,0,2.3
veh_full_origin_0080_0063,private_car,origin_0080,5439072834,5188#1,,shelter_3,水海道第一高等学校,11531#5,0,2.3
veh_full_origin_0080_0064,private_car,origin_0080,5439072834,5188#1,,shelter_3,水海道第一高等学校,11531#5,0,2.3
veh_full_origin_0080_0065,private_car,origin_0080,5439072834,5188#1,,shelter_3,水海道第一高等学校,11531#5,0,2.3
veh_full_origin_0080_0066,private_car,origin_0080,5439072834,5188#1,,shelter_3,水海道第一高等学校,11531#5,0,2.3
veh_full_origin_0080_0067,private_car,origin_0080,5439072834,5188#1,,shelter_3,水海道第一高等学校,11531#5,0,2.3
veh_full_origin_0080_0068,private_car,origin_0080,5439072834,5188#1,,shelter_3,水海道第一高等学校,11531#5,0,2.3
veh_full_origin_0080_0069,private_car,origin_0080,5439072834,5188#1,,shelter_3,水海道第一高等学校,11531#5,0,2.3
veh_full_origin_0080_0070,private_car,origin_0080,5439072834,5188#1,,shelter_3,水海道第一高等学校,11531#5,0,2.3
veh_full_origin_0080_0071,private_car,origin_0080,5439072834,5188#1,,shelter_3,水海道第一高等学校,11531#5,0,2.3
veh_full_origin_0080_0072,private_car,origin_0080,5439072834,5188#1,,shelter_3,水海道第一高等学校,11531#5,0,2.3
veh_full_origin_0080_0073,private_car,origin_0080,5439072834,5188#1,,shelter_3,水海道第一高等学校,11531#5,0,2.3
veh_full_origin_0080_0074,private_car,origin_0080,5439072834,5188#1,,shelter_3,水海道第一高等学校,11531#5,0,2.3
veh_full_origin_0080_0075,private_car,origin_0080,5439072834,5188#1,,shelter_3,水海道第一高等学校,11531#5,0,2.3
veh_full_origin_0080_0076,private_car,origin_0080,5439072834,5188#1,,shelter_3,水海道第一高等学校,11531#5,0,2.3
veh_full_origin_0080_0077,private_car,origin_0080,5439072834,5188#1,,shelter_3,水海道第一高等学校,11531#5,0,2.3
veh_full_origin_0080_0078,private_car,origin_0080,5439072834,5188#1,,shelter_3,水海道第一高等学校,11531#5,0,2.3
veh_full_origin_0080_0079,private_car,origin_0080,5439072834,5188#1,,shelter_3,水海道第一高等学校,11531#5,0,2.3
veh_full_origin_0080_0080,private_car,origin_0080,5439072834,5188#1,,shelter_3,水海道第一高等学校,11531#5,0,2.3
veh_full_origin_0080_0081,private_car,origin_0080,5439072834,5188#1,,shelter_3,水海道第一高等学校,11531#5,0,2.3
veh_full_origin_0080_0082,private_car,origin_0080,5439072834,5188#1,,shelter_3,水海道第一高等学校,11531#5,0,2.3
veh_full_origin_0080_0083,private_car,origin_0080,5439072834,5188#1,,shelter_3,水海道第一高等学校,11531#5,0,2.3
veh_full_origin_0080_0084,private_car,origin_0080,5439072834,5188#1,,shelter_3,水海道第一高等学校,11531#5,0,2.3
veh_full_origin_0080_0085,private_car,origin_0080,5439072834,5188#1,,shelter_3,水海道第一高等学校,11531#5,0,2.3
veh_full_origin_0080_0086,private_car,origin_0080,5439072834,5188#1,,shelter_3,水海道第一高等学校,11531#5,0,2.3
veh_full_origin_0080_0087,private_car,origin_0080,5439072834,5188#1,,shelter_3,水海道第一高等学校,11531#5,0,2.3
veh_full_origin_0080_0088,private_car,origin_0080,5439072834,5188#1,,shelter_3,水海道第一高等学校,11531#5,0,2.3
veh_full_origin_0080_0089,private_car,origin_0080,5439072834,5188#1,,shelter_3,水海道第一高等学校,11531#5,0,2.3
veh_full_origin_0080_0090,private_car,origin_0080,5439072834,5188#1,,shelter_3,水海道第一高等学校,11531#5,0,2.3
veh_full_origin_0080_0091,private_car,origin_0080,5439072834,5188#1,,shelter_3,水海道第一高等学校,11531#5,0,2.3
veh_full_origin_0080_0092,private_car,origin_0080,5439072834,5188#1,,shelter_3,水海道第一高等学校,11531#5,0,2.3
veh_full_origin_0080_0093,private_car,origin_0080,5439072834,5188#1,,shelter_3,水海道第一高等学校,11531#5,0,2.3
veh_full_origin_0080_0094,private_car,origin_0080,5439072834,5188#1,,shelter_3,水海道第一高等学校,11531#5,0,2.3
veh_full_origin_0080_0095,private_car,origin_0080,5439072834,5188#1,,shelter_3,水海道第一高等学校,11531#5,0,2.3
veh_full_origin_0080_0096,private_car,origin_0080,5439072834,5188#1,,shelter_3,水海道第一高等学校,11531#5,0,2.3
veh_full_origin_0080_0097,private_car,origin_0080,5439072834,5188#1,,shelter_3,水海道第一高等学校,11531#5,0,2.3
veh_full_origin_0080_0098,private_car,origin_0080,5439072834,5188#1,,shelter_3,水海道第一高等学校,11531#5,0,2.3
veh_full_origin_0080_0099,private_car,origin_0080,5439072834,5188#1,,shelter_3,水海道第一高等学校,11531#5,0,2.3
veh_full_origin_0080_0100,private_car,origin_0080,5439072834,5188#1,,shelter_3,水海道第一高等学校,11531#5,0,2.3
veh_full_origin_0080_0101,private_car,origin_0080,5439072834,5188#1,,shelter_3,水海道第一高等学校,11531#5,0,2.3
veh_full_origin_0080_0102,private_car,origin_0080,5439072834,5188#1,,shelter_3,水海道第一高等学校,11531#5,0,2.3
veh_full_origin_0081_0001,private_car,origin_0081,5439072844,5200#0,,shelter_3,水海道第一高等学校,11531#5,0,2.3
veh_full_origin_0081_0002,private_car,origin_0081,5439072844,5200#0,,shelter_3,水海道第一高等学校,11531#5,0,2.3
veh_full_origin_0081_0003,private_car,origin_0081,5439072844,5200#0,,shelter_3,水海道第一高等学校,11531#5,0,2.3
veh_full_origin_0081_0004,private_car,origin_0081,5439072844,5200#0,,shelter_3,水海道第一高等学校,11531#5,0,2.3
veh_full_origin_0081_0005,private_car,origin_0081,5439072844,5200#0,,shelter_3,水海道第一高等学校,11531#5,0,2.3
veh_full_origin_0081_0006,private_car,origin_0081,5439072844,5200#0,,shelter_3,水海道第一高等学校,11531#5,0,2.3
veh_full_origin_0081_0007,private_car,origin_0081,5439072844,5200#0,,shelter_3,水海道第一高等学校,11531#5,0,2.3
veh_full_origin_0081_0008,private_car,origin_0081,5439072844,5200#0,,shelter_3,水海道第一高等学校,11531#5,0,2.3
veh_full_origin_0081_0009,private_car,origin_0081,5439072844,5200#0,,shelter_3,水海道第一高等学校,11531#5,0,2.3
veh_full_origin_0081_0010,private_car,origin_0081,5439072844,5200#0,,shelter_3,水海道第一高等学校,11531#5,0,2.3
veh_full_origin_0081_0011,private_car,origin_0081,5439072844,5200#0,,shelter_3,水海道第一高等学校,11531#5,0,2.3
veh_full_origin_0081_0012,private_car,origin_0081,5439072844,5200#0,,shelter_3,水海道第一高等学校,11531#5,0,2.3
veh_full_origin_0081_0013,private_car,origin_0081,5439072844,5200#0,,shelter_3,水海道第一高等学校,11531#5,0,2.3
veh_full_origin_0081_0014,private_car,origin_0081,5439072844,5200#0,,shelter_3,水海道第一高等学校,11531#5,0,2.3
veh_full_origin_0081_0015,private_car,origin_0081,5439072844,5200#0,,shelter_3,水海道第一高等学校,11531#5,0,2.3
veh_full_origin_0081_0016,private_car,origin_0081,5439072844,5200#0,,shelter_3,水海道第一高等学校,11531#5,0,2.3
veh_full_origin_0081_0017,private_car,origin_0081,5439072844,5200#0,,shelter_3,水海道第一高等学校,11531#5,0,2.3
veh_full_origin_0081_0018,private_car,origin_0081,5439072844,5200#0,,shelter_3,水海道第一高等学校,11531#5,0,2.3
veh_full_origin_0081_0019,private_car,origin_0081,5439072844,5200#0,,shelter_3,水海道第一高等学校,11531#5,0,2.3
veh_full_origin_0081_0020,private_car,origin_0081,5439072844,5200#0,,shelter_3,水海道第一高等学校,11531#5,0,2.3
veh_full_origin_0082_0001,private_car,origin_0082,5439072911,1470#1,,shelter_3,水海道第一高等学校,11531#5,0,2.3
veh_full_origin_0082_0002,private_car,origin_0082,5439072911,1470#1,,shelter_3,水海道第一高等学校,11531#5,0,2.3
veh_full_origin_0082_0003,private_car,origin_0082,5439072911,1470#1,,shelter_3,水海道第一高等学校,11531#5,0,2.3
veh_full_origin_0082_0004,private_car,origin_0082,5439072911,1470#1,,shelter_3,水海道第一高等学校,11531#5,0,2.3
veh_full_origin_0082_0005,private_car,origin_0082,5439072911,1470#1,,shelter_3,水海道第一高等学校,11531#5,0,2.3
veh_full_origin_0082_0006,private_car,origin_0082,5439072911,1470#1,,shelter_3,水海道第一高等学校,11531#5,0,2.3
veh_full_origin_0082_0007,private_car,origin_0082,5439072911,1470#1,,shelter_3,水海道第一高等学校,11531#5,0,2.3
veh_full_origin_0082_0008,private_car,origin_0082,5439072911,1470#1,,shelter_3,水海道第一高等学校,11531#5,0,2.3
veh_full_origin_0082_0009,private_car,origin_0082,5439072911,1470#1,,shelter_3,水海道第一高等学校,11531#5,0,2.3
veh_full_origin_0082_0010,private_car,origin_0082,5439072911,1470#1,,shelter_3,水海道第一高等学校,11531#5,0,2.3
veh_full_origin_0082_0011,private_car,origin_0082,5439072911,1470#1,,shelter_3,水海道第一高等学校,11531#5,0,2.3
veh_full_origin_0082_0012,private_car,origin_0082,5439072911,1470#1,,shelter_3,水海道第一高等学校,11531#5,0,2.3
veh_full_origin_0082_0013,private_car,origin_0082,5439072911,1470#1,,shelter_3,水海道第一高等学校,11531#5,0,2.3
veh_full_origin_0082_0014,private_car,origin_0082,5439072911,1470#1,,shelter_3,水海道第一高等学校,11531#5,0,2.3
veh_full_origin_0082_0015,private_car,origin_0082,5439072911,1470#1,,shelter_3,水海道第一高等学校,11531#5,0,2.3
veh_full_origin_0082_0016,private_car,origin_0082,5439072911,1470#1,,shelter_3,水海道第一高等学校,11531#5,0,2.3
veh_full_origin_0082_0017,private_car,origin_0082,5439072911,1470#1,,shelter_3,水海道第一高等学校,11531#5,0,2.3
veh_full_origin_0082_0018,private_car,origin_0082,5439072911,1470#1,,shelter_3,水海道第一高等学校,11531#5,0,2.3
veh_full_origin_0082_0019,private_car,origin_0082,5439072911,1470#1,,shelter_3,水海道第一高等学校,11531#5,0,2.3
veh_full_origin_0082_0020,private_car,origin_0082,5439072911,1470#1,,shelter_3,水海道第一高等学校,11531#5,0,2.3
veh_full_origin_0082_0021,private_car,origin_0082,5439072911,1470#1,,shelter_3,水海道第一高等学校,11531#5,0,2.3
veh_full_origin_0082_0022,private_car,origin_0082,5439072911,1470#1,,shelter_3,水海道第一高等学校,11531#5,0,2.3
veh_full_origin_0082_0023,private_car,origin_0082,5439072911,1470#1,,shelter_3,水海道第一高等学校,11531#5,0,2.3
veh_full_origin_0082_0024,private_car,origin_0082,5439072911,1470#1,,shelter_3,水海道第一高等学校,11531#5,0,2.3
veh_full_origin_0082_0025,private_car,origin_0082,5439072911,1470#1,,shelter_3,水海道第一高等学校,11531#5,0,2.3
veh_full_origin_0082_0026,private_car,origin_0082,5439072911,1470#1,,shelter_3,水海道第一高等学校,11531#5,0,2.3
veh_full_origin_0082_0027,private_car,origin_0082,5439072911,1470#1,,shelter_3,水海道第一高等学校,11531#5,0,2.3
veh_full_origin_0082_0028,private_car,origin_0082,5439072911,1470#1,,shelter_3,水海道第一高等学校,11531#5,0,2.3
veh_full_origin_0082_0029,private_car,origin_0082,5439072911,1470#1,,shelter_3,水海道第一高等学校,11531#5,0,2.3
veh_full_origin_0082_0030,private_car,origin_0082,5439072911,1470#1,,shelter_3,水海道第一高等学校,11531#5,0,2.3
veh_full_origin_0082_0031,private_car,origin_0082,5439072911,1470#1,,shelter_3,水海道第一高等学校,11531#5,0,2.3
veh_full_origin_0082_0032,private_car,origin_0082,5439072911,1470#1,,shelter_3,水海道第一高等学校,11531#5,0,2.3
veh_full_origin_0082_0033,private_car,origin_0082,5439072911,1470#1,,shelter_3,水海道第一高等学校,11531#5,0,2.3
veh_full_origin_0082_0034,private_car,origin_0082,5439072911,1470#1,,shelter_3,水海道第一高等学校,11531#5,0,2.3
veh_full_origin_0082_0035,private_car,origin_0082,5439072911,1470#1,,shelter_3,水海道第一高等学校,11531#5,0,2.3
veh_full_origin_0082_0036,private_car,origin_0082,5439072911,1470#1,,shelter_3,水海道第一高等学校,11531#5,0,2.3
veh_full_origin_0082_0037,private_car,origin_0082,5439072911,1470#1,,shelter_3,水海道第一高等学校,11531#5,0,2.3
veh_full_origin_0082_0038,private_car,origin_0082,5439072911,1470#1,,shelter_3,水海道第一高等学校,11531#5,0,2.3
veh_full_origin_0082_0039,private_car,origin_0082,5439072911,1470#1,,shelter_3,水海道第一高等学校,11531#5,0,2.3
veh_full_origin_0082_0040,private_car,origin_0082,5439072911,1470#1,,shelter_3,水海道第一高等学校,11531#5,0,2.3
veh_full_origin_0082_0041,private_car,origin_0082,5439072911,1470#1,,shelter_3,水海道第一高等学校,11531#5,0,2.3
veh_full_origin_0082_0042,private_car,origin_0082,5439072911,1470#1,,shelter_3,水海道第一高等学校,11531#5,0,2.3
veh_full_origin_0082_0043,private_car,origin_0082,5439072911,1470#1,,shelter_3,水海道第一高等学校,11531#5,0,2.3
veh_full_origin_0082_0044,private_car,origin_0082,5439072911,1470#1,,shelter_3,水海道第一高等学校,11531#5,0,2.3
veh_full_origin_0082_0045,private_car,origin_0082,5439072911,1470#1,,shelter_3,水海道第一高等学校,11531#5,0,2.3
veh_full_origin_0082_0046,private_car,origin_0082,5439072911,1470#1,,shelter_3,水海道第一高等学校,11531#5,0,2.3
veh_full_origin_0082_0047,private_car,origin_0082,5439072911,1470#1,,shelter_3,水海道第一高等学校,11531#5,0,2.3
veh_full_origin_0082_0048,private_car,origin_0082,5439072911,1470#1,,shelter_3,水海道第一高等学校,11531#5,0,2.3
veh_full_origin_0082_0049,private_car,origin_0082,5439072911,1470#1,,shelter_3,水海道第一高等学校,11531#5,0,2.3
veh_full_origin_0082_0050,private_car,origin_0082,5439072911,1470#1,,shelter_3,水海道第一高等学校,11531#5,0,2.3
veh_full_origin_0082_0051,private_car,origin_0082,5439072911,1470#1,,shelter_3,水海道第一高等学校,11531#5,0,2.3
veh_full_origin_0082_0052,private_car,origin_0082,5439072911,1470#1,,shelter_3,水海道第一高等学校,11531#5,0,2.3
veh_full_origin_0082_0053,private_car,origin_0082,5439072911,1470#1,,shelter_3,水海道第一高等学校,11531#5,0,2.3
veh_full_origin_0082_0054,private_car,origin_0082,5439072911,1470#1,,shelter_3,水海道第一高等学校,11531#5,0,2.3
veh_full_origin_0082_0055,private_car,origin_0082,5439072911,1470#1,,shelter_3,水海道第一高等学校,11531#5,0,2.3
veh_full_origin_0082_0056,private_car,origin_0082,5439072911,1470#1,,shelter_3,水海道第一高等学校,11531#5,0,2.3
veh_full_origin_0082_0057,private_car,origin_0082,5439072911,1470#1,,shelter_3,水海道第一高等学校,11531#5,0,2.3
veh_full_origin_0082_0058,private_car,origin_0082,5439072911,1470#1,,shelter_3,水海道第一高等学校,11531#5,0,2.3
veh_full_origin_0082_0059,private_car,origin_0082,5439072911,1470#1,,shelter_3,水海道第一高等学校,11531#5,0,2.3
veh_full_origin_0082_0060,private_car,origin_0082,5439072911,1470#1,,shelter_3,水海道第一高等学校,11531#5,0,2.3
veh_full_origin_0082_0061,private_car,origin_0082,5439072911,1470#1,,shelter_3,水海道第一高等学校,11531#5,0,2.3
veh_full_origin_0082_0062,private_car,origin_0082,5439072911,1470#1,,shelter_3,水海道第一高等学校,11531#5,0,2.3
veh_full_origin_0082_0063,private_car,origin_0082,5439072911,1470#1,,shelter_3,水海道第一高等学校,11531#5,0,2.3
veh_full_origin_0082_0064,private_car,origin_0082,5439072911,1470#1,,shelter_3,水海道第一高等学校,11531#5,0,2.3
veh_full_origin_0082_0065,private_car,origin_0082,5439072911,1470#1,,shelter_3,水海道第一高等学校,11531#5,0,2.3
veh_full_origin_0082_0066,private_car,origin_0082,5439072911,1470#1,,shelter_3,水海道第一高等学校,11531#5,0,2.3
veh_full_origin_0082_0067,private_car,origin_0082,5439072911,1470#1,,shelter_3,水海道第一高等学校,11531#5,0,2.3
veh_full_origin_0082_0068,private_car,origin_0082,5439072911,1470#1,,shelter_3,水海道第一高等学校,11531#5,0,2.3
veh_full_origin_0082_0069,private_car,origin_0082,5439072911,1470#1,,shelter_3,水海道第一高等学校,11531#5,0,2.3
veh_full_origin_0082_0070,private_car,origin_0082,5439072911,1470#1,,shelter_3,水海道第一高等学校,11531#5,0,2.3
veh_full_origin_0082_0071,private_car,origin_0082,5439072911,1470#1,,shelter_3,水海道第一高等学校,11531#5,0,2.3
veh_full_origin_0082_0072,private_car,origin_0082,5439072911,1470#1,,shelter_3,水海道第一高等学校,11531#5,0,2.3
veh_full_origin_0082_0073,private_car,origin_0082,5439072911,1470#1,,shelter_3,水海道第一高等学校,11531#5,0,2.3
veh_full_origin_0082_0074,private_car,origin_0082,5439072911,1470#1,,shelter_3,水海道第一高等学校,11531#5,0,2.3
veh_full_origin_0082_0075,private_car,origin_0082,5439072911,1470#1,,shelter_3,水海道第一高等学校,11531#5,0,2.3
veh_full_origin_0082_0076,private_car,origin_0082,5439072911,1470#1,,shelter_3,水海道第一高等学校,11531#5,0,2.3
veh_full_origin_0082_0077,private_car,origin_0082,5439072911,1470#1,,shelter_3,水海道第一高等学校,11531#5,0,2.3
veh_full_origin_0082_0078,private_car,origin_0082,5439072911,1470#1,,shelter_3,水海道第一高等学校,11531#5,0,2.3
veh_full_origin_0082_0079,private_car,origin_0082,5439072911,1470#1,,shelter_3,水海道第一高等学校,11531#5,0,2.3
veh_full_origin_0082_0080,private_car,origin_0082,5439072911,1470#1,,shelter_3,水海道第一高等学校,11531#5,0,2.3
veh_full_origin_0082_0081,private_car,origin_0082,5439072911,1470#1,,shelter_3,水海道第一高等学校,11531#5,0,2.3
veh_full_origin_0083_0001,private_car,origin_0083,5439072912,9063,,shelter_3,水海道第一高等学校,11531#5,0,2.3
veh_full_origin_0083_0002,private_car,origin_0083,5439072912,9063,,shelter_3,水海道第一高等学校,11531#5,0,2.3
veh_full_origin_0083_0003,private_car,origin_0083,5439072912,9063,,shelter_3,水海道第一高等学校,11531#5,0,2.3
veh_full_origin_0083_0004,private_car,origin_0083,5439072912,9063,,shelter_3,水海道第一高等学校,11531#5,0,2.3
veh_full_origin_0083_0005,private_car,origin_0083,5439072912,9063,,shelter_3,水海道第一高等学校,11531#5,0,2.3
veh_full_origin_0083_0006,private_car,origin_0083,5439072912,9063,,shelter_3,水海道第一高等学校,11531#5,0,2.3
veh_full_origin_0083_0007,private_car,origin_0083,5439072912,9063,,shelter_3,水海道第一高等学校,11531#5,0,2.3
veh_full_origin_0083_0008,private_car,origin_0083,5439072912,9063,,shelter_3,水海道第一高等学校,11531#5,0,2.3
veh_full_origin_0083_0009,private_car,origin_0083,5439072912,9063,,shelter_3,水海道第一高等学校,11531#5,0,2.3
veh_full_origin_0083_0010,private_car,origin_0083,5439072912,9063,,shelter_3,水海道第一高等学校,11531#5,0,2.3
veh_full_origin_0083_0011,private_car,origin_0083,5439072912,9063,,shelter_3,水海道第一高等学校,11531#5,0,2.3
veh_full_origin_0083_0012,private_car,origin_0083,5439072912,9063,,shelter_3,水海道第一高等学校,11531#5,0,2.3
veh_full_origin_0083_0013,private_car,origin_0083,5439072912,9063,,shelter_3,水海道第一高等学校,11531#5,0,2.3
veh_full_origin_0083_0014,private_car,origin_0083,5439072912,9063,,shelter_3,水海道第一高等学校,11531#5,0,2.3
veh_full_origin_0083_0015,private_car,origin_0083,5439072912,9063,,shelter_3,水海道第一高等学校,11531#5,0,2.3
veh_full_origin_0083_0016,private_car,origin_0083,5439072912,9063,,shelter_3,水海道第一高等学校,11531#5,0,2.3
veh_full_origin_0083_0017,private_car,origin_0083,5439072912,9063,,shelter_3,水海道第一高等学校,11531#5,0,2.3
veh_full_origin_0083_0018,private_car,origin_0083,5439072912,9063,,shelter_3,水海道第一高等学校,11531#5,0,2.3
veh_full_origin_0083_0019,private_car,origin_0083,5439072912,9063,,shelter_3,水海道第一高等学校,11531#5,0,2.3
veh_full_origin_0083_0020,private_car,origin_0083,5439072912,9063,,shelter_3,水海道第一高等学校,11531#5,0,2.3
veh_full_origin_0083_0021,private_car,origin_0083,5439072912,9063,,shelter_3,水海道第一高等学校,11531#5,0,2.3
veh_full_origin_0083_0022,private_car,origin_0083,5439072912,9063,,shelter_3,水海道第一高等学校,11531#5,0,2.3
veh_full_origin_0083_0023,private_car,origin_0083,5439072912,9063,,shelter_3,水海道第一高等学校,11531#5,0,2.3
veh_full_origin_0083_0024,private_car,origin_0083,5439072912,9063,,shelter_3,水海道第一高等学校,11531#5,0,2.3
veh_full_origin_0083_0025,private_car,origin_0083,5439072912,9063,,shelter_3,水海道第一高等学校,11531#5,0,2.3
veh_full_origin_0083_0026,private_car,origin_0083,5439072912,9063,,shelter_3,水海道第一高等学校,11531#5,0,2.3
veh_full_origin_0083_0027,private_car,origin_0083,5439072912,9063,,shelter_3,水海道第一高等学校,11531#5,0,2.3
veh_full_origin_0083_0028,private_car,origin_0083,5439072912,9063,,shelter_3,水海道第一高等学校,11531#5,0,2.3
veh_full_origin_0083_0029,private_car,origin_0083,5439072912,9063,,shelter_3,水海道第一高等学校,11531#5,0,2.3
veh_full_origin_0083_0030,private_car,origin_0083,5439072912,9063,,shelter_3,水海道第一高等学校,11531#5,0,2.3
veh_full_origin_0083_0031,private_car,origin_0083,5439072912,9063,,shelter_3,水海道第一高等学校,11531#5,0,2.3
veh_full_origin_0083_0032,private_car,origin_0083,5439072912,9063,,shelter_3,水海道第一高等学校,11531#5,0,2.3
veh_full_origin_0084_0001,private_car,origin_0084,5439072913,1483,,shelter_3,水海道第一高等学校,11531#5,0,2.3
veh_full_origin_0084_0002,private_car,origin_0084,5439072913,1483,,shelter_3,水海道第一高等学校,11531#5,0,2.3
veh_full_origin_0084_0003,private_car,origin_0084,5439072913,1483,,shelter_3,水海道第一高等学校,11531#5,0,2.3
veh_full_origin_0084_0004,private_car,origin_0084,5439072913,1483,,shelter_3,水海道第一高等学校,11531#5,0,2.3
veh_full_origin_0084_0005,private_car,origin_0084,5439072913,1483,,shelter_3,水海道第一高等学校,11531#5,0,2.3
veh_full_origin_0084_0006,private_car,origin_0084,5439072913,1483,,shelter_3,水海道第一高等学校,11531#5,0,2.3
veh_full_origin_0084_0007,private_car,origin_0084,5439072913,1483,,shelter_3,水海道第一高等学校,11531#5,0,2.3
veh_full_origin_0084_0008,private_car,origin_0084,5439072913,1483,,shelter_3,水海道第一高等学校,11531#5,0,2.3
veh_full_origin_0084_0009,private_car,origin_0084,5439072913,1483,,shelter_3,水海道第一高等学校,11531#5,0,2.3
veh_full_origin_0084_0010,private_car,origin_0084,5439072913,1483,,shelter_3,水海道第一高等学校,11531#5,0,2.3
veh_full_origin_0084_0011,private_car,origin_0084,5439072913,1483,,shelter_3,水海道第一高等学校,11531#5,0,2.3
veh_full_origin_0084_0012,private_car,origin_0084,5439072913,1483,,shelter_3,水海道第一高等学校,11531#5,0,2.3
veh_full_origin_0084_0013,private_car,origin_0084,5439072913,1483,,shelter_3,水海道第一高等学校,11531#5,0,2.3
veh_full_origin_0084_0014,private_car,origin_0084,5439072913,1483,,shelter_3,水海道第一高等学校,11531#5,0,2.3
veh_full_origin_0084_0015,private_car,origin_0084,5439072913,1483,,shelter_3,水海道第一高等学校,11531#5,0,2.3
veh_full_origin_0084_0016,private_car,origin_0084,5439072913,1483,,shelter_3,水海道第一高等学校,11531#5,0,2.3
veh_full_origin_0084_0017,private_car,origin_0084,5439072913,1483,,shelter_3,水海道第一高等学校,11531#5,0,2.3
veh_full_origin_0084_0018,private_car,origin_0084,5439072913,1483,,shelter_3,水海道第一高等学校,11531#5,0,2.3
veh_full_origin_0084_0019,private_car,origin_0084,5439072913,1483,,shelter_3,水海道第一高等学校,11531#5,0,2.3
veh_full_origin_0084_0020,private_car,origin_0084,5439072913,1483,,shelter_3,水海道第一高等学校,11531#5,0,2.3
veh_full_origin_0084_0021,private_car,origin_0084,5439072913,1483,,shelter_3,水海道第一高等学校,11531#5,0,2.3
veh_full_origin_0084_0022,private_car,origin_0084,5439072913,1483,,shelter_3,水海道第一高等学校,11531#5,0,2.3
veh_full_origin_0084_0023,private_car,origin_0084,5439072913,1483,,shelter_3,水海道第一高等学校,11531#5,0,2.3
veh_full_origin_0084_0024,private_car,origin_0084,5439072913,1483,,shelter_3,水海道第一高等学校,11531#5,0,2.3
veh_full_origin_0084_0025,private_car,origin_0084,5439072913,1483,,shelter_3,水海道第一高等学校,11531#5,0,2.3
veh_full_origin_0084_0026,private_car,origin_0084,5439072913,1483,,shelter_3,水海道第一高等学校,11531#5,0,2.3
veh_full_origin_0084_0027,private_car,origin_0084,5439072913,1483,,shelter_3,水海道第一高等学校,11531#5,0,2.3
veh_full_origin_0084_0028,private_car,origin_0084,5439072913,1483,,shelter_3,水海道第一高等学校,11531#5,0,2.3
veh_full_origin_0084_0029,private_car,origin_0084,5439072913,1483,,shelter_3,水海道第一高等学校,11531#5,0,2.3
veh_full_origin_0084_0030,private_car,origin_0084,5439072913,1483,,shelter_3,水海道第一高等学校,11531#5,0,2.3
veh_full_origin_0084_0031,private_car,origin_0084,5439072913,1483,,shelter_3,水海道第一高等学校,11531#5,0,2.3
veh_full_origin_0084_0032,private_car,origin_0084,5439072913,1483,,shelter_3,水海道第一高等学校,11531#5,0,2.3
veh_full_origin_0084_0033,private_car,origin_0084,5439072913,1483,,shelter_3,水海道第一高等学校,11531#5,0,2.3
veh_full_origin_0084_0034,private_car,origin_0084,5439072913,1483,,shelter_3,水海道第一高等学校,11531#5,0,2.3
veh_full_origin_0084_0035,private_car,origin_0084,5439072913,1483,,shelter_3,水海道第一高等学校,11531#5,0,2.3
veh_full_origin_0084_0036,private_car,origin_0084,5439072913,1483,,shelter_3,水海道第一高等学校,11531#5,0,2.3
veh_full_origin_0084_0037,private_car,origin_0084,5439072913,1483,,shelter_3,水海道第一高等学校,11531#5,0,2.3
veh_full_origin_0084_0038,private_car,origin_0084,5439072913,1483,,shelter_3,水海道第一高等学校,11531#5,0,2.3
veh_full_origin_0084_0039,private_car,origin_0084,5439072913,1483,,shelter_3,水海道第一高等学校,11531#5,0,2.3
veh_full_origin_0084_0040,private_car,origin_0084,5439072913,1483,,shelter_3,水海道第一高等学校,11531#5,0,2.3
veh_full_origin_0084_0041,private_car,origin_0084,5439072913,1483,,shelter_3,水海道第一高等学校,11531#5,0,2.3
veh_full_origin_0084_0042,private_car,origin_0084,5439072913,1483,,shelter_3,水海道第一高等学校,11531#5,0,2.3
veh_full_origin_0084_0043,private_car,origin_0084,5439072913,1483,,shelter_3,水海道第一高等学校,11531#5,0,2.3
veh_full_origin_0084_0044,private_car,origin_0084,5439072913,1483,,shelter_3,水海道第一高等学校,11531#5,0,2.3
veh_full_origin_0084_0045,private_car,origin_0084,5439072913,1483,,shelter_3,水海道第一高等学校,11531#5,0,2.3
veh_full_origin_0084_0046,private_car,origin_0084,5439072913,1483,,shelter_3,水海道第一高等学校,11531#5,0,2.3
veh_full_origin_0084_0047,private_car,origin_0084,5439072913,1483,,shelter_3,水海道第一高等学校,11531#5,0,2.3
veh_full_origin_0084_0048,private_car,origin_0084,5439072913,1483,,shelter_3,水海道第一高等学校,11531#5,0,2.3
veh_full_origin_0084_0049,private_car,origin_0084,5439072913,1483,,shelter_3,水海道第一高等学校,11531#5,0,2.3
veh_full_origin_0084_0050,private_car,origin_0084,5439072913,1483,,shelter_3,水海道第一高等学校,11531#5,0,2.3
veh_full_origin_0084_0051,private_car,origin_0084,5439072913,1483,,shelter_3,水海道第一高等学校,11531#5,0,2.3
veh_full_origin_0084_0052,private_car,origin_0084,5439072913,1483,,shelter_3,水海道第一高等学校,11531#5,0,2.3
veh_full_origin_0084_0053,private_car,origin_0084,5439072913,1483,,shelter_3,水海道第一高等学校,11531#5,0,2.3
veh_full_origin_0084_0054,private_car,origin_0084,5439072913,1483,,shelter_3,水海道第一高等学校,11531#5,0,2.3
veh_full_origin_0084_0055,private_car,origin_0084,5439072913,1483,,shelter_3,水海道第一高等学校,11531#5,0,2.3
veh_full_origin_0084_0056,private_car,origin_0084,5439072913,1483,,shelter_3,水海道第一高等学校,11531#5,0,2.3
veh_full_origin_0084_0057,private_car,origin_0084,5439072913,1483,,shelter_3,水海道第一高等学校,11531#5,0,2.3
veh_full_origin_0084_0058,private_car,origin_0084,5439072913,1483,,shelter_3,水海道第一高等学校,11531#5,0,2.3
veh_full_origin_0084_0059,private_car,origin_0084,5439072913,1483,,shelter_3,水海道第一高等学校,11531#5,0,2.3
veh_full_origin_0084_0060,private_car,origin_0084,5439072913,1483,,shelter_3,水海道第一高等学校,11531#5,0,2.3
veh_full_origin_0084_0061,private_car,origin_0084,5439072913,1483,,shelter_3,水海道第一高等学校,11531#5,0,2.3
veh_full_origin_0084_0062,private_car,origin_0084,5439072913,1483,,shelter_3,水海道第一高等学校,11531#5,0,2.3
veh_full_origin_0084_0063,private_car,origin_0084,5439072913,1483,,shelter_3,水海道第一高等学校,11531#5,0,2.3
veh_full_origin_0084_0064,private_car,origin_0084,5439072913,1483,,shelter_3,水海道第一高等学校,11531#5,0,2.3
veh_full_origin_0084_0065,private_car,origin_0084,5439072913,1483,,shelter_3,水海道第一高等学校,11531#5,0,2.3
veh_full_origin_0084_0066,private_car,origin_0084,5439072913,1483,,shelter_3,水海道第一高等学校,11531#5,0,2.3
veh_full_origin_0084_0067,private_car,origin_0084,5439072913,1483,,shelter_3,水海道第一高等学校,11531#5,0,2.3
veh_full_origin_0084_0068,private_car,origin_0084,5439072913,1483,,shelter_3,水海道第一高等学校,11531#5,0,2.3
veh_full_origin_0084_0069,private_car,origin_0084,5439072913,1483,,shelter_3,水海道第一高等学校,11531#5,0,2.3
veh_full_origin_0084_0070,private_car,origin_0084,5439072913,1483,,shelter_3,水海道第一高等学校,11531#5,0,2.3
veh_full_origin_0084_0071,private_car,origin_0084,5439072913,1483,,shelter_3,水海道第一高等学校,11531#5,0,2.3
veh_full_origin_0084_0072,private_car,origin_0084,5439072913,1483,,shelter_3,水海道第一高等学校,11531#5,0,2.3
veh_full_origin_0084_0073,private_car,origin_0084,5439072913,1483,,shelter_3,水海道第一高等学校,11531#5,0,2.3
veh_full_origin_0084_0074,private_car,origin_0084,5439072913,1483,,shelter_3,水海道第一高等学校,11531#5,0,2.3
veh_full_origin_0084_0075,private_car,origin_0084,5439072913,1483,,shelter_3,水海道第一高等学校,11531#5,0,2.3
veh_full_origin_0084_0076,private_car,origin_0084,5439072913,1483,,shelter_3,水海道第一高等学校,11531#5,0,2.3
veh_full_origin_0084_0077,private_car,origin_0084,5439072913,1483,,shelter_3,水海道第一高等学校,11531#5,0,2.3
veh_full_origin_0084_0078,private_car,origin_0084,5439072913,1483,,shelter_3,水海道第一高等学校,11531#5,0,2.3
veh_full_origin_0084_0079,private_car,origin_0084,5439072913,1483,,shelter_3,水海道第一高等学校,11531#5,0,2.3
veh_full_origin_0084_0080,private_car,origin_0084,5439072913,1483,,shelter_3,水海道第一高等学校,11531#5,0,2.3
veh_full_origin_0084_0081,private_car,origin_0084,5439072913,1483,,shelter_3,水海道第一高等学校,11531#5,0,2.3
veh_full_origin_0084_0082,private_car,origin_0084,5439072913,1483,,shelter_3,水海道第一高等学校,11531#5,0,2.3
veh_full_origin_0084_0083,private_car,origin_0084,5439072913,1483,,shelter_3,水海道第一高等学校,11531#5,0,2.3
veh_full_origin_0084_0084,private_car,origin_0084,5439072913,1483,,shelter_3,水海道第一高等学校,11531#5,0,2.3
veh_full_origin_0084_0085,private_car,origin_0084,5439072913,1483,,shelter_3,水海道第一高等学校,11531#5,0,2.3
veh_full_origin_0084_0086,private_car,origin_0084,5439072913,1483,,shelter_3,水海道第一高等学校,11531#5,0,2.3
veh_full_origin_0084_0087,private_car,origin_0084,5439072913,1483,,shelter_3,水海道第一高等学校,11531#5,0,2.3
veh_full_origin_0084_0088,private_car,origin_0084,5439072913,1483,,shelter_3,水海道第一高等学校,11531#5,0,2.3
veh_full_origin_0084_0089,private_car,origin_0084,5439072913,1483,,shelter_3,水海道第一高等学校,11531#5,0,2.3
veh_full_origin_0084_0090,private_car,origin_0084,5439072913,1483,,shelter_3,水海道第一高等学校,11531#5,0,2.3
veh_full_origin_0084_0091,private_car,origin_0084,5439072913,1483,,shelter_3,水海道第一高等学校,11531#5,0,2.3
veh_full_origin_0084_0092,private_car,origin_0084,5439072913,1483,,shelter_3,水海道第一高等学校,11531#5,0,2.3
veh_full_origin_0084_0093,private_car,origin_0084,5439072913,1483,,shelter_3,水海道第一高等学校,11531#5,0,2.3
veh_full_origin_0084_0094,private_car,origin_0084,5439072913,1483,,shelter_3,水海道第一高等学校,11531#5,0,2.3
veh_full_origin_0084_0095,private_car,origin_0084,5439072913,1483,,shelter_3,水海道第一高等学校,11531#5,0,2.3
veh_full_origin_0084_0096,private_car,origin_0084,5439072913,1483,,shelter_3,水海道第一高等学校,11531#5,0,2.3
veh_full_origin_0084_0097,private_car,origin_0084,5439072913,1483,,shelter_3,水海道第一高等学校,11531#5,0,2.3
veh_full_origin_0084_0098,private_car,origin_0084,5439072913,1483,,shelter_3,水海道第一高等学校,11531#5,0,2.3
veh_full_origin_0084_0099,private_car,origin_0084,5439072913,1483,,shelter_3,水海道第一高等学校,11531#5,0,2.3
veh_full_origin_0084_0100,private_car,origin_0084,5439072913,1483,,shelter_3,水海道第一高等学校,11531#5,0,2.3
veh_full_origin_0084_0101,private_car,origin_0084,5439072913,1483,,shelter_3,水海道第一高等学校,11531#5,0,2.3
veh_full_origin_0084_0102,private_car,origin_0084,5439072913,1483,,shelter_3,水海道第一高等学校,11531#5,0,2.3
veh_full_origin_0084_0103,private_car,origin_0084,5439072913,1483,,shelter_3,水海道第一高等学校,11531#5,0,2.3
veh_full_origin_0084_0104,private_car,origin_0084,5439072913,1483,,shelter_3,水海道第一高等学校,11531#5,0,2.3
veh_full_origin_0084_0105,private_car,origin_0084,5439072913,1483,,shelter_3,水海道第一高等学校,11531#5,0,2.3
veh_full_origin_0084_0106,private_car,origin_0084,5439072913,1483,,shelter_3,水海道第一高等学校,11531#5,0,2.3
veh_full_origin_0084_0107,private_car,origin_0084,5439072913,1483,,shelter_3,水海道第一高等学校,11531#5,0,2.3
veh_full_origin_0084_0108,private_car,origin_0084,5439072913,1483,,shelter_3,水海道第一高等学校,11531#5,0,2.3
veh_full_origin_0084_0109,private_car,origin_0084,5439072913,1483,,shelter_3,水海道第一高等学校,11531#5,0,2.3
veh_full_origin_0084_0110,private_car,origin_0084,5439072913,1483,,shelter_3,水海道第一高等学校,11531#5,0,2.3
veh_full_origin_0084_0111,private_car,origin_0084,5439072913,1483,,shelter_3,水海道第一高等学校,11531#5,0,2.3
veh_full_origin_0084_0112,private_car,origin_0084,5439072913,1483,,shelter_3,水海道第一高等学校,11531#5,0,2.3
veh_full_origin_0084_0113,private_car,origin_0084,5439072913,1483,,shelter_3,水海道第一高等学校,11531#5,0,2.3
veh_full_origin_0084_0114,private_car,origin_0084,5439072913,1483,,shelter_3,水海道第一高等学校,11531#5,0,2.3
veh_full_origin_0084_0115,private_car,origin_0084,5439072913,1483,,shelter_3,水海道第一高等学校,11531#5,0,2.3
veh_full_origin_0084_0116,private_car,origin_0084,5439072913,1483,,shelter_3,水海道第一高等学校,11531#5,0,2.3
veh_full_origin_0084_0117,private_car,origin_0084,5439072913,1483,,shelter_3,水海道第一高等学校,11531#5,0,2.3
veh_full_origin_0084_0118,private_car,origin_0084,5439072913,1483,,shelter_3,水海道第一高等学校,11531#5,0,2.3
veh_full_origin_0084_0119,private_car,origin_0084,5439072913,1483,,shelter_3,水海道第一高等学校,11531#5,0,2.3
veh_full_origin_0084_0120,private_car,origin_0084,5439072913,1483,,shelter_3,水海道第一高等学校,11531#5,0,2.3
veh_full_origin_0084_0121,private_car,origin_0084,5439072913,1483,,shelter_3,水海道第一高等学校,11531#5,0,2.3
veh_full_origin_0084_0122,private_car,origin_0084,5439072913,1483,,shelter_3,水海道第一高等学校,11531#5,0,2.3
veh_full_origin_0084_0123,private_car,origin_0084,5439072913,1483,,shelter_3,水海道第一高等学校,11531#5,0,2.3
veh_full_origin_0085_0001,private_car,origin_0085,5439072914,9337#1,,shelter_3,水海道第一高等学校,11531#5,0,2.3
veh_full_origin_0085_0002,private_car,origin_0085,5439072914,9337#1,,shelter_3,水海道第一高等学校,11531#5,0,2.3
veh_full_origin_0085_0003,private_car,origin_0085,5439072914,9337#1,,shelter_3,水海道第一高等学校,11531#5,0,2.3
veh_full_origin_0085_0004,private_car,origin_0085,5439072914,9337#1,,shelter_3,水海道第一高等学校,11531#5,0,2.3
veh_full_origin_0085_0005,private_car,origin_0085,5439072914,9337#1,,shelter_3,水海道第一高等学校,11531#5,0,2.3
veh_full_origin_0085_0006,private_car,origin_0085,5439072914,9337#1,,shelter_3,水海道第一高等学校,11531#5,0,2.3
veh_full_origin_0085_0007,private_car,origin_0085,5439072914,9337#1,,shelter_3,水海道第一高等学校,11531#5,0,2.3
veh_full_origin_0085_0008,private_car,origin_0085,5439072914,9337#1,,shelter_3,水海道第一高等学校,11531#5,0,2.3
veh_full_origin_0085_0009,private_car,origin_0085,5439072914,9337#1,,shelter_3,水海道第一高等学校,11531#5,0,2.3
veh_full_origin_0085_0010,private_car,origin_0085,5439072914,9337#1,,shelter_3,水海道第一高等学校,11531#5,0,2.3
veh_full_origin_0085_0011,private_car,origin_0085,5439072914,9337#1,,shelter_3,水海道第一高等学校,11531#5,0,2.3
veh_full_origin_0085_0012,private_car,origin_0085,5439072914,9337#1,,shelter_3,水海道第一高等学校,11531#5,0,2.3
veh_full_origin_0085_0013,private_car,origin_0085,5439072914,9337#1,,shelter_3,水海道第一高等学校,11531#5,0,2.3
veh_full_origin_0085_0014,private_car,origin_0085,5439072914,9337#1,,shelter_3,水海道第一高等学校,11531#5,0,2.3
veh_full_origin_0085_0015,private_car,origin_0085,5439072914,9337#1,,shelter_3,水海道第一高等学校,11531#5,0,2.3
veh_full_origin_0085_0016,private_car,origin_0085,5439072914,9337#1,,shelter_3,水海道第一高等学校,11531#5,0,2.3
veh_full_origin_0085_0017,private_car,origin_0085,5439072914,9337#1,,shelter_3,水海道第一高等学校,11531#5,0,2.3
veh_full_origin_0085_0018,private_car,origin_0085,5439072914,9337#1,,shelter_3,水海道第一高等学校,11531#5,0,2.3
veh_full_origin_0085_0019,private_car,origin_0085,5439072914,9337#1,,shelter_3,水海道第一高等学校,11531#5,0,2.3
veh_full_origin_0085_0020,private_car,origin_0085,5439072914,9337#1,,shelter_3,水海道第一高等学校,11531#5,0,2.3
veh_full_origin_0085_0021,private_car,origin_0085,5439072914,9337#1,,shelter_3,水海道第一高等学校,11531#5,0,2.3
veh_full_origin_0085_0022,private_car,origin_0085,5439072914,9337#1,,shelter_3,水海道第一高等学校,11531#5,0,2.3
veh_full_origin_0085_0023,private_car,origin_0085,5439072914,9337#1,,shelter_3,水海道第一高等学校,11531#5,0,2.3
veh_full_origin_0085_0024,private_car,origin_0085,5439072914,9337#1,,shelter_3,水海道第一高等学校,11531#5,0,2.3
veh_full_origin_0085_0025,private_car,origin_0085,5439072914,9337#1,,shelter_3,水海道第一高等学校,11531#5,0,2.3
veh_full_origin_0085_0026,private_car,origin_0085,5439072914,9337#1,,shelter_3,水海道第一高等学校,11531#5,0,2.3
veh_full_origin_0085_0027,private_car,origin_0085,5439072914,9337#1,,shelter_3,水海道第一高等学校,11531#5,0,2.3
veh_full_origin_0085_0028,private_car,origin_0085,5439072914,9337#1,,shelter_3,水海道第一高等学校,11531#5,0,2.3
veh_full_origin_0085_0029,private_car,origin_0085,5439072914,9337#1,,shelter_3,水海道第一高等学校,11531#5,0,2.3
veh_full_origin_0085_0030,private_car,origin_0085,5439072914,9337#1,,shelter_3,水海道第一高等学校,11531#5,0,2.3
veh_full_origin_0085_0031,private_car,origin_0085,5439072914,9337#1,,shelter_3,水海道第一高等学校,11531#5,0,2.3
veh_full_origin_0085_0032,private_car,origin_0085,5439072914,9337#1,,shelter_3,水海道第一高等学校,11531#5,0,2.3
veh_full_origin_0085_0033,private_car,origin_0085,5439072914,9337#1,,shelter_3,水海道第一高等学校,11531#5,0,2.3
veh_full_origin_0085_0034,private_car,origin_0085,5439072914,9337#1,,shelter_3,水海道第一高等学校,11531#5,0,2.3
veh_full_origin_0085_0035,private_car,origin_0085,5439072914,9337#1,,shelter_3,水海道第一高等学校,11531#5,0,2.3
veh_full_origin_0085_0036,private_car,origin_0085,5439072914,9337#1,,shelter_3,水海道第一高等学校,11531#5,0,2.3
veh_full_origin_0085_0037,private_car,origin_0085,5439072914,9337#1,,shelter_3,水海道第一高等学校,11531#5,0,2.3
veh_full_origin_0085_0038,private_car,origin_0085,5439072914,9337#1,,shelter_3,水海道第一高等学校,11531#5,0,2.3
veh_full_origin_0085_0039,private_car,origin_0085,5439072914,9337#1,,shelter_3,水海道第一高等学校,11531#5,0,2.3
veh_full_origin_0085_0040,private_car,origin_0085,5439072914,9337#1,,shelter_3,水海道第一高等学校,11531#5,0,2.3
veh_full_origin_0085_0041,private_car,origin_0085,5439072914,9337#1,,shelter_3,水海道第一高等学校,11531#5,0,2.3
veh_full_origin_0085_0042,private_car,origin_0085,5439072914,9337#1,,shelter_3,水海道第一高等学校,11531#5,0,2.3
veh_full_origin_0085_0043,private_car,origin_0085,5439072914,9337#1,,shelter_3,水海道第一高等学校,11531#5,0,2.3
veh_full_origin_0085_0044,private_car,origin_0085,5439072914,9337#1,,shelter_3,水海道第一高等学校,11531#5,0,2.3
veh_full_origin_0085_0045,private_car,origin_0085,5439072914,9337#1,,shelter_3,水海道第一高等学校,11531#5,0,2.3
veh_full_origin_0085_0046,private_car,origin_0085,5439072914,9337#1,,shelter_3,水海道第一高等学校,11531#5,0,2.3
veh_full_origin_0085_0047,private_car,origin_0085,5439072914,9337#1,,shelter_3,水海道第一高等学校,11531#5,0,2.3
veh_full_origin_0085_0048,private_car,origin_0085,5439072914,9337#1,,shelter_3,水海道第一高等学校,11531#5,0,2.3
veh_full_origin_0085_0049,private_car,origin_0085,5439072914,9337#1,,shelter_3,水海道第一高等学校,11531#5,0,2.3
veh_full_origin_0085_0050,private_car,origin_0085,5439072914,9337#1,,shelter_3,水海道第一高等学校,11531#5,0,2.3
veh_full_origin_0085_0051,private_car,origin_0085,5439072914,9337#1,,shelter_3,水海道第一高等学校,11531#5,0,2.3
veh_full_origin_0085_0052,private_car,origin_0085,5439072914,9337#1,,shelter_3,水海道第一高等学校,11531#5,0,2.3
veh_full_origin_0085_0053,private_car,origin_0085,5439072914,9337#1,,shelter_3,水海道第一高等学校,11531#5,0,2.3
veh_full_origin_0085_0054,private_car,origin_0085,5439072914,9337#1,,shelter_3,水海道第一高等学校,11531#5,0,2.3
veh_full_origin_0085_0055,private_car,origin_0085,5439072914,9337#1,,shelter_3,水海道第一高等学校,11531#5,0,2.3
veh_full_origin_0085_0056,private_car,origin_0085,5439072914,9337#1,,shelter_3,水海道第一高等学校,11531#5,0,2.3
veh_full_origin_0085_0057,private_car,origin_0085,5439072914,9337#1,,shelter_3,水海道第一高等学校,11531#5,0,2.3
veh_full_origin_0085_0058,private_car,origin_0085,5439072914,9337#1,,shelter_3,水海道第一高等学校,11531#5,0,2.3
veh_full_origin_0085_0059,private_car,origin_0085,5439072914,9337#1,,shelter_3,水海道第一高等学校,11531#5,0,2.3
veh_full_origin_0085_0060,private_car,origin_0085,5439072914,9337#1,,shelter_3,水海道第一高等学校,11531#5,0,2.3
veh_full_origin_0085_0061,private_car,origin_0085,5439072914,9337#1,,shelter_3,水海道第一高等学校,11531#5,0,2.3
veh_full_origin_0085_0062,private_car,origin_0085,5439072914,9337#1,,shelter_3,水海道第一高等学校,11531#5,0,2.3
veh_full_origin_0085_0063,private_car,origin_0085,5439072914,9337#1,,shelter_3,水海道第一高等学校,11531#5,0,2.3
veh_full_origin_0085_0064,private_car,origin_0085,5439072914,9337#1,,shelter_3,水海道第一高等学校,11531#5,0,2.3
veh_full_origin_0085_0065,private_car,origin_0085,5439072914,9337#1,,shelter_3,水海道第一高等学校,11531#5,0,2.3
veh_full_origin_0085_0066,private_car,origin_0085,5439072914,9337#1,,shelter_3,水海道第一高等学校,11531#5,0,2.3
veh_full_origin_0085_0067,private_car,origin_0085,5439072914,9337#1,,shelter_3,水海道第一高等学校,11531#5,0,2.3
veh_full_origin_0085_0068,private_car,origin_0085,5439072914,9337#1,,shelter_3,水海道第一高等学校,11531#5,0,2.3
veh_full_origin_0085_0069,private_car,origin_0085,5439072914,9337#1,,shelter_3,水海道第一高等学校,11531#5,0,2.3
veh_full_origin_0085_0070,private_car,origin_0085,5439072914,9337#1,,shelter_3,水海道第一高等学校,11531#5,0,2.3
veh_full_origin_0085_0071,private_car,origin_0085,5439072914,9337#1,,shelter_3,水海道第一高等学校,11531#5,0,2.3
veh_full_origin_0085_0072,private_car,origin_0085,5439072914,9337#1,,shelter_3,水海道第一高等学校,11531#5,0,2.3
veh_full_origin_0085_0073,private_car,origin_0085,5439072914,9337#1,,shelter_3,水海道第一高等学校,11531#5,0,2.3
veh_full_origin_0085_0074,private_car,origin_0085,5439072914,9337#1,,shelter_3,水海道第一高等学校,11531#5,0,2.3
veh_full_origin_0085_0075,private_car,origin_0085,5439072914,9337#1,,shelter_3,水海道第一高等学校,11531#5,0,2.3
veh_full_origin_0085_0076,private_car,origin_0085,5439072914,9337#1,,shelter_3,水海道第一高等学校,11531#5,0,2.3
veh_full_origin_0085_0077,private_car,origin_0085,5439072914,9337#1,,shelter_3,水海道第一高等学校,11531#5,0,2.3
veh_full_origin_0085_0078,private_car,origin_0085,5439072914,9337#1,,shelter_3,水海道第一高等学校,11531#5,0,2.3
veh_full_origin_0085_0079,private_car,origin_0085,5439072914,9337#1,,shelter_3,水海道第一高等学校,11531#5,0,2.3
veh_full_origin_0085_0080,private_car,origin_0085,5439072914,9337#1,,shelter_3,水海道第一高等学校,11531#5,0,2.3
veh_full_origin_0085_0081,private_car,origin_0085,5439072914,9337#1,,shelter_3,水海道第一高等学校,11531#5,0,2.3
veh_full_origin_0085_0082,private_car,origin_0085,5439072914,9337#1,,shelter_3,水海道第一高等学校,11531#5,0,2.3
veh_full_origin_0085_0083,private_car,origin_0085,5439072914,9337#1,,shelter_3,水海道第一高等学校,11531#5,0,2.3
veh_full_origin_0085_0084,private_car,origin_0085,5439072914,9337#1,,shelter_3,水海道第一高等学校,11531#5,0,2.3
veh_full_origin_0085_0085,private_car,origin_0085,5439072914,9337#1,,shelter_3,水海道第一高等学校,11531#5,0,2.3
veh_full_origin_0085_0086,private_car,origin_0085,5439072914,9337#1,,shelter_3,水海道第一高等学校,11531#5,0,2.3
veh_full_origin_0085_0087,private_car,origin_0085,5439072914,9337#1,,shelter_3,水海道第一高等学校,11531#5,0,2.3
veh_full_origin_0085_0088,private_car,origin_0085,5439072914,9337#1,,shelter_3,水海道第一高等学校,11531#5,0,2.3
veh_full_origin_0085_0089,private_car,origin_0085,5439072914,9337#1,,shelter_3,水海道第一高等学校,11531#5,0,2.3
veh_full_origin_0085_0090,private_car,origin_0085,5439072914,9337#1,,shelter_3,水海道第一高等学校,11531#5,0,2.3
veh_full_origin_0085_0091,private_car,origin_0085,5439072914,9337#1,,shelter_3,水海道第一高等学校,11531#5,0,2.3
veh_full_origin_0085_0092,private_car,origin_0085,5439072914,9337#1,,shelter_3,水海道第一高等学校,11531#5,0,2.3
veh_full_origin_0085_0093,private_car,origin_0085,5439072914,9337#1,,shelter_3,水海道第一高等学校,11531#5,0,2.3
veh_full_origin_0085_0094,private_car,origin_0085,5439072914,9337#1,,shelter_3,水海道第一高等学校,11531#5,0,2.3
veh_full_origin_0085_0095,private_car,origin_0085,5439072914,9337#1,,shelter_3,水海道第一高等学校,11531#5,0,2.3
veh_full_origin_0085_0096,private_car,origin_0085,5439072914,9337#1,,shelter_3,水海道第一高等学校,11531#5,0,2.3
veh_full_origin_0085_0097,private_car,origin_0085,5439072914,9337#1,,shelter_3,水海道第一高等学校,11531#5,0,2.3
veh_full_origin_0085_0098,private_car,origin_0085,5439072914,9337#1,,shelter_3,水海道第一高等学校,11531#5,0,2.3
veh_full_origin_0086_0001,private_car,origin_0086,5439072923,11525#21,,shelter_3,水海道第一高等学校,11531#5,0,2.3
veh_full_origin_0086_0002,private_car,origin_0086,5439072923,11525#21,,shelter_3,水海道第一高等学校,11531#5,0,2.3
veh_full_origin_0086_0003,private_car,origin_0086,5439072923,11525#21,,shelter_3,水海道第一高等学校,11531#5,0,2.3
veh_full_origin_0086_0004,private_car,origin_0086,5439072923,11525#21,,shelter_3,水海道第一高等学校,11531#5,0,2.3
veh_full_origin_0086_0005,private_car,origin_0086,5439072923,11525#21,,shelter_3,水海道第一高等学校,11531#5,0,2.3
veh_full_origin_0086_0006,private_car,origin_0086,5439072923,11525#21,,shelter_3,水海道第一高等学校,11531#5,0,2.3
veh_full_origin_0086_0007,private_car,origin_0086,5439072923,11525#21,,shelter_3,水海道第一高等学校,11531#5,0,2.3
veh_full_origin_0086_0008,private_car,origin_0086,5439072923,11525#21,,shelter_3,水海道第一高等学校,11531#5,0,2.3
veh_full_origin_0086_0009,private_car,origin_0086,5439072923,11525#21,,shelter_3,水海道第一高等学校,11531#5,0,2.3
veh_full_origin_0086_0010,private_car,origin_0086,5439072923,11525#21,,shelter_3,水海道第一高等学校,11531#5,0,2.3
veh_full_origin_0086_0011,private_car,origin_0086,5439072923,11525#21,,shelter_3,水海道第一高等学校,11531#5,0,2.3
veh_full_origin_0086_0012,private_car,origin_0086,5439072923,11525#21,,shelter_3,水海道第一高等学校,11531#5,0,2.3
veh_full_origin_0086_0013,private_car,origin_0086,5439072923,11525#21,,shelter_3,水海道第一高等学校,11531#5,0,2.3
veh_full_origin_0086_0014,private_car,origin_0086,5439072923,11525#21,,shelter_3,水海道第一高等学校,11531#5,0,2.3
veh_full_origin_0086_0015,private_car,origin_0086,5439072923,11525#21,,shelter_3,水海道第一高等学校,11531#5,0,2.3
veh_full_origin_0086_0016,private_car,origin_0086,5439072923,11525#21,,shelter_3,水海道第一高等学校,11531#5,0,2.3
veh_full_origin_0086_0017,private_car,origin_0086,5439072923,11525#21,,shelter_3,水海道第一高等学校,11531#5,0,2.3
veh_full_origin_0086_0018,private_car,origin_0086,5439072923,11525#21,,shelter_3,水海道第一高等学校,11531#5,0,2.3
veh_full_origin_0086_0019,private_car,origin_0086,5439072923,11525#21,,shelter_3,水海道第一高等学校,11531#5,0,2.3
veh_full_origin_0086_0020,private_car,origin_0086,5439072923,11525#21,,shelter_3,水海道第一高等学校,11531#5,0,2.3
veh_full_origin_0086_0021,private_car,origin_0086,5439072923,11525#21,,shelter_3,水海道第一高等学校,11531#5,0,2.3
veh_full_origin_0086_0022,private_car,origin_0086,5439072923,11525#21,,shelter_3,水海道第一高等学校,11531#5,0,2.3
veh_full_origin_0086_0023,private_car,origin_0086,5439072923,11525#21,,shelter_3,水海道第一高等学校,11531#5,0,2.3
veh_full_origin_0086_0024,private_car,origin_0086,5439072923,11525#21,,shelter_3,水海道第一高等学校,11531#5,0,2.3
veh_full_origin_0086_0025,private_car,origin_0086,5439072923,11525#21,,shelter_3,水海道第一高等学校,11531#5,0,2.3
veh_full_origin_0086_0026,private_car,origin_0086,5439072923,11525#21,,shelter_3,水海道第一高等学校,11531#5,0,2.3
veh_full_origin_0086_0027,private_car,origin_0086,5439072923,11525#21,,shelter_3,水海道第一高等学校,11531#5,0,2.3
veh_full_origin_0086_0028,private_car,origin_0086,5439072923,11525#21,,shelter_3,水海道第一高等学校,11531#5,0,2.3
veh_full_origin_0086_0029,private_car,origin_0086,5439072923,11525#21,,shelter_3,水海道第一高等学校,11531#5,0,2.3
veh_full_origin_0086_0030,private_car,origin_0086,5439072923,11525#21,,shelter_3,水海道第一高等学校,11531#5,0,2.3
veh_full_origin_0086_0031,private_car,origin_0086,5439072923,11525#21,,shelter_3,水海道第一高等学校,11531#5,0,2.3
veh_full_origin_0086_0032,private_car,origin_0086,5439072923,11525#21,,shelter_3,水海道第一高等学校,11531#5,0,2.3
veh_full_origin_0086_0033,private_car,origin_0086,5439072923,11525#21,,shelter_3,水海道第一高等学校,11531#5,0,2.3
veh_full_origin_0086_0034,private_car,origin_0086,5439072923,11525#21,,shelter_3,水海道第一高等学校,11531#5,0,2.3
veh_full_origin_0086_0035,private_car,origin_0086,5439072923,11525#21,,shelter_3,水海道第一高等学校,11531#5,0,2.3
veh_full_origin_0086_0036,private_car,origin_0086,5439072923,11525#21,,shelter_3,水海道第一高等学校,11531#5,0,2.3
veh_full_origin_0086_0037,private_car,origin_0086,5439072923,11525#21,,shelter_3,水海道第一高等学校,11531#5,0,2.3
veh_full_origin_0086_0038,private_car,origin_0086,5439072923,11525#21,,shelter_3,水海道第一高等学校,11531#5,0,2.3
veh_full_origin_0086_0039,private_car,origin_0086,5439072923,11525#21,,shelter_3,水海道第一高等学校,11531#5,0,2.3
veh_full_origin_0086_0040,private_car,origin_0086,5439072923,11525#21,,shelter_3,水海道第一高等学校,11531#5,0,2.3
veh_full_origin_0086_0041,private_car,origin_0086,5439072923,11525#21,,shelter_3,水海道第一高等学校,11531#5,0,2.3
veh_full_origin_0086_0042,private_car,origin_0086,5439072923,11525#21,,shelter_3,水海道第一高等学校,11531#5,0,2.3
veh_full_origin_0086_0043,private_car,origin_0086,5439072923,11525#21,,shelter_3,水海道第一高等学校,11531#5,0,2.3
veh_full_origin_0086_0044,private_car,origin_0086,5439072923,11525#21,,shelter_3,水海道第一高等学校,11531#5,0,2.3
veh_full_origin_0086_0045,private_car,origin_0086,5439072923,11525#21,,shelter_3,水海道第一高等学校,11531#5,0,2.3
veh_full_origin_0086_0046,private_car,origin_0086,5439072923,11525#21,,shelter_3,水海道第一高等学校,11531#5,0,2.3
veh_full_origin_0086_0047,private_car,origin_0086,5439072923,11525#21,,shelter_3,水海道第一高等学校,11531#5,0,2.3
veh_full_origin_0086_0048,private_car,origin_0086,5439072923,11525#21,,shelter_3,水海道第一高等学校,11531#5,0,2.3
veh_full_origin_0086_0049,private_car,origin_0086,5439072923,11525#21,,shelter_3,水海道第一高等学校,11531#5,0,2.3
veh_full_origin_0086_0050,private_car,origin_0086,5439072923,11525#21,,shelter_3,水海道第一高等学校,11531#5,0,2.3
veh_full_origin_0086_0051,private_car,origin_0086,5439072923,11525#21,,shelter_3,水海道第一高等学校,11531#5,0,2.3
veh_full_origin_0086_0052,private_car,origin_0086,5439072923,11525#21,,shelter_3,水海道第一高等学校,11531#5,0,2.3
veh_full_origin_0086_0053,private_car,origin_0086,5439072923,11525#21,,shelter_3,水海道第一高等学校,11531#5,0,2.3
veh_full_origin_0086_0054,private_car,origin_0086,5439072923,11525#21,,shelter_3,水海道第一高等学校,11531#5,0,2.3
veh_full_origin_0086_0055,private_car,origin_0086,5439072923,11525#21,,shelter_3,水海道第一高等学校,11531#5,0,2.3
veh_full_origin_0086_0056,private_car,origin_0086,5439072923,11525#21,,shelter_3,水海道第一高等学校,11531#5,0,2.3
veh_full_origin_0086_0057,private_car,origin_0086,5439072923,11525#21,,shelter_3,水海道第一高等学校,11531#5,0,2.3
veh_full_origin_0086_0058,private_car,origin_0086,5439072923,11525#21,,shelter_3,水海道第一高等学校,11531#5,0,2.3
veh_full_origin_0086_0059,private_car,origin_0086,5439072923,11525#21,,shelter_3,水海道第一高等学校,11531#5,0,2.3
veh_full_origin_0086_0060,private_car,origin_0086,5439072923,11525#21,,shelter_3,水海道第一高等学校,11531#5,0,2.3
veh_full_origin_0086_0061,private_car,origin_0086,5439072923,11525#21,,shelter_3,水海道第一高等学校,11531#5,0,2.3
veh_full_origin_0087_0001,private_car,origin_0087,5439072924,9371#5,,shelter_3,水海道第一高等学校,11531#5,0,2.3
veh_full_origin_0087_0002,private_car,origin_0087,5439072924,9371#5,,shelter_3,水海道第一高等学校,11531#5,0,2.3
veh_full_origin_0087_0003,private_car,origin_0087,5439072924,9371#5,,shelter_3,水海道第一高等学校,11531#5,0,2.3
veh_full_origin_0087_0004,private_car,origin_0087,5439072924,9371#5,,shelter_3,水海道第一高等学校,11531#5,0,2.3
veh_full_origin_0087_0005,private_car,origin_0087,5439072924,9371#5,,shelter_3,水海道第一高等学校,11531#5,0,2.3
veh_full_origin_0087_0006,private_car,origin_0087,5439072924,9371#5,,shelter_3,水海道第一高等学校,11531#5,0,2.3
veh_full_origin_0087_0007,private_car,origin_0087,5439072924,9371#5,,shelter_3,水海道第一高等学校,11531#5,0,2.3
veh_full_origin_0087_0008,private_car,origin_0087,5439072924,9371#5,,shelter_3,水海道第一高等学校,11531#5,0,2.3
veh_full_origin_0087_0009,private_car,origin_0087,5439072924,9371#5,,shelter_3,水海道第一高等学校,11531#5,0,2.3
veh_full_origin_0088_0001,private_car,origin_0088,5439072931,1639#3,,shelter_3,水海道第一高等学校,11531#5,0,2.3
veh_full_origin_0088_0002,private_car,origin_0088,5439072931,1639#3,,shelter_3,水海道第一高等学校,11531#5,0,2.3
veh_full_origin_0088_0003,private_car,origin_0088,5439072931,1639#3,,shelter_3,水海道第一高等学校,11531#5,0,2.3
veh_full_origin_0088_0004,private_car,origin_0088,5439072931,1639#3,,shelter_3,水海道第一高等学校,11531#5,0,2.3
veh_full_origin_0088_0005,private_car,origin_0088,5439072931,1639#3,,shelter_3,水海道第一高等学校,11531#5,0,2.3
veh_full_origin_0088_0006,private_car,origin_0088,5439072931,1639#3,,shelter_3,水海道第一高等学校,11531#5,0,2.3
veh_full_origin_0088_0007,private_car,origin_0088,5439072931,1639#3,,shelter_3,水海道第一高等学校,11531#5,0,2.3
veh_full_origin_0088_0008,private_car,origin_0088,5439072931,1639#3,,shelter_3,水海道第一高等学校,11531#5,0,2.3
veh_full_origin_0088_0009,private_car,origin_0088,5439072931,1639#3,,shelter_3,水海道第一高等学校,11531#5,0,2.3
veh_full_origin_0088_0010,private_car,origin_0088,5439072931,1639#3,,shelter_3,水海道第一高等学校,11531#5,0,2.3
veh_full_origin_0088_0011,private_car,origin_0088,5439072931,1639#3,,shelter_3,水海道第一高等学校,11531#5,0,2.3
veh_full_origin_0088_0012,private_car,origin_0088,5439072931,1639#3,,shelter_3,水海道第一高等学校,11531#5,0,2.3
veh_full_origin_0088_0013,private_car,origin_0088,5439072931,1639#3,,shelter_3,水海道第一高等学校,11531#5,0,2.3
veh_full_origin_0088_0014,private_car,origin_0088,5439072931,1639#3,,shelter_3,水海道第一高等学校,11531#5,0,2.3
veh_full_origin_0088_0015,private_car,origin_0088,5439072931,1639#3,,shelter_3,水海道第一高等学校,11531#5,0,2.3
veh_full_origin_0088_0016,private_car,origin_0088,5439072931,1639#3,,shelter_3,水海道第一高等学校,11531#5,0,2.3
veh_full_origin_0088_0017,private_car,origin_0088,5439072931,1639#3,,shelter_3,水海道第一高等学校,11531#5,0,2.3
veh_full_origin_0088_0018,private_car,origin_0088,5439072931,1639#3,,shelter_3,水海道第一高等学校,11531#5,0,2.3
veh_full_origin_0088_0019,private_car,origin_0088,5439072931,1639#3,,shelter_3,水海道第一高等学校,11531#5,0,2.3
veh_full_origin_0088_0020,private_car,origin_0088,5439072931,1639#3,,shelter_3,水海道第一高等学校,11531#5,0,2.3
veh_full_origin_0088_0021,private_car,origin_0088,5439072931,1639#3,,shelter_3,水海道第一高等学校,11531#5,0,2.3
veh_full_origin_0088_0022,private_car,origin_0088,5439072931,1639#3,,shelter_3,水海道第一高等学校,11531#5,0,2.3
veh_full_origin_0088_0023,private_car,origin_0088,5439072931,1639#3,,shelter_3,水海道第一高等学校,11531#5,0,2.3
veh_full_origin_0088_0024,private_car,origin_0088,5439072931,1639#3,,shelter_3,水海道第一高等学校,11531#5,0,2.3
veh_full_origin_0088_0025,private_car,origin_0088,5439072931,1639#3,,shelter_3,水海道第一高等学校,11531#5,0,2.3
veh_full_origin_0088_0026,private_car,origin_0088,5439072931,1639#3,,shelter_3,水海道第一高等学校,11531#5,0,2.3
veh_full_origin_0088_0027,private_car,origin_0088,5439072931,1639#3,,shelter_3,水海道第一高等学校,11531#5,0,2.3
veh_full_origin_0088_0028,private_car,origin_0088,5439072931,1639#3,,shelter_3,水海道第一高等学校,11531#5,0,2.3
veh_full_origin_0088_0029,private_car,origin_0088,5439072931,1639#3,,shelter_3,水海道第一高等学校,11531#5,0,2.3
veh_full_origin_0088_0030,private_car,origin_0088,5439072931,1639#3,,shelter_3,水海道第一高等学校,11531#5,0,2.3
veh_full_origin_0088_0031,private_car,origin_0088,5439072931,1639#3,,shelter_3,水海道第一高等学校,11531#5,0,2.3
veh_full_origin_0088_0032,private_car,origin_0088,5439072931,1639#3,,shelter_3,水海道第一高等学校,11531#5,0,2.3
veh_full_origin_0088_0033,private_car,origin_0088,5439072931,1639#3,,shelter_3,水海道第一高等学校,11531#5,0,2.3
veh_full_origin_0088_0034,private_car,origin_0088,5439072931,1639#3,,shelter_3,水海道第一高等学校,11531#5,0,2.3
veh_full_origin_0088_0035,private_car,origin_0088,5439072931,1639#3,,shelter_3,水海道第一高等学校,11531#5,0,2.3
veh_full_origin_0088_0036,private_car,origin_0088,5439072931,1639#3,,shelter_3,水海道第一高等学校,11531#5,0,2.3
veh_full_origin_0088_0037,private_car,origin_0088,5439072931,1639#3,,shelter_3,水海道第一高等学校,11531#5,0,2.3
veh_full_origin_0088_0038,private_car,origin_0088,5439072931,1639#3,,shelter_3,水海道第一高等学校,11531#5,0,2.3
veh_full_origin_0088_0039,private_car,origin_0088,5439072931,1639#3,,shelter_3,水海道第一高等学校,11531#5,0,2.3
veh_full_origin_0088_0040,private_car,origin_0088,5439072931,1639#3,,shelter_3,水海道第一高等学校,11531#5,0,2.3
veh_full_origin_0088_0041,private_car,origin_0088,5439072931,1639#3,,shelter_3,水海道第一高等学校,11531#5,0,2.3
veh_full_origin_0088_0042,private_car,origin_0088,5439072931,1639#3,,shelter_3,水海道第一高等学校,11531#5,0,2.3
veh_full_origin_0088_0043,private_car,origin_0088,5439072931,1639#3,,shelter_3,水海道第一高等学校,11531#5,0,2.3
veh_full_origin_0088_0044,private_car,origin_0088,5439072931,1639#3,,shelter_3,水海道第一高等学校,11531#5,0,2.3
veh_full_origin_0088_0045,private_car,origin_0088,5439072931,1639#3,,shelter_3,水海道第一高等学校,11531#5,0,2.3
veh_full_origin_0088_0046,private_car,origin_0088,5439072931,1639#3,,shelter_3,水海道第一高等学校,11531#5,0,2.3
veh_full_origin_0088_0047,private_car,origin_0088,5439072931,1639#3,,shelter_3,水海道第一高等学校,11531#5,0,2.3
veh_full_origin_0088_0048,private_car,origin_0088,5439072931,1639#3,,shelter_3,水海道第一高等学校,11531#5,0,2.3
veh_full_origin_0088_0049,private_car,origin_0088,5439072931,1639#3,,shelter_3,水海道第一高等学校,11531#5,0,2.3
veh_full_origin_0088_0050,private_car,origin_0088,5439072931,1639#3,,shelter_3,水海道第一高等学校,11531#5,0,2.3
veh_full_origin_0088_0051,private_car,origin_0088,5439072931,1639#3,,shelter_3,水海道第一高等学校,11531#5,0,2.3
veh_full_origin_0088_0052,private_car,origin_0088,5439072931,1639#3,,shelter_3,水海道第一高等学校,11531#5,0,2.3
veh_full_origin_0088_0053,private_car,origin_0088,5439072931,1639#3,,shelter_3,水海道第一高等学校,11531#5,0,2.3
veh_full_origin_0088_0054,private_car,origin_0088,5439072931,1639#3,,shelter_3,水海道第一高等学校,11531#5,0,2.3
veh_full_origin_0088_0055,private_car,origin_0088,5439072931,1639#3,,shelter_3,水海道第一高等学校,11531#5,0,2.3
veh_full_origin_0088_0056,private_car,origin_0088,5439072931,1639#3,,shelter_3,水海道第一高等学校,11531#5,0,2.3
veh_full_origin_0088_0057,private_car,origin_0088,5439072931,1639#3,,shelter_3,水海道第一高等学校,11531#5,0,2.3
veh_full_origin_0088_0058,private_car,origin_0088,5439072931,1639#3,,shelter_3,水海道第一高等学校,11531#5,0,2.3
veh_full_origin_0088_0059,private_car,origin_0088,5439072931,1639#3,,shelter_3,水海道第一高等学校,11531#5,0,2.3
veh_full_origin_0088_0060,private_car,origin_0088,5439072931,1639#3,,shelter_3,水海道第一高等学校,11531#5,0,2.3
veh_full_origin_0088_0061,private_car,origin_0088,5439072931,1639#3,,shelter_3,水海道第一高等学校,11531#5,0,2.3
veh_full_origin_0088_0062,private_car,origin_0088,5439072931,1639#3,,shelter_3,水海道第一高等学校,11531#5,0,2.3
veh_full_origin_0088_0063,private_car,origin_0088,5439072931,1639#3,,shelter_3,水海道第一高等学校,11531#5,0,2.3
veh_full_origin_0088_0064,private_car,origin_0088,5439072931,1639#3,,shelter_3,水海道第一高等学校,11531#5,0,2.3
veh_full_origin_0088_0065,private_car,origin_0088,5439072931,1639#3,,shelter_3,水海道第一高等学校,11531#5,0,2.3
veh_full_origin_0088_0066,private_car,origin_0088,5439072931,1639#3,,shelter_3,水海道第一高等学校,11531#5,0,2.3
veh_full_origin_0088_0067,private_car,origin_0088,5439072931,1639#3,,shelter_3,水海道第一高等学校,11531#5,0,2.3
veh_full_origin_0088_0068,private_car,origin_0088,5439072931,1639#3,,shelter_3,水海道第一高等学校,11531#5,0,2.3
veh_full_origin_0088_0069,private_car,origin_0088,5439072931,1639#3,,shelter_3,水海道第一高等学校,11531#5,0,2.3
veh_full_origin_0088_0070,private_car,origin_0088,5439072931,1639#3,,shelter_3,水海道第一高等学校,11531#5,0,2.3
veh_full_origin_0088_0071,private_car,origin_0088,5439072931,1639#3,,shelter_3,水海道第一高等学校,11531#5,0,2.3
veh_full_origin_0088_0072,private_car,origin_0088,5439072931,1639#3,,shelter_3,水海道第一高等学校,11531#5,0,2.3
veh_full_origin_0088_0073,private_car,origin_0088,5439072931,1639#3,,shelter_3,水海道第一高等学校,11531#5,0,2.3
veh_full_origin_0088_0074,private_car,origin_0088,5439072931,1639#3,,shelter_3,水海道第一高等学校,11531#5,0,2.3
veh_full_origin_0088_0075,private_car,origin_0088,5439072931,1639#3,,shelter_3,水海道第一高等学校,11531#5,0,2.3
veh_full_origin_0088_0076,private_car,origin_0088,5439072931,1639#3,,shelter_3,水海道第一高等学校,11531#5,0,2.3
veh_full_origin_0088_0077,private_car,origin_0088,5439072931,1639#3,,shelter_3,水海道第一高等学校,11531#5,0,2.3
veh_full_origin_0088_0078,private_car,origin_0088,5439072931,1639#3,,shelter_3,水海道第一高等学校,11531#5,0,2.3
veh_full_origin_0088_0079,private_car,origin_0088,5439072931,1639#3,,shelter_3,水海道第一高等学校,11531#5,0,2.3
veh_full_origin_0088_0080,private_car,origin_0088,5439072931,1639#3,,shelter_3,水海道第一高等学校,11531#5,0,2.3
veh_full_origin_0088_0081,private_car,origin_0088,5439072931,1639#3,,shelter_3,水海道第一高等学校,11531#5,0,2.3
veh_full_origin_0088_0082,private_car,origin_0088,5439072931,1639#3,,shelter_3,水海道第一高等学校,11531#5,0,2.3
veh_full_origin_0088_0083,private_car,origin_0088,5439072931,1639#3,,shelter_3,水海道第一高等学校,11531#5,0,2.3
veh_full_origin_0088_0084,private_car,origin_0088,5439072931,1639#3,,shelter_3,水海道第一高等学校,11531#5,0,2.3
veh_full_origin_0088_0085,private_car,origin_0088,5439072931,1639#3,,shelter_3,水海道第一高等学校,11531#5,0,2.3
veh_full_origin_0088_0086,private_car,origin_0088,5439072931,1639#3,,shelter_3,水海道第一高等学校,11531#5,0,2.3
veh_full_origin_0088_0087,private_car,origin_0088,5439072931,1639#3,,shelter_3,水海道第一高等学校,11531#5,0,2.3
veh_full_origin_0088_0088,private_car,origin_0088,5439072931,1639#3,,shelter_3,水海道第一高等学校,11531#5,0,2.3
veh_full_origin_0088_0089,private_car,origin_0088,5439072931,1639#3,,shelter_3,水海道第一高等学校,11531#5,0,2.3
veh_full_origin_0088_0090,private_car,origin_0088,5439072931,1639#3,,shelter_3,水海道第一高等学校,11531#5,0,2.3
veh_full_origin_0088_0091,private_car,origin_0088,5439072931,1639#3,,shelter_3,水海道第一高等学校,11531#5,0,2.3
veh_full_origin_0089_0001,private_car,origin_0089,5439072932,11257#7,,shelter_3,水海道第一高等学校,11531#5,0,2.3
veh_full_origin_0089_0002,private_car,origin_0089,5439072932,11257#7,,shelter_3,水海道第一高等学校,11531#5,0,2.3
veh_full_origin_0089_0003,private_car,origin_0089,5439072932,11257#7,,shelter_3,水海道第一高等学校,11531#5,0,2.3
veh_full_origin_0089_0004,private_car,origin_0089,5439072932,11257#7,,shelter_3,水海道第一高等学校,11531#5,0,2.3
veh_full_origin_0089_0005,private_car,origin_0089,5439072932,11257#7,,shelter_3,水海道第一高等学校,11531#5,0,2.3
veh_full_origin_0089_0006,private_car,origin_0089,5439072932,11257#7,,shelter_3,水海道第一高等学校,11531#5,0,2.3
veh_full_origin_0089_0007,private_car,origin_0089,5439072932,11257#7,,shelter_3,水海道第一高等学校,11531#5,0,2.3
veh_full_origin_0089_0008,private_car,origin_0089,5439072932,11257#7,,shelter_3,水海道第一高等学校,11531#5,0,2.3
veh_full_origin_0089_0009,private_car,origin_0089,5439072932,11257#7,,shelter_3,水海道第一高等学校,11531#5,0,2.3
veh_full_origin_0089_0010,private_car,origin_0089,5439072932,11257#7,,shelter_3,水海道第一高等学校,11531#5,0,2.3
veh_full_origin_0089_0011,private_car,origin_0089,5439072932,11257#7,,shelter_3,水海道第一高等学校,11531#5,0,2.3
veh_full_origin_0089_0012,private_car,origin_0089,5439072932,11257#7,,shelter_3,水海道第一高等学校,11531#5,0,2.3
veh_full_origin_0089_0013,private_car,origin_0089,5439072932,11257#7,,shelter_3,水海道第一高等学校,11531#5,0,2.3
veh_full_origin_0089_0014,private_car,origin_0089,5439072932,11257#7,,shelter_3,水海道第一高等学校,11531#5,0,2.3
veh_full_origin_0089_0015,private_car,origin_0089,5439072932,11257#7,,shelter_3,水海道第一高等学校,11531#5,0,2.3
veh_full_origin_0089_0016,private_car,origin_0089,5439072932,11257#7,,shelter_3,水海道第一高等学校,11531#5,0,2.3
veh_full_origin_0089_0017,private_car,origin_0089,5439072932,11257#7,,shelter_3,水海道第一高等学校,11531#5,0,2.3
veh_full_origin_0089_0018,private_car,origin_0089,5439072932,11257#7,,shelter_3,水海道第一高等学校,11531#5,0,2.3
veh_full_origin_0089_0019,private_car,origin_0089,5439072932,11257#7,,shelter_3,水海道第一高等学校,11531#5,0,2.3
veh_full_origin_0089_0020,private_car,origin_0089,5439072932,11257#7,,shelter_3,水海道第一高等学校,11531#5,0,2.3
veh_full_origin_0089_0021,private_car,origin_0089,5439072932,11257#7,,shelter_3,水海道第一高等学校,11531#5,0,2.3
veh_full_origin_0089_0022,private_car,origin_0089,5439072932,11257#7,,shelter_3,水海道第一高等学校,11531#5,0,2.3
veh_full_origin_0089_0023,private_car,origin_0089,5439072932,11257#7,,shelter_3,水海道第一高等学校,11531#5,0,2.3
veh_full_origin_0089_0024,private_car,origin_0089,5439072932,11257#7,,shelter_3,水海道第一高等学校,11531#5,0,2.3
veh_full_origin_0089_0025,private_car,origin_0089,5439072932,11257#7,,shelter_3,水海道第一高等学校,11531#5,0,2.3
veh_full_origin_0089_0026,private_car,origin_0089,5439072932,11257#7,,shelter_3,水海道第一高等学校,11531#5,0,2.3
veh_full_origin_0089_0027,private_car,origin_0089,5439072932,11257#7,,shelter_3,水海道第一高等学校,11531#5,0,2.3
veh_full_origin_0089_0028,private_car,origin_0089,5439072932,11257#7,,shelter_3,水海道第一高等学校,11531#5,0,2.3
veh_full_origin_0089_0029,private_car,origin_0089,5439072932,11257#7,,shelter_3,水海道第一高等学校,11531#5,0,2.3
veh_full_origin_0089_0030,private_car,origin_0089,5439072932,11257#7,,shelter_3,水海道第一高等学校,11531#5,0,2.3
veh_full_origin_0089_0031,private_car,origin_0089,5439072932,11257#7,,shelter_3,水海道第一高等学校,11531#5,0,2.3
veh_full_origin_0089_0032,private_car,origin_0089,5439072932,11257#7,,shelter_3,水海道第一高等学校,11531#5,0,2.3
veh_full_origin_0089_0033,private_car,origin_0089,5439072932,11257#7,,shelter_3,水海道第一高等学校,11531#5,0,2.3
veh_full_origin_0089_0034,private_car,origin_0089,5439072932,11257#7,,shelter_3,水海道第一高等学校,11531#5,0,2.3
veh_full_origin_0089_0035,private_car,origin_0089,5439072932,11257#7,,shelter_3,水海道第一高等学校,11531#5,0,2.3
veh_full_origin_0089_0036,private_car,origin_0089,5439072932,11257#7,,shelter_3,水海道第一高等学校,11531#5,0,2.3
veh_full_origin_0089_0037,private_car,origin_0089,5439072932,11257#7,,shelter_3,水海道第一高等学校,11531#5,0,2.3
veh_full_origin_0089_0038,private_car,origin_0089,5439072932,11257#7,,shelter_3,水海道第一高等学校,11531#5,0,2.3
veh_full_origin_0089_0039,private_car,origin_0089,5439072932,11257#7,,shelter_3,水海道第一高等学校,11531#5,0,2.3
veh_full_origin_0089_0040,private_car,origin_0089,5439072932,11257#7,,shelter_3,水海道第一高等学校,11531#5,0,2.3
veh_full_origin_0089_0041,private_car,origin_0089,5439072932,11257#7,,shelter_3,水海道第一高等学校,11531#5,0,2.3
veh_full_origin_0089_0042,private_car,origin_0089,5439072932,11257#7,,shelter_3,水海道第一高等学校,11531#5,0,2.3
veh_full_origin_0089_0043,private_car,origin_0089,5439072932,11257#7,,shelter_3,水海道第一高等学校,11531#5,0,2.3
veh_full_origin_0089_0044,private_car,origin_0089,5439072932,11257#7,,shelter_3,水海道第一高等学校,11531#5,0,2.3
veh_full_origin_0089_0045,private_car,origin_0089,5439072932,11257#7,,shelter_3,水海道第一高等学校,11531#5,0,2.3
veh_full_origin_0089_0046,private_car,origin_0089,5439072932,11257#7,,shelter_3,水海道第一高等学校,11531#5,0,2.3
veh_full_origin_0089_0047,private_car,origin_0089,5439072932,11257#7,,shelter_3,水海道第一高等学校,11531#5,0,2.3
veh_full_origin_0089_0048,private_car,origin_0089,5439072932,11257#7,,shelter_3,水海道第一高等学校,11531#5,0,2.3
veh_full_origin_0089_0049,private_car,origin_0089,5439072932,11257#7,,shelter_3,水海道第一高等学校,11531#5,0,2.3
veh_full_origin_0089_0050,private_car,origin_0089,5439072932,11257#7,,shelter_3,水海道第一高等学校,11531#5,0,2.3
veh_full_origin_0089_0051,private_car,origin_0089,5439072932,11257#7,,shelter_3,水海道第一高等学校,11531#5,0,2.3
veh_full_origin_0089_0052,private_car,origin_0089,5439072932,11257#7,,shelter_3,水海道第一高等学校,11531#5,0,2.3
veh_full_origin_0089_0053,private_car,origin_0089,5439072932,11257#7,,shelter_3,水海道第一高等学校,11531#5,0,2.3
veh_full_origin_0089_0054,private_car,origin_0089,5439072932,11257#7,,shelter_3,水海道第一高等学校,11531#5,0,2.3
veh_full_origin_0089_0055,private_car,origin_0089,5439072932,11257#7,,shelter_3,水海道第一高等学校,11531#5,0,2.3
veh_full_origin_0089_0056,private_car,origin_0089,5439072932,11257#7,,shelter_3,水海道第一高等学校,11531#5,0,2.3
veh_full_origin_0089_0057,private_car,origin_0089,5439072932,11257#7,,shelter_3,水海道第一高等学校,11531#5,0,2.3
veh_full_origin_0089_0058,private_car,origin_0089,5439072932,11257#7,,shelter_3,水海道第一高等学校,11531#5,0,2.3
veh_full_origin_0089_0059,private_car,origin_0089,5439072932,11257#7,,shelter_3,水海道第一高等学校,11531#5,0,2.3
veh_full_origin_0089_0060,private_car,origin_0089,5439072932,11257#7,,shelter_3,水海道第一高等学校,11531#5,0,2.3
veh_full_origin_0089_0061,private_car,origin_0089,5439072932,11257#7,,shelter_3,水海道第一高等学校,11531#5,0,2.3
veh_full_origin_0089_0062,private_car,origin_0089,5439072932,11257#7,,shelter_3,水海道第一高等学校,11531#5,0,2.3
veh_full_origin_0089_0063,private_car,origin_0089,5439072932,11257#7,,shelter_3,水海道第一高等学校,11531#5,0,2.3
veh_full_origin_0089_0064,private_car,origin_0089,5439072932,11257#7,,shelter_3,水海道第一高等学校,11531#5,0,2.3
veh_full_origin_0089_0065,private_car,origin_0089,5439072932,11257#7,,shelter_3,水海道第一高等学校,11531#5,0,2.3
veh_full_origin_0089_0066,private_car,origin_0089,5439072932,11257#7,,shelter_3,水海道第一高等学校,11531#5,0,2.3
veh_full_origin_0089_0067,private_car,origin_0089,5439072932,11257#7,,shelter_3,水海道第一高等学校,11531#5,0,2.3
veh_full_origin_0089_0068,private_car,origin_0089,5439072932,11257#7,,shelter_3,水海道第一高等学校,11531#5,0,2.3
veh_full_origin_0089_0069,private_car,origin_0089,5439072932,11257#7,,shelter_3,水海道第一高等学校,11531#5,0,2.3
veh_full_origin_0089_0070,private_car,origin_0089,5439072932,11257#7,,shelter_3,水海道第一高等学校,11531#5,0,2.3
veh_full_origin_0089_0071,private_car,origin_0089,5439072932,11257#7,,shelter_3,水海道第一高等学校,11531#5,0,2.3
veh_full_origin_0089_0072,private_car,origin_0089,5439072932,11257#7,,shelter_3,水海道第一高等学校,11531#5,0,2.3
veh_full_origin_0089_0073,private_car,origin_0089,5439072932,11257#7,,shelter_3,水海道第一高等学校,11531#5,0,2.3
veh_full_origin_0089_0074,private_car,origin_0089,5439072932,11257#7,,shelter_3,水海道第一高等学校,11531#5,0,2.3
veh_full_origin_0089_0075,private_car,origin_0089,5439072932,11257#7,,shelter_3,水海道第一高等学校,11531#5,0,2.3
veh_full_origin_0089_0076,private_car,origin_0089,5439072932,11257#7,,shelter_3,水海道第一高等学校,11531#5,0,2.3
veh_full_origin_0089_0077,private_car,origin_0089,5439072932,11257#7,,shelter_3,水海道第一高等学校,11531#5,0,2.3
veh_full_origin_0089_0078,private_car,origin_0089,5439072932,11257#7,,shelter_3,水海道第一高等学校,11531#5,0,2.3
veh_full_origin_0089_0079,private_car,origin_0089,5439072932,11257#7,,shelter_3,水海道第一高等学校,11531#5,0,2.3
veh_full_origin_0089_0080,private_car,origin_0089,5439072932,11257#7,,shelter_3,水海道第一高等学校,11531#5,0,2.3
veh_full_origin_0089_0081,private_car,origin_0089,5439072932,11257#7,,shelter_3,水海道第一高等学校,11531#5,0,2.3
veh_full_origin_0089_0082,private_car,origin_0089,5439072932,11257#7,,shelter_3,水海道第一高等学校,11531#5,0,2.3
veh_full_origin_0089_0083,private_car,origin_0089,5439072932,11257#7,,shelter_3,水海道第一高等学校,11531#5,0,2.3
veh_full_origin_0089_0084,private_car,origin_0089,5439072932,11257#7,,shelter_3,水海道第一高等学校,11531#5,0,2.3
veh_full_origin_0089_0085,private_car,origin_0089,5439072932,11257#7,,shelter_3,水海道第一高等学校,11531#5,0,2.3
veh_full_origin_0089_0086,private_car,origin_0089,5439072932,11257#7,,shelter_3,水海道第一高等学校,11531#5,0,2.3
veh_full_origin_0089_0087,private_car,origin_0089,5439072932,11257#7,,shelter_3,水海道第一高等学校,11531#5,0,2.3
veh_full_origin_0089_0088,private_car,origin_0089,5439072932,11257#7,,shelter_3,水海道第一高等学校,11531#5,0,2.3
veh_full_origin_0089_0089,private_car,origin_0089,5439072932,11257#7,,shelter_3,水海道第一高等学校,11531#5,0,2.3
veh_full_origin_0089_0090,private_car,origin_0089,5439072932,11257#7,,shelter_3,水海道第一高等学校,11531#5,0,2.3
veh_full_origin_0089_0091,private_car,origin_0089,5439072932,11257#7,,shelter_3,水海道第一高等学校,11531#5,0,2.3
veh_full_origin_0089_0092,private_car,origin_0089,5439072932,11257#7,,shelter_3,水海道第一高等学校,11531#5,0,2.3
veh_full_origin_0089_0093,private_car,origin_0089,5439072932,11257#7,,shelter_3,水海道第一高等学校,11531#5,0,2.3
veh_full_origin_0089_0094,private_car,origin_0089,5439072932,11257#7,,shelter_3,水海道第一高等学校,11531#5,0,2.3
veh_full_origin_0089_0095,private_car,origin_0089,5439072932,11257#7,,shelter_3,水海道第一高等学校,11531#5,0,2.3
veh_full_origin_0089_0096,private_car,origin_0089,5439072932,11257#7,,shelter_3,水海道第一高等学校,11531#5,0,2.3
veh_full_origin_0089_0097,private_car,origin_0089,5439072932,11257#7,,shelter_3,水海道第一高等学校,11531#5,0,2.3
veh_full_origin_0089_0098,private_car,origin_0089,5439072932,11257#7,,shelter_3,水海道第一高等学校,11531#5,0,2.3
veh_full_origin_0089_0099,private_car,origin_0089,5439072932,11257#7,,shelter_3,水海道第一高等学校,11531#5,0,2.3
veh_full_origin_0089_0100,private_car,origin_0089,5439072932,11257#7,,shelter_3,水海道第一高等学校,11531#5,0,2.3
veh_full_origin_0089_0101,private_car,origin_0089,5439072932,11257#7,,shelter_3,水海道第一高等学校,11531#5,0,2.3
veh_full_origin_0089_0102,private_car,origin_0089,5439072932,11257#7,,shelter_3,水海道第一高等学校,11531#5,0,2.3
veh_full_origin_0089_0103,private_car,origin_0089,5439072932,11257#7,,shelter_3,水海道第一高等学校,11531#5,0,2.3
veh_full_origin_0089_0104,private_car,origin_0089,5439072932,11257#7,,shelter_3,水海道第一高等学校,11531#5,0,2.3
veh_full_origin_0090_0001,private_car,origin_0090,5439072941,9168#3,,shelter_3,水海道第一高等学校,11531#5,0,2.3
veh_full_origin_0090_0002,private_car,origin_0090,5439072941,9168#3,,shelter_3,水海道第一高等学校,11531#5,0,2.3
veh_full_origin_0090_0003,private_car,origin_0090,5439072941,9168#3,,shelter_3,水海道第一高等学校,11531#5,0,2.3
veh_full_origin_0090_0004,private_car,origin_0090,5439072941,9168#3,,shelter_3,水海道第一高等学校,11531#5,0,2.3
veh_full_origin_0090_0005,private_car,origin_0090,5439072941,9168#3,,shelter_3,水海道第一高等学校,11531#5,0,2.3
veh_full_origin_0090_0006,private_car,origin_0090,5439072941,9168#3,,shelter_3,水海道第一高等学校,11531#5,0,2.3
veh_full_origin_0090_0007,private_car,origin_0090,5439072941,9168#3,,shelter_3,水海道第一高等学校,11531#5,0,2.3
veh_full_origin_0090_0008,private_car,origin_0090,5439072941,9168#3,,shelter_3,水海道第一高等学校,11531#5,0,2.3
veh_full_origin_0090_0009,private_car,origin_0090,5439072941,9168#3,,shelter_3,水海道第一高等学校,11531#5,0,2.3
veh_full_origin_0090_0010,private_car,origin_0090,5439072941,9168#3,,shelter_3,水海道第一高等学校,11531#5,0,2.3
veh_full_origin_0090_0011,private_car,origin_0090,5439072941,9168#3,,shelter_3,水海道第一高等学校,11531#5,0,2.3
veh_full_origin_0090_0012,private_car,origin_0090,5439072941,9168#3,,shelter_3,水海道第一高等学校,11531#5,0,2.3
veh_full_origin_0090_0013,private_car,origin_0090,5439072941,9168#3,,shelter_3,水海道第一高等学校,11531#5,0,2.3
veh_full_origin_0090_0014,private_car,origin_0090,5439072941,9168#3,,shelter_3,水海道第一高等学校,11531#5,0,2.3
veh_full_origin_0090_0015,private_car,origin_0090,5439072941,9168#3,,shelter_3,水海道第一高等学校,11531#5,0,2.3
veh_full_origin_0090_0016,private_car,origin_0090,5439072941,9168#3,,shelter_3,水海道第一高等学校,11531#5,0,2.3
veh_full_origin_0090_0017,private_car,origin_0090,5439072941,9168#3,,shelter_3,水海道第一高等学校,11531#5,0,2.3
veh_full_origin_0090_0018,private_car,origin_0090,5439072941,9168#3,,shelter_3,水海道第一高等学校,11531#5,0,2.3
veh_full_origin_0090_0019,private_car,origin_0090,5439072941,9168#3,,shelter_3,水海道第一高等学校,11531#5,0,2.3
veh_full_origin_0090_0020,private_car,origin_0090,5439072941,9168#3,,shelter_3,水海道第一高等学校,11531#5,0,2.3
veh_full_origin_0090_0021,private_car,origin_0090,5439072941,9168#3,,shelter_3,水海道第一高等学校,11531#5,0,2.3
veh_full_origin_0090_0022,private_car,origin_0090,5439072941,9168#3,,shelter_3,水海道第一高等学校,11531#5,0,2.3
veh_full_origin_0090_0023,private_car,origin_0090,5439072941,9168#3,,shelter_3,水海道第一高等学校,11531#5,0,2.3
veh_full_origin_0090_0024,private_car,origin_0090,5439072941,9168#3,,shelter_3,水海道第一高等学校,11531#5,0,2.3
veh_full_origin_0090_0025,private_car,origin_0090,5439072941,9168#3,,shelter_3,水海道第一高等学校,11531#5,0,2.3
veh_full_origin_0090_0026,private_car,origin_0090,5439072941,9168#3,,shelter_3,水海道第一高等学校,11531#5,0,2.3
veh_full_origin_0090_0027,private_car,origin_0090,5439072941,9168#3,,shelter_3,水海道第一高等学校,11531#5,0,2.3
veh_full_origin_0090_0028,private_car,origin_0090,5439072941,9168#3,,shelter_3,水海道第一高等学校,11531#5,0,2.3
veh_full_origin_0090_0029,private_car,origin_0090,5439072941,9168#3,,shelter_3,水海道第一高等学校,11531#5,0,2.3
veh_full_origin_0090_0030,private_car,origin_0090,5439072941,9168#3,,shelter_3,水海道第一高等学校,11531#5,0,2.3
veh_full_origin_0090_0031,private_car,origin_0090,5439072941,9168#3,,shelter_3,水海道第一高等学校,11531#5,0,2.3
veh_full_origin_0090_0032,private_car,origin_0090,5439072941,9168#3,,shelter_3,水海道第一高等学校,11531#5,0,2.3
veh_full_origin_0090_0033,private_car,origin_0090,5439072941,9168#3,,shelter_3,水海道第一高等学校,11531#5,0,2.3
veh_full_origin_0090_0034,private_car,origin_0090,5439072941,9168#3,,shelter_3,水海道第一高等学校,11531#5,0,2.3
veh_full_origin_0090_0035,private_car,origin_0090,5439072941,9168#3,,shelter_3,水海道第一高等学校,11531#5,0,2.3
veh_full_origin_0090_0036,private_car,origin_0090,5439072941,9168#3,,shelter_3,水海道第一高等学校,11531#5,0,2.3
veh_full_origin_0090_0037,private_car,origin_0090,5439072941,9168#3,,shelter_3,水海道第一高等学校,11531#5,0,2.3
veh_full_origin_0090_0038,private_car,origin_0090,5439072941,9168#3,,shelter_3,水海道第一高等学校,11531#5,0,2.3
veh_full_origin_0090_0039,private_car,origin_0090,5439072941,9168#3,,shelter_3,水海道第一高等学校,11531#5,0,2.3
veh_full_origin_0090_0040,private_car,origin_0090,5439072941,9168#3,,shelter_3,水海道第一高等学校,11531#5,0,2.3
veh_full_origin_0090_0041,private_car,origin_0090,5439072941,9168#3,,shelter_3,水海道第一高等学校,11531#5,0,2.3
veh_full_origin_0090_0042,private_car,origin_0090,5439072941,9168#3,,shelter_3,水海道第一高等学校,11531#5,0,2.3
veh_full_origin_0090_0043,private_car,origin_0090,5439072941,9168#3,,shelter_3,水海道第一高等学校,11531#5,0,2.3
veh_full_origin_0090_0044,private_car,origin_0090,5439072941,9168#3,,shelter_3,水海道第一高等学校,11531#5,0,2.3
veh_full_origin_0090_0045,private_car,origin_0090,5439072941,9168#3,,shelter_3,水海道第一高等学校,11531#5,0,2.3
veh_full_origin_0090_0046,private_car,origin_0090,5439072941,9168#3,,shelter_3,水海道第一高等学校,11531#5,0,2.3
veh_full_origin_0090_0047,private_car,origin_0090,5439072941,9168#3,,shelter_3,水海道第一高等学校,11531#5,0,2.3
veh_full_origin_0090_0048,private_car,origin_0090,5439072941,9168#3,,shelter_3,水海道第一高等学校,11531#5,0,2.3
veh_full_origin_0090_0049,private_car,origin_0090,5439072941,9168#3,,shelter_3,水海道第一高等学校,11531#5,0,2.3
veh_full_origin_0090_0050,private_car,origin_0090,5439072941,9168#3,,shelter_3,水海道第一高等学校,11531#5,0,2.3
veh_full_origin_0090_0051,private_car,origin_0090,5439072941,9168#3,,shelter_3,水海道第一高等学校,11531#5,0,2.3
veh_full_origin_0090_0052,private_car,origin_0090,5439072941,9168#3,,shelter_3,水海道第一高等学校,11531#5,0,2.3
veh_full_origin_0090_0053,private_car,origin_0090,5439072941,9168#3,,shelter_3,水海道第一高等学校,11531#5,0,2.3
veh_full_origin_0090_0054,private_car,origin_0090,5439072941,9168#3,,shelter_3,水海道第一高等学校,11531#5,0,2.3
veh_full_origin_0090_0055,private_car,origin_0090,5439072941,9168#3,,shelter_3,水海道第一高等学校,11531#5,0,2.3
veh_full_origin_0090_0056,private_car,origin_0090,5439072941,9168#3,,shelter_3,水海道第一高等学校,11531#5,0,2.3
veh_full_origin_0090_0057,private_car,origin_0090,5439072941,9168#3,,shelter_3,水海道第一高等学校,11531#5,0,2.3
veh_full_origin_0090_0058,private_car,origin_0090,5439072941,9168#3,,shelter_3,水海道第一高等学校,11531#5,0,2.3
veh_full_origin_0090_0059,private_car,origin_0090,5439072941,9168#3,,shelter_3,水海道第一高等学校,11531#5,0,2.3
veh_full_origin_0090_0060,private_car,origin_0090,5439072941,9168#3,,shelter_3,水海道第一高等学校,11531#5,0,2.3
veh_full_origin_0090_0061,private_car,origin_0090,5439072941,9168#3,,shelter_3,水海道第一高等学校,11531#5,0,2.3
veh_full_origin_0090_0062,private_car,origin_0090,5439072941,9168#3,,shelter_3,水海道第一高等学校,11531#5,0,2.3
veh_full_origin_0090_0063,private_car,origin_0090,5439072941,9168#3,,shelter_3,水海道第一高等学校,11531#5,0,2.3
veh_full_origin_0090_0064,private_car,origin_0090,5439072941,9168#3,,shelter_3,水海道第一高等学校,11531#5,0,2.3
veh_full_origin_0090_0065,private_car,origin_0090,5439072941,9168#3,,shelter_3,水海道第一高等学校,11531#5,0,2.3
veh_full_origin_0090_0066,private_car,origin_0090,5439072941,9168#3,,shelter_3,水海道第一高等学校,11531#5,0,2.3
veh_full_origin_0090_0067,private_car,origin_0090,5439072941,9168#3,,shelter_3,水海道第一高等学校,11531#5,0,2.3
veh_full_origin_0090_0068,private_car,origin_0090,5439072941,9168#3,,shelter_3,水海道第一高等学校,11531#5,0,2.3
veh_full_origin_0090_0069,private_car,origin_0090,5439072941,9168#3,,shelter_3,水海道第一高等学校,11531#5,0,2.3
veh_full_origin_0090_0070,private_car,origin_0090,5439072941,9168#3,,shelter_3,水海道第一高等学校,11531#5,0,2.3
veh_full_origin_0090_0071,private_car,origin_0090,5439072941,9168#3,,shelter_3,水海道第一高等学校,11531#5,0,2.3
veh_full_origin_0090_0072,private_car,origin_0090,5439072941,9168#3,,shelter_3,水海道第一高等学校,11531#5,0,2.3
veh_full_origin_0090_0073,private_car,origin_0090,5439072941,9168#3,,shelter_3,水海道第一高等学校,11531#5,0,2.3
veh_full_origin_0090_0074,private_car,origin_0090,5439072941,9168#3,,shelter_3,水海道第一高等学校,11531#5,0,2.3
veh_full_origin_0090_0075,private_car,origin_0090,5439072941,9168#3,,shelter_3,水海道第一高等学校,11531#5,0,2.3
veh_full_origin_0090_0076,private_car,origin_0090,5439072941,9168#3,,shelter_3,水海道第一高等学校,11531#5,0,2.3
veh_full_origin_0090_0077,private_car,origin_0090,5439072941,9168#3,,shelter_3,水海道第一高等学校,11531#5,0,2.3
veh_full_origin_0091_0001,private_car,origin_0091,5439072942,9224#1,,shelter_3,水海道第一高等学校,11531#5,0,2.3
veh_full_origin_0091_0002,private_car,origin_0091,5439072942,9224#1,,shelter_3,水海道第一高等学校,11531#5,0,2.3
veh_full_origin_0091_0003,private_car,origin_0091,5439072942,9224#1,,shelter_3,水海道第一高等学校,11531#5,0,2.3
veh_full_origin_0091_0004,private_car,origin_0091,5439072942,9224#1,,shelter_3,水海道第一高等学校,11531#5,0,2.3
veh_full_origin_0091_0005,private_car,origin_0091,5439072942,9224#1,,shelter_3,水海道第一高等学校,11531#5,0,2.3
veh_full_origin_0091_0006,private_car,origin_0091,5439072942,9224#1,,shelter_3,水海道第一高等学校,11531#5,0,2.3
veh_full_origin_0091_0007,private_car,origin_0091,5439072942,9224#1,,shelter_3,水海道第一高等学校,11531#5,0,2.3
veh_full_origin_0091_0008,private_car,origin_0091,5439072942,9224#1,,shelter_3,水海道第一高等学校,11531#5,0,2.3
veh_full_origin_0091_0009,private_car,origin_0091,5439072942,9224#1,,shelter_3,水海道第一高等学校,11531#5,0,2.3
veh_full_origin_0091_0010,private_car,origin_0091,5439072942,9224#1,,shelter_3,水海道第一高等学校,11531#5,0,2.3
veh_full_origin_0091_0011,private_car,origin_0091,5439072942,9224#1,,shelter_3,水海道第一高等学校,11531#5,0,2.3
veh_full_origin_0091_0012,private_car,origin_0091,5439072942,9224#1,,shelter_3,水海道第一高等学校,11531#5,0,2.3
veh_full_origin_0091_0013,private_car,origin_0091,5439072942,9224#1,,shelter_3,水海道第一高等学校,11531#5,0,2.3
veh_full_origin_0091_0014,private_car,origin_0091,5439072942,9224#1,,shelter_3,水海道第一高等学校,11531#5,0,2.3
veh_full_origin_0091_0015,private_car,origin_0091,5439072942,9224#1,,shelter_3,水海道第一高等学校,11531#5,0,2.3
veh_full_origin_0091_0016,private_car,origin_0091,5439072942,9224#1,,shelter_3,水海道第一高等学校,11531#5,0,2.3
veh_full_origin_0091_0017,private_car,origin_0091,5439072942,9224#1,,shelter_3,水海道第一高等学校,11531#5,0,2.3
veh_full_origin_0091_0018,private_car,origin_0091,5439072942,9224#1,,shelter_3,水海道第一高等学校,11531#5,0,2.3
veh_full_origin_0091_0019,private_car,origin_0091,5439072942,9224#1,,shelter_3,水海道第一高等学校,11531#5,0,2.3
veh_full_origin_0091_0020,private_car,origin_0091,5439072942,9224#1,,shelter_3,水海道第一高等学校,11531#5,0,2.3
veh_full_origin_0091_0021,private_car,origin_0091,5439072942,9224#1,,shelter_3,水海道第一高等学校,11531#5,0,2.3
veh_full_origin_0091_0022,private_car,origin_0091,5439072942,9224#1,,shelter_3,水海道第一高等学校,11531#5,0,2.3
veh_full_origin_0091_0023,private_car,origin_0091,5439072942,9224#1,,shelter_3,水海道第一高等学校,11531#5,0,2.3
veh_full_origin_0091_0024,private_car,origin_0091,5439072942,9224#1,,shelter_3,水海道第一高等学校,11531#5,0,2.3
veh_full_origin_0091_0025,private_car,origin_0091,5439072942,9224#1,,shelter_3,水海道第一高等学校,11531#5,0,2.3
veh_full_origin_0091_0026,private_car,origin_0091,5439072942,9224#1,,shelter_3,水海道第一高等学校,11531#5,0,2.3
veh_full_origin_0091_0027,private_car,origin_0091,5439072942,9224#1,,shelter_3,水海道第一高等学校,11531#5,0,2.3
veh_full_origin_0091_0028,private_car,origin_0091,5439072942,9224#1,,shelter_3,水海道第一高等学校,11531#5,0,2.3
veh_full_origin_0091_0029,private_car,origin_0091,5439072942,9224#1,,shelter_3,水海道第一高等学校,11531#5,0,2.3
veh_full_origin_0091_0030,private_car,origin_0091,5439072942,9224#1,,shelter_3,水海道第一高等学校,11531#5,0,2.3
veh_full_origin_0091_0031,private_car,origin_0091,5439072942,9224#1,,shelter_3,水海道第一高等学校,11531#5,0,2.3
veh_full_origin_0091_0032,private_car,origin_0091,5439072942,9224#1,,shelter_3,水海道第一高等学校,11531#5,0,2.3
veh_full_origin_0092_0001,private_car,origin_0092,5439072943,9163#0,,shelter_3,水海道第一高等学校,11531#5,0,2.3
veh_full_origin_0092_0002,private_car,origin_0092,5439072943,9163#0,,shelter_3,水海道第一高等学校,11531#5,0,2.3
veh_full_origin_0092_0003,private_car,origin_0092,5439072943,9163#0,,shelter_3,水海道第一高等学校,11531#5,0,2.3
veh_full_origin_0092_0004,private_car,origin_0092,5439072943,9163#0,,shelter_3,水海道第一高等学校,11531#5,0,2.3
veh_full_origin_0092_0005,private_car,origin_0092,5439072943,9163#0,,shelter_3,水海道第一高等学校,11531#5,0,2.3
veh_full_origin_0092_0006,private_car,origin_0092,5439072943,9163#0,,shelter_3,水海道第一高等学校,11531#5,0,2.3
veh_full_origin_0092_0007,private_car,origin_0092,5439072943,9163#0,,shelter_3,水海道第一高等学校,11531#5,0,2.3
veh_full_origin_0092_0008,private_car,origin_0092,5439072943,9163#0,,shelter_3,水海道第一高等学校,11531#5,0,2.3
veh_full_origin_0092_0009,private_car,origin_0092,5439072943,9163#0,,shelter_3,水海道第一高等学校,11531#5,0,2.3
veh_full_origin_0092_0010,private_car,origin_0092,5439072943,9163#0,,shelter_3,水海道第一高等学校,11531#5,0,2.3
veh_full_origin_0092_0011,private_car,origin_0092,5439072943,9163#0,,shelter_3,水海道第一高等学校,11531#5,0,2.3
veh_full_origin_0092_0012,private_car,origin_0092,5439072943,9163#0,,shelter_3,水海道第一高等学校,11531#5,0,2.3
veh_full_origin_0092_0013,private_car,origin_0092,5439072943,9163#0,,shelter_3,水海道第一高等学校,11531#5,0,2.3
veh_full_origin_0092_0014,private_car,origin_0092,5439072943,9163#0,,shelter_3,水海道第一高等学校,11531#5,0,2.3
veh_full_origin_0092_0015,private_car,origin_0092,5439072943,9163#0,,shelter_3,水海道第一高等学校,11531#5,0,2.3
veh_full_origin_0092_0016,private_car,origin_0092,5439072943,9163#0,,shelter_3,水海道第一高等学校,11531#5,0,2.3
veh_full_origin_0092_0017,private_car,origin_0092,5439072943,9163#0,,shelter_3,水海道第一高等学校,11531#5,0,2.3
veh_full_origin_0092_0018,private_car,origin_0092,5439072943,9163#0,,shelter_3,水海道第一高等学校,11531#5,0,2.3
veh_full_origin_0092_0019,private_car,origin_0092,5439072943,9163#0,,shelter_3,水海道第一高等学校,11531#5,0,2.3
veh_full_origin_0092_0020,private_car,origin_0092,5439072943,9163#0,,shelter_3,水海道第一高等学校,11531#5,0,2.3
veh_full_origin_0092_0021,private_car,origin_0092,5439072943,9163#0,,shelter_3,水海道第一高等学校,11531#5,0,2.3
veh_full_origin_0092_0022,private_car,origin_0092,5439072943,9163#0,,shelter_3,水海道第一高等学校,11531#5,0,2.3
veh_full_origin_0092_0023,private_car,origin_0092,5439072943,9163#0,,shelter_3,水海道第一高等学校,11531#5,0,2.3
veh_full_origin_0092_0024,private_car,origin_0092,5439072943,9163#0,,shelter_3,水海道第一高等学校,11531#5,0,2.3
veh_full_origin_0092_0025,private_car,origin_0092,5439072943,9163#0,,shelter_3,水海道第一高等学校,11531#5,0,2.3
veh_full_origin_0092_0026,private_car,origin_0092,5439072943,9163#0,,shelter_3,水海道第一高等学校,11531#5,0,2.3
veh_full_origin_0092_0027,private_car,origin_0092,5439072943,9163#0,,shelter_3,水海道第一高等学校,11531#5,0,2.3
veh_full_origin_0092_0028,private_car,origin_0092,5439072943,9163#0,,shelter_3,水海道第一高等学校,11531#5,0,2.3
veh_full_origin_0092_0029,private_car,origin_0092,5439072943,9163#0,,shelter_3,水海道第一高等学校,11531#5,0,2.3
veh_full_origin_0092_0030,private_car,origin_0092,5439072943,9163#0,,shelter_3,水海道第一高等学校,11531#5,0,2.3
veh_full_origin_0092_0031,private_car,origin_0092,5439072943,9163#0,,shelter_3,水海道第一高等学校,11531#5,0,2.3
veh_full_origin_0092_0032,private_car,origin_0092,5439072943,9163#0,,shelter_3,水海道第一高等学校,11531#5,0,2.3
veh_full_origin_0092_0033,private_car,origin_0092,5439072943,9163#0,,shelter_3,水海道第一高等学校,11531#5,0,2.3
veh_full_origin_0092_0034,private_car,origin_0092,5439072943,9163#0,,shelter_3,水海道第一高等学校,11531#5,0,2.3
veh_full_origin_0092_0035,private_car,origin_0092,5439072943,9163#0,,shelter_3,水海道第一高等学校,11531#5,0,2.3
veh_full_origin_0092_0036,private_car,origin_0092,5439072943,9163#0,,shelter_3,水海道第一高等学校,11531#5,0,2.3
veh_full_origin_0092_0037,private_car,origin_0092,5439072943,9163#0,,shelter_3,水海道第一高等学校,11531#5,0,2.3
veh_full_origin_0092_0038,private_car,origin_0092,5439072943,9163#0,,shelter_3,水海道第一高等学校,11531#5,0,2.3
veh_full_origin_0092_0039,private_car,origin_0092,5439072943,9163#0,,shelter_3,水海道第一高等学校,11531#5,0,2.3
veh_full_origin_0092_0040,private_car,origin_0092,5439072943,9163#0,,shelter_3,水海道第一高等学校,11531#5,0,2.3
veh_full_origin_0092_0041,private_car,origin_0092,5439072943,9163#0,,shelter_3,水海道第一高等学校,11531#5,0,2.3
veh_full_origin_0092_0042,private_car,origin_0092,5439072943,9163#0,,shelter_3,水海道第一高等学校,11531#5,0,2.3
veh_full_origin_0092_0043,private_car,origin_0092,5439072943,9163#0,,shelter_3,水海道第一高等学校,11531#5,0,2.3
veh_full_origin_0092_0044,private_car,origin_0092,5439072943,9163#0,,shelter_3,水海道第一高等学校,11531#5,0,2.3
veh_full_origin_0092_0045,private_car,origin_0092,5439072943,9163#0,,shelter_3,水海道第一高等学校,11531#5,0,2.3
veh_full_origin_0092_0046,private_car,origin_0092,5439072943,9163#0,,shelter_3,水海道第一高等学校,11531#5,0,2.3
veh_full_origin_0092_0047,private_car,origin_0092,5439072943,9163#0,,shelter_3,水海道第一高等学校,11531#5,0,2.3
veh_full_origin_0092_0048,private_car,origin_0092,5439072943,9163#0,,shelter_3,水海道第一高等学校,11531#5,0,2.3
veh_full_origin_0092_0049,private_car,origin_0092,5439072943,9163#0,,shelter_3,水海道第一高等学校,11531#5,0,2.3
veh_full_origin_0092_0050,private_car,origin_0092,5439072943,9163#0,,shelter_3,水海道第一高等学校,11531#5,0,2.3
veh_full_origin_0092_0051,private_car,origin_0092,5439072943,9163#0,,shelter_3,水海道第一高等学校,11531#5,0,2.3
veh_full_origin_0092_0052,private_car,origin_0092,5439072943,9163#0,,shelter_3,水海道第一高等学校,11531#5,0,2.3
veh_full_origin_0092_0053,private_car,origin_0092,5439072943,9163#0,,shelter_3,水海道第一高等学校,11531#5,0,2.3
veh_full_origin_0092_0054,private_car,origin_0092,5439072943,9163#0,,shelter_3,水海道第一高等学校,11531#5,0,2.3
veh_full_origin_0092_0055,private_car,origin_0092,5439072943,9163#0,,shelter_3,水海道第一高等学校,11531#5,0,2.3
veh_full_origin_0092_0056,private_car,origin_0092,5439072943,9163#0,,shelter_3,水海道第一高等学校,11531#5,0,2.3
veh_full_origin_0092_0057,private_car,origin_0092,5439072943,9163#0,,shelter_3,水海道第一高等学校,11531#5,0,2.3
veh_full_origin_0092_0058,private_car,origin_0092,5439072943,9163#0,,shelter_3,水海道第一高等学校,11531#5,0,2.3
veh_full_origin_0092_0059,private_car,origin_0092,5439072943,9163#0,,shelter_3,水海道第一高等学校,11531#5,0,2.3
veh_full_origin_0092_0060,private_car,origin_0092,5439072943,9163#0,,shelter_3,水海道第一高等学校,11531#5,0,2.3
veh_full_origin_0092_0061,private_car,origin_0092,5439072943,9163#0,,shelter_3,水海道第一高等学校,11531#5,0,2.3
veh_full_origin_0092_0062,private_car,origin_0092,5439072943,9163#0,,shelter_3,水海道第一高等学校,11531#5,0,2.3
veh_full_origin_0092_0063,private_car,origin_0092,5439072943,9163#0,,shelter_3,水海道第一高等学校,11531#5,0,2.3
veh_full_origin_0092_0064,private_car,origin_0092,5439072943,9163#0,,shelter_3,水海道第一高等学校,11531#5,0,2.3
veh_full_origin_0092_0065,private_car,origin_0092,5439072943,9163#0,,shelter_3,水海道第一高等学校,11531#5,0,2.3
veh_full_origin_0092_0066,private_car,origin_0092,5439072943,9163#0,,shelter_3,水海道第一高等学校,11531#5,0,2.3
veh_full_origin_0093_0001,private_car,origin_0093,5439072944,9377#4,,shelter_3,水海道第一高等学校,11531#5,0,2.3
veh_full_origin_0093_0002,private_car,origin_0093,5439072944,9377#4,,shelter_3,水海道第一高等学校,11531#5,0,2.3
veh_full_origin_0093_0003,private_car,origin_0093,5439072944,9377#4,,shelter_3,水海道第一高等学校,11531#5,0,2.3
veh_full_origin_0093_0004,private_car,origin_0093,5439072944,9377#4,,shelter_3,水海道第一高等学校,11531#5,0,2.3
veh_full_origin_0093_0005,private_car,origin_0093,5439072944,9377#4,,shelter_3,水海道第一高等学校,11531#5,0,2.3
veh_full_origin_0093_0006,private_car,origin_0093,5439072944,9377#4,,shelter_3,水海道第一高等学校,11531#5,0,2.3
veh_full_origin_0093_0007,private_car,origin_0093,5439072944,9377#4,,shelter_3,水海道第一高等学校,11531#5,0,2.3
veh_full_origin_0093_0008,private_car,origin_0093,5439072944,9377#4,,shelter_3,水海道第一高等学校,11531#5,0,2.3
veh_full_origin_0093_0009,private_car,origin_0093,5439072944,9377#4,,shelter_3,水海道第一高等学校,11531#5,0,2.3
veh_full_origin_0093_0010,private_car,origin_0093,5439072944,9377#4,,shelter_3,水海道第一高等学校,11531#5,0,2.3
veh_full_origin_0093_0011,private_car,origin_0093,5439072944,9377#4,,shelter_3,水海道第一高等学校,11531#5,0,2.3
veh_full_origin_0093_0012,private_car,origin_0093,5439072944,9377#4,,shelter_3,水海道第一高等学校,11531#5,0,2.3
veh_full_origin_0093_0013,private_car,origin_0093,5439072944,9377#4,,shelter_3,水海道第一高等学校,11531#5,0,2.3
veh_full_origin_0093_0014,private_car,origin_0093,5439072944,9377#4,,shelter_3,水海道第一高等学校,11531#5,0,2.3
veh_full_origin_0093_0015,private_car,origin_0093,5439072944,9377#4,,shelter_3,水海道第一高等学校,11531#5,0,2.3
veh_full_origin_0094_0001,private_car,origin_0094,5439073514,10388#12,,shelter_7,豊岡小学校,12727#0,0,2.3
veh_full_origin_0094_0002,private_car,origin_0094,5439073514,10388#12,,shelter_7,豊岡小学校,12727#0,0,2.3
veh_full_origin_0094_0003,private_car,origin_0094,5439073514,10388#12,,shelter_7,豊岡小学校,12727#0,0,2.3
veh_full_origin_0094_0004,private_car,origin_0094,5439073514,10388#12,,shelter_7,豊岡小学校,12727#0,0,2.3
veh_full_origin_0094_0005,private_car,origin_0094,5439073514,10388#12,,shelter_7,豊岡小学校,12727#0,0,2.3
veh_full_origin_0094_0006,private_car,origin_0094,5439073514,10388#12,,shelter_7,豊岡小学校,12727#0,0,2.3
veh_full_origin_0095_0001,private_car,origin_0095,5439073524,10375#0,,shelter_7,豊岡小学校,12727#0,0,2.3
veh_full_origin_0095_0002,private_car,origin_0095,5439073524,10375#0,,shelter_7,豊岡小学校,12727#0,0,2.3
veh_full_origin_0095_0003,private_car,origin_0095,5439073524,10375#0,,shelter_7,豊岡小学校,12727#0,0,2.3
veh_full_origin_0095_0004,private_car,origin_0095,5439073524,10375#0,,shelter_7,豊岡小学校,12727#0,0,2.3
veh_full_origin_0095_0005,private_car,origin_0095,5439073524,10375#0,,shelter_7,豊岡小学校,12727#0,0,2.3
veh_full_origin_0095_0006,private_car,origin_0095,5439073524,10375#0,,shelter_7,豊岡小学校,12727#0,0,2.3
veh_full_origin_0095_0007,private_car,origin_0095,5439073524,10375#0,,shelter_7,豊岡小学校,12727#0,0,2.3
veh_full_origin_0095_0008,private_car,origin_0095,5439073524,10375#0,,shelter_7,豊岡小学校,12727#0,0,2.3
veh_full_origin_0095_0009,private_car,origin_0095,5439073524,10375#0,,shelter_7,豊岡小学校,12727#0,0,2.3
veh_full_origin_0095_0010,private_car,origin_0095,5439073524,10375#0,,shelter_7,豊岡小学校,12727#0,0,2.3
veh_full_origin_0095_0011,private_car,origin_0095,5439073524,10375#0,,shelter_7,豊岡小学校,12727#0,0,2.3
veh_full_origin_0095_0012,private_car,origin_0095,5439073524,10375#0,,shelter_7,豊岡小学校,12727#0,0,2.3
veh_full_origin_0095_0013,private_car,origin_0095,5439073524,10375#0,,shelter_7,豊岡小学校,12727#0,0,2.3
veh_full_origin_0096_0001,private_car,origin_0096,5439073532,5302#1,,shelter_7,豊岡小学校,12727#0,0,2.3
veh_full_origin_0096_0002,private_car,origin_0096,5439073532,5302#1,,shelter_7,豊岡小学校,12727#0,0,2.3
veh_full_origin_0096_0003,private_car,origin_0096,5439073532,5302#1,,shelter_7,豊岡小学校,12727#0,0,2.3
veh_full_origin_0096_0004,private_car,origin_0096,5439073532,5302#1,,shelter_7,豊岡小学校,12727#0,0,2.3
veh_full_origin_0096_0005,private_car,origin_0096,5439073532,5302#1,,shelter_7,豊岡小学校,12727#0,0,2.3
veh_full_origin_0096_0006,private_car,origin_0096,5439073532,5302#1,,shelter_7,豊岡小学校,12727#0,0,2.3
veh_full_origin_0096_0007,private_car,origin_0096,5439073532,5302#1,,shelter_7,豊岡小学校,12727#0,0,2.3
veh_full_origin_0096_0008,private_car,origin_0096,5439073532,5302#1,,shelter_7,豊岡小学校,12727#0,0,2.3
veh_full_origin_0096_0009,private_car,origin_0096,5439073532,5302#1,,shelter_7,豊岡小学校,12727#0,0,2.3
veh_full_origin_0096_0010,private_car,origin_0096,5439073532,5302#1,,shelter_7,豊岡小学校,12727#0,0,2.3
veh_full_origin_0096_0011,private_car,origin_0096,5439073532,5302#1,,shelter_7,豊岡小学校,12727#0,0,2.3
veh_full_origin_0096_0012,private_car,origin_0096,5439073532,5302#1,,shelter_7,豊岡小学校,12727#0,0,2.3
veh_full_origin_0096_0013,private_car,origin_0096,5439073532,5302#1,,shelter_7,豊岡小学校,12727#0,0,2.3
veh_full_origin_0096_0014,private_car,origin_0096,5439073532,5302#1,,shelter_7,豊岡小学校,12727#0,0,2.3
veh_full_origin_0096_0015,private_car,origin_0096,5439073532,5302#1,,shelter_7,豊岡小学校,12727#0,0,2.3
veh_full_origin_0096_0016,private_car,origin_0096,5439073532,5302#1,,shelter_7,豊岡小学校,12727#0,0,2.3
veh_full_origin_0096_0017,private_car,origin_0096,5439073532,5302#1,,shelter_7,豊岡小学校,12727#0,0,2.3
veh_full_origin_0096_0018,private_car,origin_0096,5439073532,5302#1,,shelter_7,豊岡小学校,12727#0,0,2.3
veh_full_origin_0096_0019,private_car,origin_0096,5439073532,5302#1,,shelter_7,豊岡小学校,12727#0,0,2.3
veh_full_origin_0096_0020,private_car,origin_0096,5439073532,5302#1,,shelter_7,豊岡小学校,12727#0,0,2.3
veh_full_origin_0096_0021,private_car,origin_0096,5439073532,5302#1,,shelter_7,豊岡小学校,12727#0,0,2.3
veh_full_origin_0096_0022,private_car,origin_0096,5439073532,5302#1,,shelter_7,豊岡小学校,12727#0,0,2.3
veh_full_origin_0096_0023,private_car,origin_0096,5439073532,5302#1,,shelter_7,豊岡小学校,12727#0,0,2.3
veh_full_origin_0096_0024,private_car,origin_0096,5439073532,5302#1,,shelter_7,豊岡小学校,12727#0,0,2.3
veh_full_origin_0096_0025,private_car,origin_0096,5439073532,5302#1,,shelter_7,豊岡小学校,12727#0,0,2.3
veh_full_origin_0096_0026,private_car,origin_0096,5439073532,5302#1,,shelter_7,豊岡小学校,12727#0,0,2.3
veh_full_origin_0096_0027,private_car,origin_0096,5439073532,5302#1,,shelter_7,豊岡小学校,12727#0,0,2.3
veh_full_origin_0096_0028,private_car,origin_0096,5439073532,5302#1,,shelter_7,豊岡小学校,12727#0,0,2.3
veh_full_origin_0096_0029,private_car,origin_0096,5439073532,5302#1,,shelter_7,豊岡小学校,12727#0,0,2.3
veh_full_origin_0096_0030,private_car,origin_0096,5439073532,5302#1,,shelter_7,豊岡小学校,12727#0,0,2.3
veh_full_origin_0097_0001,private_car,origin_0097,5439073533,5269#10,,shelter_7,豊岡小学校,12727#0,0,2.3
veh_full_origin_0097_0002,private_car,origin_0097,5439073533,5269#10,,shelter_7,豊岡小学校,12727#0,0,2.3
veh_full_origin_0097_0003,private_car,origin_0097,5439073533,5269#10,,shelter_7,豊岡小学校,12727#0,0,2.3
veh_full_origin_0097_0004,private_car,origin_0097,5439073533,5269#10,,shelter_7,豊岡小学校,12727#0,0,2.3
veh_full_origin_0097_0005,private_car,origin_0097,5439073533,5269#10,,shelter_7,豊岡小学校,12727#0,0,2.3
veh_full_origin_0097_0006,private_car,origin_0097,5439073533,5269#10,,shelter_7,豊岡小学校,12727#0,0,2.3
veh_full_origin_0097_0007,private_car,origin_0097,5439073533,5269#10,,shelter_7,豊岡小学校,12727#0,0,2.3
veh_full_origin_0097_0008,private_car,origin_0097,5439073533,5269#10,,shelter_7,豊岡小学校,12727#0,0,2.3
veh_full_origin_0097_0009,private_car,origin_0097,5439073533,5269#10,,shelter_7,豊岡小学校,12727#0,0,2.3
veh_full_origin_0098_0001,private_car,origin_0098,5439073534,5284#1,,shelter_7,豊岡小学校,12727#0,0,2.3
veh_full_origin_0098_0002,private_car,origin_0098,5439073534,5284#1,,shelter_7,豊岡小学校,12727#0,0,2.3
veh_full_origin_0098_0003,private_car,origin_0098,5439073534,5284#1,,shelter_7,豊岡小学校,12727#0,0,2.3
veh_full_origin_0098_0004,private_car,origin_0098,5439073534,5284#1,,shelter_7,豊岡小学校,12727#0,0,2.3
veh_full_origin_0098_0005,private_car,origin_0098,5439073534,5284#1,,shelter_7,豊岡小学校,12727#0,0,2.3
veh_full_origin_0098_0006,private_car,origin_0098,5439073534,5284#1,,shelter_7,豊岡小学校,12727#0,0,2.3
veh_full_origin_0098_0007,private_car,origin_0098,5439073534,5284#1,,shelter_7,豊岡小学校,12727#0,0,2.3
veh_full_origin_0098_0008,private_car,origin_0098,5439073534,5284#1,,shelter_7,豊岡小学校,12727#0,0,2.3
veh_full_origin_0098_0009,private_car,origin_0098,5439073534,5284#1,,shelter_7,豊岡小学校,12727#0,0,2.3
veh_full_origin_0098_0010,private_car,origin_0098,5439073534,5284#1,,shelter_7,豊岡小学校,12727#0,0,2.3
veh_full_origin_0098_0011,private_car,origin_0098,5439073534,5284#1,,shelter_7,豊岡小学校,12727#0,0,2.3
veh_full_origin_0098_0012,private_car,origin_0098,5439073534,5284#1,,shelter_7,豊岡小学校,12727#0,0,2.3
veh_full_origin_0098_0013,private_car,origin_0098,5439073534,5284#1,,shelter_7,豊岡小学校,12727#0,0,2.3
veh_full_origin_0098_0014,private_car,origin_0098,5439073534,5284#1,,shelter_7,豊岡小学校,12727#0,0,2.3
veh_full_origin_0098_0015,private_car,origin_0098,5439073534,5284#1,,shelter_7,豊岡小学校,12727#0,0,2.3
veh_full_origin_0098_0016,private_car,origin_0098,5439073534,5284#1,,shelter_7,豊岡小学校,12727#0,0,2.3
veh_full_origin_0098_0017,private_car,origin_0098,5439073534,5284#1,,shelter_7,豊岡小学校,12727#0,0,2.3
veh_full_origin_0098_0018,private_car,origin_0098,5439073534,5284#1,,shelter_7,豊岡小学校,12727#0,0,2.3
veh_full_origin_0098_0019,private_car,origin_0098,5439073534,5284#1,,shelter_7,豊岡小学校,12727#0,0,2.3
veh_full_origin_0098_0020,private_car,origin_0098,5439073534,5284#1,,shelter_7,豊岡小学校,12727#0,0,2.3
veh_full_origin_0098_0021,private_car,origin_0098,5439073534,5284#1,,shelter_7,豊岡小学校,12727#0,0,2.3
veh_full_origin_0098_0022,private_car,origin_0098,5439073534,5284#1,,shelter_7,豊岡小学校,12727#0,0,2.3
veh_full_origin_0098_0023,private_car,origin_0098,5439073534,5284#1,,shelter_7,豊岡小学校,12727#0,0,2.3
veh_full_origin_0098_0024,private_car,origin_0098,5439073534,5284#1,,shelter_7,豊岡小学校,12727#0,0,2.3
veh_full_origin_0098_0025,private_car,origin_0098,5439073534,5284#1,,shelter_7,豊岡小学校,12727#0,0,2.3
veh_full_origin_0098_0026,private_car,origin_0098,5439073534,5284#1,,shelter_7,豊岡小学校,12727#0,0,2.3
veh_full_origin_0099_0001,private_car,origin_0099,5439073542,5343#22,,shelter_7,豊岡小学校,12727#0,0,2.3
veh_full_origin_0099_0002,private_car,origin_0099,5439073542,5343#22,,shelter_7,豊岡小学校,12727#0,0,2.3
veh_full_origin_0099_0003,private_car,origin_0099,5439073542,5343#22,,shelter_7,豊岡小学校,12727#0,0,2.3
veh_full_origin_0099_0004,private_car,origin_0099,5439073542,5343#22,,shelter_7,豊岡小学校,12727#0,0,2.3
veh_full_origin_0099_0005,private_car,origin_0099,5439073542,5343#22,,shelter_7,豊岡小学校,12727#0,0,2.3
veh_full_origin_0099_0006,private_car,origin_0099,5439073542,5343#22,,shelter_7,豊岡小学校,12727#0,0,2.3
veh_full_origin_0099_0007,private_car,origin_0099,5439073542,5343#22,,shelter_7,豊岡小学校,12727#0,0,2.3
veh_full_origin_0099_0008,private_car,origin_0099,5439073542,5343#22,,shelter_7,豊岡小学校,12727#0,0,2.3
veh_full_origin_0099_0009,private_car,origin_0099,5439073542,5343#22,,shelter_7,豊岡小学校,12727#0,0,2.3
veh_full_origin_0099_0010,private_car,origin_0099,5439073542,5343#22,,shelter_7,豊岡小学校,12727#0,0,2.3
veh_full_origin_0099_0011,private_car,origin_0099,5439073542,5343#22,,shelter_7,豊岡小学校,12727#0,0,2.3
veh_full_origin_0099_0012,private_car,origin_0099,5439073542,5343#22,,shelter_7,豊岡小学校,12727#0,0,2.3
veh_full_origin_0099_0013,private_car,origin_0099,5439073542,5343#22,,shelter_7,豊岡小学校,12727#0,0,2.3
veh_full_origin_0099_0014,private_car,origin_0099,5439073542,5343#22,,shelter_7,豊岡小学校,12727#0,0,2.3
veh_full_origin_0100_0001,private_car,origin_0100,5439073543,5343#16,,shelter_7,豊岡小学校,12727#0,0,2.3
veh_full_origin_0100_0002,private_car,origin_0100,5439073543,5343#16,,shelter_7,豊岡小学校,12727#0,0,2.3
veh_full_origin_0100_0003,private_car,origin_0100,5439073543,5343#16,,shelter_7,豊岡小学校,12727#0,0,2.3
veh_full_origin_0100_0004,private_car,origin_0100,5439073543,5343#16,,shelter_7,豊岡小学校,12727#0,0,2.3
veh_full_origin_0100_0005,private_car,origin_0100,5439073543,5343#16,,shelter_7,豊岡小学校,12727#0,0,2.3
veh_full_origin_0100_0006,private_car,origin_0100,5439073543,5343#16,,shelter_7,豊岡小学校,12727#0,0,2.3
veh_full_origin_0100_0007,private_car,origin_0100,5439073543,5343#16,,shelter_7,豊岡小学校,12727#0,0,2.3
veh_full_origin_0100_0008,private_car,origin_0100,5439073543,5343#16,,shelter_7,豊岡小学校,12727#0,0,2.3
veh_full_origin_0100_0009,private_car,origin_0100,5439073543,5343#16,,shelter_7,豊岡小学校,12727#0,0,2.3
veh_full_origin_0100_0010,private_car,origin_0100,5439073543,5343#16,,shelter_7,豊岡小学校,12727#0,0,2.3
veh_full_origin_0100_0011,private_car,origin_0100,5439073543,5343#16,,shelter_7,豊岡小学校,12727#0,0,2.3
veh_full_origin_0100_0012,private_car,origin_0100,5439073543,5343#16,,shelter_7,豊岡小学校,12727#0,0,2.3
veh_full_origin_0100_0013,private_car,origin_0100,5439073543,5343#16,,shelter_7,豊岡小学校,12727#0,0,2.3
veh_full_origin_0100_0014,private_car,origin_0100,5439073543,5343#16,,shelter_7,豊岡小学校,12727#0,0,2.3
veh_full_origin_0100_0015,private_car,origin_0100,5439073543,5343#16,,shelter_7,豊岡小学校,12727#0,0,2.3
veh_full_origin_0100_0016,private_car,origin_0100,5439073543,5343#16,,shelter_7,豊岡小学校,12727#0,0,2.3
veh_full_origin_0100_0017,private_car,origin_0100,5439073543,5343#16,,shelter_7,豊岡小学校,12727#0,0,2.3
veh_full_origin_0100_0018,private_car,origin_0100,5439073543,5343#16,,shelter_7,豊岡小学校,12727#0,0,2.3
veh_full_origin_0100_0019,private_car,origin_0100,5439073543,5343#16,,shelter_7,豊岡小学校,12727#0,0,2.3
veh_full_origin_0100_0020,private_car,origin_0100,5439073543,5343#16,,shelter_7,豊岡小学校,12727#0,0,2.3
veh_full_origin_0100_0021,private_car,origin_0100,5439073543,5343#16,,shelter_7,豊岡小学校,12727#0,0,2.3
veh_full_origin_0100_0022,private_car,origin_0100,5439073543,5343#16,,shelter_7,豊岡小学校,12727#0,0,2.3
veh_full_origin_0100_0023,private_car,origin_0100,5439073543,5343#16,,shelter_7,豊岡小学校,12727#0,0,2.3
veh_full_origin_0100_0024,private_car,origin_0100,5439073543,5343#16,,shelter_7,豊岡小学校,12727#0,0,2.3
veh_full_origin_0101_0001,private_car,origin_0101,5439073544,5303#19,,shelter_7,豊岡小学校,12727#0,0,2.3
veh_full_origin_0101_0002,private_car,origin_0101,5439073544,5303#19,,shelter_7,豊岡小学校,12727#0,0,2.3
veh_full_origin_0101_0003,private_car,origin_0101,5439073544,5303#19,,shelter_7,豊岡小学校,12727#0,0,2.3
veh_full_origin_0101_0004,private_car,origin_0101,5439073544,5303#19,,shelter_7,豊岡小学校,12727#0,0,2.3
veh_full_origin_0101_0005,private_car,origin_0101,5439073544,5303#19,,shelter_7,豊岡小学校,12727#0,0,2.3
veh_full_origin_0101_0006,private_car,origin_0101,5439073544,5303#19,,shelter_7,豊岡小学校,12727#0,0,2.3
veh_full_origin_0101_0007,private_car,origin_0101,5439073544,5303#19,,shelter_7,豊岡小学校,12727#0,0,2.3
veh_full_origin_0101_0008,private_car,origin_0101,5439073544,5303#19,,shelter_7,豊岡小学校,12727#0,0,2.3
veh_full_origin_0101_0009,private_car,origin_0101,5439073544,5303#19,,shelter_7,豊岡小学校,12727#0,0,2.3
veh_full_origin_0101_0010,private_car,origin_0101,5439073544,5303#19,,shelter_7,豊岡小学校,12727#0,0,2.3
veh_full_origin_0101_0011,private_car,origin_0101,5439073544,5303#19,,shelter_7,豊岡小学校,12727#0,0,2.3
veh_full_origin_0101_0012,private_car,origin_0101,5439073544,5303#19,,shelter_7,豊岡小学校,12727#0,0,2.3
veh_full_origin_0101_0013,private_car,origin_0101,5439073544,5303#19,,shelter_7,豊岡小学校,12727#0,0,2.3
veh_full_origin_0101_0014,private_car,origin_0101,5439073544,5303#19,,shelter_7,豊岡小学校,12727#0,0,2.3
veh_full_origin_0101_0015,private_car,origin_0101,5439073544,5303#19,,shelter_7,豊岡小学校,12727#0,0,2.3
veh_full_origin_0101_0016,private_car,origin_0101,5439073544,5303#19,,shelter_7,豊岡小学校,12727#0,0,2.3
veh_full_origin_0101_0017,private_car,origin_0101,5439073544,5303#19,,shelter_7,豊岡小学校,12727#0,0,2.3
veh_full_origin_0101_0018,private_car,origin_0101,5439073544,5303#19,,shelter_7,豊岡小学校,12727#0,0,2.3
veh_full_origin_0101_0019,private_car,origin_0101,5439073544,5303#19,,shelter_7,豊岡小学校,12727#0,0,2.3
veh_full_origin_0101_0020,private_car,origin_0101,5439073544,5303#19,,shelter_7,豊岡小学校,12727#0,0,2.3
veh_full_origin_0101_0021,private_car,origin_0101,5439073544,5303#19,,shelter_7,豊岡小学校,12727#0,0,2.3
veh_full_origin_0101_0022,private_car,origin_0101,5439073544,5303#19,,shelter_7,豊岡小学校,12727#0,0,2.3
veh_full_origin_0101_0023,private_car,origin_0101,5439073544,5303#19,,shelter_7,豊岡小学校,12727#0,0,2.3
veh_full_origin_0101_0024,private_car,origin_0101,5439073544,5303#19,,shelter_7,豊岡小学校,12727#0,0,2.3
veh_full_origin_0101_0025,private_car,origin_0101,5439073544,5303#19,,shelter_7,豊岡小学校,12727#0,0,2.3
veh_full_origin_0101_0026,private_car,origin_0101,5439073544,5303#19,,shelter_7,豊岡小学校,12727#0,0,2.3
veh_full_origin_0102_0001,private_car,origin_0102,5439073621,6672,,shelter_7,豊岡小学校,12727#0,0,2.3
veh_full_origin_0102_0002,private_car,origin_0102,5439073621,6672,,shelter_7,豊岡小学校,12727#0,0,2.3
veh_full_origin_0102_0003,private_car,origin_0102,5439073621,6672,,shelter_7,豊岡小学校,12727#0,0,2.3
veh_full_origin_0102_0004,private_car,origin_0102,5439073621,6672,,shelter_7,豊岡小学校,12727#0,0,2.3
veh_full_origin_0102_0005,private_car,origin_0102,5439073621,6672,,shelter_7,豊岡小学校,12727#0,0,2.3
veh_full_origin_0102_0006,private_car,origin_0102,5439073621,6672,,shelter_7,豊岡小学校,12727#0,0,2.3
veh_full_origin_0102_0007,private_car,origin_0102,5439073621,6672,,shelter_7,豊岡小学校,12727#0,0,2.3
veh_full_origin_0102_0008,private_car,origin_0102,5439073621,6672,,shelter_7,豊岡小学校,12727#0,0,2.3
veh_full_origin_0102_0009,private_car,origin_0102,5439073621,6672,,shelter_7,豊岡小学校,12727#0,0,2.3
veh_full_origin_0102_0010,private_car,origin_0102,5439073621,6672,,shelter_7,豊岡小学校,12727#0,0,2.3
veh_full_origin_0102_0011,private_car,origin_0102,5439073621,6672,,shelter_7,豊岡小学校,12727#0,0,2.3
veh_full_origin_0102_0012,private_car,origin_0102,5439073621,6672,,shelter_7,豊岡小学校,12727#0,0,2.3
veh_full_origin_0102_0013,private_car,origin_0102,5439073621,6672,,shelter_7,豊岡小学校,12727#0,0,2.3
veh_full_origin_0102_0014,private_car,origin_0102,5439073621,6672,,shelter_7,豊岡小学校,12727#0,0,2.3
veh_full_origin_0102_0015,private_car,origin_0102,5439073621,6672,,shelter_7,豊岡小学校,12727#0,0,2.3
veh_full_origin_0102_0016,private_car,origin_0102,5439073621,6672,,shelter_7,豊岡小学校,12727#0,0,2.3
veh_full_origin_0102_0017,private_car,origin_0102,5439073621,6672,,shelter_7,豊岡小学校,12727#0,0,2.3
veh_full_origin_0102_0018,private_car,origin_0102,5439073621,6672,,shelter_7,豊岡小学校,12727#0,0,2.3
veh_full_origin_0102_0019,private_car,origin_0102,5439073621,6672,,shelter_7,豊岡小学校,12727#0,0,2.3
veh_full_origin_0102_0020,private_car,origin_0102,5439073621,6672,,shelter_7,豊岡小学校,12727#0,0,2.3
veh_full_origin_0102_0021,private_car,origin_0102,5439073621,6672,,shelter_7,豊岡小学校,12727#0,0,2.3
veh_full_origin_0102_0022,private_car,origin_0102,5439073621,6672,,shelter_7,豊岡小学校,12727#0,0,2.3
veh_full_origin_0102_0023,private_car,origin_0102,5439073621,6672,,shelter_7,豊岡小学校,12727#0,0,2.3
veh_full_origin_0102_0024,private_car,origin_0102,5439073621,6672,,shelter_7,豊岡小学校,12727#0,0,2.3
veh_full_origin_0102_0025,private_car,origin_0102,5439073621,6672,,shelter_7,豊岡小学校,12727#0,0,2.3
veh_full_origin_0102_0026,private_car,origin_0102,5439073621,6672,,shelter_7,豊岡小学校,12727#0,0,2.3
veh_full_origin_0102_0027,private_car,origin_0102,5439073621,6672,,shelter_7,豊岡小学校,12727#0,0,2.3
veh_full_origin_0102_0028,private_car,origin_0102,5439073621,6672,,shelter_7,豊岡小学校,12727#0,0,2.3
veh_full_origin_0102_0029,private_car,origin_0102,5439073621,6672,,shelter_7,豊岡小学校,12727#0,0,2.3
veh_full_origin_0102_0030,private_car,origin_0102,5439073621,6672,,shelter_7,豊岡小学校,12727#0,0,2.3
veh_full_origin_0102_0031,private_car,origin_0102,5439073621,6672,,shelter_7,豊岡小学校,12727#0,0,2.3
veh_full_origin_0102_0032,private_car,origin_0102,5439073621,6672,,shelter_7,豊岡小学校,12727#0,0,2.3
veh_full_origin_0103_0001,private_car,origin_0103,5439073623,5325#15,,shelter_7,豊岡小学校,12727#0,0,2.3
veh_full_origin_0103_0002,private_car,origin_0103,5439073623,5325#15,,shelter_7,豊岡小学校,12727#0,0,2.3
veh_full_origin_0103_0003,private_car,origin_0103,5439073623,5325#15,,shelter_7,豊岡小学校,12727#0,0,2.3
veh_full_origin_0103_0004,private_car,origin_0103,5439073623,5325#15,,shelter_7,豊岡小学校,12727#0,0,2.3
veh_full_origin_0103_0005,private_car,origin_0103,5439073623,5325#15,,shelter_7,豊岡小学校,12727#0,0,2.3
veh_full_origin_0103_0006,private_car,origin_0103,5439073623,5325#15,,shelter_7,豊岡小学校,12727#0,0,2.3
veh_full_origin_0103_0007,private_car,origin_0103,5439073623,5325#15,,shelter_7,豊岡小学校,12727#0,0,2.3
veh_full_origin_0103_0008,private_car,origin_0103,5439073623,5325#15,,shelter_7,豊岡小学校,12727#0,0,2.3
veh_full_origin_0103_0009,private_car,origin_0103,5439073623,5325#15,,shelter_7,豊岡小学校,12727#0,0,2.3
veh_full_origin_0103_0010,private_car,origin_0103,5439073623,5325#15,,shelter_7,豊岡小学校,12727#0,0,2.3
veh_full_origin_0103_0011,private_car,origin_0103,5439073623,5325#15,,shelter_7,豊岡小学校,12727#0,0,2.3
veh_full_origin_0103_0012,private_car,origin_0103,5439073623,5325#15,,shelter_7,豊岡小学校,12727#0,0,2.3
veh_full_origin_0103_0013,private_car,origin_0103,5439073623,5325#15,,shelter_7,豊岡小学校,12727#0,0,2.3
veh_full_origin_0104_0001,private_car,origin_0104,5439073633,5325#14,,shelter_7,豊岡小学校,12727#0,0,2.3
veh_full_origin_0104_0002,private_car,origin_0104,5439073633,5325#14,,shelter_7,豊岡小学校,12727#0,0,2.3
veh_full_origin_0104_0003,private_car,origin_0104,5439073633,5325#14,,shelter_7,豊岡小学校,12727#0,0,2.3
veh_full_origin_0104_0004,private_car,origin_0104,5439073633,5325#14,,shelter_7,豊岡小学校,12727#0,0,2.3
veh_full_origin_0104_0005,private_car,origin_0104,5439073633,5325#14,,shelter_7,豊岡小学校,12727#0,0,2.3
veh_full_origin_0104_0006,private_car,origin_0104,5439073633,5325#14,,shelter_7,豊岡小学校,12727#0,0,2.3
veh_full_origin_0104_0007,private_car,origin_0104,5439073633,5325#14,,shelter_7,豊岡小学校,12727#0,0,2.3
veh_full_origin_0104_0008,private_car,origin_0104,5439073633,5325#14,,shelter_7,豊岡小学校,12727#0,0,2.3
veh_full_origin_0104_0009,private_car,origin_0104,5439073633,5325#14,,shelter_7,豊岡小学校,12727#0,0,2.3
veh_full_origin_0104_0010,private_car,origin_0104,5439073633,5325#14,,shelter_7,豊岡小学校,12727#0,0,2.3
veh_full_origin_0104_0011,private_car,origin_0104,5439073633,5325#14,,shelter_7,豊岡小学校,12727#0,0,2.3
veh_full_origin_0104_0012,private_car,origin_0104,5439073633,5325#14,,shelter_7,豊岡小学校,12727#0,0,2.3
veh_full_origin_0104_0013,private_car,origin_0104,5439073633,5325#14,,shelter_7,豊岡小学校,12727#0,0,2.3
veh_full_origin_0104_0014,private_car,origin_0104,5439073633,5325#14,,shelter_7,豊岡小学校,12727#0,0,2.3
veh_full_origin_0104_0015,private_car,origin_0104,5439073633,5325#14,,shelter_7,豊岡小学校,12727#0,0,2.3
veh_full_origin_0104_0016,private_car,origin_0104,5439073633,5325#14,,shelter_7,豊岡小学校,12727#0,0,2.3
veh_full_origin_0104_0017,private_car,origin_0104,5439073633,5325#14,,shelter_7,豊岡小学校,12727#0,0,2.3
veh_full_origin_0104_0018,private_car,origin_0104,5439073633,5325#14,,shelter_7,豊岡小学校,12727#0,0,2.3
veh_full_origin_0104_0019,private_car,origin_0104,5439073633,5325#14,,shelter_7,豊岡小学校,12727#0,0,2.3
veh_full_origin_0104_0020,private_car,origin_0104,5439073633,5325#14,,shelter_7,豊岡小学校,12727#0,0,2.3
veh_full_origin_0104_0021,private_car,origin_0104,5439073633,5325#14,,shelter_7,豊岡小学校,12727#0,0,2.3
veh_full_origin_0104_0022,private_car,origin_0104,5439073633,5325#14,,shelter_7,豊岡小学校,12727#0,0,2.3
veh_full_origin_0105_0001,private_car,origin_0105,5439073644,10517#0,,shelter_7,豊岡小学校,12727#0,0,2.3
veh_full_origin_0105_0002,private_car,origin_0105,5439073644,10517#0,,shelter_7,豊岡小学校,12727#0,0,2.3
veh_full_origin_0105_0003,private_car,origin_0105,5439073644,10517#0,,shelter_7,豊岡小学校,12727#0,0,2.3
veh_full_origin_0105_0004,private_car,origin_0105,5439073644,10517#0,,shelter_7,豊岡小学校,12727#0,0,2.3
veh_full_origin_0105_0005,private_car,origin_0105,5439073644,10517#0,,shelter_7,豊岡小学校,12727#0,0,2.3
veh_full_origin_0105_0006,private_car,origin_0105,5439073644,10517#0,,shelter_7,豊岡小学校,12727#0,0,2.3
veh_full_origin_0105_0007,private_car,origin_0105,5439073644,10517#0,,shelter_7,豊岡小学校,12727#0,0,2.3
veh_full_origin_0105_0008,private_car,origin_0105,5439073644,10517#0,,shelter_7,豊岡小学校,12727#0,0,2.3
veh_full_origin_0105_0009,private_car,origin_0105,5439073644,10517#0,,shelter_7,豊岡小学校,12727#0,0,2.3
veh_full_origin_0105_0010,private_car,origin_0105,5439073644,10517#0,,shelter_7,豊岡小学校,12727#0,0,2.3
veh_full_origin_0105_0011,private_car,origin_0105,5439073644,10517#0,,shelter_7,豊岡小学校,12727#0,0,2.3
veh_full_origin_0106_0001,private_car,origin_0106,5439073741,5359#9,,shelter_7,豊岡小学校,12727#0,0,2.3
veh_full_origin_0106_0002,private_car,origin_0106,5439073741,5359#9,,shelter_7,豊岡小学校,12727#0,0,2.3
veh_full_origin_0106_0003,private_car,origin_0106,5439073741,5359#9,,shelter_7,豊岡小学校,12727#0,0,2.3
veh_full_origin_0106_0004,private_car,origin_0106,5439073741,5359#9,,shelter_7,豊岡小学校,12727#0,0,2.3
veh_full_origin_0106_0005,private_car,origin_0106,5439073741,5359#9,,shelter_7,豊岡小学校,12727#0,0,2.3
veh_full_origin_0106_0006,private_car,origin_0106,5439073741,5359#9,,shelter_7,豊岡小学校,12727#0,0,2.3
veh_full_origin_0106_0007,private_car,origin_0106,5439073741,5359#9,,shelter_7,豊岡小学校,12727#0,0,2.3
veh_full_origin_0106_0008,private_car,origin_0106,5439073741,5359#9,,shelter_7,豊岡小学校,12727#0,0,2.3
veh_full_origin_0106_0009,private_car,origin_0106,5439073741,5359#9,,shelter_7,豊岡小学校,12727#0,0,2.3
veh_full_origin_0106_0010,private_car,origin_0106,5439073741,5359#9,,shelter_7,豊岡小学校,12727#0,0,2.3
veh_full_origin_0106_0011,private_car,origin_0106,5439073741,5359#9,,shelter_7,豊岡小学校,12727#0,0,2.3
veh_full_origin_0106_0012,private_car,origin_0106,5439073741,5359#9,,shelter_7,豊岡小学校,12727#0,0,2.3
veh_full_origin_0106_0013,private_car,origin_0106,5439073741,5359#9,,shelter_7,豊岡小学校,12727#0,0,2.3
veh_full_origin_0106_0014,private_car,origin_0106,5439073741,5359#9,,shelter_7,豊岡小学校,12727#0,0,2.3
veh_full_origin_0106_0015,private_car,origin_0106,5439073741,5359#9,,shelter_7,豊岡小学校,12727#0,0,2.3
veh_full_origin_0106_0016,private_car,origin_0106,5439073741,5359#9,,shelter_7,豊岡小学校,12727#0,0,2.3
veh_full_origin_0106_0017,private_car,origin_0106,5439073741,5359#9,,shelter_7,豊岡小学校,12727#0,0,2.3
veh_full_origin_0106_0018,private_car,origin_0106,5439073741,5359#9,,shelter_7,豊岡小学校,12727#0,0,2.3
veh_full_origin_0106_0019,private_car,origin_0106,5439073741,5359#9,,shelter_7,豊岡小学校,12727#0,0,2.3
veh_full_origin_0106_0020,private_car,origin_0106,5439073741,5359#9,,shelter_7,豊岡小学校,12727#0,0,2.3
veh_full_origin_0106_0021,private_car,origin_0106,5439073741,5359#9,,shelter_7,豊岡小学校,12727#0,0,2.3
veh_full_origin_0106_0022,private_car,origin_0106,5439073741,5359#9,,shelter_7,豊岡小学校,12727#0,0,2.3
veh_full_origin_0106_0023,private_car,origin_0106,5439073741,5359#9,,shelter_7,豊岡小学校,12727#0,0,2.3
veh_full_origin_0106_0024,private_car,origin_0106,5439073741,5359#9,,shelter_7,豊岡小学校,12727#0,0,2.3
veh_full_origin_0106_0025,private_car,origin_0106,5439073741,5359#9,,shelter_7,豊岡小学校,12727#0,0,2.3
veh_full_origin_0106_0026,private_car,origin_0106,5439073741,5359#9,,shelter_7,豊岡小学校,12727#0,0,2.3
veh_full_origin_0106_0027,private_car,origin_0106,5439073741,5359#9,,shelter_7,豊岡小学校,12727#0,0,2.3
veh_full_origin_0106_0028,private_car,origin_0106,5439073741,5359#9,,shelter_7,豊岡小学校,12727#0,0,2.3
veh_full_origin_0106_0029,private_car,origin_0106,5439073741,5359#9,,shelter_7,豊岡小学校,12727#0,0,2.3
veh_full_origin_0106_0030,private_car,origin_0106,5439073741,5359#9,,shelter_7,豊岡小学校,12727#0,0,2.3
veh_full_origin_0106_0031,private_car,origin_0106,5439073741,5359#9,,shelter_7,豊岡小学校,12727#0,0,2.3
veh_full_origin_0106_0032,private_car,origin_0106,5439073741,5359#9,,shelter_7,豊岡小学校,12727#0,0,2.3
veh_full_origin_0106_0033,private_car,origin_0106,5439073741,5359#9,,shelter_7,豊岡小学校,12727#0,0,2.3
veh_full_origin_0107_0001,private_car,origin_0107,5439073911,9241#0,,shelter_3,水海道第一高等学校,11531#5,0,2.3
veh_full_origin_0107_0002,private_car,origin_0107,5439073911,9241#0,,shelter_3,水海道第一高等学校,11531#5,0,2.3
veh_full_origin_0107_0003,private_car,origin_0107,5439073911,9241#0,,shelter_3,水海道第一高等学校,11531#5,0,2.3
veh_full_origin_0107_0004,private_car,origin_0107,5439073911,9241#0,,shelter_3,水海道第一高等学校,11531#5,0,2.3
veh_full_origin_0107_0005,private_car,origin_0107,5439073911,9241#0,,shelter_3,水海道第一高等学校,11531#5,0,2.3
veh_full_origin_0107_0006,private_car,origin_0107,5439073911,9241#0,,shelter_3,水海道第一高等学校,11531#5,0,2.3
veh_full_origin_0107_0007,private_car,origin_0107,5439073911,9241#0,,shelter_3,水海道第一高等学校,11531#5,0,2.3
veh_full_origin_0107_0008,private_car,origin_0107,5439073911,9241#0,,shelter_3,水海道第一高等学校,11531#5,0,2.3
veh_full_origin_0107_0009,private_car,origin_0107,5439073911,9241#0,,shelter_3,水海道第一高等学校,11531#5,0,2.3
veh_full_origin_0107_0010,private_car,origin_0107,5439073911,9241#0,,shelter_3,水海道第一高等学校,11531#5,0,2.3
veh_full_origin_0107_0011,private_car,origin_0107,5439073911,9241#0,,shelter_3,水海道第一高等学校,11531#5,0,2.3
veh_full_origin_0107_0012,private_car,origin_0107,5439073911,9241#0,,shelter_3,水海道第一高等学校,11531#5,0,2.3
veh_full_origin_0107_0013,private_car,origin_0107,5439073911,9241#0,,shelter_3,水海道第一高等学校,11531#5,0,2.3
veh_full_origin_0107_0014,private_car,origin_0107,5439073911,9241#0,,shelter_3,水海道第一高等学校,11531#5,0,2.3
veh_full_origin_0107_0015,private_car,origin_0107,5439073911,9241#0,,shelter_3,水海道第一高等学校,11531#5,0,2.3
veh_full_origin_0107_0016,private_car,origin_0107,5439073911,9241#0,,shelter_3,水海道第一高等学校,11531#5,0,2.3
veh_full_origin_0107_0017,private_car,origin_0107,5439073911,9241#0,,shelter_3,水海道第一高等学校,11531#5,0,2.3
veh_full_origin_0107_0018,private_car,origin_0107,5439073911,9241#0,,shelter_3,水海道第一高等学校,11531#5,0,2.3
veh_full_origin_0107_0019,private_car,origin_0107,5439073911,9241#0,,shelter_3,水海道第一高等学校,11531#5,0,2.3
veh_full_origin_0107_0020,private_car,origin_0107,5439073911,9241#0,,shelter_3,水海道第一高等学校,11531#5,0,2.3
veh_full_origin_0107_0021,private_car,origin_0107,5439073911,9241#0,,shelter_3,水海道第一高等学校,11531#5,0,2.3
veh_full_origin_0107_0022,private_car,origin_0107,5439073911,9241#0,,shelter_3,水海道第一高等学校,11531#5,0,2.3
veh_full_origin_0107_0023,private_car,origin_0107,5439073911,9241#0,,shelter_3,水海道第一高等学校,11531#5,0,2.3
veh_full_origin_0107_0024,private_car,origin_0107,5439073911,9241#0,,shelter_3,水海道第一高等学校,11531#5,0,2.3
veh_full_origin_0107_0025,private_car,origin_0107,5439073911,9241#0,,shelter_3,水海道第一高等学校,11531#5,0,2.3
veh_full_origin_0107_0026,private_car,origin_0107,5439073911,9241#0,,shelter_3,水海道第一高等学校,11531#5,0,2.3
veh_full_origin_0107_0027,private_car,origin_0107,5439073911,9241#0,,shelter_3,水海道第一高等学校,11531#5,0,2.3
veh_full_origin_0107_0028,private_car,origin_0107,5439073911,9241#0,,shelter_3,水海道第一高等学校,11531#5,0,2.3
veh_full_origin_0107_0029,private_car,origin_0107,5439073911,9241#0,,shelter_3,水海道第一高等学校,11531#5,0,2.3
veh_full_origin_0107_0030,private_car,origin_0107,5439073911,9241#0,,shelter_3,水海道第一高等学校,11531#5,0,2.3
veh_full_origin_0107_0031,private_car,origin_0107,5439073911,9241#0,,shelter_3,水海道第一高等学校,11531#5,0,2.3
veh_full_origin_0107_0032,private_car,origin_0107,5439073911,9241#0,,shelter_3,水海道第一高等学校,11531#5,0,2.3
veh_full_origin_0107_0033,private_car,origin_0107,5439073911,9241#0,,shelter_3,水海道第一高等学校,11531#5,0,2.3
veh_full_origin_0107_0034,private_car,origin_0107,5439073911,9241#0,,shelter_3,水海道第一高等学校,11531#5,0,2.3
veh_full_origin_0107_0035,private_car,origin_0107,5439073911,9241#0,,shelter_3,水海道第一高等学校,11531#5,0,2.3
veh_full_origin_0107_0036,private_car,origin_0107,5439073911,9241#0,,shelter_3,水海道第一高等学校,11531#5,0,2.3
veh_full_origin_0107_0037,private_car,origin_0107,5439073911,9241#0,,shelter_3,水海道第一高等学校,11531#5,0,2.3
veh_full_origin_0107_0038,private_car,origin_0107,5439073911,9241#0,,shelter_3,水海道第一高等学校,11531#5,0,2.3
veh_full_origin_0107_0039,private_car,origin_0107,5439073911,9241#0,,shelter_3,水海道第一高等学校,11531#5,0,2.3
veh_full_origin_0107_0040,private_car,origin_0107,5439073911,9241#0,,shelter_3,水海道第一高等学校,11531#5,0,2.3
veh_full_origin_0107_0041,private_car,origin_0107,5439073911,9241#0,,shelter_3,水海道第一高等学校,11531#5,0,2.3
veh_full_origin_0107_0042,private_car,origin_0107,5439073911,9241#0,,shelter_3,水海道第一高等学校,11531#5,0,2.3
veh_full_origin_0107_0043,private_car,origin_0107,5439073911,9241#0,,shelter_3,水海道第一高等学校,11531#5,0,2.3
veh_full_origin_0107_0044,private_car,origin_0107,5439073911,9241#0,,shelter_3,水海道第一高等学校,11531#5,0,2.3
veh_full_origin_0107_0045,private_car,origin_0107,5439073911,9241#0,,shelter_3,水海道第一高等学校,11531#5,0,2.3
veh_full_origin_0107_0046,private_car,origin_0107,5439073911,9241#0,,shelter_3,水海道第一高等学校,11531#5,0,2.3
veh_full_origin_0107_0047,private_car,origin_0107,5439073911,9241#0,,shelter_3,水海道第一高等学校,11531#5,0,2.3
veh_full_origin_0107_0048,private_car,origin_0107,5439073911,9241#0,,shelter_3,水海道第一高等学校,11531#5,0,2.3
veh_full_origin_0107_0049,private_car,origin_0107,5439073911,9241#0,,shelter_3,水海道第一高等学校,11531#5,0,2.3
veh_full_origin_0107_0050,private_car,origin_0107,5439073911,9241#0,,shelter_3,水海道第一高等学校,11531#5,0,2.3
veh_full_origin_0107_0051,private_car,origin_0107,5439073911,9241#0,,shelter_3,水海道第一高等学校,11531#5,0,2.3
veh_full_origin_0107_0052,private_car,origin_0107,5439073911,9241#0,,shelter_3,水海道第一高等学校,11531#5,0,2.3
veh_full_origin_0107_0053,private_car,origin_0107,5439073911,9241#0,,shelter_3,水海道第一高等学校,11531#5,0,2.3
veh_full_origin_0107_0054,private_car,origin_0107,5439073911,9241#0,,shelter_3,水海道第一高等学校,11531#5,0,2.3
veh_full_origin_0107_0055,private_car,origin_0107,5439073911,9241#0,,shelter_3,水海道第一高等学校,11531#5,0,2.3
veh_full_origin_0107_0056,private_car,origin_0107,5439073911,9241#0,,shelter_3,水海道第一高等学校,11531#5,0,2.3
veh_full_origin_0107_0057,private_car,origin_0107,5439073911,9241#0,,shelter_3,水海道第一高等学校,11531#5,0,2.3
veh_full_origin_0107_0058,private_car,origin_0107,5439073911,9241#0,,shelter_3,水海道第一高等学校,11531#5,0,2.3
veh_full_origin_0107_0059,private_car,origin_0107,5439073911,9241#0,,shelter_3,水海道第一高等学校,11531#5,0,2.3
veh_full_origin_0107_0060,private_car,origin_0107,5439073911,9241#0,,shelter_3,水海道第一高等学校,11531#5,0,2.3
veh_full_origin_0107_0061,private_car,origin_0107,5439073911,9241#0,,shelter_3,水海道第一高等学校,11531#5,0,2.3
veh_full_origin_0107_0062,private_car,origin_0107,5439073911,9241#0,,shelter_3,水海道第一高等学校,11531#5,0,2.3
veh_full_origin_0107_0063,private_car,origin_0107,5439073911,9241#0,,shelter_3,水海道第一高等学校,11531#5,0,2.3
veh_full_origin_0107_0064,private_car,origin_0107,5439073911,9241#0,,shelter_3,水海道第一高等学校,11531#5,0,2.3
veh_full_origin_0107_0065,private_car,origin_0107,5439073911,9241#0,,shelter_3,水海道第一高等学校,11531#5,0,2.3
veh_full_origin_0107_0066,private_car,origin_0107,5439073911,9241#0,,shelter_3,水海道第一高等学校,11531#5,0,2.3
veh_full_origin_0107_0067,private_car,origin_0107,5439073911,9241#0,,shelter_3,水海道第一高等学校,11531#5,0,2.3
veh_full_origin_0107_0068,private_car,origin_0107,5439073911,9241#0,,shelter_3,水海道第一高等学校,11531#5,0,2.3
veh_full_origin_0107_0069,private_car,origin_0107,5439073911,9241#0,,shelter_3,水海道第一高等学校,11531#5,0,2.3
veh_full_origin_0107_0070,private_car,origin_0107,5439073911,9241#0,,shelter_3,水海道第一高等学校,11531#5,0,2.3
veh_full_origin_0107_0071,private_car,origin_0107,5439073911,9241#0,,shelter_3,水海道第一高等学校,11531#5,0,2.3
veh_full_origin_0107_0072,private_car,origin_0107,5439073911,9241#0,,shelter_3,水海道第一高等学校,11531#5,0,2.3
veh_full_origin_0107_0073,private_car,origin_0107,5439073911,9241#0,,shelter_3,水海道第一高等学校,11531#5,0,2.3
veh_full_origin_0107_0074,private_car,origin_0107,5439073911,9241#0,,shelter_3,水海道第一高等学校,11531#5,0,2.3
veh_full_origin_0107_0075,private_car,origin_0107,5439073911,9241#0,,shelter_3,水海道第一高等学校,11531#5,0,2.3
veh_full_origin_0107_0076,private_car,origin_0107,5439073911,9241#0,,shelter_3,水海道第一高等学校,11531#5,0,2.3
veh_full_origin_0107_0077,private_car,origin_0107,5439073911,9241#0,,shelter_3,水海道第一高等学校,11531#5,0,2.3
veh_full_origin_0107_0078,private_car,origin_0107,5439073911,9241#0,,shelter_3,水海道第一高等学校,11531#5,0,2.3
veh_full_origin_0107_0079,private_car,origin_0107,5439073911,9241#0,,shelter_3,水海道第一高等学校,11531#5,0,2.3
veh_full_origin_0107_0080,private_car,origin_0107,5439073911,9241#0,,shelter_3,水海道第一高等学校,11531#5,0,2.3
veh_full_origin_0107_0081,private_car,origin_0107,5439073911,9241#0,,shelter_3,水海道第一高等学校,11531#5,0,2.3
veh_full_origin_0108_0001,private_car,origin_0108,5439073912,9183#4,,shelter_3,水海道第一高等学校,11531#5,0,2.3
veh_full_origin_0108_0002,private_car,origin_0108,5439073912,9183#4,,shelter_3,水海道第一高等学校,11531#5,0,2.3
veh_full_origin_0108_0003,private_car,origin_0108,5439073912,9183#4,,shelter_3,水海道第一高等学校,11531#5,0,2.3
veh_full_origin_0108_0004,private_car,origin_0108,5439073912,9183#4,,shelter_3,水海道第一高等学校,11531#5,0,2.3
veh_full_origin_0108_0005,private_car,origin_0108,5439073912,9183#4,,shelter_3,水海道第一高等学校,11531#5,0,2.3
veh_full_origin_0108_0006,private_car,origin_0108,5439073912,9183#4,,shelter_3,水海道第一高等学校,11531#5,0,2.3
veh_full_origin_0108_0007,private_car,origin_0108,5439073912,9183#4,,shelter_3,水海道第一高等学校,11531#5,0,2.3
veh_full_origin_0108_0008,private_car,origin_0108,5439073912,9183#4,,shelter_3,水海道第一高等学校,11531#5,0,2.3
veh_full_origin_0108_0009,private_car,origin_0108,5439073912,9183#4,,shelter_3,水海道第一高等学校,11531#5,0,2.3
veh_full_origin_0108_0010,private_car,origin_0108,5439073912,9183#4,,shelter_3,水海道第一高等学校,11531#5,0,2.3
veh_full_origin_0108_0011,private_car,origin_0108,5439073912,9183#4,,shelter_3,水海道第一高等学校,11531#5,0,2.3
veh_full_origin_0108_0012,private_car,origin_0108,5439073912,9183#4,,shelter_3,水海道第一高等学校,11531#5,0,2.3
veh_full_origin_0108_0013,private_car,origin_0108,5439073912,9183#4,,shelter_3,水海道第一高等学校,11531#5,0,2.3
veh_full_origin_0108_0014,private_car,origin_0108,5439073912,9183#4,,shelter_3,水海道第一高等学校,11531#5,0,2.3
veh_full_origin_0108_0015,private_car,origin_0108,5439073912,9183#4,,shelter_3,水海道第一高等学校,11531#5,0,2.3
veh_full_origin_0108_0016,private_car,origin_0108,5439073912,9183#4,,shelter_3,水海道第一高等学校,11531#5,0,2.3
veh_full_origin_0108_0017,private_car,origin_0108,5439073912,9183#4,,shelter_3,水海道第一高等学校,11531#5,0,2.3
veh_full_origin_0108_0018,private_car,origin_0108,5439073912,9183#4,,shelter_3,水海道第一高等学校,11531#5,0,2.3
veh_full_origin_0108_0019,private_car,origin_0108,5439073912,9183#4,,shelter_3,水海道第一高等学校,11531#5,0,2.3
veh_full_origin_0108_0020,private_car,origin_0108,5439073912,9183#4,,shelter_3,水海道第一高等学校,11531#5,0,2.3
veh_full_origin_0108_0021,private_car,origin_0108,5439073912,9183#4,,shelter_3,水海道第一高等学校,11531#5,0,2.3
veh_full_origin_0108_0022,private_car,origin_0108,5439073912,9183#4,,shelter_3,水海道第一高等学校,11531#5,0,2.3
veh_full_origin_0108_0023,private_car,origin_0108,5439073912,9183#4,,shelter_3,水海道第一高等学校,11531#5,0,2.3
veh_full_origin_0108_0024,private_car,origin_0108,5439073912,9183#4,,shelter_3,水海道第一高等学校,11531#5,0,2.3
veh_full_origin_0108_0025,private_car,origin_0108,5439073912,9183#4,,shelter_3,水海道第一高等学校,11531#5,0,2.3
veh_full_origin_0108_0026,private_car,origin_0108,5439073912,9183#4,,shelter_3,水海道第一高等学校,11531#5,0,2.3
veh_full_origin_0108_0027,private_car,origin_0108,5439073912,9183#4,,shelter_3,水海道第一高等学校,11531#5,0,2.3
veh_full_origin_0108_0028,private_car,origin_0108,5439073912,9183#4,,shelter_3,水海道第一高等学校,11531#5,0,2.3
veh_full_origin_0108_0029,private_car,origin_0108,5439073912,9183#4,,shelter_3,水海道第一高等学校,11531#5,0,2.3
veh_full_origin_0108_0030,private_car,origin_0108,5439073912,9183#4,,shelter_3,水海道第一高等学校,11531#5,0,2.3
veh_full_origin_0108_0031,private_car,origin_0108,5439073912,9183#4,,shelter_3,水海道第一高等学校,11531#5,0,2.3
veh_full_origin_0108_0032,private_car,origin_0108,5439073912,9183#4,,shelter_3,水海道第一高等学校,11531#5,0,2.3
veh_full_origin_0108_0033,private_car,origin_0108,5439073912,9183#4,,shelter_3,水海道第一高等学校,11531#5,0,2.3
veh_full_origin_0108_0034,private_car,origin_0108,5439073912,9183#4,,shelter_3,水海道第一高等学校,11531#5,0,2.3
veh_full_origin_0108_0035,private_car,origin_0108,5439073912,9183#4,,shelter_3,水海道第一高等学校,11531#5,0,2.3
veh_full_origin_0108_0036,private_car,origin_0108,5439073912,9183#4,,shelter_3,水海道第一高等学校,11531#5,0,2.3
veh_full_origin_0108_0037,private_car,origin_0108,5439073912,9183#4,,shelter_3,水海道第一高等学校,11531#5,0,2.3
veh_full_origin_0108_0038,private_car,origin_0108,5439073912,9183#4,,shelter_3,水海道第一高等学校,11531#5,0,2.3
veh_full_origin_0108_0039,private_car,origin_0108,5439073912,9183#4,,shelter_3,水海道第一高等学校,11531#5,0,2.3
veh_full_origin_0108_0040,private_car,origin_0108,5439073912,9183#4,,shelter_3,水海道第一高等学校,11531#5,0,2.3
veh_full_origin_0108_0041,private_car,origin_0108,5439073912,9183#4,,shelter_3,水海道第一高等学校,11531#5,0,2.3
veh_full_origin_0108_0042,private_car,origin_0108,5439073912,9183#4,,shelter_3,水海道第一高等学校,11531#5,0,2.3
veh_full_origin_0108_0043,private_car,origin_0108,5439073912,9183#4,,shelter_3,水海道第一高等学校,11531#5,0,2.3
veh_full_origin_0108_0044,private_car,origin_0108,5439073912,9183#4,,shelter_3,水海道第一高等学校,11531#5,0,2.3
veh_full_origin_0108_0045,private_car,origin_0108,5439073912,9183#4,,shelter_3,水海道第一高等学校,11531#5,0,2.3
veh_full_origin_0108_0046,private_car,origin_0108,5439073912,9183#4,,shelter_3,水海道第一高等学校,11531#5,0,2.3
veh_full_origin_0108_0047,private_car,origin_0108,5439073912,9183#4,,shelter_3,水海道第一高等学校,11531#5,0,2.3
veh_full_origin_0108_0048,private_car,origin_0108,5439073912,9183#4,,shelter_3,水海道第一高等学校,11531#5,0,2.3
veh_full_origin_0108_0049,private_car,origin_0108,5439073912,9183#4,,shelter_3,水海道第一高等学校,11531#5,0,2.3
veh_full_origin_0108_0050,private_car,origin_0108,5439073912,9183#4,,shelter_3,水海道第一高等学校,11531#5,0,2.3
veh_full_origin_0108_0051,private_car,origin_0108,5439073912,9183#4,,shelter_3,水海道第一高等学校,11531#5,0,2.3
veh_full_origin_0108_0052,private_car,origin_0108,5439073912,9183#4,,shelter_3,水海道第一高等学校,11531#5,0,2.3
veh_full_origin_0108_0053,private_car,origin_0108,5439073912,9183#4,,shelter_3,水海道第一高等学校,11531#5,0,2.3
veh_full_origin_0108_0054,private_car,origin_0108,5439073912,9183#4,,shelter_3,水海道第一高等学校,11531#5,0,2.3
veh_full_origin_0108_0055,private_car,origin_0108,5439073912,9183#4,,shelter_3,水海道第一高等学校,11531#5,0,2.3
veh_full_origin_0108_0056,private_car,origin_0108,5439073912,9183#4,,shelter_3,水海道第一高等学校,11531#5,0,2.3
veh_full_origin_0108_0057,private_car,origin_0108,5439073912,9183#4,,shelter_3,水海道第一高等学校,11531#5,0,2.3
veh_full_origin_0108_0058,private_car,origin_0108,5439073912,9183#4,,shelter_3,水海道第一高等学校,11531#5,0,2.3
veh_full_origin_0108_0059,private_car,origin_0108,5439073912,9183#4,,shelter_3,水海道第一高等学校,11531#5,0,2.3
veh_full_origin_0108_0060,private_car,origin_0108,5439073912,9183#4,,shelter_3,水海道第一高等学校,11531#5,0,2.3
veh_full_origin_0108_0061,private_car,origin_0108,5439073912,9183#4,,shelter_3,水海道第一高等学校,11531#5,0,2.3
veh_full_origin_0108_0062,private_car,origin_0108,5439073912,9183#4,,shelter_3,水海道第一高等学校,11531#5,0,2.3
veh_full_origin_0108_0063,private_car,origin_0108,5439073912,9183#4,,shelter_3,水海道第一高等学校,11531#5,0,2.3
veh_full_origin_0108_0064,private_car,origin_0108,5439073912,9183#4,,shelter_3,水海道第一高等学校,11531#5,0,2.3
veh_full_origin_0108_0065,private_car,origin_0108,5439073912,9183#4,,shelter_3,水海道第一高等学校,11531#5,0,2.3
veh_full_origin_0108_0066,private_car,origin_0108,5439073912,9183#4,,shelter_3,水海道第一高等学校,11531#5,0,2.3
veh_full_origin_0108_0067,private_car,origin_0108,5439073912,9183#4,,shelter_3,水海道第一高等学校,11531#5,0,2.3
veh_full_origin_0108_0068,private_car,origin_0108,5439073912,9183#4,,shelter_3,水海道第一高等学校,11531#5,0,2.3
veh_full_origin_0108_0069,private_car,origin_0108,5439073912,9183#4,,shelter_3,水海道第一高等学校,11531#5,0,2.3
veh_full_origin_0108_0070,private_car,origin_0108,5439073912,9183#4,,shelter_3,水海道第一高等学校,11531#5,0,2.3
veh_full_origin_0108_0071,private_car,origin_0108,5439073912,9183#4,,shelter_3,水海道第一高等学校,11531#5,0,2.3
veh_full_origin_0108_0072,private_car,origin_0108,5439073912,9183#4,,shelter_3,水海道第一高等学校,11531#5,0,2.3
veh_full_origin_0108_0073,private_car,origin_0108,5439073912,9183#4,,shelter_3,水海道第一高等学校,11531#5,0,2.3
veh_full_origin_0108_0074,private_car,origin_0108,5439073912,9183#4,,shelter_3,水海道第一高等学校,11531#5,0,2.3
veh_full_origin_0108_0075,private_car,origin_0108,5439073912,9183#4,,shelter_3,水海道第一高等学校,11531#5,0,2.3
veh_full_origin_0108_0076,private_car,origin_0108,5439073912,9183#4,,shelter_3,水海道第一高等学校,11531#5,0,2.3
veh_full_origin_0108_0077,private_car,origin_0108,5439073912,9183#4,,shelter_3,水海道第一高等学校,11531#5,0,2.3
veh_full_origin_0108_0078,private_car,origin_0108,5439073912,9183#4,,shelter_3,水海道第一高等学校,11531#5,0,2.3
veh_full_origin_0108_0079,private_car,origin_0108,5439073912,9183#4,,shelter_3,水海道第一高等学校,11531#5,0,2.3
veh_full_origin_0108_0080,private_car,origin_0108,5439073912,9183#4,,shelter_3,水海道第一高等学校,11531#5,0,2.3
veh_full_origin_0108_0081,private_car,origin_0108,5439073912,9183#4,,shelter_3,水海道第一高等学校,11531#5,0,2.3
veh_full_origin_0108_0082,private_car,origin_0108,5439073912,9183#4,,shelter_3,水海道第一高等学校,11531#5,0,2.3
veh_full_origin_0108_0083,private_car,origin_0108,5439073912,9183#4,,shelter_3,水海道第一高等学校,11531#5,0,2.3
veh_full_origin_0108_0084,private_car,origin_0108,5439073912,9183#4,,shelter_3,水海道第一高等学校,11531#5,0,2.3
veh_full_origin_0108_0085,private_car,origin_0108,5439073912,9183#4,,shelter_3,水海道第一高等学校,11531#5,0,2.3
veh_full_origin_0108_0086,private_car,origin_0108,5439073912,9183#4,,shelter_3,水海道第一高等学校,11531#5,0,2.3
veh_full_origin_0109_0001,private_car,origin_0109,5439073913,5217#0,,shelter_3,水海道第一高等学校,11531#5,0,2.3
veh_full_origin_0109_0002,private_car,origin_0109,5439073913,5217#0,,shelter_3,水海道第一高等学校,11531#5,0,2.3
veh_full_origin_0109_0003,private_car,origin_0109,5439073913,5217#0,,shelter_3,水海道第一高等学校,11531#5,0,2.3
veh_full_origin_0109_0004,private_car,origin_0109,5439073913,5217#0,,shelter_3,水海道第一高等学校,11531#5,0,2.3
veh_full_origin_0109_0005,private_car,origin_0109,5439073913,5217#0,,shelter_3,水海道第一高等学校,11531#5,0,2.3
veh_full_origin_0109_0006,private_car,origin_0109,5439073913,5217#0,,shelter_3,水海道第一高等学校,11531#5,0,2.3
veh_full_origin_0109_0007,private_car,origin_0109,5439073913,5217#0,,shelter_3,水海道第一高等学校,11531#5,0,2.3
veh_full_origin_0109_0008,private_car,origin_0109,5439073913,5217#0,,shelter_3,水海道第一高等学校,11531#5,0,2.3
veh_full_origin_0109_0009,private_car,origin_0109,5439073913,5217#0,,shelter_3,水海道第一高等学校,11531#5,0,2.3
veh_full_origin_0109_0010,private_car,origin_0109,5439073913,5217#0,,shelter_3,水海道第一高等学校,11531#5,0,2.3
veh_full_origin_0109_0011,private_car,origin_0109,5439073913,5217#0,,shelter_3,水海道第一高等学校,11531#5,0,2.3
veh_full_origin_0109_0012,private_car,origin_0109,5439073913,5217#0,,shelter_3,水海道第一高等学校,11531#5,0,2.3
veh_full_origin_0109_0013,private_car,origin_0109,5439073913,5217#0,,shelter_3,水海道第一高等学校,11531#5,0,2.3
veh_full_origin_0109_0014,private_car,origin_0109,5439073913,5217#0,,shelter_3,水海道第一高等学校,11531#5,0,2.3
veh_full_origin_0109_0015,private_car,origin_0109,5439073913,5217#0,,shelter_3,水海道第一高等学校,11531#5,0,2.3
veh_full_origin_0109_0016,private_car,origin_0109,5439073913,5217#0,,shelter_3,水海道第一高等学校,11531#5,0,2.3
veh_full_origin_0109_0017,private_car,origin_0109,5439073913,5217#0,,shelter_3,水海道第一高等学校,11531#5,0,2.3
veh_full_origin_0109_0018,private_car,origin_0109,5439073913,5217#0,,shelter_3,水海道第一高等学校,11531#5,0,2.3
veh_full_origin_0109_0019,private_car,origin_0109,5439073913,5217#0,,shelter_3,水海道第一高等学校,11531#5,0,2.3
veh_full_origin_0109_0020,private_car,origin_0109,5439073913,5217#0,,shelter_3,水海道第一高等学校,11531#5,0,2.3
veh_full_origin_0109_0021,private_car,origin_0109,5439073913,5217#0,,shelter_3,水海道第一高等学校,11531#5,0,2.3
veh_full_origin_0109_0022,private_car,origin_0109,5439073913,5217#0,,shelter_3,水海道第一高等学校,11531#5,0,2.3
veh_full_origin_0109_0023,private_car,origin_0109,5439073913,5217#0,,shelter_3,水海道第一高等学校,11531#5,0,2.3
veh_full_origin_0109_0024,private_car,origin_0109,5439073913,5217#0,,shelter_3,水海道第一高等学校,11531#5,0,2.3
veh_full_origin_0109_0025,private_car,origin_0109,5439073913,5217#0,,shelter_3,水海道第一高等学校,11531#5,0,2.3
veh_full_origin_0109_0026,private_car,origin_0109,5439073913,5217#0,,shelter_3,水海道第一高等学校,11531#5,0,2.3
veh_full_origin_0109_0027,private_car,origin_0109,5439073913,5217#0,,shelter_3,水海道第一高等学校,11531#5,0,2.3
veh_full_origin_0109_0028,private_car,origin_0109,5439073913,5217#0,,shelter_3,水海道第一高等学校,11531#5,0,2.3
veh_full_origin_0109_0029,private_car,origin_0109,5439073913,5217#0,,shelter_3,水海道第一高等学校,11531#5,0,2.3
veh_full_origin_0109_0030,private_car,origin_0109,5439073913,5217#0,,shelter_3,水海道第一高等学校,11531#5,0,2.3
veh_full_origin_0109_0031,private_car,origin_0109,5439073913,5217#0,,shelter_3,水海道第一高等学校,11531#5,0,2.3
veh_full_origin_0109_0032,private_car,origin_0109,5439073913,5217#0,,shelter_3,水海道第一高等学校,11531#5,0,2.3
veh_full_origin_0109_0033,private_car,origin_0109,5439073913,5217#0,,shelter_3,水海道第一高等学校,11531#5,0,2.3
veh_full_origin_0109_0034,private_car,origin_0109,5439073913,5217#0,,shelter_3,水海道第一高等学校,11531#5,0,2.3
veh_full_origin_0109_0035,private_car,origin_0109,5439073913,5217#0,,shelter_3,水海道第一高等学校,11531#5,0,2.3
veh_full_origin_0109_0036,private_car,origin_0109,5439073913,5217#0,,shelter_3,水海道第一高等学校,11531#5,0,2.3
veh_full_origin_0109_0037,private_car,origin_0109,5439073913,5217#0,,shelter_3,水海道第一高等学校,11531#5,0,2.3
veh_full_origin_0109_0038,private_car,origin_0109,5439073913,5217#0,,shelter_3,水海道第一高等学校,11531#5,0,2.3
veh_full_origin_0109_0039,private_car,origin_0109,5439073913,5217#0,,shelter_3,水海道第一高等学校,11531#5,0,2.3
veh_full_origin_0109_0040,private_car,origin_0109,5439073913,5217#0,,shelter_3,水海道第一高等学校,11531#5,0,2.3
veh_full_origin_0109_0041,private_car,origin_0109,5439073913,5217#0,,shelter_3,水海道第一高等学校,11531#5,0,2.3
veh_full_origin_0109_0042,private_car,origin_0109,5439073913,5217#0,,shelter_3,水海道第一高等学校,11531#5,0,2.3
veh_full_origin_0109_0043,private_car,origin_0109,5439073913,5217#0,,shelter_3,水海道第一高等学校,11531#5,0,2.3
veh_full_origin_0110_0001,private_car,origin_0110,5439073914,9721#21,,shelter_3,水海道第一高等学校,11531#5,0,2.3
veh_full_origin_0110_0002,private_car,origin_0110,5439073914,9721#21,,shelter_3,水海道第一高等学校,11531#5,0,2.3
veh_full_origin_0110_0003,private_car,origin_0110,5439073914,9721#21,,shelter_3,水海道第一高等学校,11531#5,0,2.3
veh_full_origin_0110_0004,private_car,origin_0110,5439073914,9721#21,,shelter_3,水海道第一高等学校,11531#5,0,2.3
veh_full_origin_0110_0005,private_car,origin_0110,5439073914,9721#21,,shelter_3,水海道第一高等学校,11531#5,0,2.3
veh_full_origin_0110_0006,private_car,origin_0110,5439073914,9721#21,,shelter_3,水海道第一高等学校,11531#5,0,2.3
veh_full_origin_0110_0007,private_car,origin_0110,5439073914,9721#21,,shelter_3,水海道第一高等学校,11531#5,0,2.3
veh_full_origin_0110_0008,private_car,origin_0110,5439073914,9721#21,,shelter_3,水海道第一高等学校,11531#5,0,2.3
veh_full_origin_0110_0009,private_car,origin_0110,5439073914,9721#21,,shelter_3,水海道第一高等学校,11531#5,0,2.3
veh_full_origin_0110_0010,private_car,origin_0110,5439073914,9721#21,,shelter_3,水海道第一高等学校,11531#5,0,2.3
veh_full_origin_0110_0011,private_car,origin_0110,5439073914,9721#21,,shelter_3,水海道第一高等学校,11531#5,0,2.3
veh_full_origin_0110_0012,private_car,origin_0110,5439073914,9721#21,,shelter_3,水海道第一高等学校,11531#5,0,2.3
veh_full_origin_0110_0013,private_car,origin_0110,5439073914,9721#21,,shelter_3,水海道第一高等学校,11531#5,0,2.3
veh_full_origin_0110_0014,private_car,origin_0110,5439073914,9721#21,,shelter_3,水海道第一高等学校,11531#5,0,2.3
veh_full_origin_0110_0015,private_car,origin_0110,5439073914,9721#21,,shelter_3,水海道第一高等学校,11531#5,0,2.3
veh_full_origin_0110_0016,private_car,origin_0110,5439073914,9721#21,,shelter_3,水海道第一高等学校,11531#5,0,2.3
veh_full_origin_0110_0017,private_car,origin_0110,5439073914,9721#21,,shelter_3,水海道第一高等学校,11531#5,0,2.3
veh_full_origin_0110_0018,private_car,origin_0110,5439073914,9721#21,,shelter_3,水海道第一高等学校,11531#5,0,2.3
veh_full_origin_0110_0019,private_car,origin_0110,5439073914,9721#21,,shelter_3,水海道第一高等学校,11531#5,0,2.3
veh_full_origin_0110_0020,private_car,origin_0110,5439073914,9721#21,,shelter_3,水海道第一高等学校,11531#5,0,2.3
veh_full_origin_0110_0021,private_car,origin_0110,5439073914,9721#21,,shelter_3,水海道第一高等学校,11531#5,0,2.3
veh_full_origin_0110_0022,private_car,origin_0110,5439073914,9721#21,,shelter_3,水海道第一高等学校,11531#5,0,2.3
veh_full_origin_0110_0023,private_car,origin_0110,5439073914,9721#21,,shelter_3,水海道第一高等学校,11531#5,0,2.3
veh_full_origin_0110_0024,private_car,origin_0110,5439073914,9721#21,,shelter_3,水海道第一高等学校,11531#5,0,2.3
veh_full_origin_0110_0025,private_car,origin_0110,5439073914,9721#21,,shelter_3,水海道第一高等学校,11531#5,0,2.3
veh_full_origin_0110_0026,private_car,origin_0110,5439073914,9721#21,,shelter_3,水海道第一高等学校,11531#5,0,2.3
veh_full_origin_0110_0027,private_car,origin_0110,5439073914,9721#21,,shelter_3,水海道第一高等学校,11531#5,0,2.3
veh_full_origin_0110_0028,private_car,origin_0110,5439073914,9721#21,,shelter_3,水海道第一高等学校,11531#5,0,2.3
veh_full_origin_0110_0029,private_car,origin_0110,5439073914,9721#21,,shelter_3,水海道第一高等学校,11531#5,0,2.3
veh_full_origin_0110_0030,private_car,origin_0110,5439073914,9721#21,,shelter_3,水海道第一高等学校,11531#5,0,2.3
veh_full_origin_0110_0031,private_car,origin_0110,5439073914,9721#21,,shelter_3,水海道第一高等学校,11531#5,0,2.3
veh_full_origin_0110_0032,private_car,origin_0110,5439073914,9721#21,,shelter_3,水海道第一高等学校,11531#5,0,2.3
veh_full_origin_0110_0033,private_car,origin_0110,5439073914,9721#21,,shelter_3,水海道第一高等学校,11531#5,0,2.3
veh_full_origin_0110_0034,private_car,origin_0110,5439073914,9721#21,,shelter_3,水海道第一高等学校,11531#5,0,2.3
veh_full_origin_0110_0035,private_car,origin_0110,5439073914,9721#21,,shelter_3,水海道第一高等学校,11531#5,0,2.3
veh_full_origin_0110_0036,private_car,origin_0110,5439073914,9721#21,,shelter_3,水海道第一高等学校,11531#5,0,2.3
veh_full_origin_0110_0037,private_car,origin_0110,5439073914,9721#21,,shelter_3,水海道第一高等学校,11531#5,0,2.3
veh_full_origin_0110_0038,private_car,origin_0110,5439073914,9721#21,,shelter_3,水海道第一高等学校,11531#5,0,2.3
veh_full_origin_0110_0039,private_car,origin_0110,5439073914,9721#21,,shelter_3,水海道第一高等学校,11531#5,0,2.3
veh_full_origin_0110_0040,private_car,origin_0110,5439073914,9721#21,,shelter_3,水海道第一高等学校,11531#5,0,2.3
veh_full_origin_0110_0041,private_car,origin_0110,5439073914,9721#21,,shelter_3,水海道第一高等学校,11531#5,0,2.3
veh_full_origin_0110_0042,private_car,origin_0110,5439073914,9721#21,,shelter_3,水海道第一高等学校,11531#5,0,2.3
veh_full_origin_0110_0043,private_car,origin_0110,5439073914,9721#21,,shelter_3,水海道第一高等学校,11531#5,0,2.3
veh_full_origin_0110_0044,private_car,origin_0110,5439073914,9721#21,,shelter_3,水海道第一高等学校,11531#5,0,2.3
veh_full_origin_0110_0045,private_car,origin_0110,5439073914,9721#21,,shelter_3,水海道第一高等学校,11531#5,0,2.3
veh_full_origin_0110_0046,private_car,origin_0110,5439073914,9721#21,,shelter_3,水海道第一高等学校,11531#5,0,2.3
veh_full_origin_0110_0047,private_car,origin_0110,5439073914,9721#21,,shelter_3,水海道第一高等学校,11531#5,0,2.3
veh_full_origin_0110_0048,private_car,origin_0110,5439073914,9721#21,,shelter_3,水海道第一高等学校,11531#5,0,2.3
veh_full_origin_0110_0049,private_car,origin_0110,5439073914,9721#21,,shelter_3,水海道第一高等学校,11531#5,0,2.3
veh_full_origin_0110_0050,private_car,origin_0110,5439073914,9721#21,,shelter_3,水海道第一高等学校,11531#5,0,2.3
veh_full_origin_0110_0051,private_car,origin_0110,5439073914,9721#21,,shelter_3,水海道第一高等学校,11531#5,0,2.3
veh_full_origin_0110_0052,private_car,origin_0110,5439073914,9721#21,,shelter_3,水海道第一高等学校,11531#5,0,2.3
veh_full_origin_0110_0053,private_car,origin_0110,5439073914,9721#21,,shelter_3,水海道第一高等学校,11531#5,0,2.3
veh_full_origin_0110_0054,private_car,origin_0110,5439073914,9721#21,,shelter_3,水海道第一高等学校,11531#5,0,2.3
veh_full_origin_0110_0055,private_car,origin_0110,5439073914,9721#21,,shelter_3,水海道第一高等学校,11531#5,0,2.3
veh_full_origin_0110_0056,private_car,origin_0110,5439073914,9721#21,,shelter_3,水海道第一高等学校,11531#5,0,2.3
veh_full_origin_0110_0057,private_car,origin_0110,5439073914,9721#21,,shelter_3,水海道第一高等学校,11531#5,0,2.3
veh_full_origin_0110_0058,private_car,origin_0110,5439073914,9721#21,,shelter_3,水海道第一高等学校,11531#5,0,2.3
veh_full_origin_0110_0059,private_car,origin_0110,5439073914,9721#21,,shelter_3,水海道第一高等学校,11531#5,0,2.3
veh_full_origin_0110_0060,private_car,origin_0110,5439073914,9721#21,,shelter_3,水海道第一高等学校,11531#5,0,2.3
veh_full_origin_0110_0061,private_car,origin_0110,5439073914,9721#21,,shelter_3,水海道第一高等学校,11531#5,0,2.3
veh_full_origin_0110_0062,private_car,origin_0110,5439073914,9721#21,,shelter_3,水海道第一高等学校,11531#5,0,2.3
veh_full_origin_0110_0063,private_car,origin_0110,5439073914,9721#21,,shelter_3,水海道第一高等学校,11531#5,0,2.3
veh_full_origin_0110_0064,private_car,origin_0110,5439073914,9721#21,,shelter_3,水海道第一高等学校,11531#5,0,2.3
veh_full_origin_0110_0065,private_car,origin_0110,5439073914,9721#21,,shelter_3,水海道第一高等学校,11531#5,0,2.3
veh_full_origin_0110_0066,private_car,origin_0110,5439073914,9721#21,,shelter_3,水海道第一高等学校,11531#5,0,2.3
veh_full_origin_0110_0067,private_car,origin_0110,5439073914,9721#21,,shelter_3,水海道第一高等学校,11531#5,0,2.3
veh_full_origin_0110_0068,private_car,origin_0110,5439073914,9721#21,,shelter_3,水海道第一高等学校,11531#5,0,2.3
veh_full_origin_0110_0069,private_car,origin_0110,5439073914,9721#21,,shelter_3,水海道第一高等学校,11531#5,0,2.3
veh_full_origin_0110_0070,private_car,origin_0110,5439073914,9721#21,,shelter_3,水海道第一高等学校,11531#5,0,2.3
veh_full_origin_0110_0071,private_car,origin_0110,5439073914,9721#21,,shelter_3,水海道第一高等学校,11531#5,0,2.3
veh_full_origin_0110_0072,private_car,origin_0110,5439073914,9721#21,,shelter_3,水海道第一高等学校,11531#5,0,2.3
veh_full_origin_0110_0073,private_car,origin_0110,5439073914,9721#21,,shelter_3,水海道第一高等学校,11531#5,0,2.3
veh_full_origin_0110_0074,private_car,origin_0110,5439073914,9721#21,,shelter_3,水海道第一高等学校,11531#5,0,2.3
veh_full_origin_0110_0075,private_car,origin_0110,5439073914,9721#21,,shelter_3,水海道第一高等学校,11531#5,0,2.3
veh_full_origin_0110_0076,private_car,origin_0110,5439073914,9721#21,,shelter_3,水海道第一高等学校,11531#5,0,2.3
veh_full_origin_0111_0001,private_car,origin_0111,5439073921,9186,,shelter_3,水海道第一高等学校,11531#5,0,2.3
veh_full_origin_0111_0002,private_car,origin_0111,5439073921,9186,,shelter_3,水海道第一高等学校,11531#5,0,2.3
veh_full_origin_0111_0003,private_car,origin_0111,5439073921,9186,,shelter_3,水海道第一高等学校,11531#5,0,2.3
veh_full_origin_0111_0004,private_car,origin_0111,5439073921,9186,,shelter_3,水海道第一高等学校,11531#5,0,2.3
veh_full_origin_0111_0005,private_car,origin_0111,5439073921,9186,,shelter_3,水海道第一高等学校,11531#5,0,2.3
veh_full_origin_0111_0006,private_car,origin_0111,5439073921,9186,,shelter_3,水海道第一高等学校,11531#5,0,2.3
veh_full_origin_0111_0007,private_car,origin_0111,5439073921,9186,,shelter_3,水海道第一高等学校,11531#5,0,2.3
veh_full_origin_0111_0008,private_car,origin_0111,5439073921,9186,,shelter_3,水海道第一高等学校,11531#5,0,2.3
veh_full_origin_0111_0009,private_car,origin_0111,5439073921,9186,,shelter_3,水海道第一高等学校,11531#5,0,2.3
veh_full_origin_0111_0010,private_car,origin_0111,5439073921,9186,,shelter_3,水海道第一高等学校,11531#5,0,2.3
veh_full_origin_0111_0011,private_car,origin_0111,5439073921,9186,,shelter_3,水海道第一高等学校,11531#5,0,2.3
veh_full_origin_0111_0012,private_car,origin_0111,5439073921,9186,,shelter_3,水海道第一高等学校,11531#5,0,2.3
veh_full_origin_0111_0013,private_car,origin_0111,5439073921,9186,,shelter_3,水海道第一高等学校,11531#5,0,2.3
veh_full_origin_0111_0014,private_car,origin_0111,5439073921,9186,,shelter_3,水海道第一高等学校,11531#5,0,2.3
veh_full_origin_0111_0015,private_car,origin_0111,5439073921,9186,,shelter_3,水海道第一高等学校,11531#5,0,2.3
veh_full_origin_0111_0016,private_car,origin_0111,5439073921,9186,,shelter_3,水海道第一高等学校,11531#5,0,2.3
veh_full_origin_0111_0017,private_car,origin_0111,5439073921,9186,,shelter_3,水海道第一高等学校,11531#5,0,2.3
veh_full_origin_0111_0018,private_car,origin_0111,5439073921,9186,,shelter_3,水海道第一高等学校,11531#5,0,2.3
veh_full_origin_0111_0019,private_car,origin_0111,5439073921,9186,,shelter_3,水海道第一高等学校,11531#5,0,2.3
veh_full_origin_0111_0020,private_car,origin_0111,5439073921,9186,,shelter_3,水海道第一高等学校,11531#5,0,2.3
veh_full_origin_0111_0021,private_car,origin_0111,5439073921,9186,,shelter_3,水海道第一高等学校,11531#5,0,2.3
veh_full_origin_0111_0022,private_car,origin_0111,5439073921,9186,,shelter_3,水海道第一高等学校,11531#5,0,2.3
veh_full_origin_0111_0023,private_car,origin_0111,5439073921,9186,,shelter_3,水海道第一高等学校,11531#5,0,2.3
veh_full_origin_0111_0024,private_car,origin_0111,5439073921,9186,,shelter_3,水海道第一高等学校,11531#5,0,2.3
veh_full_origin_0111_0025,private_car,origin_0111,5439073921,9186,,shelter_3,水海道第一高等学校,11531#5,0,2.3
veh_full_origin_0111_0026,private_car,origin_0111,5439073921,9186,,shelter_3,水海道第一高等学校,11531#5,0,2.3
veh_full_origin_0111_0027,private_car,origin_0111,5439073921,9186,,shelter_3,水海道第一高等学校,11531#5,0,2.3
veh_full_origin_0111_0028,private_car,origin_0111,5439073921,9186,,shelter_3,水海道第一高等学校,11531#5,0,2.3
veh_full_origin_0111_0029,private_car,origin_0111,5439073921,9186,,shelter_3,水海道第一高等学校,11531#5,0,2.3
veh_full_origin_0111_0030,private_car,origin_0111,5439073921,9186,,shelter_3,水海道第一高等学校,11531#5,0,2.3
veh_full_origin_0111_0031,private_car,origin_0111,5439073921,9186,,shelter_3,水海道第一高等学校,11531#5,0,2.3
veh_full_origin_0111_0032,private_car,origin_0111,5439073921,9186,,shelter_3,水海道第一高等学校,11531#5,0,2.3
veh_full_origin_0111_0033,private_car,origin_0111,5439073921,9186,,shelter_3,水海道第一高等学校,11531#5,0,2.3
veh_full_origin_0111_0034,private_car,origin_0111,5439073921,9186,,shelter_3,水海道第一高等学校,11531#5,0,2.3
veh_full_origin_0111_0035,private_car,origin_0111,5439073921,9186,,shelter_3,水海道第一高等学校,11531#5,0,2.3
veh_full_origin_0111_0036,private_car,origin_0111,5439073921,9186,,shelter_3,水海道第一高等学校,11531#5,0,2.3
veh_full_origin_0111_0037,private_car,origin_0111,5439073921,9186,,shelter_3,水海道第一高等学校,11531#5,0,2.3
veh_full_origin_0111_0038,private_car,origin_0111,5439073921,9186,,shelter_3,水海道第一高等学校,11531#5,0,2.3
veh_full_origin_0111_0039,private_car,origin_0111,5439073921,9186,,shelter_3,水海道第一高等学校,11531#5,0,2.3
veh_full_origin_0111_0040,private_car,origin_0111,5439073921,9186,,shelter_3,水海道第一高等学校,11531#5,0,2.3
veh_full_origin_0111_0041,private_car,origin_0111,5439073921,9186,,shelter_3,水海道第一高等学校,11531#5,0,2.3
veh_full_origin_0111_0042,private_car,origin_0111,5439073921,9186,,shelter_3,水海道第一高等学校,11531#5,0,2.3
veh_full_origin_0111_0043,private_car,origin_0111,5439073921,9186,,shelter_3,水海道第一高等学校,11531#5,0,2.3
veh_full_origin_0111_0044,private_car,origin_0111,5439073921,9186,,shelter_3,水海道第一高等学校,11531#5,0,2.3
veh_full_origin_0111_0045,private_car,origin_0111,5439073921,9186,,shelter_3,水海道第一高等学校,11531#5,0,2.3
veh_full_origin_0111_0046,private_car,origin_0111,5439073921,9186,,shelter_3,水海道第一高等学校,11531#5,0,2.3
veh_full_origin_0111_0047,private_car,origin_0111,5439073921,9186,,shelter_3,水海道第一高等学校,11531#5,0,2.3
veh_full_origin_0111_0048,private_car,origin_0111,5439073921,9186,,shelter_3,水海道第一高等学校,11531#5,0,2.3
veh_full_origin_0111_0049,private_car,origin_0111,5439073921,9186,,shelter_3,水海道第一高等学校,11531#5,0,2.3
veh_full_origin_0111_0050,private_car,origin_0111,5439073921,9186,,shelter_3,水海道第一高等学校,11531#5,0,2.3
veh_full_origin_0111_0051,private_car,origin_0111,5439073921,9186,,shelter_3,水海道第一高等学校,11531#5,0,2.3
veh_full_origin_0111_0052,private_car,origin_0111,5439073921,9186,,shelter_3,水海道第一高等学校,11531#5,0,2.3
veh_full_origin_0111_0053,private_car,origin_0111,5439073921,9186,,shelter_3,水海道第一高等学校,11531#5,0,2.3
veh_full_origin_0111_0054,private_car,origin_0111,5439073921,9186,,shelter_3,水海道第一高等学校,11531#5,0,2.3
veh_full_origin_0111_0055,private_car,origin_0111,5439073921,9186,,shelter_3,水海道第一高等学校,11531#5,0,2.3
veh_full_origin_0112_0001,private_car,origin_0112,5439073922,11012#2,,shelter_3,水海道第一高等学校,11531#5,0,2.3
veh_full_origin_0112_0002,private_car,origin_0112,5439073922,11012#2,,shelter_3,水海道第一高等学校,11531#5,0,2.3
veh_full_origin_0112_0003,private_car,origin_0112,5439073922,11012#2,,shelter_3,水海道第一高等学校,11531#5,0,2.3
veh_full_origin_0112_0004,private_car,origin_0112,5439073922,11012#2,,shelter_3,水海道第一高等学校,11531#5,0,2.3
veh_full_origin_0112_0005,private_car,origin_0112,5439073922,11012#2,,shelter_3,水海道第一高等学校,11531#5,0,2.3
veh_full_origin_0112_0006,private_car,origin_0112,5439073922,11012#2,,shelter_3,水海道第一高等学校,11531#5,0,2.3
veh_full_origin_0112_0007,private_car,origin_0112,5439073922,11012#2,,shelter_3,水海道第一高等学校,11531#5,0,2.3
veh_full_origin_0112_0008,private_car,origin_0112,5439073922,11012#2,,shelter_3,水海道第一高等学校,11531#5,0,2.3
veh_full_origin_0112_0009,private_car,origin_0112,5439073922,11012#2,,shelter_3,水海道第一高等学校,11531#5,0,2.3
veh_full_origin_0112_0010,private_car,origin_0112,5439073922,11012#2,,shelter_3,水海道第一高等学校,11531#5,0,2.3
veh_full_origin_0112_0011,private_car,origin_0112,5439073922,11012#2,,shelter_3,水海道第一高等学校,11531#5,0,2.3
veh_full_origin_0112_0012,private_car,origin_0112,5439073922,11012#2,,shelter_3,水海道第一高等学校,11531#5,0,2.3
veh_full_origin_0112_0013,private_car,origin_0112,5439073922,11012#2,,shelter_3,水海道第一高等学校,11531#5,0,2.3
veh_full_origin_0112_0014,private_car,origin_0112,5439073922,11012#2,,shelter_3,水海道第一高等学校,11531#5,0,2.3
veh_full_origin_0112_0015,private_car,origin_0112,5439073922,11012#2,,shelter_3,水海道第一高等学校,11531#5,0,2.3
veh_full_origin_0112_0016,private_car,origin_0112,5439073922,11012#2,,shelter_3,水海道第一高等学校,11531#5,0,2.3
veh_full_origin_0112_0017,private_car,origin_0112,5439073922,11012#2,,shelter_3,水海道第一高等学校,11531#5,0,2.3
veh_full_origin_0112_0018,private_car,origin_0112,5439073922,11012#2,,shelter_3,水海道第一高等学校,11531#5,0,2.3
veh_full_origin_0112_0019,private_car,origin_0112,5439073922,11012#2,,shelter_3,水海道第一高等学校,11531#5,0,2.3
veh_full_origin_0112_0020,private_car,origin_0112,5439073922,11012#2,,shelter_3,水海道第一高等学校,11531#5,0,2.3
veh_full_origin_0112_0021,private_car,origin_0112,5439073922,11012#2,,shelter_3,水海道第一高等学校,11531#5,0,2.3
veh_full_origin_0112_0022,private_car,origin_0112,5439073922,11012#2,,shelter_3,水海道第一高等学校,11531#5,0,2.3
veh_full_origin_0112_0023,private_car,origin_0112,5439073922,11012#2,,shelter_3,水海道第一高等学校,11531#5,0,2.3
veh_full_origin_0112_0024,private_car,origin_0112,5439073922,11012#2,,shelter_3,水海道第一高等学校,11531#5,0,2.3
veh_full_origin_0112_0025,private_car,origin_0112,5439073922,11012#2,,shelter_3,水海道第一高等学校,11531#5,0,2.3
veh_full_origin_0112_0026,private_car,origin_0112,5439073922,11012#2,,shelter_3,水海道第一高等学校,11531#5,0,2.3
veh_full_origin_0112_0027,private_car,origin_0112,5439073922,11012#2,,shelter_3,水海道第一高等学校,11531#5,0,2.3
veh_full_origin_0112_0028,private_car,origin_0112,5439073922,11012#2,,shelter_3,水海道第一高等学校,11531#5,0,2.3
veh_full_origin_0112_0029,private_car,origin_0112,5439073922,11012#2,,shelter_3,水海道第一高等学校,11531#5,0,2.3
veh_full_origin_0112_0030,private_car,origin_0112,5439073922,11012#2,,shelter_3,水海道第一高等学校,11531#5,0,2.3
veh_full_origin_0112_0031,private_car,origin_0112,5439073922,11012#2,,shelter_3,水海道第一高等学校,11531#5,0,2.3
veh_full_origin_0112_0032,private_car,origin_0112,5439073922,11012#2,,shelter_3,水海道第一高等学校,11531#5,0,2.3
veh_full_origin_0112_0033,private_car,origin_0112,5439073922,11012#2,,shelter_3,水海道第一高等学校,11531#5,0,2.3
veh_full_origin_0112_0034,private_car,origin_0112,5439073922,11012#2,,shelter_3,水海道第一高等学校,11531#5,0,2.3
veh_full_origin_0112_0035,private_car,origin_0112,5439073922,11012#2,,shelter_3,水海道第一高等学校,11531#5,0,2.3
veh_full_origin_0112_0036,private_car,origin_0112,5439073922,11012#2,,shelter_3,水海道第一高等学校,11531#5,0,2.3
veh_full_origin_0112_0037,private_car,origin_0112,5439073922,11012#2,,shelter_3,水海道第一高等学校,11531#5,0,2.3
veh_full_origin_0112_0038,private_car,origin_0112,5439073922,11012#2,,shelter_3,水海道第一高等学校,11531#5,0,2.3
veh_full_origin_0113_0001,private_car,origin_0113,5439073923,5234#5,,shelter_3,水海道第一高等学校,11531#5,0,2.3
veh_full_origin_0113_0002,private_car,origin_0113,5439073923,5234#5,,shelter_3,水海道第一高等学校,11531#5,0,2.3
veh_full_origin_0113_0003,private_car,origin_0113,5439073923,5234#5,,shelter_3,水海道第一高等学校,11531#5,0,2.3
veh_full_origin_0113_0004,private_car,origin_0113,5439073923,5234#5,,shelter_3,水海道第一高等学校,11531#5,0,2.3
veh_full_origin_0113_0005,private_car,origin_0113,5439073923,5234#5,,shelter_3,水海道第一高等学校,11531#5,0,2.3
veh_full_origin_0113_0006,private_car,origin_0113,5439073923,5234#5,,shelter_3,水海道第一高等学校,11531#5,0,2.3
veh_full_origin_0113_0007,private_car,origin_0113,5439073923,5234#5,,shelter_3,水海道第一高等学校,11531#5,0,2.3
veh_full_origin_0113_0008,private_car,origin_0113,5439073923,5234#5,,shelter_3,水海道第一高等学校,11531#5,0,2.3
veh_full_origin_0113_0009,private_car,origin_0113,5439073923,5234#5,,shelter_3,水海道第一高等学校,11531#5,0,2.3
veh_full_origin_0113_0010,private_car,origin_0113,5439073923,5234#5,,shelter_3,水海道第一高等学校,11531#5,0,2.3
veh_full_origin_0113_0011,private_car,origin_0113,5439073923,5234#5,,shelter_3,水海道第一高等学校,11531#5,0,2.3
veh_full_origin_0113_0012,private_car,origin_0113,5439073923,5234#5,,shelter_3,水海道第一高等学校,11531#5,0,2.3
veh_full_origin_0113_0013,private_car,origin_0113,5439073923,5234#5,,shelter_3,水海道第一高等学校,11531#5,0,2.3
veh_full_origin_0113_0014,private_car,origin_0113,5439073923,5234#5,,shelter_3,水海道第一高等学校,11531#5,0,2.3
veh_full_origin_0113_0015,private_car,origin_0113,5439073923,5234#5,,shelter_3,水海道第一高等学校,11531#5,0,2.3
veh_full_origin_0113_0016,private_car,origin_0113,5439073923,5234#5,,shelter_3,水海道第一高等学校,11531#5,0,2.3
veh_full_origin_0113_0017,private_car,origin_0113,5439073923,5234#5,,shelter_3,水海道第一高等学校,11531#5,0,2.3
veh_full_origin_0113_0018,private_car,origin_0113,5439073923,5234#5,,shelter_3,水海道第一高等学校,11531#5,0,2.3
veh_full_origin_0113_0019,private_car,origin_0113,5439073923,5234#5,,shelter_3,水海道第一高等学校,11531#5,0,2.3
veh_full_origin_0113_0020,private_car,origin_0113,5439073923,5234#5,,shelter_3,水海道第一高等学校,11531#5,0,2.3
veh_full_origin_0113_0021,private_car,origin_0113,5439073923,5234#5,,shelter_3,水海道第一高等学校,11531#5,0,2.3
veh_full_origin_0113_0022,private_car,origin_0113,5439073923,5234#5,,shelter_3,水海道第一高等学校,11531#5,0,2.3
veh_full_origin_0113_0023,private_car,origin_0113,5439073923,5234#5,,shelter_3,水海道第一高等学校,11531#5,0,2.3
veh_full_origin_0113_0024,private_car,origin_0113,5439073923,5234#5,,shelter_3,水海道第一高等学校,11531#5,0,2.3
veh_full_origin_0113_0025,private_car,origin_0113,5439073923,5234#5,,shelter_3,水海道第一高等学校,11531#5,0,2.3
veh_full_origin_0113_0026,private_car,origin_0113,5439073923,5234#5,,shelter_3,水海道第一高等学校,11531#5,0,2.3
veh_full_origin_0113_0027,private_car,origin_0113,5439073923,5234#5,,shelter_3,水海道第一高等学校,11531#5,0,2.3
veh_full_origin_0113_0028,private_car,origin_0113,5439073923,5234#5,,shelter_3,水海道第一高等学校,11531#5,0,2.3
veh_full_origin_0113_0029,private_car,origin_0113,5439073923,5234#5,,shelter_3,水海道第一高等学校,11531#5,0,2.3
veh_full_origin_0113_0030,private_car,origin_0113,5439073923,5234#5,,shelter_3,水海道第一高等学校,11531#5,0,2.3
veh_full_origin_0113_0031,private_car,origin_0113,5439073923,5234#5,,shelter_3,水海道第一高等学校,11531#5,0,2.3
veh_full_origin_0113_0032,private_car,origin_0113,5439073923,5234#5,,shelter_3,水海道第一高等学校,11531#5,0,2.3
veh_full_origin_0113_0033,private_car,origin_0113,5439073923,5234#5,,shelter_3,水海道第一高等学校,11531#5,0,2.3
veh_full_origin_0113_0034,private_car,origin_0113,5439073923,5234#5,,shelter_3,水海道第一高等学校,11531#5,0,2.3
veh_full_origin_0113_0035,private_car,origin_0113,5439073923,5234#5,,shelter_3,水海道第一高等学校,11531#5,0,2.3
veh_full_origin_0113_0036,private_car,origin_0113,5439073923,5234#5,,shelter_3,水海道第一高等学校,11531#5,0,2.3
veh_full_origin_0113_0037,private_car,origin_0113,5439073923,5234#5,,shelter_3,水海道第一高等学校,11531#5,0,2.3
veh_full_origin_0113_0038,private_car,origin_0113,5439073923,5234#5,,shelter_3,水海道第一高等学校,11531#5,0,2.3
veh_full_origin_0113_0039,private_car,origin_0113,5439073923,5234#5,,shelter_3,水海道第一高等学校,11531#5,0,2.3
veh_full_origin_0113_0040,private_car,origin_0113,5439073923,5234#5,,shelter_3,水海道第一高等学校,11531#5,0,2.3
veh_full_origin_0113_0041,private_car,origin_0113,5439073923,5234#5,,shelter_3,水海道第一高等学校,11531#5,0,2.3
veh_full_origin_0113_0042,private_car,origin_0113,5439073923,5234#5,,shelter_3,水海道第一高等学校,11531#5,0,2.3
veh_full_origin_0113_0043,private_car,origin_0113,5439073923,5234#5,,shelter_3,水海道第一高等学校,11531#5,0,2.3
veh_full_origin_0114_0001,private_car,origin_0114,5439073924,20,,shelter_3,水海道第一高等学校,11531#5,0,2.3
veh_full_origin_0114_0002,private_car,origin_0114,5439073924,20,,shelter_3,水海道第一高等学校,11531#5,0,2.3
veh_full_origin_0114_0003,private_car,origin_0114,5439073924,20,,shelter_3,水海道第一高等学校,11531#5,0,2.3
veh_full_origin_0114_0004,private_car,origin_0114,5439073924,20,,shelter_3,水海道第一高等学校,11531#5,0,2.3
veh_full_origin_0114_0005,private_car,origin_0114,5439073924,20,,shelter_3,水海道第一高等学校,11531#5,0,2.3
veh_full_origin_0114_0006,private_car,origin_0114,5439073924,20,,shelter_3,水海道第一高等学校,11531#5,0,2.3
veh_full_origin_0114_0007,private_car,origin_0114,5439073924,20,,shelter_3,水海道第一高等学校,11531#5,0,2.3
veh_full_origin_0114_0008,private_car,origin_0114,5439073924,20,,shelter_3,水海道第一高等学校,11531#5,0,2.3
veh_full_origin_0114_0009,private_car,origin_0114,5439073924,20,,shelter_3,水海道第一高等学校,11531#5,0,2.3
veh_full_origin_0114_0010,private_car,origin_0114,5439073924,20,,shelter_3,水海道第一高等学校,11531#5,0,2.3
veh_full_origin_0114_0011,private_car,origin_0114,5439073924,20,,shelter_3,水海道第一高等学校,11531#5,0,2.3
veh_full_origin_0114_0012,private_car,origin_0114,5439073924,20,,shelter_3,水海道第一高等学校,11531#5,0,2.3
veh_full_origin_0114_0013,private_car,origin_0114,5439073924,20,,shelter_3,水海道第一高等学校,11531#5,0,2.3
veh_full_origin_0114_0014,private_car,origin_0114,5439073924,20,,shelter_3,水海道第一高等学校,11531#5,0,2.3
veh_full_origin_0115_0001,private_car,origin_0115,5439073931,11545,,shelter_3,水海道第一高等学校,11531#5,0,2.3
veh_full_origin_0115_0002,private_car,origin_0115,5439073931,11545,,shelter_3,水海道第一高等学校,11531#5,0,2.3
veh_full_origin_0115_0003,private_car,origin_0115,5439073931,11545,,shelter_3,水海道第一高等学校,11531#5,0,2.3
veh_full_origin_0115_0004,private_car,origin_0115,5439073931,11545,,shelter_3,水海道第一高等学校,11531#5,0,2.3
veh_full_origin_0115_0005,private_car,origin_0115,5439073931,11545,,shelter_3,水海道第一高等学校,11531#5,0,2.3
veh_full_origin_0115_0006,private_car,origin_0115,5439073931,11545,,shelter_3,水海道第一高等学校,11531#5,0,2.3
veh_full_origin_0115_0007,private_car,origin_0115,5439073931,11545,,shelter_3,水海道第一高等学校,11531#5,0,2.3
veh_full_origin_0115_0008,private_car,origin_0115,5439073931,11545,,shelter_3,水海道第一高等学校,11531#5,0,2.3
veh_full_origin_0115_0009,private_car,origin_0115,5439073931,11545,,shelter_3,水海道第一高等学校,11531#5,0,2.3
veh_full_origin_0115_0010,private_car,origin_0115,5439073931,11545,,shelter_3,水海道第一高等学校,11531#5,0,2.3
veh_full_origin_0115_0011,private_car,origin_0115,5439073931,11545,,shelter_3,水海道第一高等学校,11531#5,0,2.3
veh_full_origin_0115_0012,private_car,origin_0115,5439073931,11545,,shelter_3,水海道第一高等学校,11531#5,0,2.3
veh_full_origin_0115_0013,private_car,origin_0115,5439073931,11545,,shelter_3,水海道第一高等学校,11531#5,0,2.3
veh_full_origin_0115_0014,private_car,origin_0115,5439073931,11545,,shelter_3,水海道第一高等学校,11531#5,0,2.3
veh_full_origin_0115_0015,private_car,origin_0115,5439073931,11545,,shelter_3,水海道第一高等学校,11531#5,0,2.3
veh_full_origin_0115_0016,private_car,origin_0115,5439073931,11545,,shelter_3,水海道第一高等学校,11531#5,0,2.3
veh_full_origin_0115_0017,private_car,origin_0115,5439073931,11545,,shelter_3,水海道第一高等学校,11531#5,0,2.3
veh_full_origin_0115_0018,private_car,origin_0115,5439073931,11545,,shelter_3,水海道第一高等学校,11531#5,0,2.3
veh_full_origin_0115_0019,private_car,origin_0115,5439073931,11545,,shelter_3,水海道第一高等学校,11531#5,0,2.3
veh_full_origin_0115_0020,private_car,origin_0115,5439073931,11545,,shelter_3,水海道第一高等学校,11531#5,0,2.3
veh_full_origin_0115_0021,private_car,origin_0115,5439073931,11545,,shelter_3,水海道第一高等学校,11531#5,0,2.3
veh_full_origin_0115_0022,private_car,origin_0115,5439073931,11545,,shelter_3,水海道第一高等学校,11531#5,0,2.3
veh_full_origin_0115_0023,private_car,origin_0115,5439073931,11545,,shelter_3,水海道第一高等学校,11531#5,0,2.3
veh_full_origin_0115_0024,private_car,origin_0115,5439073931,11545,,shelter_3,水海道第一高等学校,11531#5,0,2.3
veh_full_origin_0115_0025,private_car,origin_0115,5439073931,11545,,shelter_3,水海道第一高等学校,11531#5,0,2.3
veh_full_origin_0115_0026,private_car,origin_0115,5439073931,11545,,shelter_3,水海道第一高等学校,11531#5,0,2.3
veh_full_origin_0115_0027,private_car,origin_0115,5439073931,11545,,shelter_3,水海道第一高等学校,11531#5,0,2.3
veh_full_origin_0115_0028,private_car,origin_0115,5439073931,11545,,shelter_3,水海道第一高等学校,11531#5,0,2.3
veh_full_origin_0115_0029,private_car,origin_0115,5439073931,11545,,shelter_3,水海道第一高等学校,11531#5,0,2.3
veh_full_origin_0115_0030,private_car,origin_0115,5439073931,11545,,shelter_3,水海道第一高等学校,11531#5,0,2.3
veh_full_origin_0115_0031,private_car,origin_0115,5439073931,11545,,shelter_3,水海道第一高等学校,11531#5,0,2.3
veh_full_origin_0115_0032,private_car,origin_0115,5439073931,11545,,shelter_3,水海道第一高等学校,11531#5,0,2.3
veh_full_origin_0115_0033,private_car,origin_0115,5439073931,11545,,shelter_3,水海道第一高等学校,11531#5,0,2.3
veh_full_origin_0115_0034,private_car,origin_0115,5439073931,11545,,shelter_3,水海道第一高等学校,11531#5,0,2.3
veh_full_origin_0115_0035,private_car,origin_0115,5439073931,11545,,shelter_3,水海道第一高等学校,11531#5,0,2.3
veh_full_origin_0115_0036,private_car,origin_0115,5439073931,11545,,shelter_3,水海道第一高等学校,11531#5,0,2.3
veh_full_origin_0115_0037,private_car,origin_0115,5439073931,11545,,shelter_3,水海道第一高等学校,11531#5,0,2.3
veh_full_origin_0115_0038,private_car,origin_0115,5439073931,11545,,shelter_3,水海道第一高等学校,11531#5,0,2.3
veh_full_origin_0115_0039,private_car,origin_0115,5439073931,11545,,shelter_3,水海道第一高等学校,11531#5,0,2.3
veh_full_origin_0115_0040,private_car,origin_0115,5439073931,11545,,shelter_3,水海道第一高等学校,11531#5,0,2.3
veh_full_origin_0115_0041,private_car,origin_0115,5439073931,11545,,shelter_3,水海道第一高等学校,11531#5,0,2.3
veh_full_origin_0115_0042,private_car,origin_0115,5439073931,11545,,shelter_3,水海道第一高等学校,11531#5,0,2.3
veh_full_origin_0115_0043,private_car,origin_0115,5439073931,11545,,shelter_3,水海道第一高等学校,11531#5,0,2.3
veh_full_origin_0115_0044,private_car,origin_0115,5439073931,11545,,shelter_3,水海道第一高等学校,11531#5,0,2.3
veh_full_origin_0115_0045,private_car,origin_0115,5439073931,11545,,shelter_3,水海道第一高等学校,11531#5,0,2.3
veh_full_origin_0115_0046,private_car,origin_0115,5439073931,11545,,shelter_3,水海道第一高等学校,11531#5,0,2.3
veh_full_origin_0115_0047,private_car,origin_0115,5439073931,11545,,shelter_3,水海道第一高等学校,11531#5,0,2.3
veh_full_origin_0115_0048,private_car,origin_0115,5439073931,11545,,shelter_3,水海道第一高等学校,11531#5,0,2.3
veh_full_origin_0115_0049,private_car,origin_0115,5439073931,11545,,shelter_3,水海道第一高等学校,11531#5,0,2.3
veh_full_origin_0115_0050,private_car,origin_0115,5439073931,11545,,shelter_3,水海道第一高等学校,11531#5,0,2.3
veh_full_origin_0115_0051,private_car,origin_0115,5439073931,11545,,shelter_3,水海道第一高等学校,11531#5,0,2.3
veh_full_origin_0115_0052,private_car,origin_0115,5439073931,11545,,shelter_3,水海道第一高等学校,11531#5,0,2.3
veh_full_origin_0115_0053,private_car,origin_0115,5439073931,11545,,shelter_3,水海道第一高等学校,11531#5,0,2.3
veh_full_origin_0115_0054,private_car,origin_0115,5439073931,11545,,shelter_3,水海道第一高等学校,11531#5,0,2.3
veh_full_origin_0115_0055,private_car,origin_0115,5439073931,11545,,shelter_3,水海道第一高等学校,11531#5,0,2.3
veh_full_origin_0115_0056,private_car,origin_0115,5439073931,11545,,shelter_3,水海道第一高等学校,11531#5,0,2.3
veh_full_origin_0115_0057,private_car,origin_0115,5439073931,11545,,shelter_3,水海道第一高等学校,11531#5,0,2.3
veh_full_origin_0115_0058,private_car,origin_0115,5439073931,11545,,shelter_3,水海道第一高等学校,11531#5,0,2.3
veh_full_origin_0115_0059,private_car,origin_0115,5439073931,11545,,shelter_3,水海道第一高等学校,11531#5,0,2.3
veh_full_origin_0115_0060,private_car,origin_0115,5439073931,11545,,shelter_3,水海道第一高等学校,11531#5,0,2.3
veh_full_origin_0115_0061,private_car,origin_0115,5439073931,11545,,shelter_3,水海道第一高等学校,11531#5,0,2.3
veh_full_origin_0115_0062,private_car,origin_0115,5439073931,11545,,shelter_3,水海道第一高等学校,11531#5,0,2.3
veh_full_origin_0115_0063,private_car,origin_0115,5439073931,11545,,shelter_3,水海道第一高等学校,11531#5,0,2.3
veh_full_origin_0115_0064,private_car,origin_0115,5439073931,11545,,shelter_3,水海道第一高等学校,11531#5,0,2.3
veh_full_origin_0115_0065,private_car,origin_0115,5439073931,11545,,shelter_3,水海道第一高等学校,11531#5,0,2.3
veh_full_origin_0115_0066,private_car,origin_0115,5439073931,11545,,shelter_3,水海道第一高等学校,11531#5,0,2.3
veh_full_origin_0115_0067,private_car,origin_0115,5439073931,11545,,shelter_3,水海道第一高等学校,11531#5,0,2.3
veh_full_origin_0115_0068,private_car,origin_0115,5439073931,11545,,shelter_3,水海道第一高等学校,11531#5,0,2.3
veh_full_origin_0115_0069,private_car,origin_0115,5439073931,11545,,shelter_3,水海道第一高等学校,11531#5,0,2.3
veh_full_origin_0115_0070,private_car,origin_0115,5439073931,11545,,shelter_3,水海道第一高等学校,11531#5,0,2.3
veh_full_origin_0115_0071,private_car,origin_0115,5439073931,11545,,shelter_3,水海道第一高等学校,11531#5,0,2.3
veh_full_origin_0115_0072,private_car,origin_0115,5439073931,11545,,shelter_3,水海道第一高等学校,11531#5,0,2.3
veh_full_origin_0115_0073,private_car,origin_0115,5439073931,11545,,shelter_3,水海道第一高等学校,11531#5,0,2.3
veh_full_origin_0115_0074,private_car,origin_0115,5439073931,11545,,shelter_3,水海道第一高等学校,11531#5,0,2.3
veh_full_origin_0115_0075,private_car,origin_0115,5439073931,11545,,shelter_3,水海道第一高等学校,11531#5,0,2.3
veh_full_origin_0115_0076,private_car,origin_0115,5439073931,11545,,shelter_3,水海道第一高等学校,11531#5,0,2.3
veh_full_origin_0115_0077,private_car,origin_0115,5439073931,11545,,shelter_3,水海道第一高等学校,11531#5,0,2.3
veh_full_origin_0115_0078,private_car,origin_0115,5439073931,11545,,shelter_3,水海道第一高等学校,11531#5,0,2.3
veh_full_origin_0115_0079,private_car,origin_0115,5439073931,11545,,shelter_3,水海道第一高等学校,11531#5,0,2.3
veh_full_origin_0115_0080,private_car,origin_0115,5439073931,11545,,shelter_3,水海道第一高等学校,11531#5,0,2.3
veh_full_origin_0115_0081,private_car,origin_0115,5439073931,11545,,shelter_3,水海道第一高等学校,11531#5,0,2.3
veh_full_origin_0115_0082,private_car,origin_0115,5439073931,11545,,shelter_3,水海道第一高等学校,11531#5,0,2.3
veh_full_origin_0115_0083,private_car,origin_0115,5439073931,11545,,shelter_3,水海道第一高等学校,11531#5,0,2.3
veh_full_origin_0116_0001,private_car,origin_0116,5439073932,11033,,shelter_3,水海道第一高等学校,11531#5,0,2.3
veh_full_origin_0116_0002,private_car,origin_0116,5439073932,11033,,shelter_3,水海道第一高等学校,11531#5,0,2.3
veh_full_origin_0116_0003,private_car,origin_0116,5439073932,11033,,shelter_3,水海道第一高等学校,11531#5,0,2.3
veh_full_origin_0116_0004,private_car,origin_0116,5439073932,11033,,shelter_3,水海道第一高等学校,11531#5,0,2.3
veh_full_origin_0116_0005,private_car,origin_0116,5439073932,11033,,shelter_3,水海道第一高等学校,11531#5,0,2.3
veh_full_origin_0116_0006,private_car,origin_0116,5439073932,11033,,shelter_3,水海道第一高等学校,11531#5,0,2.3
veh_full_origin_0116_0007,private_car,origin_0116,5439073932,11033,,shelter_3,水海道第一高等学校,11531#5,0,2.3
veh_full_origin_0116_0008,private_car,origin_0116,5439073932,11033,,shelter_3,水海道第一高等学校,11531#5,0,2.3
veh_full_origin_0116_0009,private_car,origin_0116,5439073932,11033,,shelter_3,水海道第一高等学校,11531#5,0,2.3
veh_full_origin_0116_0010,private_car,origin_0116,5439073932,11033,,shelter_3,水海道第一高等学校,11531#5,0,2.3
veh_full_origin_0116_0011,private_car,origin_0116,5439073932,11033,,shelter_3,水海道第一高等学校,11531#5,0,2.3
veh_full_origin_0116_0012,private_car,origin_0116,5439073932,11033,,shelter_3,水海道第一高等学校,11531#5,0,2.3
veh_full_origin_0116_0013,private_car,origin_0116,5439073932,11033,,shelter_3,水海道第一高等学校,11531#5,0,2.3
veh_full_origin_0116_0014,private_car,origin_0116,5439073932,11033,,shelter_3,水海道第一高等学校,11531#5,0,2.3
veh_full_origin_0116_0015,private_car,origin_0116,5439073932,11033,,shelter_3,水海道第一高等学校,11531#5,0,2.3
veh_full_origin_0116_0016,private_car,origin_0116,5439073932,11033,,shelter_3,水海道第一高等学校,11531#5,0,2.3
veh_full_origin_0116_0017,private_car,origin_0116,5439073932,11033,,shelter_3,水海道第一高等学校,11531#5,0,2.3
veh_full_origin_0116_0018,private_car,origin_0116,5439073932,11033,,shelter_3,水海道第一高等学校,11531#5,0,2.3
veh_full_origin_0116_0019,private_car,origin_0116,5439073932,11033,,shelter_3,水海道第一高等学校,11531#5,0,2.3
veh_full_origin_0116_0020,private_car,origin_0116,5439073932,11033,,shelter_3,水海道第一高等学校,11531#5,0,2.3
veh_full_origin_0116_0021,private_car,origin_0116,5439073932,11033,,shelter_3,水海道第一高等学校,11531#5,0,2.3
veh_full_origin_0116_0022,private_car,origin_0116,5439073932,11033,,shelter_3,水海道第一高等学校,11531#5,0,2.3
veh_full_origin_0116_0023,private_car,origin_0116,5439073932,11033,,shelter_3,水海道第一高等学校,11531#5,0,2.3
veh_full_origin_0116_0024,private_car,origin_0116,5439073932,11033,,shelter_3,水海道第一高等学校,11531#5,0,2.3
veh_full_origin_0116_0025,private_car,origin_0116,5439073932,11033,,shelter_3,水海道第一高等学校,11531#5,0,2.3
veh_full_origin_0116_0026,private_car,origin_0116,5439073932,11033,,shelter_3,水海道第一高等学校,11531#5,0,2.3
veh_full_origin_0116_0027,private_car,origin_0116,5439073932,11033,,shelter_3,水海道第一高等学校,11531#5,0,2.3
veh_full_origin_0116_0028,private_car,origin_0116,5439073932,11033,,shelter_3,水海道第一高等学校,11531#5,0,2.3
veh_full_origin_0116_0029,private_car,origin_0116,5439073932,11033,,shelter_3,水海道第一高等学校,11531#5,0,2.3
veh_full_origin_0116_0030,private_car,origin_0116,5439073932,11033,,shelter_3,水海道第一高等学校,11531#5,0,2.3
veh_full_origin_0116_0031,private_car,origin_0116,5439073932,11033,,shelter_3,水海道第一高等学校,11531#5,0,2.3
veh_full_origin_0116_0032,private_car,origin_0116,5439073932,11033,,shelter_3,水海道第一高等学校,11531#5,0,2.3
veh_full_origin_0116_0033,private_car,origin_0116,5439073932,11033,,shelter_3,水海道第一高等学校,11531#5,0,2.3
veh_full_origin_0116_0034,private_car,origin_0116,5439073932,11033,,shelter_3,水海道第一高等学校,11531#5,0,2.3
veh_full_origin_0116_0035,private_car,origin_0116,5439073932,11033,,shelter_3,水海道第一高等学校,11531#5,0,2.3
veh_full_origin_0116_0036,private_car,origin_0116,5439073932,11033,,shelter_3,水海道第一高等学校,11531#5,0,2.3
veh_full_origin_0116_0037,private_car,origin_0116,5439073932,11033,,shelter_3,水海道第一高等学校,11531#5,0,2.3
veh_full_origin_0116_0038,private_car,origin_0116,5439073932,11033,,shelter_3,水海道第一高等学校,11531#5,0,2.3
veh_full_origin_0116_0039,private_car,origin_0116,5439073932,11033,,shelter_3,水海道第一高等学校,11531#5,0,2.3
veh_full_origin_0116_0040,private_car,origin_0116,5439073932,11033,,shelter_3,水海道第一高等学校,11531#5,0,2.3
veh_full_origin_0116_0041,private_car,origin_0116,5439073932,11033,,shelter_3,水海道第一高等学校,11531#5,0,2.3
veh_full_origin_0116_0042,private_car,origin_0116,5439073932,11033,,shelter_3,水海道第一高等学校,11531#5,0,2.3
veh_full_origin_0116_0043,private_car,origin_0116,5439073932,11033,,shelter_3,水海道第一高等学校,11531#5,0,2.3
veh_full_origin_0116_0044,private_car,origin_0116,5439073932,11033,,shelter_3,水海道第一高等学校,11531#5,0,2.3
veh_full_origin_0116_0045,private_car,origin_0116,5439073932,11033,,shelter_3,水海道第一高等学校,11531#5,0,2.3
veh_full_origin_0116_0046,private_car,origin_0116,5439073932,11033,,shelter_3,水海道第一高等学校,11531#5,0,2.3
veh_full_origin_0116_0047,private_car,origin_0116,5439073932,11033,,shelter_3,水海道第一高等学校,11531#5,0,2.3
veh_full_origin_0116_0048,private_car,origin_0116,5439073932,11033,,shelter_3,水海道第一高等学校,11531#5,0,2.3
veh_full_origin_0116_0049,private_car,origin_0116,5439073932,11033,,shelter_3,水海道第一高等学校,11531#5,0,2.3
veh_full_origin_0116_0050,private_car,origin_0116,5439073932,11033,,shelter_3,水海道第一高等学校,11531#5,0,2.3
veh_full_origin_0116_0051,private_car,origin_0116,5439073932,11033,,shelter_3,水海道第一高等学校,11531#5,0,2.3
veh_full_origin_0116_0052,private_car,origin_0116,5439073932,11033,,shelter_3,水海道第一高等学校,11531#5,0,2.3
veh_full_origin_0116_0053,private_car,origin_0116,5439073932,11033,,shelter_3,水海道第一高等学校,11531#5,0,2.3
veh_full_origin_0116_0054,private_car,origin_0116,5439073932,11033,,shelter_3,水海道第一高等学校,11531#5,0,2.3
veh_full_origin_0116_0055,private_car,origin_0116,5439073932,11033,,shelter_3,水海道第一高等学校,11531#5,0,2.3
veh_full_origin_0116_0056,private_car,origin_0116,5439073932,11033,,shelter_3,水海道第一高等学校,11531#5,0,2.3
veh_full_origin_0116_0057,private_car,origin_0116,5439073932,11033,,shelter_3,水海道第一高等学校,11531#5,0,2.3
veh_full_origin_0116_0058,private_car,origin_0116,5439073932,11033,,shelter_3,水海道第一高等学校,11531#5,0,2.3
veh_full_origin_0116_0059,private_car,origin_0116,5439073932,11033,,shelter_3,水海道第一高等学校,11531#5,0,2.3
veh_full_origin_0116_0060,private_car,origin_0116,5439073932,11033,,shelter_3,水海道第一高等学校,11531#5,0,2.3
veh_full_origin_0116_0061,private_car,origin_0116,5439073932,11033,,shelter_3,水海道第一高等学校,11531#5,0,2.3
veh_full_origin_0116_0062,private_car,origin_0116,5439073932,11033,,shelter_3,水海道第一高等学校,11531#5,0,2.3
veh_full_origin_0116_0063,private_car,origin_0116,5439073932,11033,,shelter_3,水海道第一高等学校,11531#5,0,2.3
veh_full_origin_0116_0064,private_car,origin_0116,5439073932,11033,,shelter_3,水海道第一高等学校,11531#5,0,2.3
veh_full_origin_0116_0065,private_car,origin_0116,5439073932,11033,,shelter_3,水海道第一高等学校,11531#5,0,2.3
veh_full_origin_0116_0066,private_car,origin_0116,5439073932,11033,,shelter_3,水海道第一高等学校,11531#5,0,2.3
veh_full_origin_0116_0067,private_car,origin_0116,5439073932,11033,,shelter_3,水海道第一高等学校,11531#5,0,2.3
veh_full_origin_0116_0068,private_car,origin_0116,5439073932,11033,,shelter_3,水海道第一高等学校,11531#5,0,2.3
veh_full_origin_0116_0069,private_car,origin_0116,5439073932,11033,,shelter_3,水海道第一高等学校,11531#5,0,2.3
veh_full_origin_0116_0070,private_car,origin_0116,5439073932,11033,,shelter_3,水海道第一高等学校,11531#5,0,2.3
veh_full_origin_0116_0071,private_car,origin_0116,5439073932,11033,,shelter_3,水海道第一高等学校,11531#5,0,2.3
veh_full_origin_0116_0072,private_car,origin_0116,5439073932,11033,,shelter_3,水海道第一高等学校,11531#5,0,2.3
veh_full_origin_0116_0073,private_car,origin_0116,5439073932,11033,,shelter_3,水海道第一高等学校,11531#5,0,2.3
veh_full_origin_0116_0074,private_car,origin_0116,5439073932,11033,,shelter_3,水海道第一高等学校,11531#5,0,2.3
veh_full_origin_0116_0075,private_car,origin_0116,5439073932,11033,,shelter_3,水海道第一高等学校,11531#5,0,2.3
veh_full_origin_0116_0076,private_car,origin_0116,5439073932,11033,,shelter_3,水海道第一高等学校,11531#5,0,2.3
veh_full_origin_0116_0077,private_car,origin_0116,5439073932,11033,,shelter_3,水海道第一高等学校,11531#5,0,2.3
veh_full_origin_0116_0078,private_car,origin_0116,5439073932,11033,,shelter_3,水海道第一高等学校,11531#5,0,2.3
veh_full_origin_0116_0079,private_car,origin_0116,5439073932,11033,,shelter_3,水海道第一高等学校,11531#5,0,2.3
veh_full_origin_0116_0080,private_car,origin_0116,5439073932,11033,,shelter_3,水海道第一高等学校,11531#5,0,2.3
veh_full_origin_0116_0081,private_car,origin_0116,5439073932,11033,,shelter_3,水海道第一高等学校,11531#5,0,2.3
veh_full_origin_0116_0082,private_car,origin_0116,5439073932,11033,,shelter_3,水海道第一高等学校,11531#5,0,2.3
veh_full_origin_0116_0083,private_car,origin_0116,5439073932,11033,,shelter_3,水海道第一高等学校,11531#5,0,2.3
veh_full_origin_0116_0084,private_car,origin_0116,5439073932,11033,,shelter_3,水海道第一高等学校,11531#5,0,2.3
veh_full_origin_0116_0085,private_car,origin_0116,5439073932,11033,,shelter_3,水海道第一高等学校,11531#5,0,2.3
veh_full_origin_0116_0086,private_car,origin_0116,5439073932,11033,,shelter_3,水海道第一高等学校,11531#5,0,2.3
veh_full_origin_0116_0087,private_car,origin_0116,5439073932,11033,,shelter_3,水海道第一高等学校,11531#5,0,2.3
veh_full_origin_0116_0088,private_car,origin_0116,5439073932,11033,,shelter_3,水海道第一高等学校,11531#5,0,2.3
veh_full_origin_0116_0089,private_car,origin_0116,5439073932,11033,,shelter_3,水海道第一高等学校,11531#5,0,2.3
veh_full_origin_0116_0090,private_car,origin_0116,5439073932,11033,,shelter_3,水海道第一高等学校,11531#5,0,2.3
veh_full_origin_0116_0091,private_car,origin_0116,5439073932,11033,,shelter_3,水海道第一高等学校,11531#5,0,2.3
veh_full_origin_0116_0092,private_car,origin_0116,5439073932,11033,,shelter_3,水海道第一高等学校,11531#5,0,2.3
veh_full_origin_0116_0093,private_car,origin_0116,5439073932,11033,,shelter_3,水海道第一高等学校,11531#5,0,2.3
veh_full_origin_0117_0001,private_car,origin_0117,5439073934,12104,,shelter_3,水海道第一高等学校,11531#5,0,2.3
veh_full_origin_0117_0002,private_car,origin_0117,5439073934,12104,,shelter_3,水海道第一高等学校,11531#5,0,2.3
veh_full_origin_0117_0003,private_car,origin_0117,5439073934,12104,,shelter_3,水海道第一高等学校,11531#5,0,2.3
veh_full_origin_0117_0004,private_car,origin_0117,5439073934,12104,,shelter_3,水海道第一高等学校,11531#5,0,2.3
veh_full_origin_0117_0005,private_car,origin_0117,5439073934,12104,,shelter_3,水海道第一高等学校,11531#5,0,2.3
veh_full_origin_0117_0006,private_car,origin_0117,5439073934,12104,,shelter_3,水海道第一高等学校,11531#5,0,2.3
veh_full_origin_0117_0007,private_car,origin_0117,5439073934,12104,,shelter_3,水海道第一高等学校,11531#5,0,2.3
veh_full_origin_0117_0008,private_car,origin_0117,5439073934,12104,,shelter_3,水海道第一高等学校,11531#5,0,2.3
veh_full_origin_0117_0009,private_car,origin_0117,5439073934,12104,,shelter_3,水海道第一高等学校,11531#5,0,2.3
veh_full_origin_0117_0010,private_car,origin_0117,5439073934,12104,,shelter_3,水海道第一高等学校,11531#5,0,2.3
veh_full_origin_0117_0011,private_car,origin_0117,5439073934,12104,,shelter_3,水海道第一高等学校,11531#5,0,2.3
veh_full_origin_0117_0012,private_car,origin_0117,5439073934,12104,,shelter_3,水海道第一高等学校,11531#5,0,2.3
veh_full_origin_0117_0013,private_car,origin_0117,5439073934,12104,,shelter_3,水海道第一高等学校,11531#5,0,2.3
veh_full_origin_0117_0014,private_car,origin_0117,5439073934,12104,,shelter_3,水海道第一高等学校,11531#5,0,2.3
veh_full_origin_0117_0015,private_car,origin_0117,5439073934,12104,,shelter_3,水海道第一高等学校,11531#5,0,2.3
veh_full_origin_0117_0016,private_car,origin_0117,5439073934,12104,,shelter_3,水海道第一高等学校,11531#5,0,2.3
veh_full_origin_0117_0017,private_car,origin_0117,5439073934,12104,,shelter_3,水海道第一高等学校,11531#5,0,2.3
veh_full_origin_0117_0018,private_car,origin_0117,5439073934,12104,,shelter_3,水海道第一高等学校,11531#5,0,2.3
veh_full_origin_0117_0019,private_car,origin_0117,5439073934,12104,,shelter_3,水海道第一高等学校,11531#5,0,2.3
veh_full_origin_0117_0020,private_car,origin_0117,5439073934,12104,,shelter_3,水海道第一高等学校,11531#5,0,2.3
veh_full_origin_0117_0021,private_car,origin_0117,5439073934,12104,,shelter_3,水海道第一高等学校,11531#5,0,2.3
veh_full_origin_0117_0022,private_car,origin_0117,5439073934,12104,,shelter_3,水海道第一高等学校,11531#5,0,2.3
veh_full_origin_0117_0023,private_car,origin_0117,5439073934,12104,,shelter_3,水海道第一高等学校,11531#5,0,2.3
veh_full_origin_0117_0024,private_car,origin_0117,5439073934,12104,,shelter_3,水海道第一高等学校,11531#5,0,2.3
veh_full_origin_0117_0025,private_car,origin_0117,5439073934,12104,,shelter_3,水海道第一高等学校,11531#5,0,2.3
veh_full_origin_0117_0026,private_car,origin_0117,5439073934,12104,,shelter_3,水海道第一高等学校,11531#5,0,2.3
veh_full_origin_0117_0027,private_car,origin_0117,5439073934,12104,,shelter_3,水海道第一高等学校,11531#5,0,2.3
veh_full_origin_0117_0028,private_car,origin_0117,5439073934,12104,,shelter_3,水海道第一高等学校,11531#5,0,2.3
veh_full_origin_0117_0029,private_car,origin_0117,5439073934,12104,,shelter_3,水海道第一高等学校,11531#5,0,2.3
veh_full_origin_0117_0030,private_car,origin_0117,5439073934,12104,,shelter_3,水海道第一高等学校,11531#5,0,2.3
veh_full_origin_0117_0031,private_car,origin_0117,5439073934,12104,,shelter_3,水海道第一高等学校,11531#5,0,2.3
veh_full_origin_0117_0032,private_car,origin_0117,5439073934,12104,,shelter_3,水海道第一高等学校,11531#5,0,2.3
veh_full_origin_0117_0033,private_car,origin_0117,5439073934,12104,,shelter_3,水海道第一高等学校,11531#5,0,2.3
veh_full_origin_0117_0034,private_car,origin_0117,5439073934,12104,,shelter_3,水海道第一高等学校,11531#5,0,2.3
veh_full_origin_0117_0035,private_car,origin_0117,5439073934,12104,,shelter_3,水海道第一高等学校,11531#5,0,2.3
veh_full_origin_0117_0036,private_car,origin_0117,5439073934,12104,,shelter_3,水海道第一高等学校,11531#5,0,2.3
veh_full_origin_0117_0037,private_car,origin_0117,5439073934,12104,,shelter_3,水海道第一高等学校,11531#5,0,2.3
veh_full_origin_0117_0038,private_car,origin_0117,5439073934,12104,,shelter_3,水海道第一高等学校,11531#5,0,2.3
veh_full_origin_0117_0039,private_car,origin_0117,5439073934,12104,,shelter_3,水海道第一高等学校,11531#5,0,2.3
veh_full_origin_0117_0040,private_car,origin_0117,5439073934,12104,,shelter_3,水海道第一高等学校,11531#5,0,2.3
veh_full_origin_0117_0041,private_car,origin_0117,5439073934,12104,,shelter_3,水海道第一高等学校,11531#5,0,2.3
veh_full_origin_0117_0042,private_car,origin_0117,5439073934,12104,,shelter_3,水海道第一高等学校,11531#5,0,2.3
veh_full_origin_0117_0043,private_car,origin_0117,5439073934,12104,,shelter_3,水海道第一高等学校,11531#5,0,2.3
veh_full_origin_0117_0044,private_car,origin_0117,5439073934,12104,,shelter_3,水海道第一高等学校,11531#5,0,2.3
veh_full_origin_0117_0045,private_car,origin_0117,5439073934,12104,,shelter_3,水海道第一高等学校,11531#5,0,2.3
veh_full_origin_0117_0046,private_car,origin_0117,5439073934,12104,,shelter_3,水海道第一高等学校,11531#5,0,2.3
veh_full_origin_0117_0047,private_car,origin_0117,5439073934,12104,,shelter_3,水海道第一高等学校,11531#5,0,2.3
veh_full_origin_0117_0048,private_car,origin_0117,5439073934,12104,,shelter_3,水海道第一高等学校,11531#5,0,2.3
veh_full_origin_0117_0049,private_car,origin_0117,5439073934,12104,,shelter_3,水海道第一高等学校,11531#5,0,2.3
veh_full_origin_0117_0050,private_car,origin_0117,5439073934,12104,,shelter_3,水海道第一高等学校,11531#5,0,2.3
veh_full_origin_0117_0051,private_car,origin_0117,5439073934,12104,,shelter_3,水海道第一高等学校,11531#5,0,2.3
veh_full_origin_0117_0052,private_car,origin_0117,5439073934,12104,,shelter_3,水海道第一高等学校,11531#5,0,2.3
veh_full_origin_0117_0053,private_car,origin_0117,5439073934,12104,,shelter_3,水海道第一高等学校,11531#5,0,2.3
veh_full_origin_0117_0054,private_car,origin_0117,5439073934,12104,,shelter_3,水海道第一高等学校,11531#5,0,2.3
veh_full_origin_0117_0055,private_car,origin_0117,5439073934,12104,,shelter_3,水海道第一高等学校,11531#5,0,2.3
veh_full_origin_0117_0056,private_car,origin_0117,5439073934,12104,,shelter_3,水海道第一高等学校,11531#5,0,2.3
veh_full_origin_0117_0057,private_car,origin_0117,5439073934,12104,,shelter_3,水海道第一高等学校,11531#5,0,2.3
veh_full_origin_0117_0058,private_car,origin_0117,5439073934,12104,,shelter_3,水海道第一高等学校,11531#5,0,2.3
veh_full_origin_0117_0059,private_car,origin_0117,5439073934,12104,,shelter_3,水海道第一高等学校,11531#5,0,2.3
veh_full_origin_0117_0060,private_car,origin_0117,5439073934,12104,,shelter_3,水海道第一高等学校,11531#5,0,2.3
veh_full_origin_0117_0061,private_car,origin_0117,5439073934,12104,,shelter_3,水海道第一高等学校,11531#5,0,2.3
veh_full_origin_0117_0062,private_car,origin_0117,5439073934,12104,,shelter_3,水海道第一高等学校,11531#5,0,2.3
veh_full_origin_0117_0063,private_car,origin_0117,5439073934,12104,,shelter_3,水海道第一高等学校,11531#5,0,2.3
veh_full_origin_0117_0064,private_car,origin_0117,5439073934,12104,,shelter_3,水海道第一高等学校,11531#5,0,2.3
veh_full_origin_0117_0065,private_car,origin_0117,5439073934,12104,,shelter_3,水海道第一高等学校,11531#5,0,2.3
veh_full_origin_0117_0066,private_car,origin_0117,5439073934,12104,,shelter_3,水海道第一高等学校,11531#5,0,2.3
veh_full_origin_0117_0067,private_car,origin_0117,5439073934,12104,,shelter_3,水海道第一高等学校,11531#5,0,2.3
veh_full_origin_0117_0068,private_car,origin_0117,5439073934,12104,,shelter_3,水海道第一高等学校,11531#5,0,2.3
veh_full_origin_0117_0069,private_car,origin_0117,5439073934,12104,,shelter_3,水海道第一高等学校,11531#5,0,2.3
veh_full_origin_0117_0070,private_car,origin_0117,5439073934,12104,,shelter_3,水海道第一高等学校,11531#5,0,2.3
veh_full_origin_0117_0071,private_car,origin_0117,5439073934,12104,,shelter_3,水海道第一高等学校,11531#5,0,2.3
veh_full_origin_0117_0072,private_car,origin_0117,5439073934,12104,,shelter_3,水海道第一高等学校,11531#5,0,2.3
veh_full_origin_0117_0073,private_car,origin_0117,5439073934,12104,,shelter_3,水海道第一高等学校,11531#5,0,2.3
veh_full_origin_0117_0074,private_car,origin_0117,5439073934,12104,,shelter_3,水海道第一高等学校,11531#5,0,2.3
veh_full_origin_0117_0075,private_car,origin_0117,5439073934,12104,,shelter_3,水海道第一高等学校,11531#5,0,2.3
veh_full_origin_0117_0076,private_car,origin_0117,5439073934,12104,,shelter_3,水海道第一高等学校,11531#5,0,2.3
veh_full_origin_0117_0077,private_car,origin_0117,5439073934,12104,,shelter_3,水海道第一高等学校,11531#5,0,2.3
veh_full_origin_0117_0078,private_car,origin_0117,5439073934,12104,,shelter_3,水海道第一高等学校,11531#5,0,2.3
veh_full_origin_0117_0079,private_car,origin_0117,5439073934,12104,,shelter_3,水海道第一高等学校,11531#5,0,2.3
veh_full_origin_0117_0080,private_car,origin_0117,5439073934,12104,,shelter_3,水海道第一高等学校,11531#5,0,2.3
veh_full_origin_0117_0081,private_car,origin_0117,5439073934,12104,,shelter_3,水海道第一高等学校,11531#5,0,2.3
veh_full_origin_0117_0082,private_car,origin_0117,5439073934,12104,,shelter_3,水海道第一高等学校,11531#5,0,2.3
veh_full_origin_0117_0083,private_car,origin_0117,5439073934,12104,,shelter_3,水海道第一高等学校,11531#5,0,2.3
veh_full_origin_0117_0084,private_car,origin_0117,5439073934,12104,,shelter_3,水海道第一高等学校,11531#5,0,2.3
veh_full_origin_0117_0085,private_car,origin_0117,5439073934,12104,,shelter_3,水海道第一高等学校,11531#5,0,2.3
veh_full_origin_0117_0086,private_car,origin_0117,5439073934,12104,,shelter_3,水海道第一高等学校,11531#5,0,2.3
veh_full_origin_0117_0087,private_car,origin_0117,5439073934,12104,,shelter_3,水海道第一高等学校,11531#5,0,2.3
veh_full_origin_0117_0088,private_car,origin_0117,5439073934,12104,,shelter_3,水海道第一高等学校,11531#5,0,2.3
veh_full_origin_0117_0089,private_car,origin_0117,5439073934,12104,,shelter_3,水海道第一高等学校,11531#5,0,2.3
veh_full_origin_0117_0090,private_car,origin_0117,5439073934,12104,,shelter_3,水海道第一高等学校,11531#5,0,2.3
veh_full_origin_0117_0091,private_car,origin_0117,5439073934,12104,,shelter_3,水海道第一高等学校,11531#5,0,2.3
veh_full_origin_0117_0092,private_car,origin_0117,5439073934,12104,,shelter_3,水海道第一高等学校,11531#5,0,2.3
veh_full_origin_0117_0093,private_car,origin_0117,5439073934,12104,,shelter_3,水海道第一高等学校,11531#5,0,2.3
veh_full_origin_0117_0094,private_car,origin_0117,5439073934,12104,,shelter_3,水海道第一高等学校,11531#5,0,2.3
veh_full_origin_0117_0095,private_car,origin_0117,5439073934,12104,,shelter_3,水海道第一高等学校,11531#5,0,2.3
veh_full_origin_0117_0096,private_car,origin_0117,5439073934,12104,,shelter_3,水海道第一高等学校,11531#5,0,2.3
veh_full_origin_0117_0097,private_car,origin_0117,5439073934,12104,,shelter_3,水海道第一高等学校,11531#5,0,2.3
veh_full_origin_0117_0098,private_car,origin_0117,5439073934,12104,,shelter_3,水海道第一高等学校,11531#5,0,2.3
veh_full_origin_0117_0099,private_car,origin_0117,5439073934,12104,,shelter_3,水海道第一高等学校,11531#5,0,2.3
veh_full_origin_0117_0100,private_car,origin_0117,5439073934,12104,,shelter_3,水海道第一高等学校,11531#5,0,2.3
veh_full_origin_0117_0101,private_car,origin_0117,5439073934,12104,,shelter_3,水海道第一高等学校,11531#5,0,2.3
veh_full_origin_0117_0102,private_car,origin_0117,5439073934,12104,,shelter_3,水海道第一高等学校,11531#5,0,2.3
veh_full_origin_0117_0103,private_car,origin_0117,5439073934,12104,,shelter_3,水海道第一高等学校,11531#5,0,2.3
veh_full_origin_0118_0001,private_car,origin_0118,5439073941,5338,,shelter_7,豊岡小学校,12727#0,0,2.3
veh_full_origin_0118_0002,private_car,origin_0118,5439073941,5338,,shelter_7,豊岡小学校,12727#0,0,2.3
veh_full_origin_0118_0003,private_car,origin_0118,5439073941,5338,,shelter_7,豊岡小学校,12727#0,0,2.3
veh_full_origin_0118_0004,private_car,origin_0118,5439073941,5338,,shelter_7,豊岡小学校,12727#0,0,2.3
veh_full_origin_0118_0005,private_car,origin_0118,5439073941,5338,,shelter_7,豊岡小学校,12727#0,0,2.3
veh_full_origin_0118_0006,private_car,origin_0118,5439073941,5338,,shelter_7,豊岡小学校,12727#0,0,2.3
veh_full_origin_0118_0007,private_car,origin_0118,5439073941,5338,,shelter_7,豊岡小学校,12727#0,0,2.3
veh_full_origin_0118_0008,private_car,origin_0118,5439073941,5338,,shelter_7,豊岡小学校,12727#0,0,2.3
veh_full_origin_0118_0009,private_car,origin_0118,5439073941,5338,,shelter_7,豊岡小学校,12727#0,0,2.3
veh_full_origin_0118_0010,private_car,origin_0118,5439073941,5338,,shelter_7,豊岡小学校,12727#0,0,2.3
veh_full_origin_0118_0011,private_car,origin_0118,5439073941,5338,,shelter_7,豊岡小学校,12727#0,0,2.3
veh_full_origin_0118_0012,private_car,origin_0118,5439073941,5338,,shelter_7,豊岡小学校,12727#0,0,2.3
veh_full_origin_0118_0013,private_car,origin_0118,5439073941,5338,,shelter_7,豊岡小学校,12727#0,0,2.3
veh_full_origin_0118_0014,private_car,origin_0118,5439073941,5338,,shelter_7,豊岡小学校,12727#0,0,2.3
veh_full_origin_0119_0001,private_car,origin_0119,5439073942,11056,,shelter_3,水海道第一高等学校,11531#5,0,2.3
veh_full_origin_0119_0002,private_car,origin_0119,5439073942,11056,,shelter_3,水海道第一高等学校,11531#5,0,2.3
veh_full_origin_0119_0003,private_car,origin_0119,5439073942,11056,,shelter_3,水海道第一高等学校,11531#5,0,2.3
veh_full_origin_0119_0004,private_car,origin_0119,5439073942,11056,,shelter_3,水海道第一高等学校,11531#5,0,2.3
veh_full_origin_0120_0001,private_car,origin_0120,5439074513,5343#10,,shelter_7,豊岡小学校,12727#0,0,2.3
veh_full_origin_0120_0002,private_car,origin_0120,5439074513,5343#10,,shelter_7,豊岡小学校,12727#0,0,2.3
veh_full_origin_0120_0003,private_car,origin_0120,5439074513,5343#10,,shelter_7,豊岡小学校,12727#0,0,2.3
veh_full_origin_0120_0004,private_car,origin_0120,5439074513,5343#10,,shelter_7,豊岡小学校,12727#0,0,2.3
veh_full_origin_0120_0005,private_car,origin_0120,5439074513,5343#10,,shelter_7,豊岡小学校,12727#0,0,2.3
veh_full_origin_0120_0006,private_car,origin_0120,5439074513,5343#10,,shelter_7,豊岡小学校,12727#0,0,2.3
veh_full_origin_0120_0007,private_car,origin_0120,5439074513,5343#10,,shelter_7,豊岡小学校,12727#0,0,2.3
veh_full_origin_0120_0008,private_car,origin_0120,5439074513,5343#10,,shelter_7,豊岡小学校,12727#0,0,2.3
veh_full_origin_0121_0001,private_car,origin_0121,5439074611,10459#3,,shelter_7,豊岡小学校,12727#0,0,2.3
veh_full_origin_0121_0002,private_car,origin_0121,5439074611,10459#3,,shelter_7,豊岡小学校,12727#0,0,2.3
veh_full_origin_0121_0003,private_car,origin_0121,5439074611,10459#3,,shelter_7,豊岡小学校,12727#0,0,2.3
veh_full_origin_0121_0004,private_car,origin_0121,5439074611,10459#3,,shelter_7,豊岡小学校,12727#0,0,2.3
veh_full_origin_0121_0005,private_car,origin_0121,5439074611,10459#3,,shelter_7,豊岡小学校,12727#0,0,2.3
veh_full_origin_0121_0006,private_car,origin_0121,5439074611,10459#3,,shelter_7,豊岡小学校,12727#0,0,2.3
veh_full_origin_0121_0007,private_car,origin_0121,5439074611,10459#3,,shelter_7,豊岡小学校,12727#0,0,2.3
veh_full_origin_0121_0008,private_car,origin_0121,5439074611,10459#3,,shelter_7,豊岡小学校,12727#0,0,2.3
veh_full_origin_0121_0009,private_car,origin_0121,5439074611,10459#3,,shelter_7,豊岡小学校,12727#0,0,2.3
veh_full_origin_0121_0010,private_car,origin_0121,5439074611,10459#3,,shelter_7,豊岡小学校,12727#0,0,2.3
veh_full_origin_0121_0011,private_car,origin_0121,5439074611,10459#3,,shelter_7,豊岡小学校,12727#0,0,2.3
veh_full_origin_0122_0001,private_car,origin_0122,5439074612,5331,,shelter_7,豊岡小学校,12727#0,0,2.3
veh_full_origin_0122_0002,private_car,origin_0122,5439074612,5331,,shelter_7,豊岡小学校,12727#0,0,2.3
veh_full_origin_0122_0003,private_car,origin_0122,5439074612,5331,,shelter_7,豊岡小学校,12727#0,0,2.3
veh_full_origin_0122_0004,private_car,origin_0122,5439074612,5331,,shelter_7,豊岡小学校,12727#0,0,2.3
veh_full_origin_0122_0005,private_car,origin_0122,5439074612,5331,,shelter_7,豊岡小学校,12727#0,0,2.3
veh_full_origin_0122_0006,private_car,origin_0122,5439074612,5331,,shelter_7,豊岡小学校,12727#0,0,2.3
veh_full_origin_0122_0007,private_car,origin_0122,5439074612,5331,,shelter_7,豊岡小学校,12727#0,0,2.3
veh_full_origin_0122_0008,private_car,origin_0122,5439074612,5331,,shelter_7,豊岡小学校,12727#0,0,2.3
veh_full_origin_0122_0009,private_car,origin_0122,5439074612,5331,,shelter_7,豊岡小学校,12727#0,0,2.3
veh_full_origin_0122_0010,private_car,origin_0122,5439074612,5331,,shelter_7,豊岡小学校,12727#0,0,2.3
veh_full_origin_0122_0011,private_car,origin_0122,5439074612,5331,,shelter_7,豊岡小学校,12727#0,0,2.3
veh_full_origin_0122_0012,private_car,origin_0122,5439074612,5331,,shelter_7,豊岡小学校,12727#0,0,2.3
veh_full_origin_0122_0013,private_car,origin_0122,5439074612,5331,,shelter_7,豊岡小学校,12727#0,0,2.3
veh_full_origin_0122_0014,private_car,origin_0122,5439074612,5331,,shelter_7,豊岡小学校,12727#0,0,2.3
veh_full_origin_0122_0015,private_car,origin_0122,5439074612,5331,,shelter_7,豊岡小学校,12727#0,0,2.3
veh_full_origin_0123_0001,private_car,origin_0123,5439074632,5594#13,,shelter_7,豊岡小学校,12727#0,0,2.3
veh_full_origin_0123_0002,private_car,origin_0123,5439074632,5594#13,,shelter_7,豊岡小学校,12727#0,0,2.3
veh_full_origin_0123_0003,private_car,origin_0123,5439074632,5594#13,,shelter_7,豊岡小学校,12727#0,0,2.3
veh_full_origin_0123_0004,private_car,origin_0123,5439074632,5594#13,,shelter_7,豊岡小学校,12727#0,0,2.3
veh_full_origin_0123_0005,private_car,origin_0123,5439074632,5594#13,,shelter_7,豊岡小学校,12727#0,0,2.3
veh_full_origin_0123_0006,private_car,origin_0123,5439074632,5594#13,,shelter_7,豊岡小学校,12727#0,0,2.3
veh_full_origin_0123_0007,private_car,origin_0123,5439074632,5594#13,,shelter_7,豊岡小学校,12727#0,0,2.3
veh_full_origin_0123_0008,private_car,origin_0123,5439074632,5594#13,,shelter_7,豊岡小学校,12727#0,0,2.3
veh_full_origin_0124_0001,private_car,origin_0124,5439074633,5508#3,,shelter_7,豊岡小学校,12727#0,0,2.3
veh_full_origin_0124_0002,private_car,origin_0124,5439074633,5508#3,,shelter_7,豊岡小学校,12727#0,0,2.3
veh_full_origin_0124_0003,private_car,origin_0124,5439074633,5508#3,,shelter_7,豊岡小学校,12727#0,0,2.3
veh_full_origin_0124_0004,private_car,origin_0124,5439074633,5508#3,,shelter_7,豊岡小学校,12727#0,0,2.3
veh_full_origin_0124_0005,private_car,origin_0124,5439074633,5508#3,,shelter_7,豊岡小学校,12727#0,0,2.3
veh_full_origin_0124_0006,private_car,origin_0124,5439074633,5508#3,,shelter_7,豊岡小学校,12727#0,0,2.3
veh_full_origin_0124_0007,private_car,origin_0124,5439074633,5508#3,,shelter_7,豊岡小学校,12727#0,0,2.3
veh_full_origin_0124_0008,private_car,origin_0124,5439074633,5508#3,,shelter_7,豊岡小学校,12727#0,0,2.3
veh_full_origin_0124_0009,private_car,origin_0124,5439074633,5508#3,,shelter_7,豊岡小学校,12727#0,0,2.3
veh_full_origin_0124_0010,private_car,origin_0124,5439074633,5508#3,,shelter_7,豊岡小学校,12727#0,0,2.3
veh_full_origin_0124_0011,private_car,origin_0124,5439074633,5508#3,,shelter_7,豊岡小学校,12727#0,0,2.3
veh_full_origin_0124_0012,private_car,origin_0124,5439074633,5508#3,,shelter_7,豊岡小学校,12727#0,0,2.3
veh_full_origin_0124_0013,private_car,origin_0124,5439074633,5508#3,,shelter_7,豊岡小学校,12727#0,0,2.3
veh_full_origin_0124_0014,private_car,origin_0124,5439074633,5508#3,,shelter_7,豊岡小学校,12727#0,0,2.3
veh_full_origin_0125_0001,private_car,origin_0125,5439074634,5508#5,,shelter_7,豊岡小学校,12727#0,0,2.3
veh_full_origin_0125_0002,private_car,origin_0125,5439074634,5508#5,,shelter_7,豊岡小学校,12727#0,0,2.3
veh_full_origin_0125_0003,private_car,origin_0125,5439074634,5508#5,,shelter_7,豊岡小学校,12727#0,0,2.3
veh_full_origin_0125_0004,private_car,origin_0125,5439074634,5508#5,,shelter_7,豊岡小学校,12727#0,0,2.3
veh_full_origin_0125_0005,private_car,origin_0125,5439074634,5508#5,,shelter_7,豊岡小学校,12727#0,0,2.3
veh_full_origin_0126_0001,private_car,origin_0126,5439074641,353#10,,shelter_7,豊岡小学校,12727#0,0,2.3
veh_full_origin_0127_0001,private_car,origin_0127,5439074643,5539#0,,shelter_7,豊岡小学校,12727#0,0,2.3
veh_full_origin_0127_0002,private_car,origin_0127,5439074643,5539#0,,shelter_7,豊岡小学校,12727#0,0,2.3
veh_full_origin_0127_0003,private_car,origin_0127,5439074643,5539#0,,shelter_7,豊岡小学校,12727#0,0,2.3
veh_full_origin_0127_0004,private_car,origin_0127,5439074643,5539#0,,shelter_7,豊岡小学校,12727#0,0,2.3
veh_full_origin_0127_0005,private_car,origin_0127,5439074643,5539#0,,shelter_7,豊岡小学校,12727#0,0,2.3
veh_full_origin_0127_0006,private_car,origin_0127,5439074643,5539#0,,shelter_7,豊岡小学校,12727#0,0,2.3
veh_full_origin_0127_0007,private_car,origin_0127,5439074643,5539#0,,shelter_7,豊岡小学校,12727#0,0,2.3
veh_full_origin_0127_0008,private_car,origin_0127,5439074643,5539#0,,shelter_7,豊岡小学校,12727#0,0,2.3
veh_full_origin_0127_0009,private_car,origin_0127,5439074643,5539#0,,shelter_7,豊岡小学校,12727#0,0,2.3
veh_full_origin_0127_0010,private_car,origin_0127,5439074643,5539#0,,shelter_7,豊岡小学校,12727#0,0,2.3
veh_full_origin_0127_0011,private_car,origin_0127,5439074643,5539#0,,shelter_7,豊岡小学校,12727#0,0,2.3
veh_full_origin_0127_0012,private_car,origin_0127,5439074643,5539#0,,shelter_7,豊岡小学校,12727#0,0,2.3
veh_full_origin_0127_0013,private_car,origin_0127,5439074643,5539#0,,shelter_7,豊岡小学校,12727#0,0,2.3
veh_full_origin_0127_0014,private_car,origin_0127,5439074643,5539#0,,shelter_7,豊岡小学校,12727#0,0,2.3
veh_full_origin_0127_0015,private_car,origin_0127,5439074643,5539#0,,shelter_7,豊岡小学校,12727#0,0,2.3
veh_full_origin_0127_0016,private_car,origin_0127,5439074643,5539#0,,shelter_7,豊岡小学校,12727#0,0,2.3
veh_full_origin_0127_0017,private_car,origin_0127,5439074643,5539#0,,shelter_7,豊岡小学校,12727#0,0,2.3
veh_full_origin_0127_0018,private_car,origin_0127,5439074643,5539#0,,shelter_7,豊岡小学校,12727#0,0,2.3
veh_full_origin_0127_0019,private_car,origin_0127,5439074643,5539#0,,shelter_7,豊岡小学校,12727#0,0,2.3
veh_full_origin_0127_0020,private_car,origin_0127,5439074643,5539#0,,shelter_7,豊岡小学校,12727#0,0,2.3
veh_full_origin_0127_0021,private_car,origin_0127,5439074643,5539#0,,shelter_7,豊岡小学校,12727#0,0,2.3
veh_full_origin_0127_0022,private_car,origin_0127,5439074643,5539#0,,shelter_7,豊岡小学校,12727#0,0,2.3
veh_full_origin_0127_0023,private_car,origin_0127,5439074643,5539#0,,shelter_7,豊岡小学校,12727#0,0,2.3
veh_full_origin_0128_0001,private_car,origin_0128,5439074721,10949-AddedOnRampEdge,,shelter_7,豊岡小学校,12727#0,0,2.3
veh_full_origin_0128_0002,private_car,origin_0128,5439074721,10949-AddedOnRampEdge,,shelter_7,豊岡小学校,12727#0,0,2.3
veh_full_origin_0128_0003,private_car,origin_0128,5439074721,10949-AddedOnRampEdge,,shelter_7,豊岡小学校,12727#0,0,2.3
veh_full_origin_0128_0004,private_car,origin_0128,5439074721,10949-AddedOnRampEdge,,shelter_7,豊岡小学校,12727#0,0,2.3
veh_full_origin_0128_0005,private_car,origin_0128,5439074721,10949-AddedOnRampEdge,,shelter_7,豊岡小学校,12727#0,0,2.3
veh_full_origin_0128_0006,private_car,origin_0128,5439074721,10949-AddedOnRampEdge,,shelter_7,豊岡小学校,12727#0,0,2.3
veh_full_origin_0128_0007,private_car,origin_0128,5439074721,10949-AddedOnRampEdge,,shelter_7,豊岡小学校,12727#0,0,2.3
veh_full_origin_0128_0008,private_car,origin_0128,5439074721,10949-AddedOnRampEdge,,shelter_7,豊岡小学校,12727#0,0,2.3
veh_full_origin_0128_0009,private_car,origin_0128,5439074721,10949-AddedOnRampEdge,,shelter_7,豊岡小学校,12727#0,0,2.3
veh_full_origin_0128_0010,private_car,origin_0128,5439074721,10949-AddedOnRampEdge,,shelter_7,豊岡小学校,12727#0,0,2.3
veh_full_origin_0128_0011,private_car,origin_0128,5439074721,10949-AddedOnRampEdge,,shelter_7,豊岡小学校,12727#0,0,2.3
veh_full_origin_0128_0012,private_car,origin_0128,5439074721,10949-AddedOnRampEdge,,shelter_7,豊岡小学校,12727#0,0,2.3
veh_full_origin_0128_0013,private_car,origin_0128,5439074721,10949-AddedOnRampEdge,,shelter_7,豊岡小学校,12727#0,0,2.3
veh_full_origin_0128_0014,private_car,origin_0128,5439074721,10949-AddedOnRampEdge,,shelter_7,豊岡小学校,12727#0,0,2.3
veh_full_origin_0128_0015,private_car,origin_0128,5439074721,10949-AddedOnRampEdge,,shelter_7,豊岡小学校,12727#0,0,2.3
veh_full_origin_0128_0016,private_car,origin_0128,5439074721,10949-AddedOnRampEdge,,shelter_7,豊岡小学校,12727#0,0,2.3
veh_full_origin_0128_0017,private_car,origin_0128,5439074721,10949-AddedOnRampEdge,,shelter_7,豊岡小学校,12727#0,0,2.3
veh_full_origin_0128_0018,private_car,origin_0128,5439074721,10949-AddedOnRampEdge,,shelter_7,豊岡小学校,12727#0,0,2.3
veh_full_origin_0128_0019,private_car,origin_0128,5439074721,10949-AddedOnRampEdge,,shelter_7,豊岡小学校,12727#0,0,2.3
veh_full_origin_0129_0001,private_car,origin_0129,5439074722,10950,,shelter_7,豊岡小学校,12727#0,0,2.3
veh_full_origin_0129_0002,private_car,origin_0129,5439074722,10950,,shelter_7,豊岡小学校,12727#0,0,2.3
veh_full_origin_0129_0003,private_car,origin_0129,5439074722,10950,,shelter_7,豊岡小学校,12727#0,0,2.3
veh_full_origin_0129_0004,private_car,origin_0129,5439074722,10950,,shelter_7,豊岡小学校,12727#0,0,2.3
veh_full_origin_0129_0005,private_car,origin_0129,5439074722,10950,,shelter_7,豊岡小学校,12727#0,0,2.3
veh_full_origin_0129_0006,private_car,origin_0129,5439074722,10950,,shelter_7,豊岡小学校,12727#0,0,2.3
veh_full_origin_0129_0007,private_car,origin_0129,5439074722,10950,,shelter_7,豊岡小学校,12727#0,0,2.3
veh_full_origin_0129_0008,private_car,origin_0129,5439074722,10950,,shelter_7,豊岡小学校,12727#0,0,2.3
veh_full_origin_0129_0009,private_car,origin_0129,5439074722,10950,,shelter_7,豊岡小学校,12727#0,0,2.3
veh_full_origin_0129_0010,private_car,origin_0129,5439074722,10950,,shelter_7,豊岡小学校,12727#0,0,2.3
veh_full_origin_0129_0011,private_car,origin_0129,5439074722,10950,,shelter_7,豊岡小学校,12727#0,0,2.3
veh_full_origin_0129_0012,private_car,origin_0129,5439074722,10950,,shelter_7,豊岡小学校,12727#0,0,2.3
veh_full_origin_0129_0013,private_car,origin_0129,5439074722,10950,,shelter_7,豊岡小学校,12727#0,0,2.3
veh_full_origin_0129_0014,private_car,origin_0129,5439074722,10950,,shelter_7,豊岡小学校,12727#0,0,2.3
veh_full_origin_0129_0015,private_car,origin_0129,5439074722,10950,,shelter_7,豊岡小学校,12727#0,0,2.3
veh_full_origin_0129_0016,private_car,origin_0129,5439074722,10950,,shelter_7,豊岡小学校,12727#0,0,2.3
veh_full_origin_0129_0017,private_car,origin_0129,5439074722,10950,,shelter_7,豊岡小学校,12727#0,0,2.3
veh_full_origin_0129_0018,private_car,origin_0129,5439074722,10950,,shelter_7,豊岡小学校,12727#0,0,2.3
veh_full_origin_0129_0019,private_car,origin_0129,5439074722,10950,,shelter_7,豊岡小学校,12727#0,0,2.3
veh_full_origin_0129_0020,private_car,origin_0129,5439074722,10950,,shelter_7,豊岡小学校,12727#0,0,2.3
veh_full_origin_0129_0021,private_car,origin_0129,5439074722,10950,,shelter_7,豊岡小学校,12727#0,0,2.3
veh_full_origin_0129_0022,private_car,origin_0129,5439074722,10950,,shelter_7,豊岡小学校,12727#0,0,2.3
veh_full_origin_0129_0023,private_car,origin_0129,5439074722,10950,,shelter_7,豊岡小学校,12727#0,0,2.3
veh_full_origin_0129_0024,private_car,origin_0129,5439074722,10950,,shelter_7,豊岡小学校,12727#0,0,2.3
veh_full_origin_0129_0025,private_car,origin_0129,5439074722,10950,,shelter_7,豊岡小学校,12727#0,0,2.3
veh_full_origin_0129_0026,private_car,origin_0129,5439074722,10950,,shelter_7,豊岡小学校,12727#0,0,2.3
veh_full_origin_0129_0027,private_car,origin_0129,5439074722,10950,,shelter_7,豊岡小学校,12727#0,0,2.3
veh_full_origin_0129_0028,private_car,origin_0129,5439074722,10950,,shelter_7,豊岡小学校,12727#0,0,2.3
veh_full_origin_0129_0029,private_car,origin_0129,5439074722,10950,,shelter_7,豊岡小学校,12727#0,0,2.3
veh_full_origin_0129_0030,private_car,origin_0129,5439074722,10950,,shelter_7,豊岡小学校,12727#0,0,2.3
veh_full_origin_0129_0031,private_car,origin_0129,5439074722,10950,,shelter_7,豊岡小学校,12727#0,0,2.3
veh_full_origin_0129_0032,private_car,origin_0129,5439074722,10950,,shelter_7,豊岡小学校,12727#0,0,2.3
veh_full_origin_0129_0033,private_car,origin_0129,5439074722,10950,,shelter_7,豊岡小学校,12727#0,0,2.3
veh_full_origin_0129_0034,private_car,origin_0129,5439074722,10950,,shelter_7,豊岡小学校,12727#0,0,2.3
veh_full_origin_0129_0035,private_car,origin_0129,5439074722,10950,,shelter_7,豊岡小学校,12727#0,0,2.3
veh_full_origin_0129_0036,private_car,origin_0129,5439074722,10950,,shelter_7,豊岡小学校,12727#0,0,2.3
veh_full_origin_0129_0037,private_car,origin_0129,5439074722,10950,,shelter_7,豊岡小学校,12727#0,0,2.3
veh_full_origin_0129_0038,private_car,origin_0129,5439074722,10950,,shelter_7,豊岡小学校,12727#0,0,2.3
veh_full_origin_0129_0039,private_car,origin_0129,5439074722,10950,,shelter_7,豊岡小学校,12727#0,0,2.3
veh_full_origin_0129_0040,private_car,origin_0129,5439074722,10950,,shelter_7,豊岡小学校,12727#0,0,2.3
veh_full_origin_0129_0041,private_car,origin_0129,5439074722,10950,,shelter_7,豊岡小学校,12727#0,0,2.3
veh_full_origin_0130_0001,private_car,origin_0130,5439074814,5394#8,,shelter_7,豊岡小学校,12727#0,0,2.3
veh_full_origin_0130_0002,private_car,origin_0130,5439074814,5394#8,,shelter_7,豊岡小学校,12727#0,0,2.3
veh_full_origin_0130_0003,private_car,origin_0130,5439074814,5394#8,,shelter_7,豊岡小学校,12727#0,0,2.3
veh_full_origin_0130_0004,private_car,origin_0130,5439074814,5394#8,,shelter_7,豊岡小学校,12727#0,0,2.3
veh_full_origin_0130_0005,private_car,origin_0130,5439074814,5394#8,,shelter_7,豊岡小学校,12727#0,0,2.3
veh_full_origin_0130_0006,private_car,origin_0130,5439074814,5394#8,,shelter_7,豊岡小学校,12727#0,0,2.3
veh_full_origin_0130_0007,private_car,origin_0130,5439074814,5394#8,,shelter_7,豊岡小学校,12727#0,0,2.3
veh_full_origin_0130_0008,private_car,origin_0130,5439074814,5394#8,,shelter_7,豊岡小学校,12727#0,0,2.3
veh_full_origin_0130_0009,private_car,origin_0130,5439074814,5394#8,,shelter_7,豊岡小学校,12727#0,0,2.3
veh_full_origin_0131_0001,private_car,origin_0131,5439074824,5429#3,,shelter_7,豊岡小学校,12727#0,0,2.3
veh_full_origin_0131_0002,private_car,origin_0131,5439074824,5429#3,,shelter_7,豊岡小学校,12727#0,0,2.3
veh_full_origin_0131_0003,private_car,origin_0131,5439074824,5429#3,,shelter_7,豊岡小学校,12727#0,0,2.3
veh_full_origin_0131_0004,private_car,origin_0131,5439074824,5429#3,,shelter_7,豊岡小学校,12727#0,0,2.3
veh_full_origin_0131_0005,private_car,origin_0131,5439074824,5429#3,,shelter_7,豊岡小学校,12727#0,0,2.3
veh_full_origin_0131_0006,private_car,origin_0131,5439074824,5429#3,,shelter_7,豊岡小学校,12727#0,0,2.3
veh_full_origin_0131_0007,private_car,origin_0131,5439074824,5429#3,,shelter_7,豊岡小学校,12727#0,0,2.3
veh_full_origin_0131_0008,private_car,origin_0131,5439074824,5429#3,,shelter_7,豊岡小学校,12727#0,0,2.3
veh_full_origin_0131_0009,private_car,origin_0131,5439074824,5429#3,,shelter_7,豊岡小学校,12727#0,0,2.3
veh_full_origin_0131_0010,private_car,origin_0131,5439074824,5429#3,,shelter_7,豊岡小学校,12727#0,0,2.3
veh_full_origin_0131_0011,private_car,origin_0131,5439074824,5429#3,,shelter_7,豊岡小学校,12727#0,0,2.3
veh_full_origin_0131_0012,private_car,origin_0131,5439074824,5429#3,,shelter_7,豊岡小学校,12727#0,0,2.3
veh_full_origin_0131_0013,private_car,origin_0131,5439074824,5429#3,,shelter_7,豊岡小学校,12727#0,0,2.3
veh_full_origin_0131_0014,private_car,origin_0131,5439074824,5429#3,,shelter_7,豊岡小学校,12727#0,0,2.3
veh_full_origin_0131_0015,private_car,origin_0131,5439074824,5429#3,,shelter_7,豊岡小学校,12727#0,0,2.3
veh_full_origin_0131_0016,private_car,origin_0131,5439074824,5429#3,,shelter_7,豊岡小学校,12727#0,0,2.3
veh_full_origin_0131_0017,private_car,origin_0131,5439074824,5429#3,,shelter_7,豊岡小学校,12727#0,0,2.3
veh_full_origin_0131_0018,private_car,origin_0131,5439074824,5429#3,,shelter_7,豊岡小学校,12727#0,0,2.3
veh_full_origin_0131_0019,private_car,origin_0131,5439074824,5429#3,,shelter_7,豊岡小学校,12727#0,0,2.3
veh_full_origin_0131_0020,private_car,origin_0131,5439074824,5429#3,,shelter_7,豊岡小学校,12727#0,0,2.3
veh_full_origin_0131_0021,private_car,origin_0131,5439074824,5429#3,,shelter_7,豊岡小学校,12727#0,0,2.3
veh_full_origin_0131_0022,private_car,origin_0131,5439074824,5429#3,,shelter_7,豊岡小学校,12727#0,0,2.3
veh_full_origin_0131_0023,private_car,origin_0131,5439074824,5429#3,,shelter_7,豊岡小学校,12727#0,0,2.3
veh_full_origin_0131_0024,private_car,origin_0131,5439074824,5429#3,,shelter_7,豊岡小学校,12727#0,0,2.3
veh_full_origin_0131_0025,private_car,origin_0131,5439074824,5429#3,,shelter_7,豊岡小学校,12727#0,0,2.3
veh_full_origin_0131_0026,private_car,origin_0131,5439074824,5429#3,,shelter_7,豊岡小学校,12727#0,0,2.3
veh_full_origin_0132_0001,private_car,origin_0132,5439074911,5389#1,,shelter_7,豊岡小学校,12727#0,0,2.3
veh_full_origin_0132_0002,private_car,origin_0132,5439074911,5389#1,,shelter_7,豊岡小学校,12727#0,0,2.3
veh_full_origin_0132_0003,private_car,origin_0132,5439074911,5389#1,,shelter_7,豊岡小学校,12727#0,0,2.3
veh_full_origin_0132_0004,private_car,origin_0132,5439074911,5389#1,,shelter_7,豊岡小学校,12727#0,0,2.3
veh_full_origin_0132_0005,private_car,origin_0132,5439074911,5389#1,,shelter_7,豊岡小学校,12727#0,0,2.3
veh_full_origin_0132_0006,private_car,origin_0132,5439074911,5389#1,,shelter_7,豊岡小学校,12727#0,0,2.3
veh_full_origin_0132_0007,private_car,origin_0132,5439074911,5389#1,,shelter_7,豊岡小学校,12727#0,0,2.3
veh_full_origin_0132_0008,private_car,origin_0132,5439074911,5389#1,,shelter_7,豊岡小学校,12727#0,0,2.3
veh_full_origin_0132_0009,private_car,origin_0132,5439074911,5389#1,,shelter_7,豊岡小学校,12727#0,0,2.3
veh_full_origin_0132_0010,private_car,origin_0132,5439074911,5389#1,,shelter_7,豊岡小学校,12727#0,0,2.3
veh_full_origin_0132_0011,private_car,origin_0132,5439074911,5389#1,,shelter_7,豊岡小学校,12727#0,0,2.3
veh_full_origin_0132_0012,private_car,origin_0132,5439074911,5389#1,,shelter_7,豊岡小学校,12727#0,0,2.3
veh_full_origin_0132_0013,private_car,origin_0132,5439074911,5389#1,,shelter_7,豊岡小学校,12727#0,0,2.3
veh_full_origin_0132_0014,private_car,origin_0132,5439074911,5389#1,,shelter_7,豊岡小学校,12727#0,0,2.3
veh_full_origin_0132_0015,private_car,origin_0132,5439074911,5389#1,,shelter_7,豊岡小学校,12727#0,0,2.3
veh_full_origin_0132_0016,private_car,origin_0132,5439074911,5389#1,,shelter_7,豊岡小学校,12727#0,0,2.3
veh_full_origin_0132_0017,private_car,origin_0132,5439074911,5389#1,,shelter_7,豊岡小学校,12727#0,0,2.3
veh_full_origin_0132_0018,private_car,origin_0132,5439074911,5389#1,,shelter_7,豊岡小学校,12727#0,0,2.3
veh_full_origin_0132_0019,private_car,origin_0132,5439074911,5389#1,,shelter_7,豊岡小学校,12727#0,0,2.3
veh_full_origin_0132_0020,private_car,origin_0132,5439074911,5389#1,,shelter_7,豊岡小学校,12727#0,0,2.3
veh_full_origin_0132_0021,private_car,origin_0132,5439074911,5389#1,,shelter_7,豊岡小学校,12727#0,0,2.3
veh_full_origin_0132_0022,private_car,origin_0132,5439074911,5389#1,,shelter_7,豊岡小学校,12727#0,0,2.3
veh_full_origin_0132_0023,private_car,origin_0132,5439074911,5389#1,,shelter_7,豊岡小学校,12727#0,0,2.3
veh_full_origin_0132_0024,private_car,origin_0132,5439074911,5389#1,,shelter_7,豊岡小学校,12727#0,0,2.3
veh_full_origin_0132_0025,private_car,origin_0132,5439074911,5389#1,,shelter_7,豊岡小学校,12727#0,0,2.3
veh_full_origin_0132_0026,private_car,origin_0132,5439074911,5389#1,,shelter_7,豊岡小学校,12727#0,0,2.3
veh_full_origin_0132_0027,private_car,origin_0132,5439074911,5389#1,,shelter_7,豊岡小学校,12727#0,0,2.3
veh_full_origin_0132_0028,private_car,origin_0132,5439074911,5389#1,,shelter_7,豊岡小学校,12727#0,0,2.3
veh_full_origin_0132_0029,private_car,origin_0132,5439074911,5389#1,,shelter_7,豊岡小学校,12727#0,0,2.3
veh_full_origin_0132_0030,private_car,origin_0132,5439074911,5389#1,,shelter_7,豊岡小学校,12727#0,0,2.3
veh_full_origin_0132_0031,private_car,origin_0132,5439074911,5389#1,,shelter_7,豊岡小学校,12727#0,0,2.3
veh_full_origin_0132_0032,private_car,origin_0132,5439074911,5389#1,,shelter_7,豊岡小学校,12727#0,0,2.3
veh_full_origin_0132_0033,private_car,origin_0132,5439074911,5389#1,,shelter_7,豊岡小学校,12727#0,0,2.3
veh_full_origin_0132_0034,private_car,origin_0132,5439074911,5389#1,,shelter_7,豊岡小学校,12727#0,0,2.3
veh_full_origin_0132_0035,private_car,origin_0132,5439074911,5389#1,,shelter_7,豊岡小学校,12727#0,0,2.3
veh_full_origin_0132_0036,private_car,origin_0132,5439074911,5389#1,,shelter_7,豊岡小学校,12727#0,0,2.3
veh_full_origin_0132_0037,private_car,origin_0132,5439074911,5389#1,,shelter_7,豊岡小学校,12727#0,0,2.3
veh_full_origin_0132_0038,private_car,origin_0132,5439074911,5389#1,,shelter_7,豊岡小学校,12727#0,0,2.3
veh_full_origin_0132_0039,private_car,origin_0132,5439074911,5389#1,,shelter_7,豊岡小学校,12727#0,0,2.3
veh_full_origin_0132_0040,private_car,origin_0132,5439074911,5389#1,,shelter_7,豊岡小学校,12727#0,0,2.3
veh_full_origin_0132_0041,private_car,origin_0132,5439074911,5389#1,,shelter_7,豊岡小学校,12727#0,0,2.3
veh_full_origin_0132_0042,private_car,origin_0132,5439074911,5389#1,,shelter_7,豊岡小学校,12727#0,0,2.3
veh_full_origin_0132_0043,private_car,origin_0132,5439074911,5389#1,,shelter_7,豊岡小学校,12727#0,0,2.3
veh_full_origin_0132_0044,private_car,origin_0132,5439074911,5389#1,,shelter_7,豊岡小学校,12727#0,0,2.3
veh_full_origin_0132_0045,private_car,origin_0132,5439074911,5389#1,,shelter_7,豊岡小学校,12727#0,0,2.3
veh_full_origin_0132_0046,private_car,origin_0132,5439074911,5389#1,,shelter_7,豊岡小学校,12727#0,0,2.3
veh_full_origin_0132_0047,private_car,origin_0132,5439074911,5389#1,,shelter_7,豊岡小学校,12727#0,0,2.3
veh_full_origin_0132_0048,private_car,origin_0132,5439074911,5389#1,,shelter_7,豊岡小学校,12727#0,0,2.3
veh_full_origin_0132_0049,private_car,origin_0132,5439074911,5389#1,,shelter_7,豊岡小学校,12727#0,0,2.3
veh_full_origin_0132_0050,private_car,origin_0132,5439074911,5389#1,,shelter_7,豊岡小学校,12727#0,0,2.3
veh_full_origin_0132_0051,private_car,origin_0132,5439074911,5389#1,,shelter_7,豊岡小学校,12727#0,0,2.3
veh_full_origin_0132_0052,private_car,origin_0132,5439074911,5389#1,,shelter_7,豊岡小学校,12727#0,0,2.3
veh_full_origin_0132_0053,private_car,origin_0132,5439074911,5389#1,,shelter_7,豊岡小学校,12727#0,0,2.3
veh_full_origin_0132_0054,private_car,origin_0132,5439074911,5389#1,,shelter_7,豊岡小学校,12727#0,0,2.3
veh_full_origin_0132_0055,private_car,origin_0132,5439074911,5389#1,,shelter_7,豊岡小学校,12727#0,0,2.3
veh_full_origin_0132_0056,private_car,origin_0132,5439074911,5389#1,,shelter_7,豊岡小学校,12727#0,0,2.3
veh_full_origin_0132_0057,private_car,origin_0132,5439074911,5389#1,,shelter_7,豊岡小学校,12727#0,0,2.3
veh_full_origin_0132_0058,private_car,origin_0132,5439074911,5389#1,,shelter_7,豊岡小学校,12727#0,0,2.3
veh_full_origin_0132_0059,private_car,origin_0132,5439074911,5389#1,,shelter_7,豊岡小学校,12727#0,0,2.3
veh_full_origin_0132_0060,private_car,origin_0132,5439074911,5389#1,,shelter_7,豊岡小学校,12727#0,0,2.3
veh_full_origin_0132_0061,private_car,origin_0132,5439074911,5389#1,,shelter_7,豊岡小学校,12727#0,0,2.3
veh_full_origin_0132_0062,private_car,origin_0132,5439074911,5389#1,,shelter_7,豊岡小学校,12727#0,0,2.3
veh_full_origin_0132_0063,private_car,origin_0132,5439074911,5389#1,,shelter_7,豊岡小学校,12727#0,0,2.3
veh_full_origin_0132_0064,private_car,origin_0132,5439074911,5389#1,,shelter_7,豊岡小学校,12727#0,0,2.3
veh_full_origin_0132_0065,private_car,origin_0132,5439074911,5389#1,,shelter_7,豊岡小学校,12727#0,0,2.3
veh_full_origin_0132_0066,private_car,origin_0132,5439074911,5389#1,,shelter_7,豊岡小学校,12727#0,0,2.3
veh_full_origin_0132_0067,private_car,origin_0132,5439074911,5389#1,,shelter_7,豊岡小学校,12727#0,0,2.3
veh_full_origin_0132_0068,private_car,origin_0132,5439074911,5389#1,,shelter_7,豊岡小学校,12727#0,0,2.3
veh_full_origin_0132_0069,private_car,origin_0132,5439074911,5389#1,,shelter_7,豊岡小学校,12727#0,0,2.3
veh_full_origin_0132_0070,private_car,origin_0132,5439074911,5389#1,,shelter_7,豊岡小学校,12727#0,0,2.3
veh_full_origin_0132_0071,private_car,origin_0132,5439074911,5389#1,,shelter_7,豊岡小学校,12727#0,0,2.3
veh_full_origin_0132_0072,private_car,origin_0132,5439074911,5389#1,,shelter_7,豊岡小学校,12727#0,0,2.3
veh_full_origin_0132_0073,private_car,origin_0132,5439074911,5389#1,,shelter_7,豊岡小学校,12727#0,0,2.3
veh_full_origin_0132_0074,private_car,origin_0132,5439074911,5389#1,,shelter_7,豊岡小学校,12727#0,0,2.3
veh_full_origin_0132_0075,private_car,origin_0132,5439074911,5389#1,,shelter_7,豊岡小学校,12727#0,0,2.3
veh_full_origin_0132_0076,private_car,origin_0132,5439074911,5389#1,,shelter_7,豊岡小学校,12727#0,0,2.3
veh_full_origin_0132_0077,private_car,origin_0132,5439074911,5389#1,,shelter_7,豊岡小学校,12727#0,0,2.3
veh_full_origin_0132_0078,private_car,origin_0132,5439074911,5389#1,,shelter_7,豊岡小学校,12727#0,0,2.3
veh_full_origin_0132_0079,private_car,origin_0132,5439074911,5389#1,,shelter_7,豊岡小学校,12727#0,0,2.3
veh_full_origin_0132_0080,private_car,origin_0132,5439074911,5389#1,,shelter_7,豊岡小学校,12727#0,0,2.3
veh_full_origin_0132_0081,private_car,origin_0132,5439074911,5389#1,,shelter_7,豊岡小学校,12727#0,0,2.3
veh_full_origin_0132_0082,private_car,origin_0132,5439074911,5389#1,,shelter_7,豊岡小学校,12727#0,0,2.3
veh_full_origin_0132_0083,private_car,origin_0132,5439074911,5389#1,,shelter_7,豊岡小学校,12727#0,0,2.3
veh_full_origin_0132_0084,private_car,origin_0132,5439074911,5389#1,,shelter_7,豊岡小学校,12727#0,0,2.3
veh_full_origin_0132_0085,private_car,origin_0132,5439074911,5389#1,,shelter_7,豊岡小学校,12727#0,0,2.3
veh_full_origin_0132_0086,private_car,origin_0132,5439074911,5389#1,,shelter_7,豊岡小学校,12727#0,0,2.3
veh_full_origin_0132_0087,private_car,origin_0132,5439074911,5389#1,,shelter_7,豊岡小学校,12727#0,0,2.3
veh_full_origin_0132_0088,private_car,origin_0132,5439074911,5389#1,,shelter_7,豊岡小学校,12727#0,0,2.3
veh_full_origin_0132_0089,private_car,origin_0132,5439074911,5389#1,,shelter_7,豊岡小学校,12727#0,0,2.3
veh_full_origin_0132_0090,private_car,origin_0132,5439074911,5389#1,,shelter_7,豊岡小学校,12727#0,0,2.3
veh_full_origin_0132_0091,private_car,origin_0132,5439074911,5389#1,,shelter_7,豊岡小学校,12727#0,0,2.3
veh_full_origin_0132_0092,private_car,origin_0132,5439074911,5389#1,,shelter_7,豊岡小学校,12727#0,0,2.3
veh_full_origin_0132_0093,private_car,origin_0132,5439074911,5389#1,,shelter_7,豊岡小学校,12727#0,0,2.3
veh_full_origin_0132_0094,private_car,origin_0132,5439074911,5389#1,,shelter_7,豊岡小学校,12727#0,0,2.3
veh_full_origin_0133_0001,private_car,origin_0133,5439074912,6579,,shelter_7,豊岡小学校,12727#0,0,2.3
veh_full_origin_0133_0002,private_car,origin_0133,5439074912,6579,,shelter_7,豊岡小学校,12727#0,0,2.3
veh_full_origin_0133_0003,private_car,origin_0133,5439074912,6579,,shelter_7,豊岡小学校,12727#0,0,2.3
veh_full_origin_0133_0004,private_car,origin_0133,5439074912,6579,,shelter_7,豊岡小学校,12727#0,0,2.3
veh_full_origin_0133_0005,private_car,origin_0133,5439074912,6579,,shelter_7,豊岡小学校,12727#0,0,2.3
veh_full_origin_0133_0006,private_car,origin_0133,5439074912,6579,,shelter_7,豊岡小学校,12727#0,0,2.3
veh_full_origin_0133_0007,private_car,origin_0133,5439074912,6579,,shelter_7,豊岡小学校,12727#0,0,2.3
veh_full_origin_0133_0008,private_car,origin_0133,5439074912,6579,,shelter_7,豊岡小学校,12727#0,0,2.3
veh_full_origin_0133_0009,private_car,origin_0133,5439074912,6579,,shelter_7,豊岡小学校,12727#0,0,2.3
veh_full_origin_0133_0010,private_car,origin_0133,5439074912,6579,,shelter_7,豊岡小学校,12727#0,0,2.3
veh_full_origin_0133_0011,private_car,origin_0133,5439074912,6579,,shelter_7,豊岡小学校,12727#0,0,2.3
veh_full_origin_0133_0012,private_car,origin_0133,5439074912,6579,,shelter_7,豊岡小学校,12727#0,0,2.3
veh_full_origin_0133_0013,private_car,origin_0133,5439074912,6579,,shelter_7,豊岡小学校,12727#0,0,2.3
veh_full_origin_0133_0014,private_car,origin_0133,5439074912,6579,,shelter_7,豊岡小学校,12727#0,0,2.3
veh_full_origin_0133_0015,private_car,origin_0133,5439074912,6579,,shelter_7,豊岡小学校,12727#0,0,2.3
veh_full_origin_0133_0016,private_car,origin_0133,5439074912,6579,,shelter_7,豊岡小学校,12727#0,0,2.3
veh_full_origin_0133_0017,private_car,origin_0133,5439074912,6579,,shelter_7,豊岡小学校,12727#0,0,2.3
veh_full_origin_0133_0018,private_car,origin_0133,5439074912,6579,,shelter_7,豊岡小学校,12727#0,0,2.3
veh_full_origin_0133_0019,private_car,origin_0133,5439074912,6579,,shelter_7,豊岡小学校,12727#0,0,2.3
veh_full_origin_0133_0020,private_car,origin_0133,5439074912,6579,,shelter_7,豊岡小学校,12727#0,0,2.3
veh_full_origin_0133_0021,private_car,origin_0133,5439074912,6579,,shelter_7,豊岡小学校,12727#0,0,2.3
veh_full_origin_0133_0022,private_car,origin_0133,5439074912,6579,,shelter_7,豊岡小学校,12727#0,0,2.3
veh_full_origin_0133_0023,private_car,origin_0133,5439074912,6579,,shelter_7,豊岡小学校,12727#0,0,2.3
veh_full_origin_0133_0024,private_car,origin_0133,5439074912,6579,,shelter_7,豊岡小学校,12727#0,0,2.3
veh_full_origin_0133_0025,private_car,origin_0133,5439074912,6579,,shelter_7,豊岡小学校,12727#0,0,2.3
veh_full_origin_0133_0026,private_car,origin_0133,5439074912,6579,,shelter_7,豊岡小学校,12727#0,0,2.3
veh_full_origin_0133_0027,private_car,origin_0133,5439074912,6579,,shelter_7,豊岡小学校,12727#0,0,2.3
veh_full_origin_0133_0028,private_car,origin_0133,5439074912,6579,,shelter_7,豊岡小学校,12727#0,0,2.3
veh_full_origin_0133_0029,private_car,origin_0133,5439074912,6579,,shelter_7,豊岡小学校,12727#0,0,2.3
veh_full_origin_0133_0030,private_car,origin_0133,5439074912,6579,,shelter_7,豊岡小学校,12727#0,0,2.3
veh_full_origin_0133_0031,private_car,origin_0133,5439074912,6579,,shelter_7,豊岡小学校,12727#0,0,2.3
veh_full_origin_0133_0032,private_car,origin_0133,5439074912,6579,,shelter_7,豊岡小学校,12727#0,0,2.3
veh_full_origin_0133_0033,private_car,origin_0133,5439074912,6579,,shelter_7,豊岡小学校,12727#0,0,2.3
veh_full_origin_0133_0034,private_car,origin_0133,5439074912,6579,,shelter_7,豊岡小学校,12727#0,0,2.3
veh_full_origin_0133_0035,private_car,origin_0133,5439074912,6579,,shelter_7,豊岡小学校,12727#0,0,2.3
veh_full_origin_0133_0036,private_car,origin_0133,5439074912,6579,,shelter_7,豊岡小学校,12727#0,0,2.3
veh_full_origin_0133_0037,private_car,origin_0133,5439074912,6579,,shelter_7,豊岡小学校,12727#0,0,2.3
veh_full_origin_0133_0038,private_car,origin_0133,5439074912,6579,,shelter_7,豊岡小学校,12727#0,0,2.3
veh_full_origin_0133_0039,private_car,origin_0133,5439074912,6579,,shelter_7,豊岡小学校,12727#0,0,2.3
veh_full_origin_0133_0040,private_car,origin_0133,5439074912,6579,,shelter_7,豊岡小学校,12727#0,0,2.3
veh_full_origin_0133_0041,private_car,origin_0133,5439074912,6579,,shelter_7,豊岡小学校,12727#0,0,2.3
veh_full_origin_0133_0042,private_car,origin_0133,5439074912,6579,,shelter_7,豊岡小学校,12727#0,0,2.3
veh_full_origin_0133_0043,private_car,origin_0133,5439074912,6579,,shelter_7,豊岡小学校,12727#0,0,2.3
veh_full_origin_0133_0044,private_car,origin_0133,5439074912,6579,,shelter_7,豊岡小学校,12727#0,0,2.3
veh_full_origin_0133_0045,private_car,origin_0133,5439074912,6579,,shelter_7,豊岡小学校,12727#0,0,2.3
veh_full_origin_0133_0046,private_car,origin_0133,5439074912,6579,,shelter_7,豊岡小学校,12727#0,0,2.3
veh_full_origin_0133_0047,private_car,origin_0133,5439074912,6579,,shelter_7,豊岡小学校,12727#0,0,2.3
veh_full_origin_0133_0048,private_car,origin_0133,5439074912,6579,,shelter_7,豊岡小学校,12727#0,0,2.3
veh_full_origin_0133_0049,private_car,origin_0133,5439074912,6579,,shelter_7,豊岡小学校,12727#0,0,2.3
veh_full_origin_0133_0050,private_car,origin_0133,5439074912,6579,,shelter_7,豊岡小学校,12727#0,0,2.3
veh_full_origin_0133_0051,private_car,origin_0133,5439074912,6579,,shelter_7,豊岡小学校,12727#0,0,2.3
veh_full_origin_0133_0052,private_car,origin_0133,5439074912,6579,,shelter_7,豊岡小学校,12727#0,0,2.3
veh_full_origin_0133_0053,private_car,origin_0133,5439074912,6579,,shelter_7,豊岡小学校,12727#0,0,2.3
veh_full_origin_0133_0054,private_car,origin_0133,5439074912,6579,,shelter_7,豊岡小学校,12727#0,0,2.3
veh_full_origin_0133_0055,private_car,origin_0133,5439074912,6579,,shelter_7,豊岡小学校,12727#0,0,2.3
veh_full_origin_0133_0056,private_car,origin_0133,5439074912,6579,,shelter_7,豊岡小学校,12727#0,0,2.3
veh_full_origin_0133_0057,private_car,origin_0133,5439074912,6579,,shelter_7,豊岡小学校,12727#0,0,2.3
veh_full_origin_0133_0058,private_car,origin_0133,5439074912,6579,,shelter_7,豊岡小学校,12727#0,0,2.3
veh_full_origin_0133_0059,private_car,origin_0133,5439074912,6579,,shelter_7,豊岡小学校,12727#0,0,2.3
veh_full_origin_0133_0060,private_car,origin_0133,5439074912,6579,,shelter_7,豊岡小学校,12727#0,0,2.3
veh_full_origin_0133_0061,private_car,origin_0133,5439074912,6579,,shelter_7,豊岡小学校,12727#0,0,2.3
veh_full_origin_0133_0062,private_car,origin_0133,5439074912,6579,,shelter_7,豊岡小学校,12727#0,0,2.3
veh_full_origin_0133_0063,private_car,origin_0133,5439074912,6579,,shelter_7,豊岡小学校,12727#0,0,2.3
veh_full_origin_0133_0064,private_car,origin_0133,5439074912,6579,,shelter_7,豊岡小学校,12727#0,0,2.3
veh_full_origin_0133_0065,private_car,origin_0133,5439074912,6579,,shelter_7,豊岡小学校,12727#0,0,2.3
veh_full_origin_0133_0066,private_car,origin_0133,5439074912,6579,,shelter_7,豊岡小学校,12727#0,0,2.3
veh_full_origin_0133_0067,private_car,origin_0133,5439074912,6579,,shelter_7,豊岡小学校,12727#0,0,2.3
veh_full_origin_0133_0068,private_car,origin_0133,5439074912,6579,,shelter_7,豊岡小学校,12727#0,0,2.3
veh_full_origin_0133_0069,private_car,origin_0133,5439074912,6579,,shelter_7,豊岡小学校,12727#0,0,2.3
veh_full_origin_0133_0070,private_car,origin_0133,5439074912,6579,,shelter_7,豊岡小学校,12727#0,0,2.3
veh_full_origin_0133_0071,private_car,origin_0133,5439074912,6579,,shelter_7,豊岡小学校,12727#0,0,2.3
veh_full_origin_0133_0072,private_car,origin_0133,5439074912,6579,,shelter_7,豊岡小学校,12727#0,0,2.3
veh_full_origin_0133_0073,private_car,origin_0133,5439074912,6579,,shelter_7,豊岡小学校,12727#0,0,2.3
veh_full_origin_0133_0074,private_car,origin_0133,5439074912,6579,,shelter_7,豊岡小学校,12727#0,0,2.3
veh_full_origin_0133_0075,private_car,origin_0133,5439074912,6579,,shelter_7,豊岡小学校,12727#0,0,2.3
veh_full_origin_0133_0076,private_car,origin_0133,5439074912,6579,,shelter_7,豊岡小学校,12727#0,0,2.3
veh_full_origin_0134_0001,private_car,origin_0134,5439074913,5375#3,,shelter_3,水海道第一高等学校,11531#5,0,2.3
veh_full_origin_0134_0002,private_car,origin_0134,5439074913,5375#3,,shelter_3,水海道第一高等学校,11531#5,0,2.3
veh_full_origin_0134_0003,private_car,origin_0134,5439074913,5375#3,,shelter_3,水海道第一高等学校,11531#5,0,2.3
veh_full_origin_0134_0004,private_car,origin_0134,5439074913,5375#3,,shelter_3,水海道第一高等学校,11531#5,0,2.3
veh_full_origin_0134_0005,private_car,origin_0134,5439074913,5375#3,,shelter_3,水海道第一高等学校,11531#5,0,2.3
veh_full_origin_0134_0006,private_car,origin_0134,5439074913,5375#3,,shelter_3,水海道第一高等学校,11531#5,0,2.3
veh_full_origin_0134_0007,private_car,origin_0134,5439074913,5375#3,,shelter_3,水海道第一高等学校,11531#5,0,2.3
veh_full_origin_0134_0008,private_car,origin_0134,5439074913,5375#3,,shelter_3,水海道第一高等学校,11531#5,0,2.3
veh_full_origin_0134_0009,private_car,origin_0134,5439074913,5375#3,,shelter_3,水海道第一高等学校,11531#5,0,2.3
veh_full_origin_0134_0010,private_car,origin_0134,5439074913,5375#3,,shelter_3,水海道第一高等学校,11531#5,0,2.3
veh_full_origin_0134_0011,private_car,origin_0134,5439074913,5375#3,,shelter_3,水海道第一高等学校,11531#5,0,2.3
veh_full_origin_0134_0012,private_car,origin_0134,5439074913,5375#3,,shelter_3,水海道第一高等学校,11531#5,0,2.3
veh_full_origin_0134_0013,private_car,origin_0134,5439074913,5375#3,,shelter_3,水海道第一高等学校,11531#5,0,2.3
veh_full_origin_0134_0014,private_car,origin_0134,5439074913,5375#3,,shelter_3,水海道第一高等学校,11531#5,0,2.3
veh_full_origin_0134_0015,private_car,origin_0134,5439074913,5375#3,,shelter_3,水海道第一高等学校,11531#5,0,2.3
veh_full_origin_0134_0016,private_car,origin_0134,5439074913,5375#3,,shelter_3,水海道第一高等学校,11531#5,0,2.3
veh_full_origin_0134_0017,private_car,origin_0134,5439074913,5375#3,,shelter_3,水海道第一高等学校,11531#5,0,2.3
veh_full_origin_0134_0018,private_car,origin_0134,5439074913,5375#3,,shelter_3,水海道第一高等学校,11531#5,0,2.3
veh_full_origin_0134_0019,private_car,origin_0134,5439074913,5375#3,,shelter_3,水海道第一高等学校,11531#5,0,2.3
veh_full_origin_0134_0020,private_car,origin_0134,5439074913,5375#3,,shelter_3,水海道第一高等学校,11531#5,0,2.3
veh_full_origin_0134_0021,private_car,origin_0134,5439074913,5375#3,,shelter_3,水海道第一高等学校,11531#5,0,2.3
veh_full_origin_0134_0022,private_car,origin_0134,5439074913,5375#3,,shelter_3,水海道第一高等学校,11531#5,0,2.3
veh_full_origin_0134_0023,private_car,origin_0134,5439074913,5375#3,,shelter_3,水海道第一高等学校,11531#5,0,2.3
veh_full_origin_0135_0001,private_car,origin_0135,5439074914,6429,,shelter_3,水海道第一高等学校,11531#5,0,2.3
veh_full_origin_0135_0002,private_car,origin_0135,5439074914,6429,,shelter_3,水海道第一高等学校,11531#5,0,2.3
veh_full_origin_0135_0003,private_car,origin_0135,5439074914,6429,,shelter_3,水海道第一高等学校,11531#5,0,2.3
veh_full_origin_0135_0004,private_car,origin_0135,5439074914,6429,,shelter_3,水海道第一高等学校,11531#5,0,2.3
veh_full_origin_0135_0005,private_car,origin_0135,5439074914,6429,,shelter_3,水海道第一高等学校,11531#5,0,2.3
veh_full_origin_0135_0006,private_car,origin_0135,5439074914,6429,,shelter_3,水海道第一高等学校,11531#5,0,2.3
veh_full_origin_0135_0007,private_car,origin_0135,5439074914,6429,,shelter_3,水海道第一高等学校,11531#5,0,2.3
veh_full_origin_0135_0008,private_car,origin_0135,5439074914,6429,,shelter_3,水海道第一高等学校,11531#5,0,2.3
veh_full_origin_0135_0009,private_car,origin_0135,5439074914,6429,,shelter_3,水海道第一高等学校,11531#5,0,2.3
veh_full_origin_0135_0010,private_car,origin_0135,5439074914,6429,,shelter_3,水海道第一高等学校,11531#5,0,2.3
veh_full_origin_0135_0011,private_car,origin_0135,5439074914,6429,,shelter_3,水海道第一高等学校,11531#5,0,2.3
veh_full_origin_0135_0012,private_car,origin_0135,5439074914,6429,,shelter_3,水海道第一高等学校,11531#5,0,2.3
veh_full_origin_0135_0013,private_car,origin_0135,5439074914,6429,,shelter_3,水海道第一高等学校,11531#5,0,2.3
veh_full_origin_0135_0014,private_car,origin_0135,5439074914,6429,,shelter_3,水海道第一高等学校,11531#5,0,2.3
veh_full_origin_0135_0015,private_car,origin_0135,5439074914,6429,,shelter_3,水海道第一高等学校,11531#5,0,2.3
veh_full_origin_0135_0016,private_car,origin_0135,5439074914,6429,,shelter_3,水海道第一高等学校,11531#5,0,2.3
veh_full_origin_0135_0017,private_car,origin_0135,5439074914,6429,,shelter_3,水海道第一高等学校,11531#5,0,2.3
veh_full_origin_0135_0018,private_car,origin_0135,5439074914,6429,,shelter_3,水海道第一高等学校,11531#5,0,2.3
veh_full_origin_0135_0019,private_car,origin_0135,5439074914,6429,,shelter_3,水海道第一高等学校,11531#5,0,2.3
veh_full_origin_0135_0020,private_car,origin_0135,5439074914,6429,,shelter_3,水海道第一高等学校,11531#5,0,2.3
veh_full_origin_0135_0021,private_car,origin_0135,5439074914,6429,,shelter_3,水海道第一高等学校,11531#5,0,2.3
veh_full_origin_0135_0022,private_car,origin_0135,5439074914,6429,,shelter_3,水海道第一高等学校,11531#5,0,2.3
veh_full_origin_0135_0023,private_car,origin_0135,5439074914,6429,,shelter_3,水海道第一高等学校,11531#5,0,2.3
veh_full_origin_0135_0024,private_car,origin_0135,5439074914,6429,,shelter_3,水海道第一高等学校,11531#5,0,2.3
veh_full_origin_0135_0025,private_car,origin_0135,5439074914,6429,,shelter_3,水海道第一高等学校,11531#5,0,2.3
veh_full_origin_0135_0026,private_car,origin_0135,5439074914,6429,,shelter_3,水海道第一高等学校,11531#5,0,2.3
veh_full_origin_0135_0027,private_car,origin_0135,5439074914,6429,,shelter_3,水海道第一高等学校,11531#5,0,2.3
veh_full_origin_0135_0028,private_car,origin_0135,5439074914,6429,,shelter_3,水海道第一高等学校,11531#5,0,2.3
veh_full_origin_0135_0029,private_car,origin_0135,5439074914,6429,,shelter_3,水海道第一高等学校,11531#5,0,2.3
veh_full_origin_0135_0030,private_car,origin_0135,5439074914,6429,,shelter_3,水海道第一高等学校,11531#5,0,2.3
veh_full_origin_0136_0001,private_car,origin_0136,5439074921,5430#1,,shelter_7,豊岡小学校,12727#0,0,2.3
veh_full_origin_0136_0002,private_car,origin_0136,5439074921,5430#1,,shelter_7,豊岡小学校,12727#0,0,2.3
veh_full_origin_0136_0003,private_car,origin_0136,5439074921,5430#1,,shelter_7,豊岡小学校,12727#0,0,2.3
veh_full_origin_0136_0004,private_car,origin_0136,5439074921,5430#1,,shelter_7,豊岡小学校,12727#0,0,2.3
veh_full_origin_0136_0005,private_car,origin_0136,5439074921,5430#1,,shelter_7,豊岡小学校,12727#0,0,2.3
veh_full_origin_0136_0006,private_car,origin_0136,5439074921,5430#1,,shelter_7,豊岡小学校,12727#0,0,2.3
veh_full_origin_0136_0007,private_car,origin_0136,5439074921,5430#1,,shelter_7,豊岡小学校,12727#0,0,2.3
veh_full_origin_0136_0008,private_car,origin_0136,5439074921,5430#1,,shelter_7,豊岡小学校,12727#0,0,2.3
veh_full_origin_0136_0009,private_car,origin_0136,5439074921,5430#1,,shelter_7,豊岡小学校,12727#0,0,2.3
veh_full_origin_0136_0010,private_car,origin_0136,5439074921,5430#1,,shelter_7,豊岡小学校,12727#0,0,2.3
veh_full_origin_0136_0011,private_car,origin_0136,5439074921,5430#1,,shelter_7,豊岡小学校,12727#0,0,2.3
veh_full_origin_0136_0012,private_car,origin_0136,5439074921,5430#1,,shelter_7,豊岡小学校,12727#0,0,2.3
veh_full_origin_0136_0013,private_car,origin_0136,5439074921,5430#1,,shelter_7,豊岡小学校,12727#0,0,2.3
veh_full_origin_0136_0014,private_car,origin_0136,5439074921,5430#1,,shelter_7,豊岡小学校,12727#0,0,2.3
veh_full_origin_0136_0015,private_car,origin_0136,5439074921,5430#1,,shelter_7,豊岡小学校,12727#0,0,2.3
veh_full_origin_0136_0016,private_car,origin_0136,5439074921,5430#1,,shelter_7,豊岡小学校,12727#0,0,2.3
veh_full_origin_0136_0017,private_car,origin_0136,5439074921,5430#1,,shelter_7,豊岡小学校,12727#0,0,2.3
veh_full_origin_0136_0018,private_car,origin_0136,5439074921,5430#1,,shelter_7,豊岡小学校,12727#0,0,2.3
veh_full_origin_0136_0019,private_car,origin_0136,5439074921,5430#1,,shelter_7,豊岡小学校,12727#0,0,2.3
veh_full_origin_0136_0020,private_car,origin_0136,5439074921,5430#1,,shelter_7,豊岡小学校,12727#0,0,2.3
veh_full_origin_0136_0021,private_car,origin_0136,5439074921,5430#1,,shelter_7,豊岡小学校,12727#0,0,2.3
veh_full_origin_0136_0022,private_car,origin_0136,5439074921,5430#1,,shelter_7,豊岡小学校,12727#0,0,2.3
veh_full_origin_0136_0023,private_car,origin_0136,5439074921,5430#1,,shelter_7,豊岡小学校,12727#0,0,2.3
veh_full_origin_0136_0024,private_car,origin_0136,5439074921,5430#1,,shelter_7,豊岡小学校,12727#0,0,2.3
veh_full_origin_0136_0025,private_car,origin_0136,5439074921,5430#1,,shelter_7,豊岡小学校,12727#0,0,2.3
veh_full_origin_0136_0026,private_car,origin_0136,5439074921,5430#1,,shelter_7,豊岡小学校,12727#0,0,2.3
veh_full_origin_0136_0027,private_car,origin_0136,5439074921,5430#1,,shelter_7,豊岡小学校,12727#0,0,2.3
veh_full_origin_0136_0028,private_car,origin_0136,5439074921,5430#1,,shelter_7,豊岡小学校,12727#0,0,2.3
veh_full_origin_0136_0029,private_car,origin_0136,5439074921,5430#1,,shelter_7,豊岡小学校,12727#0,0,2.3
veh_full_origin_0136_0030,private_car,origin_0136,5439074921,5430#1,,shelter_7,豊岡小学校,12727#0,0,2.3
veh_full_origin_0136_0031,private_car,origin_0136,5439074921,5430#1,,shelter_7,豊岡小学校,12727#0,0,2.3
veh_full_origin_0137_0001,private_car,origin_0137,5439074923,5427#1,,shelter_7,豊岡小学校,12727#0,0,2.3
veh_full_origin_0137_0002,private_car,origin_0137,5439074923,5427#1,,shelter_7,豊岡小学校,12727#0,0,2.3
veh_full_origin_0137_0003,private_car,origin_0137,5439074923,5427#1,,shelter_7,豊岡小学校,12727#0,0,2.3
veh_full_origin_0137_0004,private_car,origin_0137,5439074923,5427#1,,shelter_7,豊岡小学校,12727#0,0,2.3
veh_full_origin_0137_0005,private_car,origin_0137,5439074923,5427#1,,shelter_7,豊岡小学校,12727#0,0,2.3
veh_full_origin_0137_0006,private_car,origin_0137,5439074923,5427#1,,shelter_7,豊岡小学校,12727#0,0,2.3
veh_full_origin_0137_0007,private_car,origin_0137,5439074923,5427#1,,shelter_7,豊岡小学校,12727#0,0,2.3
veh_full_origin_0137_0008,private_car,origin_0137,5439074923,5427#1,,shelter_7,豊岡小学校,12727#0,0,2.3
veh_full_origin_0137_0009,private_car,origin_0137,5439074923,5427#1,,shelter_7,豊岡小学校,12727#0,0,2.3
veh_full_origin_0138_0001,private_car,origin_0138,5439074924,11490,,shelter_3,水海道第一高等学校,11531#5,0,2.3
veh_full_origin_0138_0002,private_car,origin_0138,5439074924,11490,,shelter_3,水海道第一高等学校,11531#5,0,2.3
veh_full_origin_0138_0003,private_car,origin_0138,5439074924,11490,,shelter_3,水海道第一高等学校,11531#5,0,2.3
veh_full_origin_0138_0004,private_car,origin_0138,5439074924,11490,,shelter_3,水海道第一高等学校,11531#5,0,2.3
veh_full_origin_0138_0005,private_car,origin_0138,5439074924,11490,,shelter_3,水海道第一高等学校,11531#5,0,2.3
veh_full_origin_0138_0006,private_car,origin_0138,5439074924,11490,,shelter_3,水海道第一高等学校,11531#5,0,2.3
veh_full_origin_0138_0007,private_car,origin_0138,5439074924,11490,,shelter_3,水海道第一高等学校,11531#5,0,2.3
veh_full_origin_0138_0008,private_car,origin_0138,5439074924,11490,,shelter_3,水海道第一高等学校,11531#5,0,2.3
veh_full_origin_0138_0009,private_car,origin_0138,5439074924,11490,,shelter_3,水海道第一高等学校,11531#5,0,2.3
veh_full_origin_0138_0010,private_car,origin_0138,5439074924,11490,,shelter_3,水海道第一高等学校,11531#5,0,2.3
veh_full_origin_0138_0011,private_car,origin_0138,5439074924,11490,,shelter_3,水海道第一高等学校,11531#5,0,2.3
veh_full_origin_0138_0012,private_car,origin_0138,5439074924,11490,,shelter_3,水海道第一高等学校,11531#5,0,2.3
veh_full_origin_0139_0001,private_car,origin_0139,5439074931,5458#2,,shelter_7,豊岡小学校,12727#0,0,2.3
veh_full_origin_0139_0002,private_car,origin_0139,5439074931,5458#2,,shelter_7,豊岡小学校,12727#0,0,2.3
veh_full_origin_0139_0003,private_car,origin_0139,5439074931,5458#2,,shelter_7,豊岡小学校,12727#0,0,2.3
veh_full_origin_0139_0004,private_car,origin_0139,5439074931,5458#2,,shelter_7,豊岡小学校,12727#0,0,2.3
veh_full_origin_0139_0005,private_car,origin_0139,5439074931,5458#2,,shelter_7,豊岡小学校,12727#0,0,2.3
veh_full_origin_0139_0006,private_car,origin_0139,5439074931,5458#2,,shelter_7,豊岡小学校,12727#0,0,2.3
veh_full_origin_0139_0007,private_car,origin_0139,5439074931,5458#2,,shelter_7,豊岡小学校,12727#0,0,2.3
veh_full_origin_0139_0008,private_car,origin_0139,5439074931,5458#2,,shelter_7,豊岡小学校,12727#0,0,2.3
veh_full_origin_0139_0009,private_car,origin_0139,5439074931,5458#2,,shelter_7,豊岡小学校,12727#0,0,2.3
veh_full_origin_0139_0010,private_car,origin_0139,5439074931,5458#2,,shelter_7,豊岡小学校,12727#0,0,2.3
veh_full_origin_0139_0011,private_car,origin_0139,5439074931,5458#2,,shelter_7,豊岡小学校,12727#0,0,2.3
veh_full_origin_0139_0012,private_car,origin_0139,5439074931,5458#2,,shelter_7,豊岡小学校,12727#0,0,2.3
veh_full_origin_0139_0013,private_car,origin_0139,5439074931,5458#2,,shelter_7,豊岡小学校,12727#0,0,2.3
veh_full_origin_0139_0014,private_car,origin_0139,5439074931,5458#2,,shelter_7,豊岡小学校,12727#0,0,2.3
veh_full_origin_0139_0015,private_car,origin_0139,5439074931,5458#2,,shelter_7,豊岡小学校,12727#0,0,2.3
veh_full_origin_0139_0016,private_car,origin_0139,5439074931,5458#2,,shelter_7,豊岡小学校,12727#0,0,2.3
veh_full_origin_0139_0017,private_car,origin_0139,5439074931,5458#2,,shelter_7,豊岡小学校,12727#0,0,2.3
veh_full_origin_0139_0018,private_car,origin_0139,5439074931,5458#2,,shelter_7,豊岡小学校,12727#0,0,2.3
veh_full_origin_0139_0019,private_car,origin_0139,5439074931,5458#2,,shelter_7,豊岡小学校,12727#0,0,2.3
veh_full_origin_0139_0020,private_car,origin_0139,5439074931,5458#2,,shelter_7,豊岡小学校,12727#0,0,2.3
veh_full_origin_0139_0021,private_car,origin_0139,5439074931,5458#2,,shelter_7,豊岡小学校,12727#0,0,2.3
veh_full_origin_0139_0022,private_car,origin_0139,5439074931,5458#2,,shelter_7,豊岡小学校,12727#0,0,2.3
veh_full_origin_0139_0023,private_car,origin_0139,5439074931,5458#2,,shelter_7,豊岡小学校,12727#0,0,2.3
veh_full_origin_0139_0024,private_car,origin_0139,5439074931,5458#2,,shelter_7,豊岡小学校,12727#0,0,2.3
veh_full_origin_0139_0025,private_car,origin_0139,5439074931,5458#2,,shelter_7,豊岡小学校,12727#0,0,2.3
veh_full_origin_0139_0026,private_car,origin_0139,5439074931,5458#2,,shelter_7,豊岡小学校,12727#0,0,2.3
veh_full_origin_0139_0027,private_car,origin_0139,5439074931,5458#2,,shelter_7,豊岡小学校,12727#0,0,2.3
veh_full_origin_0139_0028,private_car,origin_0139,5439074931,5458#2,,shelter_7,豊岡小学校,12727#0,0,2.3
veh_full_origin_0139_0029,private_car,origin_0139,5439074931,5458#2,,shelter_7,豊岡小学校,12727#0,0,2.3
veh_full_origin_0139_0030,private_car,origin_0139,5439074931,5458#2,,shelter_7,豊岡小学校,12727#0,0,2.3
veh_full_origin_0139_0031,private_car,origin_0139,5439074931,5458#2,,shelter_7,豊岡小学校,12727#0,0,2.3
veh_full_origin_0140_0001,private_car,origin_0140,5439074932,5487#1,,shelter_7,豊岡小学校,12727#0,0,2.3
veh_full_origin_0140_0002,private_car,origin_0140,5439074932,5487#1,,shelter_7,豊岡小学校,12727#0,0,2.3
veh_full_origin_0140_0003,private_car,origin_0140,5439074932,5487#1,,shelter_7,豊岡小学校,12727#0,0,2.3
veh_full_origin_0140_0004,private_car,origin_0140,5439074932,5487#1,,shelter_7,豊岡小学校,12727#0,0,2.3
veh_full_origin_0140_0005,private_car,origin_0140,5439074932,5487#1,,shelter_7,豊岡小学校,12727#0,0,2.3
veh_full_origin_0140_0006,private_car,origin_0140,5439074932,5487#1,,shelter_7,豊岡小学校,12727#0,0,2.3
veh_full_origin_0140_0007,private_car,origin_0140,5439074932,5487#1,,shelter_7,豊岡小学校,12727#0,0,2.3
veh_full_origin_0140_0008,private_car,origin_0140,5439074932,5487#1,,shelter_7,豊岡小学校,12727#0,0,2.3
veh_full_origin_0140_0009,private_car,origin_0140,5439074932,5487#1,,shelter_7,豊岡小学校,12727#0,0,2.3
veh_full_origin_0140_0010,private_car,origin_0140,5439074932,5487#1,,shelter_7,豊岡小学校,12727#0,0,2.3
veh_full_origin_0140_0011,private_car,origin_0140,5439074932,5487#1,,shelter_7,豊岡小学校,12727#0,0,2.3
veh_full_origin_0140_0012,private_car,origin_0140,5439074932,5487#1,,shelter_7,豊岡小学校,12727#0,0,2.3
veh_full_origin_0140_0013,private_car,origin_0140,5439074932,5487#1,,shelter_7,豊岡小学校,12727#0,0,2.3
veh_full_origin_0141_0001,private_car,origin_0141,5439074933,5493,,shelter_7,豊岡小学校,12727#0,0,2.3
veh_full_origin_0141_0002,private_car,origin_0141,5439074933,5493,,shelter_7,豊岡小学校,12727#0,0,2.3
veh_full_origin_0141_0003,private_car,origin_0141,5439074933,5493,,shelter_7,豊岡小学校,12727#0,0,2.3
veh_full_origin_0141_0004,private_car,origin_0141,5439074933,5493,,shelter_7,豊岡小学校,12727#0,0,2.3
veh_full_origin_0141_0005,private_car,origin_0141,5439074933,5493,,shelter_7,豊岡小学校,12727#0,0,2.3
veh_full_origin_0141_0006,private_car,origin_0141,5439074933,5493,,shelter_7,豊岡小学校,12727#0,0,2.3
veh_full_origin_0141_0007,private_car,origin_0141,5439074933,5493,,shelter_7,豊岡小学校,12727#0,0,2.3
veh_full_origin_0141_0008,private_car,origin_0141,5439074933,5493,,shelter_7,豊岡小学校,12727#0,0,2.3
veh_full_origin_0141_0009,private_car,origin_0141,5439074933,5493,,shelter_7,豊岡小学校,12727#0,0,2.3
veh_full_origin_0141_0010,private_car,origin_0141,5439074933,5493,,shelter_7,豊岡小学校,12727#0,0,2.3
veh_full_origin_0141_0011,private_car,origin_0141,5439074933,5493,,shelter_7,豊岡小学校,12727#0,0,2.3
veh_full_origin_0141_0012,private_car,origin_0141,5439074933,5493,,shelter_7,豊岡小学校,12727#0,0,2.3
veh_full_origin_0141_0013,private_car,origin_0141,5439074933,5493,,shelter_7,豊岡小学校,12727#0,0,2.3
veh_full_origin_0141_0014,private_car,origin_0141,5439074933,5493,,shelter_7,豊岡小学校,12727#0,0,2.3
veh_full_origin_0141_0015,private_car,origin_0141,5439074933,5493,,shelter_7,豊岡小学校,12727#0,0,2.3
veh_full_origin_0141_0016,private_car,origin_0141,5439074933,5493,,shelter_7,豊岡小学校,12727#0,0,2.3
veh_full_origin_0141_0017,private_car,origin_0141,5439074933,5493,,shelter_7,豊岡小学校,12727#0,0,2.3
veh_full_origin_0141_0018,private_car,origin_0141,5439074933,5493,,shelter_7,豊岡小学校,12727#0,0,2.3
veh_full_origin_0141_0019,private_car,origin_0141,5439074933,5493,,shelter_7,豊岡小学校,12727#0,0,2.3
veh_full_origin_0141_0020,private_car,origin_0141,5439074933,5493,,shelter_7,豊岡小学校,12727#0,0,2.3
veh_full_origin_0142_0001,private_car,origin_0142,5439074941,10959#2,,shelter_7,豊岡小学校,12727#0,0,2.3
veh_full_origin_0142_0002,private_car,origin_0142,5439074941,10959#2,,shelter_7,豊岡小学校,12727#0,0,2.3
veh_full_origin_0142_0003,private_car,origin_0142,5439074941,10959#2,,shelter_7,豊岡小学校,12727#0,0,2.3
veh_full_origin_0142_0004,private_car,origin_0142,5439074941,10959#2,,shelter_7,豊岡小学校,12727#0,0,2.3
veh_full_origin_0142_0005,private_car,origin_0142,5439074941,10959#2,,shelter_7,豊岡小学校,12727#0,0,2.3
veh_full_origin_0142_0006,private_car,origin_0142,5439074941,10959#2,,shelter_7,豊岡小学校,12727#0,0,2.3
veh_full_origin_0142_0007,private_car,origin_0142,5439074941,10959#2,,shelter_7,豊岡小学校,12727#0,0,2.3
veh_full_origin_0142_0008,private_car,origin_0142,5439074941,10959#2,,shelter_7,豊岡小学校,12727#0,0,2.3
veh_full_origin_0142_0009,private_car,origin_0142,5439074941,10959#2,,shelter_7,豊岡小学校,12727#0,0,2.3
veh_full_origin_0142_0010,private_car,origin_0142,5439074941,10959#2,,shelter_7,豊岡小学校,12727#0,0,2.3
veh_full_origin_0142_0011,private_car,origin_0142,5439074941,10959#2,,shelter_7,豊岡小学校,12727#0,0,2.3
veh_full_origin_0142_0012,private_car,origin_0142,5439074941,10959#2,,shelter_7,豊岡小学校,12727#0,0,2.3
veh_full_origin_0142_0013,private_car,origin_0142,5439074941,10959#2,,shelter_7,豊岡小学校,12727#0,0,2.3
veh_full_origin_0142_0014,private_car,origin_0142,5439074941,10959#2,,shelter_7,豊岡小学校,12727#0,0,2.3
veh_full_origin_0142_0015,private_car,origin_0142,5439074941,10959#2,,shelter_7,豊岡小学校,12727#0,0,2.3
veh_full_origin_0142_0016,private_car,origin_0142,5439074941,10959#2,,shelter_7,豊岡小学校,12727#0,0,2.3
veh_full_origin_0143_0001,private_car,origin_0143,5439074943,6543,,shelter_7,豊岡小学校,12727#0,0,2.3
veh_full_origin_0143_0002,private_car,origin_0143,5439074943,6543,,shelter_7,豊岡小学校,12727#0,0,2.3
veh_full_origin_0143_0003,private_car,origin_0143,5439074943,6543,,shelter_7,豊岡小学校,12727#0,0,2.3
veh_full_origin_0143_0004,private_car,origin_0143,5439074943,6543,,shelter_7,豊岡小学校,12727#0,0,2.3
veh_full_origin_0143_0005,private_car,origin_0143,5439074943,6543,,shelter_7,豊岡小学校,12727#0,0,2.3
veh_full_origin_0143_0006,private_car,origin_0143,5439074943,6543,,shelter_7,豊岡小学校,12727#0,0,2.3
veh_full_origin_0143_0007,private_car,origin_0143,5439074943,6543,,shelter_7,豊岡小学校,12727#0,0,2.3
veh_full_origin_0143_0008,private_car,origin_0143,5439074943,6543,,shelter_7,豊岡小学校,12727#0,0,2.3
veh_full_origin_0143_0009,private_car,origin_0143,5439074943,6543,,shelter_7,豊岡小学校,12727#0,0,2.3
veh_full_origin_0143_0010,private_car,origin_0143,5439074943,6543,,shelter_7,豊岡小学校,12727#0,0,2.3
veh_full_origin_0143_0011,private_car,origin_0143,5439074943,6543,,shelter_7,豊岡小学校,12727#0,0,2.3
veh_full_origin_0143_0012,private_car,origin_0143,5439074943,6543,,shelter_7,豊岡小学校,12727#0,0,2.3
veh_full_origin_0143_0013,private_car,origin_0143,5439074943,6543,,shelter_7,豊岡小学校,12727#0,0,2.3
veh_full_origin_0143_0014,private_car,origin_0143,5439074943,6543,,shelter_7,豊岡小学校,12727#0,0,2.3
veh_full_origin_0143_0015,private_car,origin_0143,5439074943,6543,,shelter_7,豊岡小学校,12727#0,0,2.3
veh_full_origin_0143_0016,private_car,origin_0143,5439074943,6543,,shelter_7,豊岡小学校,12727#0,0,2.3
veh_full_origin_0143_0017,private_car,origin_0143,5439074943,6543,,shelter_7,豊岡小学校,12727#0,0,2.3
veh_full_origin_0143_0018,private_car,origin_0143,5439074943,6543,,shelter_7,豊岡小学校,12727#0,0,2.3
veh_full_origin_0143_0019,private_car,origin_0143,5439074943,6543,,shelter_7,豊岡小学校,12727#0,0,2.3
veh_full_origin_0143_0020,private_car,origin_0143,5439074943,6543,,shelter_7,豊岡小学校,12727#0,0,2.3
veh_full_origin_0143_0021,private_car,origin_0143,5439074943,6543,,shelter_7,豊岡小学校,12727#0,0,2.3
veh_full_origin_0144_0001,private_car,origin_0144,5439075514,356,,shelter_7,豊岡小学校,12727#0,0,2.3
veh_full_origin_0144_0002,private_car,origin_0144,5439075514,356,,shelter_7,豊岡小学校,12727#0,0,2.3
veh_full_origin_0144_0003,private_car,origin_0144,5439075514,356,,shelter_7,豊岡小学校,12727#0,0,2.3
veh_full_origin_0144_0004,private_car,origin_0144,5439075514,356,,shelter_7,豊岡小学校,12727#0,0,2.3
veh_full_origin_0144_0005,private_car,origin_0144,5439075514,356,,shelter_7,豊岡小学校,12727#0,0,2.3
veh_full_origin_0144_0006,private_car,origin_0144,5439075514,356,,shelter_7,豊岡小学校,12727#0,0,2.3
veh_full_origin_0144_0007,private_car,origin_0144,5439075514,356,,shelter_7,豊岡小学校,12727#0,0,2.3
veh_full_origin_0144_0008,private_car,origin_0144,5439075514,356,,shelter_7,豊岡小学校,12727#0,0,2.3
veh_full_origin_0144_0009,private_car,origin_0144,5439075514,356,,shelter_7,豊岡小学校,12727#0,0,2.3
veh_full_origin_0144_0010,private_car,origin_0144,5439075514,356,,shelter_7,豊岡小学校,12727#0,0,2.3
veh_full_origin_0144_0011,private_car,origin_0144,5439075514,356,,shelter_7,豊岡小学校,12727#0,0,2.3
veh_full_origin_0145_0001,private_car,origin_0145,5439075524,5655#1,,shelter_6,菅原小学校,6104#10,0,2.3
veh_full_origin_0145_0002,private_car,origin_0145,5439075524,5655#1,,shelter_6,菅原小学校,6104#10,0,2.3
veh_full_origin_0145_0003,private_car,origin_0145,5439075524,5655#1,,shelter_6,菅原小学校,6104#10,0,2.3
veh_full_origin_0146_0001,private_car,origin_0146,5439075533,5657#0,,shelter_6,菅原小学校,6104#10,0,2.3
veh_full_origin_0146_0002,private_car,origin_0146,5439075533,5657#0,,shelter_6,菅原小学校,6104#10,0,2.3
veh_full_origin_0146_0003,private_car,origin_0146,5439075533,5657#0,,shelter_6,菅原小学校,6104#10,0,2.3
veh_full_origin_0146_0004,private_car,origin_0146,5439075533,5657#0,,shelter_6,菅原小学校,6104#10,0,2.3
veh_full_origin_0146_0005,private_car,origin_0146,5439075533,5657#0,,shelter_6,菅原小学校,6104#10,0,2.3
veh_full_origin_0146_0006,private_car,origin_0146,5439075533,5657#0,,shelter_6,菅原小学校,6104#10,0,2.3
veh_full_origin_0146_0007,private_car,origin_0146,5439075533,5657#0,,shelter_6,菅原小学校,6104#10,0,2.3
veh_full_origin_0146_0008,private_car,origin_0146,5439075533,5657#0,,shelter_6,菅原小学校,6104#10,0,2.3
veh_full_origin_0146_0009,private_car,origin_0146,5439075533,5657#0,,shelter_6,菅原小学校,6104#10,0,2.3
veh_full_origin_0146_0010,private_car,origin_0146,5439075533,5657#0,,shelter_6,菅原小学校,6104#10,0,2.3
veh_full_origin_0146_0011,private_car,origin_0146,5439075533,5657#0,,shelter_6,菅原小学校,6104#10,0,2.3
veh_full_origin_0146_0012,private_car,origin_0146,5439075533,5657#0,,shelter_6,菅原小学校,6104#10,0,2.3
veh_full_origin_0146_0013,private_car,origin_0146,5439075533,5657#0,,shelter_6,菅原小学校,6104#10,0,2.3
veh_full_origin_0146_0014,private_car,origin_0146,5439075533,5657#0,,shelter_6,菅原小学校,6104#10,0,2.3
veh_full_origin_0146_0015,private_car,origin_0146,5439075533,5657#0,,shelter_6,菅原小学校,6104#10,0,2.3
veh_full_origin_0146_0016,private_car,origin_0146,5439075533,5657#0,,shelter_6,菅原小学校,6104#10,0,2.3
veh_full_origin_0146_0017,private_car,origin_0146,5439075533,5657#0,,shelter_6,菅原小学校,6104#10,0,2.3
veh_full_origin_0146_0018,private_car,origin_0146,5439075533,5657#0,,shelter_6,菅原小学校,6104#10,0,2.3
veh_full_origin_0146_0019,private_car,origin_0146,5439075533,5657#0,,shelter_6,菅原小学校,6104#10,0,2.3
veh_full_origin_0146_0020,private_car,origin_0146,5439075533,5657#0,,shelter_6,菅原小学校,6104#10,0,2.3
veh_full_origin_0146_0021,private_car,origin_0146,5439075533,5657#0,,shelter_6,菅原小学校,6104#10,0,2.3
veh_full_origin_0146_0022,private_car,origin_0146,5439075533,5657#0,,shelter_6,菅原小学校,6104#10,0,2.3
veh_full_origin_0146_0023,private_car,origin_0146,5439075533,5657#0,,shelter_6,菅原小学校,6104#10,0,2.3
veh_full_origin_0146_0024,private_car,origin_0146,5439075533,5657#0,,shelter_6,菅原小学校,6104#10,0,2.3
veh_full_origin_0146_0025,private_car,origin_0146,5439075533,5657#0,,shelter_6,菅原小学校,6104#10,0,2.3
veh_full_origin_0146_0026,private_car,origin_0146,5439075533,5657#0,,shelter_6,菅原小学校,6104#10,0,2.3
veh_full_origin_0146_0027,private_car,origin_0146,5439075533,5657#0,,shelter_6,菅原小学校,6104#10,0,2.3
veh_full_origin_0146_0028,private_car,origin_0146,5439075533,5657#0,,shelter_6,菅原小学校,6104#10,0,2.3
veh_full_origin_0146_0029,private_car,origin_0146,5439075533,5657#0,,shelter_6,菅原小学校,6104#10,0,2.3
veh_full_origin_0146_0030,private_car,origin_0146,5439075533,5657#0,,shelter_6,菅原小学校,6104#10,0,2.3
veh_full_origin_0146_0031,private_car,origin_0146,5439075533,5657#0,,shelter_6,菅原小学校,6104#10,0,2.3
veh_full_origin_0146_0032,private_car,origin_0146,5439075533,5657#0,,shelter_6,菅原小学校,6104#10,0,2.3
veh_full_origin_0146_0033,private_car,origin_0146,5439075533,5657#0,,shelter_6,菅原小学校,6104#10,0,2.3
veh_full_origin_0146_0034,private_car,origin_0146,5439075533,5657#0,,shelter_6,菅原小学校,6104#10,0,2.3
veh_full_origin_0146_0035,private_car,origin_0146,5439075533,5657#0,,shelter_6,菅原小学校,6104#10,0,2.3
veh_full_origin_0146_0036,private_car,origin_0146,5439075533,5657#0,,shelter_6,菅原小学校,6104#10,0,2.3
veh_full_origin_0146_0037,private_car,origin_0146,5439075533,5657#0,,shelter_6,菅原小学校,6104#10,0,2.3
veh_full_origin_0146_0038,private_car,origin_0146,5439075533,5657#0,,shelter_6,菅原小学校,6104#10,0,2.3
veh_full_origin_0146_0039,private_car,origin_0146,5439075533,5657#0,,shelter_6,菅原小学校,6104#10,0,2.3
veh_full_origin_0146_0040,private_car,origin_0146,5439075533,5657#0,,shelter_6,菅原小学校,6104#10,0,2.3
veh_full_origin_0146_0041,private_car,origin_0146,5439075533,5657#0,,shelter_6,菅原小学校,6104#10,0,2.3
veh_full_origin_0146_0042,private_car,origin_0146,5439075533,5657#0,,shelter_6,菅原小学校,6104#10,0,2.3
veh_full_origin_0147_0001,private_car,origin_0147,5439075534,357#9,,shelter_6,菅原小学校,6104#10,0,2.3
veh_full_origin_0147_0002,private_car,origin_0147,5439075534,357#9,,shelter_6,菅原小学校,6104#10,0,2.3
veh_full_origin_0147_0003,private_car,origin_0147,5439075534,357#9,,shelter_6,菅原小学校,6104#10,0,2.3
veh_full_origin_0147_0004,private_car,origin_0147,5439075534,357#9,,shelter_6,菅原小学校,6104#10,0,2.3
veh_full_origin_0147_0005,private_car,origin_0147,5439075534,357#9,,shelter_6,菅原小学校,6104#10,0,2.3
veh_full_origin_0147_0006,private_car,origin_0147,5439075534,357#9,,shelter_6,菅原小学校,6104#10,0,2.3
veh_full_origin_0147_0007,private_car,origin_0147,5439075534,357#9,,shelter_6,菅原小学校,6104#10,0,2.3
veh_full_origin_0148_0001,private_car,origin_0148,5439075613,5582,,shelter_7,豊岡小学校,12727#0,0,2.3
veh_full_origin_0148_0002,private_car,origin_0148,5439075613,5582,,shelter_7,豊岡小学校,12727#0,0,2.3
veh_full_origin_0148_0003,private_car,origin_0148,5439075613,5582,,shelter_7,豊岡小学校,12727#0,0,2.3
veh_full_origin_0149_0001,private_car,origin_0149,5439075614,10937#6,,shelter_7,豊岡小学校,12727#0,0,2.3
veh_full_origin_0149_0002,private_car,origin_0149,5439075614,10937#6,,shelter_7,豊岡小学校,12727#0,0,2.3
veh_full_origin_0149_0003,private_car,origin_0149,5439075614,10937#6,,shelter_7,豊岡小学校,12727#0,0,2.3
veh_full_origin_0149_0004,private_car,origin_0149,5439075614,10937#6,,shelter_7,豊岡小学校,12727#0,0,2.3
veh_full_origin_0149_0005,private_car,origin_0149,5439075614,10937#6,,shelter_7,豊岡小学校,12727#0,0,2.3
veh_full_origin_0149_0006,private_car,origin_0149,5439075614,10937#6,,shelter_7,豊岡小学校,12727#0,0,2.3
veh_full_origin_0149_0007,private_car,origin_0149,5439075614,10937#6,,shelter_7,豊岡小学校,12727#0,0,2.3
veh_full_origin_0149_0008,private_car,origin_0149,5439075614,10937#6,,shelter_7,豊岡小学校,12727#0,0,2.3
veh_full_origin_0149_0009,private_car,origin_0149,5439075614,10937#6,,shelter_7,豊岡小学校,12727#0,0,2.3
veh_full_origin_0149_0010,private_car,origin_0149,5439075614,10937#6,,shelter_7,豊岡小学校,12727#0,0,2.3
veh_full_origin_0149_0011,private_car,origin_0149,5439075614,10937#6,,shelter_7,豊岡小学校,12727#0,0,2.3
veh_full_origin_0149_0012,private_car,origin_0149,5439075614,10937#6,,shelter_7,豊岡小学校,12727#0,0,2.3
veh_full_origin_0149_0013,private_car,origin_0149,5439075614,10937#6,,shelter_7,豊岡小学校,12727#0,0,2.3
veh_full_origin_0149_0014,private_car,origin_0149,5439075614,10937#6,,shelter_7,豊岡小学校,12727#0,0,2.3
veh_full_origin_0149_0015,private_car,origin_0149,5439075614,10937#6,,shelter_7,豊岡小学校,12727#0,0,2.3
veh_full_origin_0149_0016,private_car,origin_0149,5439075614,10937#6,,shelter_7,豊岡小学校,12727#0,0,2.3
veh_full_origin_0149_0017,private_car,origin_0149,5439075614,10937#6,,shelter_7,豊岡小学校,12727#0,0,2.3
veh_full_origin_0149_0018,private_car,origin_0149,5439075614,10937#6,,shelter_7,豊岡小学校,12727#0,0,2.3
veh_full_origin_0149_0019,private_car,origin_0149,5439075614,10937#6,,shelter_7,豊岡小学校,12727#0,0,2.3
veh_full_origin_0149_0020,private_car,origin_0149,5439075614,10937#6,,shelter_7,豊岡小学校,12727#0,0,2.3
veh_full_origin_0149_0021,private_car,origin_0149,5439075614,10937#6,,shelter_7,豊岡小学校,12727#0,0,2.3
veh_full_origin_0149_0022,private_car,origin_0149,5439075614,10937#6,,shelter_7,豊岡小学校,12727#0,0,2.3
veh_full_origin_0149_0023,private_car,origin_0149,5439075614,10937#6,,shelter_7,豊岡小学校,12727#0,0,2.3
veh_full_origin_0150_0001,private_car,origin_0150,5439075621,369#0,,shelter_6,菅原小学校,6104#10,0,2.3
veh_full_origin_0150_0002,private_car,origin_0150,5439075621,369#0,,shelter_6,菅原小学校,6104#10,0,2.3
veh_full_origin_0150_0003,private_car,origin_0150,5439075621,369#0,,shelter_6,菅原小学校,6104#10,0,2.3
veh_full_origin_0150_0004,private_car,origin_0150,5439075621,369#0,,shelter_6,菅原小学校,6104#10,0,2.3
veh_full_origin_0150_0005,private_car,origin_0150,5439075621,369#0,,shelter_6,菅原小学校,6104#10,0,2.3
veh_full_origin_0150_0006,private_car,origin_0150,5439075621,369#0,,shelter_6,菅原小学校,6104#10,0,2.3
veh_full_origin_0150_0007,private_car,origin_0150,5439075621,369#0,,shelter_6,菅原小学校,6104#10,0,2.3
veh_full_origin_0150_0008,private_car,origin_0150,5439075621,369#0,,shelter_6,菅原小学校,6104#10,0,2.3
veh_full_origin_0151_0001,private_car,origin_0151,5439075623,5566#6,,shelter_7,豊岡小学校,12727#0,0,2.3
veh_full_origin_0151_0002,private_car,origin_0151,5439075623,5566#6,,shelter_7,豊岡小学校,12727#0,0,2.3
veh_full_origin_0151_0003,private_car,origin_0151,5439075623,5566#6,,shelter_7,豊岡小学校,12727#0,0,2.3
veh_full_origin_0151_0004,private_car,origin_0151,5439075623,5566#6,,shelter_7,豊岡小学校,12727#0,0,2.3
veh_full_origin_0151_0005,private_car,origin_0151,5439075623,5566#6,,shelter_7,豊岡小学校,12727#0,0,2.3
veh_full_origin_0151_0006,private_car,origin_0151,5439075623,5566#6,,shelter_7,豊岡小学校,12727#0,0,2.3
veh_full_origin_0151_0007,private_car,origin_0151,5439075623,5566#6,,shelter_7,豊岡小学校,12727#0,0,2.3
veh_full_origin_0151_0008,private_car,origin_0151,5439075623,5566#6,,shelter_7,豊岡小学校,12727#0,0,2.3
veh_full_origin_0151_0009,private_car,origin_0151,5439075623,5566#6,,shelter_7,豊岡小学校,12727#0,0,2.3
veh_full_origin_0151_0010,private_car,origin_0151,5439075623,5566#6,,shelter_7,豊岡小学校,12727#0,0,2.3
veh_full_origin_0151_0011,private_car,origin_0151,5439075623,5566#6,,shelter_7,豊岡小学校,12727#0,0,2.3
veh_full_origin_0151_0012,private_car,origin_0151,5439075623,5566#6,,shelter_7,豊岡小学校,12727#0,0,2.3
veh_full_origin_0151_0013,private_car,origin_0151,5439075623,5566#6,,shelter_7,豊岡小学校,12727#0,0,2.3
veh_full_origin_0152_0001,private_car,origin_0152,5439075624,10937#4,,shelter_7,豊岡小学校,12727#0,0,2.3
veh_full_origin_0152_0002,private_car,origin_0152,5439075624,10937#4,,shelter_7,豊岡小学校,12727#0,0,2.3
veh_full_origin_0152_0003,private_car,origin_0152,5439075624,10937#4,,shelter_7,豊岡小学校,12727#0,0,2.3
veh_full_origin_0152_0004,private_car,origin_0152,5439075624,10937#4,,shelter_7,豊岡小学校,12727#0,0,2.3
veh_full_origin_0152_0005,private_car,origin_0152,5439075624,10937#4,,shelter_7,豊岡小学校,12727#0,0,2.3
veh_full_origin_0152_0006,private_car,origin_0152,5439075624,10937#4,,shelter_7,豊岡小学校,12727#0,0,2.3
veh_full_origin_0152_0007,private_car,origin_0152,5439075624,10937#4,,shelter_7,豊岡小学校,12727#0,0,2.3
veh_full_origin_0153_0001,private_car,origin_0153,5439075632,355#0,,shelter_6,菅原小学校,6104#10,0,2.3
veh_full_origin_0153_0002,private_car,origin_0153,5439075632,355#0,,shelter_6,菅原小学校,6104#10,0,2.3
veh_full_origin_0153_0003,private_car,origin_0153,5439075632,355#0,,shelter_6,菅原小学校,6104#10,0,2.3
veh_full_origin_0153_0004,private_car,origin_0153,5439075632,355#0,,shelter_6,菅原小学校,6104#10,0,2.3
veh_full_origin_0153_0005,private_car,origin_0153,5439075632,355#0,,shelter_6,菅原小学校,6104#10,0,2.3
veh_full_origin_0153_0006,private_car,origin_0153,5439075632,355#0,,shelter_6,菅原小学校,6104#10,0,2.3
veh_full_origin_0153_0007,private_car,origin_0153,5439075632,355#0,,shelter_6,菅原小学校,6104#10,0,2.3
veh_full_origin_0153_0008,private_car,origin_0153,5439075632,355#0,,shelter_6,菅原小学校,6104#10,0,2.3
veh_full_origin_0153_0009,private_car,origin_0153,5439075632,355#0,,shelter_6,菅原小学校,6104#10,0,2.3
veh_full_origin_0153_0010,private_car,origin_0153,5439075632,355#0,,shelter_6,菅原小学校,6104#10,0,2.3
veh_full_origin_0153_0011,private_car,origin_0153,5439075632,355#0,,shelter_6,菅原小学校,6104#10,0,2.3
veh_full_origin_0153_0012,private_car,origin_0153,5439075632,355#0,,shelter_6,菅原小学校,6104#10,0,2.3
veh_full_origin_0153_0013,private_car,origin_0153,5439075632,355#0,,shelter_6,菅原小学校,6104#10,0,2.3
veh_full_origin_0153_0014,private_car,origin_0153,5439075632,355#0,,shelter_6,菅原小学校,6104#10,0,2.3
veh_full_origin_0153_0015,private_car,origin_0153,5439075632,355#0,,shelter_6,菅原小学校,6104#10,0,2.3
veh_full_origin_0153_0016,private_car,origin_0153,5439075632,355#0,,shelter_6,菅原小学校,6104#10,0,2.3
veh_full_origin_0154_0001,private_car,origin_0154,5439075633,5789#3,,shelter_7,豊岡小学校,12727#0,0,2.3
veh_full_origin_0154_0002,private_car,origin_0154,5439075633,5789#3,,shelter_7,豊岡小学校,12727#0,0,2.3
veh_full_origin_0154_0003,private_car,origin_0154,5439075633,5789#3,,shelter_7,豊岡小学校,12727#0,0,2.3
veh_full_origin_0154_0004,private_car,origin_0154,5439075633,5789#3,,shelter_7,豊岡小学校,12727#0,0,2.3
veh_full_origin_0154_0005,private_car,origin_0154,5439075633,5789#3,,shelter_7,豊岡小学校,12727#0,0,2.3
veh_full_origin_0154_0006,private_car,origin_0154,5439075633,5789#3,,shelter_7,豊岡小学校,12727#0,0,2.3
veh_full_origin_0154_0007,private_car,origin_0154,5439075633,5789#3,,shelter_7,豊岡小学校,12727#0,0,2.3
veh_full_origin_0154_0008,private_car,origin_0154,5439075633,5789#3,,shelter_7,豊岡小学校,12727#0,0,2.3
veh_full_origin_0155_0001,private_car,origin_0155,5439075634,5768,,shelter_7,豊岡小学校,12727#0,0,2.3
veh_full_origin_0155_0002,private_car,origin_0155,5439075634,5768,,shelter_7,豊岡小学校,12727#0,0,2.3
veh_full_origin_0155_0003,private_car,origin_0155,5439075634,5768,,shelter_7,豊岡小学校,12727#0,0,2.3
veh_full_origin_0155_0004,private_car,origin_0155,5439075634,5768,,shelter_7,豊岡小学校,12727#0,0,2.3
veh_full_origin_0155_0005,private_car,origin_0155,5439075634,5768,,shelter_7,豊岡小学校,12727#0,0,2.3
veh_full_origin_0155_0006,private_car,origin_0155,5439075634,5768,,shelter_7,豊岡小学校,12727#0,0,2.3
veh_full_origin_0155_0007,private_car,origin_0155,5439075634,5768,,shelter_7,豊岡小学校,12727#0,0,2.3
veh_full_origin_0155_0008,private_car,origin_0155,5439075634,5768,,shelter_7,豊岡小学校,12727#0,0,2.3
veh_full_origin_0155_0009,private_car,origin_0155,5439075634,5768,,shelter_7,豊岡小学校,12727#0,0,2.3
veh_full_origin_0155_0010,private_car,origin_0155,5439075634,5768,,shelter_7,豊岡小学校,12727#0,0,2.3
veh_full_origin_0155_0011,private_car,origin_0155,5439075634,5768,,shelter_7,豊岡小学校,12727#0,0,2.3
veh_full_origin_0155_0012,private_car,origin_0155,5439075634,5768,,shelter_7,豊岡小学校,12727#0,0,2.3
veh_full_origin_0155_0013,private_car,origin_0155,5439075634,5768,,shelter_7,豊岡小学校,12727#0,0,2.3
veh_full_origin_0156_0001,private_car,origin_0156,5439075644,5768,,shelter_6,菅原小学校,6104#10,0,2.3
veh_full_origin_0156_0002,private_car,origin_0156,5439075644,5768,,shelter_6,菅原小学校,6104#10,0,2.3
veh_full_origin_0156_0003,private_car,origin_0156,5439075644,5768,,shelter_6,菅原小学校,6104#10,0,2.3
veh_full_origin_0156_0004,private_car,origin_0156,5439075644,5768,,shelter_6,菅原小学校,6104#10,0,2.3
veh_full_origin_0157_0001,private_car,origin_0157,5439075741,10938#11,,shelter_7,豊岡小学校,12727#0,0,2.3
veh_full_origin_0157_0002,private_car,origin_0157,5439075741,10938#11,,shelter_7,豊岡小学校,12727#0,0,2.3
veh_full_origin_0157_0003,private_car,origin_0157,5439075741,10938#11,,shelter_7,豊岡小学校,12727#0,0,2.3
veh_full_origin_0158_0001,private_car,origin_0158,5439075911,5595#0,,shelter_7,豊岡小学校,12727#0,0,2.3
veh_full_origin_0158_0002,private_car,origin_0158,5439075911,5595#0,,shelter_7,豊岡小学校,12727#0,0,2.3
veh_full_origin_0158_0003,private_car,origin_0158,5439075911,5595#0,,shelter_7,豊岡小学校,12727#0,0,2.3
veh_full_origin_0158_0004,private_car,origin_0158,5439075911,5595#0,,shelter_7,豊岡小学校,12727#0,0,2.3
veh_full_origin_0158_0005,private_car,origin_0158,5439075911,5595#0,,shelter_7,豊岡小学校,12727#0,0,2.3
veh_full_origin_0158_0006,private_car,origin_0158,5439075911,5595#0,,shelter_7,豊岡小学校,12727#0,0,2.3
veh_full_origin_0158_0007,private_car,origin_0158,5439075911,5595#0,,shelter_7,豊岡小学校,12727#0,0,2.3
veh_full_origin_0158_0008,private_car,origin_0158,5439075911,5595#0,,shelter_7,豊岡小学校,12727#0,0,2.3
veh_full_origin_0158_0009,private_car,origin_0158,5439075911,5595#0,,shelter_7,豊岡小学校,12727#0,0,2.3
veh_full_origin_0158_0010,private_car,origin_0158,5439075911,5595#0,,shelter_7,豊岡小学校,12727#0,0,2.3
veh_full_origin_0158_0011,private_car,origin_0158,5439075911,5595#0,,shelter_7,豊岡小学校,12727#0,0,2.3
veh_full_origin_0158_0012,private_car,origin_0158,5439075911,5595#0,,shelter_7,豊岡小学校,12727#0,0,2.3
veh_full_origin_0158_0013,private_car,origin_0158,5439075911,5595#0,,shelter_7,豊岡小学校,12727#0,0,2.3
veh_full_origin_0158_0014,private_car,origin_0158,5439075911,5595#0,,shelter_7,豊岡小学校,12727#0,0,2.3
veh_full_origin_0158_0015,private_car,origin_0158,5439075911,5595#0,,shelter_7,豊岡小学校,12727#0,0,2.3
veh_full_origin_0158_0016,private_car,origin_0158,5439075911,5595#0,,shelter_7,豊岡小学校,12727#0,0,2.3
veh_full_origin_0158_0017,private_car,origin_0158,5439075911,5595#0,,shelter_7,豊岡小学校,12727#0,0,2.3
veh_full_origin_0158_0018,private_car,origin_0158,5439075911,5595#0,,shelter_7,豊岡小学校,12727#0,0,2.3
veh_full_origin_0158_0019,private_car,origin_0158,5439075911,5595#0,,shelter_7,豊岡小学校,12727#0,0,2.3
veh_full_origin_0158_0020,private_car,origin_0158,5439075911,5595#0,,shelter_7,豊岡小学校,12727#0,0,2.3
veh_full_origin_0158_0021,private_car,origin_0158,5439075911,5595#0,,shelter_7,豊岡小学校,12727#0,0,2.3
veh_full_origin_0158_0022,private_car,origin_0158,5439075911,5595#0,,shelter_7,豊岡小学校,12727#0,0,2.3
veh_full_origin_0158_0023,private_car,origin_0158,5439075911,5595#0,,shelter_7,豊岡小学校,12727#0,0,2.3
veh_full_origin_0158_0024,private_car,origin_0158,5439075911,5595#0,,shelter_7,豊岡小学校,12727#0,0,2.3
veh_full_origin_0158_0025,private_car,origin_0158,5439075911,5595#0,,shelter_7,豊岡小学校,12727#0,0,2.3
veh_full_origin_0158_0026,private_car,origin_0158,5439075911,5595#0,,shelter_7,豊岡小学校,12727#0,0,2.3
veh_full_origin_0158_0027,private_car,origin_0158,5439075911,5595#0,,shelter_7,豊岡小学校,12727#0,0,2.3
veh_full_origin_0158_0028,private_car,origin_0158,5439075911,5595#0,,shelter_7,豊岡小学校,12727#0,0,2.3
veh_full_origin_0158_0029,private_car,origin_0158,5439075911,5595#0,,shelter_7,豊岡小学校,12727#0,0,2.3
veh_full_origin_0158_0030,private_car,origin_0158,5439075911,5595#0,,shelter_7,豊岡小学校,12727#0,0,2.3
veh_full_origin_0158_0031,private_car,origin_0158,5439075911,5595#0,,shelter_7,豊岡小学校,12727#0,0,2.3
veh_full_origin_0158_0032,private_car,origin_0158,5439075911,5595#0,,shelter_7,豊岡小学校,12727#0,0,2.3
veh_full_origin_0158_0033,private_car,origin_0158,5439075911,5595#0,,shelter_7,豊岡小学校,12727#0,0,2.3
veh_full_origin_0158_0034,private_car,origin_0158,5439075911,5595#0,,shelter_7,豊岡小学校,12727#0,0,2.3
veh_full_origin_0158_0035,private_car,origin_0158,5439075911,5595#0,,shelter_7,豊岡小学校,12727#0,0,2.3
veh_full_origin_0158_0036,private_car,origin_0158,5439075911,5595#0,,shelter_7,豊岡小学校,12727#0,0,2.3
veh_full_origin_0158_0037,private_car,origin_0158,5439075911,5595#0,,shelter_7,豊岡小学校,12727#0,0,2.3
veh_full_origin_0158_0038,private_car,origin_0158,5439075911,5595#0,,shelter_7,豊岡小学校,12727#0,0,2.3
veh_full_origin_0158_0039,private_car,origin_0158,5439075911,5595#0,,shelter_7,豊岡小学校,12727#0,0,2.3
veh_full_origin_0158_0040,private_car,origin_0158,5439075911,5595#0,,shelter_7,豊岡小学校,12727#0,0,2.3
veh_full_origin_0158_0041,private_car,origin_0158,5439075911,5595#0,,shelter_7,豊岡小学校,12727#0,0,2.3
veh_full_origin_0158_0042,private_car,origin_0158,5439075911,5595#0,,shelter_7,豊岡小学校,12727#0,0,2.3
veh_full_origin_0158_0043,private_car,origin_0158,5439075911,5595#0,,shelter_7,豊岡小学校,12727#0,0,2.3
veh_full_origin_0158_0044,private_car,origin_0158,5439075911,5595#0,,shelter_7,豊岡小学校,12727#0,0,2.3
veh_full_origin_0158_0045,private_car,origin_0158,5439075911,5595#0,,shelter_7,豊岡小学校,12727#0,0,2.3
veh_full_origin_0158_0046,private_car,origin_0158,5439075911,5595#0,,shelter_7,豊岡小学校,12727#0,0,2.3
veh_full_origin_0159_0001,private_car,origin_0159,5439075912,5617#0,,shelter_7,豊岡小学校,12727#0,0,2.3
veh_full_origin_0159_0002,private_car,origin_0159,5439075912,5617#0,,shelter_7,豊岡小学校,12727#0,0,2.3
veh_full_origin_0159_0003,private_car,origin_0159,5439075912,5617#0,,shelter_7,豊岡小学校,12727#0,0,2.3
veh_full_origin_0159_0004,private_car,origin_0159,5439075912,5617#0,,shelter_7,豊岡小学校,12727#0,0,2.3
veh_full_origin_0159_0005,private_car,origin_0159,5439075912,5617#0,,shelter_7,豊岡小学校,12727#0,0,2.3
veh_full_origin_0159_0006,private_car,origin_0159,5439075912,5617#0,,shelter_7,豊岡小学校,12727#0,0,2.3
veh_full_origin_0159_0007,private_car,origin_0159,5439075912,5617#0,,shelter_7,豊岡小学校,12727#0,0,2.3
veh_full_origin_0159_0008,private_car,origin_0159,5439075912,5617#0,,shelter_7,豊岡小学校,12727#0,0,2.3
veh_full_origin_0159_0009,private_car,origin_0159,5439075912,5617#0,,shelter_7,豊岡小学校,12727#0,0,2.3
veh_full_origin_0159_0010,private_car,origin_0159,5439075912,5617#0,,shelter_7,豊岡小学校,12727#0,0,2.3
veh_full_origin_0159_0011,private_car,origin_0159,5439075912,5617#0,,shelter_7,豊岡小学校,12727#0,0,2.3
veh_full_origin_0159_0012,private_car,origin_0159,5439075912,5617#0,,shelter_7,豊岡小学校,12727#0,0,2.3
veh_full_origin_0159_0013,private_car,origin_0159,5439075912,5617#0,,shelter_7,豊岡小学校,12727#0,0,2.3
veh_full_origin_0159_0014,private_car,origin_0159,5439075912,5617#0,,shelter_7,豊岡小学校,12727#0,0,2.3
veh_full_origin_0159_0015,private_car,origin_0159,5439075912,5617#0,,shelter_7,豊岡小学校,12727#0,0,2.3
veh_full_origin_0159_0016,private_car,origin_0159,5439075912,5617#0,,shelter_7,豊岡小学校,12727#0,0,2.3
veh_full_origin_0159_0017,private_car,origin_0159,5439075912,5617#0,,shelter_7,豊岡小学校,12727#0,0,2.3
veh_full_origin_0159_0018,private_car,origin_0159,5439075912,5617#0,,shelter_7,豊岡小学校,12727#0,0,2.3
veh_full_origin_0159_0019,private_car,origin_0159,5439075912,5617#0,,shelter_7,豊岡小学校,12727#0,0,2.3
veh_full_origin_0159_0020,private_car,origin_0159,5439075912,5617#0,,shelter_7,豊岡小学校,12727#0,0,2.3
veh_full_origin_0159_0021,private_car,origin_0159,5439075912,5617#0,,shelter_7,豊岡小学校,12727#0,0,2.3
veh_full_origin_0159_0022,private_car,origin_0159,5439075912,5617#0,,shelter_7,豊岡小学校,12727#0,0,2.3
veh_full_origin_0159_0023,private_car,origin_0159,5439075912,5617#0,,shelter_7,豊岡小学校,12727#0,0,2.3
veh_full_origin_0160_0001,private_car,origin_0160,5439075913,6543,,shelter_7,豊岡小学校,12727#0,0,2.3
veh_full_origin_0160_0002,private_car,origin_0160,5439075913,6543,,shelter_7,豊岡小学校,12727#0,0,2.3
veh_full_origin_0160_0003,private_car,origin_0160,5439075913,6543,,shelter_7,豊岡小学校,12727#0,0,2.3
veh_full_origin_0160_0004,private_car,origin_0160,5439075913,6543,,shelter_7,豊岡小学校,12727#0,0,2.3
veh_full_origin_0160_0005,private_car,origin_0160,5439075913,6543,,shelter_7,豊岡小学校,12727#0,0,2.3
veh_full_origin_0160_0006,private_car,origin_0160,5439075913,6543,,shelter_7,豊岡小学校,12727#0,0,2.3
veh_full_origin_0160_0007,private_car,origin_0160,5439075913,6543,,shelter_7,豊岡小学校,12727#0,0,2.3
veh_full_origin_0160_0008,private_car,origin_0160,5439075913,6543,,shelter_7,豊岡小学校,12727#0,0,2.3
veh_full_origin_0160_0009,private_car,origin_0160,5439075913,6543,,shelter_7,豊岡小学校,12727#0,0,2.3
veh_full_origin_0160_0010,private_car,origin_0160,5439075913,6543,,shelter_7,豊岡小学校,12727#0,0,2.3
veh_full_origin_0160_0011,private_car,origin_0160,5439075913,6543,,shelter_7,豊岡小学校,12727#0,0,2.3
veh_full_origin_0160_0012,private_car,origin_0160,5439075913,6543,,shelter_7,豊岡小学校,12727#0,0,2.3
veh_full_origin_0160_0013,private_car,origin_0160,5439075913,6543,,shelter_7,豊岡小学校,12727#0,0,2.3
veh_full_origin_0160_0014,private_car,origin_0160,5439075913,6543,,shelter_7,豊岡小学校,12727#0,0,2.3
veh_full_origin_0160_0015,private_car,origin_0160,5439075913,6543,,shelter_7,豊岡小学校,12727#0,0,2.3
veh_full_origin_0160_0016,private_car,origin_0160,5439075913,6543,,shelter_7,豊岡小学校,12727#0,0,2.3
veh_full_origin_0160_0017,private_car,origin_0160,5439075913,6543,,shelter_7,豊岡小学校,12727#0,0,2.3
veh_full_origin_0160_0018,private_car,origin_0160,5439075913,6543,,shelter_7,豊岡小学校,12727#0,0,2.3
veh_full_origin_0160_0019,private_car,origin_0160,5439075913,6543,,shelter_7,豊岡小学校,12727#0,0,2.3
veh_full_origin_0160_0020,private_car,origin_0160,5439075913,6543,,shelter_7,豊岡小学校,12727#0,0,2.3
veh_full_origin_0160_0021,private_car,origin_0160,5439075913,6543,,shelter_7,豊岡小学校,12727#0,0,2.3
veh_full_origin_0160_0022,private_car,origin_0160,5439075913,6543,,shelter_7,豊岡小学校,12727#0,0,2.3
veh_full_origin_0160_0023,private_car,origin_0160,5439075913,6543,,shelter_7,豊岡小学校,12727#0,0,2.3
veh_full_origin_0160_0024,private_car,origin_0160,5439075913,6543,,shelter_7,豊岡小学校,12727#0,0,2.3
veh_full_origin_0160_0025,private_car,origin_0160,5439075913,6543,,shelter_7,豊岡小学校,12727#0,0,2.3
veh_full_origin_0160_0026,private_car,origin_0160,5439075913,6543,,shelter_7,豊岡小学校,12727#0,0,2.3
veh_full_origin_0160_0027,private_car,origin_0160,5439075913,6543,,shelter_7,豊岡小学校,12727#0,0,2.3
veh_full_origin_0160_0028,private_car,origin_0160,5439075913,6543,,shelter_7,豊岡小学校,12727#0,0,2.3
veh_full_origin_0161_0001,private_car,origin_0161,5439075921,10988#2,,shelter_7,豊岡小学校,12727#0,0,2.3
veh_full_origin_0161_0002,private_car,origin_0161,5439075921,10988#2,,shelter_7,豊岡小学校,12727#0,0,2.3
veh_full_origin_0161_0003,private_car,origin_0161,5439075921,10988#2,,shelter_7,豊岡小学校,12727#0,0,2.3
veh_full_origin_0161_0004,private_car,origin_0161,5439075921,10988#2,,shelter_7,豊岡小学校,12727#0,0,2.3
veh_full_origin_0161_0005,private_car,origin_0161,5439075921,10988#2,,shelter_7,豊岡小学校,12727#0,0,2.3
veh_full_origin_0161_0006,private_car,origin_0161,5439075921,10988#2,,shelter_7,豊岡小学校,12727#0,0,2.3
veh_full_origin_0161_0007,private_car,origin_0161,5439075921,10988#2,,shelter_7,豊岡小学校,12727#0,0,2.3
veh_full_origin_0161_0008,private_car,origin_0161,5439075921,10988#2,,shelter_7,豊岡小学校,12727#0,0,2.3
veh_full_origin_0161_0009,private_car,origin_0161,5439075921,10988#2,,shelter_7,豊岡小学校,12727#0,0,2.3
veh_full_origin_0161_0010,private_car,origin_0161,5439075921,10988#2,,shelter_7,豊岡小学校,12727#0,0,2.3
veh_full_origin_0161_0011,private_car,origin_0161,5439075921,10988#2,,shelter_7,豊岡小学校,12727#0,0,2.3
veh_full_origin_0161_0012,private_car,origin_0161,5439075921,10988#2,,shelter_7,豊岡小学校,12727#0,0,2.3
veh_full_origin_0161_0013,private_car,origin_0161,5439075921,10988#2,,shelter_7,豊岡小学校,12727#0,0,2.3
veh_full_origin_0161_0014,private_car,origin_0161,5439075921,10988#2,,shelter_7,豊岡小学校,12727#0,0,2.3
veh_full_origin_0161_0015,private_car,origin_0161,5439075921,10988#2,,shelter_7,豊岡小学校,12727#0,0,2.3
veh_full_origin_0161_0016,private_car,origin_0161,5439075921,10988#2,,shelter_7,豊岡小学校,12727#0,0,2.3
veh_full_origin_0161_0017,private_car,origin_0161,5439075921,10988#2,,shelter_7,豊岡小学校,12727#0,0,2.3
veh_full_origin_0161_0018,private_car,origin_0161,5439075921,10988#2,,shelter_7,豊岡小学校,12727#0,0,2.3
veh_full_origin_0161_0019,private_car,origin_0161,5439075921,10988#2,,shelter_7,豊岡小学校,12727#0,0,2.3
veh_full_origin_0161_0020,private_car,origin_0161,5439075921,10988#2,,shelter_7,豊岡小学校,12727#0,0,2.3
veh_full_origin_0161_0021,private_car,origin_0161,5439075921,10988#2,,shelter_7,豊岡小学校,12727#0,0,2.3
veh_full_origin_0161_0022,private_car,origin_0161,5439075921,10988#2,,shelter_7,豊岡小学校,12727#0,0,2.3
veh_full_origin_0161_0023,private_car,origin_0161,5439075921,10988#2,,shelter_7,豊岡小学校,12727#0,0,2.3
veh_full_origin_0161_0024,private_car,origin_0161,5439075921,10988#2,,shelter_7,豊岡小学校,12727#0,0,2.3
veh_full_origin_0161_0025,private_car,origin_0161,5439075921,10988#2,,shelter_7,豊岡小学校,12727#0,0,2.3
veh_full_origin_0161_0026,private_car,origin_0161,5439075921,10988#2,,shelter_7,豊岡小学校,12727#0,0,2.3
veh_full_origin_0161_0027,private_car,origin_0161,5439075921,10988#2,,shelter_7,豊岡小学校,12727#0,0,2.3
veh_full_origin_0161_0028,private_car,origin_0161,5439075921,10988#2,,shelter_7,豊岡小学校,12727#0,0,2.3
veh_full_origin_0161_0029,private_car,origin_0161,5439075921,10988#2,,shelter_7,豊岡小学校,12727#0,0,2.3
veh_full_origin_0161_0030,private_car,origin_0161,5439075921,10988#2,,shelter_7,豊岡小学校,12727#0,0,2.3
veh_full_origin_0161_0031,private_car,origin_0161,5439075921,10988#2,,shelter_7,豊岡小学校,12727#0,0,2.3
veh_full_origin_0161_0032,private_car,origin_0161,5439075921,10988#2,,shelter_7,豊岡小学校,12727#0,0,2.3
veh_full_origin_0161_0033,private_car,origin_0161,5439075921,10988#2,,shelter_7,豊岡小学校,12727#0,0,2.3
veh_full_origin_0161_0034,private_car,origin_0161,5439075921,10988#2,,shelter_7,豊岡小学校,12727#0,0,2.3
veh_full_origin_0162_0001,private_car,origin_0162,5439075931,5695#1,,shelter_7,豊岡小学校,12727#0,0,2.3
veh_full_origin_0162_0002,private_car,origin_0162,5439075931,5695#1,,shelter_7,豊岡小学校,12727#0,0,2.3
veh_full_origin_0162_0003,private_car,origin_0162,5439075931,5695#1,,shelter_7,豊岡小学校,12727#0,0,2.3
veh_full_origin_0162_0004,private_car,origin_0162,5439075931,5695#1,,shelter_7,豊岡小学校,12727#0,0,2.3
veh_full_origin_0162_0005,private_car,origin_0162,5439075931,5695#1,,shelter_7,豊岡小学校,12727#0,0,2.3
veh_full_origin_0162_0006,private_car,origin_0162,5439075931,5695#1,,shelter_7,豊岡小学校,12727#0,0,2.3
veh_full_origin_0162_0007,private_car,origin_0162,5439075931,5695#1,,shelter_7,豊岡小学校,12727#0,0,2.3
veh_full_origin_0162_0008,private_car,origin_0162,5439075931,5695#1,,shelter_7,豊岡小学校,12727#0,0,2.3
veh_full_origin_0162_0009,private_car,origin_0162,5439075931,5695#1,,shelter_7,豊岡小学校,12727#0,0,2.3
veh_full_origin_0162_0010,private_car,origin_0162,5439075931,5695#1,,shelter_7,豊岡小学校,12727#0,0,2.3
veh_full_origin_0162_0011,private_car,origin_0162,5439075931,5695#1,,shelter_7,豊岡小学校,12727#0,0,2.3
veh_full_origin_0162_0012,private_car,origin_0162,5439075931,5695#1,,shelter_7,豊岡小学校,12727#0,0,2.3
veh_full_origin_0162_0013,private_car,origin_0162,5439075931,5695#1,,shelter_7,豊岡小学校,12727#0,0,2.3
veh_full_origin_0162_0014,private_car,origin_0162,5439075931,5695#1,,shelter_7,豊岡小学校,12727#0,0,2.3
veh_full_origin_0162_0015,private_car,origin_0162,5439075931,5695#1,,shelter_7,豊岡小学校,12727#0,0,2.3
veh_full_origin_0162_0016,private_car,origin_0162,5439075931,5695#1,,shelter_7,豊岡小学校,12727#0,0,2.3
veh_full_origin_0162_0017,private_car,origin_0162,5439075931,5695#1,,shelter_7,豊岡小学校,12727#0,0,2.3
veh_full_origin_0162_0018,private_car,origin_0162,5439075931,5695#1,,shelter_7,豊岡小学校,12727#0,0,2.3
veh_full_origin_0162_0019,private_car,origin_0162,5439075931,5695#1,,shelter_7,豊岡小学校,12727#0,0,2.3
veh_full_origin_0162_0020,private_car,origin_0162,5439075931,5695#1,,shelter_7,豊岡小学校,12727#0,0,2.3
veh_full_origin_0162_0021,private_car,origin_0162,5439075931,5695#1,,shelter_7,豊岡小学校,12727#0,0,2.3
veh_full_origin_0162_0022,private_car,origin_0162,5439075931,5695#1,,shelter_7,豊岡小学校,12727#0,0,2.3
veh_full_origin_0162_0023,private_car,origin_0162,5439075931,5695#1,,shelter_7,豊岡小学校,12727#0,0,2.3
veh_full_origin_0162_0024,private_car,origin_0162,5439075931,5695#1,,shelter_7,豊岡小学校,12727#0,0,2.3
veh_full_origin_0162_0025,private_car,origin_0162,5439075931,5695#1,,shelter_7,豊岡小学校,12727#0,0,2.3
veh_full_origin_0162_0026,private_car,origin_0162,5439075931,5695#1,,shelter_7,豊岡小学校,12727#0,0,2.3
veh_full_origin_0162_0027,private_car,origin_0162,5439075931,5695#1,,shelter_7,豊岡小学校,12727#0,0,2.3
veh_full_origin_0162_0028,private_car,origin_0162,5439075931,5695#1,,shelter_7,豊岡小学校,12727#0,0,2.3
veh_full_origin_0162_0029,private_car,origin_0162,5439075931,5695#1,,shelter_7,豊岡小学校,12727#0,0,2.3
veh_full_origin_0162_0030,private_car,origin_0162,5439075931,5695#1,,shelter_7,豊岡小学校,12727#0,0,2.3
veh_full_origin_0162_0031,private_car,origin_0162,5439075931,5695#1,,shelter_7,豊岡小学校,12727#0,0,2.3
veh_full_origin_0162_0032,private_car,origin_0162,5439075931,5695#1,,shelter_7,豊岡小学校,12727#0,0,2.3
veh_full_origin_0162_0033,private_car,origin_0162,5439075931,5695#1,,shelter_7,豊岡小学校,12727#0,0,2.3
veh_full_origin_0162_0034,private_car,origin_0162,5439075931,5695#1,,shelter_7,豊岡小学校,12727#0,0,2.3
veh_full_origin_0162_0035,private_car,origin_0162,5439075931,5695#1,,shelter_7,豊岡小学校,12727#0,0,2.3
veh_full_origin_0162_0036,private_car,origin_0162,5439075931,5695#1,,shelter_7,豊岡小学校,12727#0,0,2.3
veh_full_origin_0162_0037,private_car,origin_0162,5439075931,5695#1,,shelter_7,豊岡小学校,12727#0,0,2.3
veh_full_origin_0162_0038,private_car,origin_0162,5439075931,5695#1,,shelter_7,豊岡小学校,12727#0,0,2.3
veh_full_origin_0162_0039,private_car,origin_0162,5439075931,5695#1,,shelter_7,豊岡小学校,12727#0,0,2.3
veh_full_origin_0162_0040,private_car,origin_0162,5439075931,5695#1,,shelter_7,豊岡小学校,12727#0,0,2.3
veh_full_origin_0162_0041,private_car,origin_0162,5439075931,5695#1,,shelter_7,豊岡小学校,12727#0,0,2.3
veh_full_origin_0162_0042,private_car,origin_0162,5439075931,5695#1,,shelter_7,豊岡小学校,12727#0,0,2.3
veh_full_origin_0162_0043,private_car,origin_0162,5439075931,5695#1,,shelter_7,豊岡小学校,12727#0,0,2.3
veh_full_origin_0162_0044,private_car,origin_0162,5439075931,5695#1,,shelter_7,豊岡小学校,12727#0,0,2.3
veh_full_origin_0162_0045,private_car,origin_0162,5439075931,5695#1,,shelter_7,豊岡小学校,12727#0,0,2.3
veh_full_origin_0162_0046,private_car,origin_0162,5439075931,5695#1,,shelter_7,豊岡小学校,12727#0,0,2.3
veh_full_origin_0162_0047,private_car,origin_0162,5439075931,5695#1,,shelter_7,豊岡小学校,12727#0,0,2.3
veh_full_origin_0162_0048,private_car,origin_0162,5439075931,5695#1,,shelter_7,豊岡小学校,12727#0,0,2.3
veh_full_origin_0162_0049,private_car,origin_0162,5439075931,5695#1,,shelter_7,豊岡小学校,12727#0,0,2.3
veh_full_origin_0162_0050,private_car,origin_0162,5439075931,5695#1,,shelter_7,豊岡小学校,12727#0,0,2.3
veh_full_origin_0162_0051,private_car,origin_0162,5439075931,5695#1,,shelter_7,豊岡小学校,12727#0,0,2.3
veh_full_origin_0162_0052,private_car,origin_0162,5439075931,5695#1,,shelter_7,豊岡小学校,12727#0,0,2.3
veh_full_origin_0162_0053,private_car,origin_0162,5439075931,5695#1,,shelter_7,豊岡小学校,12727#0,0,2.3
veh_full_origin_0162_0054,private_car,origin_0162,5439075931,5695#1,,shelter_7,豊岡小学校,12727#0,0,2.3
veh_full_origin_0162_0055,private_car,origin_0162,5439075931,5695#1,,shelter_7,豊岡小学校,12727#0,0,2.3
veh_full_origin_0162_0056,private_car,origin_0162,5439075931,5695#1,,shelter_7,豊岡小学校,12727#0,0,2.3
veh_full_origin_0162_0057,private_car,origin_0162,5439075931,5695#1,,shelter_7,豊岡小学校,12727#0,0,2.3
veh_full_origin_0162_0058,private_car,origin_0162,5439075931,5695#1,,shelter_7,豊岡小学校,12727#0,0,2.3
veh_full_origin_0162_0059,private_car,origin_0162,5439075931,5695#1,,shelter_7,豊岡小学校,12727#0,0,2.3
veh_full_origin_0162_0060,private_car,origin_0162,5439075931,5695#1,,shelter_7,豊岡小学校,12727#0,0,2.3
veh_full_origin_0162_0061,private_car,origin_0162,5439075931,5695#1,,shelter_7,豊岡小学校,12727#0,0,2.3
veh_full_origin_0162_0062,private_car,origin_0162,5439075931,5695#1,,shelter_7,豊岡小学校,12727#0,0,2.3
veh_full_origin_0162_0063,private_car,origin_0162,5439075931,5695#1,,shelter_7,豊岡小学校,12727#0,0,2.3
veh_full_origin_0162_0064,private_car,origin_0162,5439075931,5695#1,,shelter_7,豊岡小学校,12727#0,0,2.3
veh_full_origin_0162_0065,private_car,origin_0162,5439075931,5695#1,,shelter_7,豊岡小学校,12727#0,0,2.3
veh_full_origin_0162_0066,private_car,origin_0162,5439075931,5695#1,,shelter_7,豊岡小学校,12727#0,0,2.3
veh_full_origin_0162_0067,private_car,origin_0162,5439075931,5695#1,,shelter_7,豊岡小学校,12727#0,0,2.3
veh_full_origin_0162_0068,private_car,origin_0162,5439075931,5695#1,,shelter_7,豊岡小学校,12727#0,0,2.3
veh_full_origin_0162_0069,private_car,origin_0162,5439075931,5695#1,,shelter_7,豊岡小学校,12727#0,0,2.3
veh_full_origin_0162_0070,private_car,origin_0162,5439075931,5695#1,,shelter_7,豊岡小学校,12727#0,0,2.3
veh_full_origin_0162_0071,private_car,origin_0162,5439075931,5695#1,,shelter_7,豊岡小学校,12727#0,0,2.3
veh_full_origin_0162_0072,private_car,origin_0162,5439075931,5695#1,,shelter_7,豊岡小学校,12727#0,0,2.3
veh_full_origin_0163_0001,private_car,origin_0163,5439075932,5653#1,,shelter_7,豊岡小学校,12727#0,0,2.3
veh_full_origin_0163_0002,private_car,origin_0163,5439075932,5653#1,,shelter_7,豊岡小学校,12727#0,0,2.3
veh_full_origin_0163_0003,private_car,origin_0163,5439075932,5653#1,,shelter_7,豊岡小学校,12727#0,0,2.3
veh_full_origin_0163_0004,private_car,origin_0163,5439075932,5653#1,,shelter_7,豊岡小学校,12727#0,0,2.3
veh_full_origin_0163_0005,private_car,origin_0163,5439075932,5653#1,,shelter_7,豊岡小学校,12727#0,0,2.3
veh_full_origin_0163_0006,private_car,origin_0163,5439075932,5653#1,,shelter_7,豊岡小学校,12727#0,0,2.3
veh_full_origin_0163_0007,private_car,origin_0163,5439075932,5653#1,,shelter_7,豊岡小学校,12727#0,0,2.3
veh_full_origin_0163_0008,private_car,origin_0163,5439075932,5653#1,,shelter_7,豊岡小学校,12727#0,0,2.3
veh_full_origin_0163_0009,private_car,origin_0163,5439075932,5653#1,,shelter_7,豊岡小学校,12727#0,0,2.3
veh_full_origin_0163_0010,private_car,origin_0163,5439075932,5653#1,,shelter_7,豊岡小学校,12727#0,0,2.3
veh_full_origin_0163_0011,private_car,origin_0163,5439075932,5653#1,,shelter_7,豊岡小学校,12727#0,0,2.3
veh_full_origin_0163_0012,private_car,origin_0163,5439075932,5653#1,,shelter_7,豊岡小学校,12727#0,0,2.3
veh_full_origin_0163_0013,private_car,origin_0163,5439075932,5653#1,,shelter_7,豊岡小学校,12727#0,0,2.3
veh_full_origin_0163_0014,private_car,origin_0163,5439075932,5653#1,,shelter_7,豊岡小学校,12727#0,0,2.3
veh_full_origin_0163_0015,private_car,origin_0163,5439075932,5653#1,,shelter_7,豊岡小学校,12727#0,0,2.3
veh_full_origin_0163_0016,private_car,origin_0163,5439075932,5653#1,,shelter_7,豊岡小学校,12727#0,0,2.3
veh_full_origin_0163_0017,private_car,origin_0163,5439075932,5653#1,,shelter_7,豊岡小学校,12727#0,0,2.3
veh_full_origin_0163_0018,private_car,origin_0163,5439075932,5653#1,,shelter_7,豊岡小学校,12727#0,0,2.3
veh_full_origin_0163_0019,private_car,origin_0163,5439075932,5653#1,,shelter_7,豊岡小学校,12727#0,0,2.3
veh_full_origin_0163_0020,private_car,origin_0163,5439075932,5653#1,,shelter_7,豊岡小学校,12727#0,0,2.3
veh_full_origin_0163_0021,private_car,origin_0163,5439075932,5653#1,,shelter_7,豊岡小学校,12727#0,0,2.3
veh_full_origin_0163_0022,private_car,origin_0163,5439075932,5653#1,,shelter_7,豊岡小学校,12727#0,0,2.3
veh_full_origin_0163_0023,private_car,origin_0163,5439075932,5653#1,,shelter_7,豊岡小学校,12727#0,0,2.3
veh_full_origin_0163_0024,private_car,origin_0163,5439075932,5653#1,,shelter_7,豊岡小学校,12727#0,0,2.3
veh_full_origin_0163_0025,private_car,origin_0163,5439075932,5653#1,,shelter_7,豊岡小学校,12727#0,0,2.3
veh_full_origin_0163_0026,private_car,origin_0163,5439075932,5653#1,,shelter_7,豊岡小学校,12727#0,0,2.3
veh_full_origin_0163_0027,private_car,origin_0163,5439075932,5653#1,,shelter_7,豊岡小学校,12727#0,0,2.3
veh_full_origin_0163_0028,private_car,origin_0163,5439075932,5653#1,,shelter_7,豊岡小学校,12727#0,0,2.3
veh_full_origin_0163_0029,private_car,origin_0163,5439075932,5653#1,,shelter_7,豊岡小学校,12727#0,0,2.3
veh_full_origin_0163_0030,private_car,origin_0163,5439075932,5653#1,,shelter_7,豊岡小学校,12727#0,0,2.3
veh_full_origin_0163_0031,private_car,origin_0163,5439075932,5653#1,,shelter_7,豊岡小学校,12727#0,0,2.3
veh_full_origin_0163_0032,private_car,origin_0163,5439075932,5653#1,,shelter_7,豊岡小学校,12727#0,0,2.3
veh_full_origin_0163_0033,private_car,origin_0163,5439075932,5653#1,,shelter_7,豊岡小学校,12727#0,0,2.3
veh_full_origin_0163_0034,private_car,origin_0163,5439075932,5653#1,,shelter_7,豊岡小学校,12727#0,0,2.3
veh_full_origin_0163_0035,private_car,origin_0163,5439075932,5653#1,,shelter_7,豊岡小学校,12727#0,0,2.3
veh_full_origin_0163_0036,private_car,origin_0163,5439075932,5653#1,,shelter_7,豊岡小学校,12727#0,0,2.3
veh_full_origin_0163_0037,private_car,origin_0163,5439075932,5653#1,,shelter_7,豊岡小学校,12727#0,0,2.3
veh_full_origin_0163_0038,private_car,origin_0163,5439075932,5653#1,,shelter_7,豊岡小学校,12727#0,0,2.3
veh_full_origin_0163_0039,private_car,origin_0163,5439075932,5653#1,,shelter_7,豊岡小学校,12727#0,0,2.3
veh_full_origin_0163_0040,private_car,origin_0163,5439075932,5653#1,,shelter_7,豊岡小学校,12727#0,0,2.3
veh_full_origin_0163_0041,private_car,origin_0163,5439075932,5653#1,,shelter_7,豊岡小学校,12727#0,0,2.3
veh_full_origin_0163_0042,private_car,origin_0163,5439075932,5653#1,,shelter_7,豊岡小学校,12727#0,0,2.3
veh_full_origin_0163_0043,private_car,origin_0163,5439075932,5653#1,,shelter_7,豊岡小学校,12727#0,0,2.3
veh_full_origin_0163_0044,private_car,origin_0163,5439075932,5653#1,,shelter_7,豊岡小学校,12727#0,0,2.3
veh_full_origin_0163_0045,private_car,origin_0163,5439075932,5653#1,,shelter_7,豊岡小学校,12727#0,0,2.3
veh_full_origin_0163_0046,private_car,origin_0163,5439075932,5653#1,,shelter_7,豊岡小学校,12727#0,0,2.3
veh_full_origin_0163_0047,private_car,origin_0163,5439075932,5653#1,,shelter_7,豊岡小学校,12727#0,0,2.3
veh_full_origin_0163_0048,private_car,origin_0163,5439075932,5653#1,,shelter_7,豊岡小学校,12727#0,0,2.3
veh_full_origin_0163_0049,private_car,origin_0163,5439075932,5653#1,,shelter_7,豊岡小学校,12727#0,0,2.3
veh_full_origin_0163_0050,private_car,origin_0163,5439075932,5653#1,,shelter_7,豊岡小学校,12727#0,0,2.3
veh_full_origin_0163_0051,private_car,origin_0163,5439075932,5653#1,,shelter_7,豊岡小学校,12727#0,0,2.3
veh_full_origin_0163_0052,private_car,origin_0163,5439075932,5653#1,,shelter_7,豊岡小学校,12727#0,0,2.3
veh_full_origin_0163_0053,private_car,origin_0163,5439075932,5653#1,,shelter_7,豊岡小学校,12727#0,0,2.3
veh_full_origin_0163_0054,private_car,origin_0163,5439075932,5653#1,,shelter_7,豊岡小学校,12727#0,0,2.3
veh_full_origin_0163_0055,private_car,origin_0163,5439075932,5653#1,,shelter_7,豊岡小学校,12727#0,0,2.3
veh_full_origin_0163_0056,private_car,origin_0163,5439075932,5653#1,,shelter_7,豊岡小学校,12727#0,0,2.3
veh_full_origin_0163_0057,private_car,origin_0163,5439075932,5653#1,,shelter_7,豊岡小学校,12727#0,0,2.3
veh_full_origin_0163_0058,private_car,origin_0163,5439075932,5653#1,,shelter_7,豊岡小学校,12727#0,0,2.3
veh_full_origin_0163_0059,private_car,origin_0163,5439075932,5653#1,,shelter_7,豊岡小学校,12727#0,0,2.3
veh_full_origin_0163_0060,private_car,origin_0163,5439075932,5653#1,,shelter_7,豊岡小学校,12727#0,0,2.3
veh_full_origin_0163_0061,private_car,origin_0163,5439075932,5653#1,,shelter_7,豊岡小学校,12727#0,0,2.3
veh_full_origin_0163_0062,private_car,origin_0163,5439075932,5653#1,,shelter_7,豊岡小学校,12727#0,0,2.3
veh_full_origin_0163_0063,private_car,origin_0163,5439075932,5653#1,,shelter_7,豊岡小学校,12727#0,0,2.3
veh_full_origin_0163_0064,private_car,origin_0163,5439075932,5653#1,,shelter_7,豊岡小学校,12727#0,0,2.3
veh_full_origin_0163_0065,private_car,origin_0163,5439075932,5653#1,,shelter_7,豊岡小学校,12727#0,0,2.3
veh_full_origin_0163_0066,private_car,origin_0163,5439075932,5653#1,,shelter_7,豊岡小学校,12727#0,0,2.3
veh_full_origin_0163_0067,private_car,origin_0163,5439075932,5653#1,,shelter_7,豊岡小学校,12727#0,0,2.3
veh_full_origin_0163_0068,private_car,origin_0163,5439075932,5653#1,,shelter_7,豊岡小学校,12727#0,0,2.3
veh_full_origin_0163_0069,private_car,origin_0163,5439075932,5653#1,,shelter_7,豊岡小学校,12727#0,0,2.3
veh_full_origin_0163_0070,private_car,origin_0163,5439075932,5653#1,,shelter_7,豊岡小学校,12727#0,0,2.3
veh_full_origin_0163_0071,private_car,origin_0163,5439075932,5653#1,,shelter_7,豊岡小学校,12727#0,0,2.3
veh_full_origin_0163_0072,private_car,origin_0163,5439075932,5653#1,,shelter_7,豊岡小学校,12727#0,0,2.3
veh_full_origin_0163_0073,private_car,origin_0163,5439075932,5653#1,,shelter_7,豊岡小学校,12727#0,0,2.3
veh_full_origin_0163_0074,private_car,origin_0163,5439075932,5653#1,,shelter_7,豊岡小学校,12727#0,0,2.3
veh_full_origin_0163_0075,private_car,origin_0163,5439075932,5653#1,,shelter_7,豊岡小学校,12727#0,0,2.3
veh_full_origin_0163_0076,private_car,origin_0163,5439075932,5653#1,,shelter_7,豊岡小学校,12727#0,0,2.3
veh_full_origin_0163_0077,private_car,origin_0163,5439075932,5653#1,,shelter_7,豊岡小学校,12727#0,0,2.3
veh_full_origin_0163_0078,private_car,origin_0163,5439075932,5653#1,,shelter_7,豊岡小学校,12727#0,0,2.3
veh_full_origin_0163_0079,private_car,origin_0163,5439075932,5653#1,,shelter_7,豊岡小学校,12727#0,0,2.3
veh_full_origin_0163_0080,private_car,origin_0163,5439075932,5653#1,,shelter_7,豊岡小学校,12727#0,0,2.3
veh_full_origin_0163_0081,private_car,origin_0163,5439075932,5653#1,,shelter_7,豊岡小学校,12727#0,0,2.3
veh_full_origin_0163_0082,private_car,origin_0163,5439075932,5653#1,,shelter_7,豊岡小学校,12727#0,0,2.3
veh_full_origin_0163_0083,private_car,origin_0163,5439075932,5653#1,,shelter_7,豊岡小学校,12727#0,0,2.3
veh_full_origin_0163_0084,private_car,origin_0163,5439075932,5653#1,,shelter_7,豊岡小学校,12727#0,0,2.3
veh_full_origin_0163_0085,private_car,origin_0163,5439075932,5653#1,,shelter_7,豊岡小学校,12727#0,0,2.3
veh_full_origin_0163_0086,private_car,origin_0163,5439075932,5653#1,,shelter_7,豊岡小学校,12727#0,0,2.3
veh_full_origin_0163_0087,private_car,origin_0163,5439075932,5653#1,,shelter_7,豊岡小学校,12727#0,0,2.3
veh_full_origin_0164_0001,private_car,origin_0164,5439075934,5749#5,,shelter_7,豊岡小学校,12727#0,0,2.3
veh_full_origin_0164_0002,private_car,origin_0164,5439075934,5749#5,,shelter_7,豊岡小学校,12727#0,0,2.3
veh_full_origin_0164_0003,private_car,origin_0164,5439075934,5749#5,,shelter_7,豊岡小学校,12727#0,0,2.3
veh_full_origin_0164_0004,private_car,origin_0164,5439075934,5749#5,,shelter_7,豊岡小学校,12727#0,0,2.3
veh_full_origin_0164_0005,private_car,origin_0164,5439075934,5749#5,,shelter_7,豊岡小学校,12727#0,0,2.3
veh_full_origin_0164_0006,private_car,origin_0164,5439075934,5749#5,,shelter_7,豊岡小学校,12727#0,0,2.3
veh_full_origin_0164_0007,private_car,origin_0164,5439075934,5749#5,,shelter_7,豊岡小学校,12727#0,0,2.3
veh_full_origin_0164_0008,private_car,origin_0164,5439075934,5749#5,,shelter_7,豊岡小学校,12727#0,0,2.3
veh_full_origin_0164_0009,private_car,origin_0164,5439075934,5749#5,,shelter_7,豊岡小学校,12727#0,0,2.3
veh_full_origin_0164_0010,private_car,origin_0164,5439075934,5749#5,,shelter_7,豊岡小学校,12727#0,0,2.3
veh_full_origin_0164_0011,private_car,origin_0164,5439075934,5749#5,,shelter_7,豊岡小学校,12727#0,0,2.3
veh_full_origin_0164_0012,private_car,origin_0164,5439075934,5749#5,,shelter_7,豊岡小学校,12727#0,0,2.3
veh_full_origin_0164_0013,private_car,origin_0164,5439075934,5749#5,,shelter_7,豊岡小学校,12727#0,0,2.3
veh_full_origin_0164_0014,private_car,origin_0164,5439075934,5749#5,,shelter_7,豊岡小学校,12727#0,0,2.3
veh_full_origin_0164_0015,private_car,origin_0164,5439075934,5749#5,,shelter_7,豊岡小学校,12727#0,0,2.3
veh_full_origin_0164_0016,private_car,origin_0164,5439075934,5749#5,,shelter_7,豊岡小学校,12727#0,0,2.3
veh_full_origin_0164_0017,private_car,origin_0164,5439075934,5749#5,,shelter_7,豊岡小学校,12727#0,0,2.3
veh_full_origin_0164_0018,private_car,origin_0164,5439075934,5749#5,,shelter_7,豊岡小学校,12727#0,0,2.3
veh_full_origin_0164_0019,private_car,origin_0164,5439075934,5749#5,,shelter_7,豊岡小学校,12727#0,0,2.3
veh_full_origin_0164_0020,private_car,origin_0164,5439075934,5749#5,,shelter_7,豊岡小学校,12727#0,0,2.3
veh_full_origin_0164_0021,private_car,origin_0164,5439075934,5749#5,,shelter_7,豊岡小学校,12727#0,0,2.3
veh_full_origin_0164_0022,private_car,origin_0164,5439075934,5749#5,,shelter_7,豊岡小学校,12727#0,0,2.3
veh_full_origin_0164_0023,private_car,origin_0164,5439075934,5749#5,,shelter_7,豊岡小学校,12727#0,0,2.3
veh_full_origin_0164_0024,private_car,origin_0164,5439075934,5749#5,,shelter_7,豊岡小学校,12727#0,0,2.3
veh_full_origin_0164_0025,private_car,origin_0164,5439075934,5749#5,,shelter_7,豊岡小学校,12727#0,0,2.3
veh_full_origin_0164_0026,private_car,origin_0164,5439075934,5749#5,,shelter_7,豊岡小学校,12727#0,0,2.3
veh_full_origin_0164_0027,private_car,origin_0164,5439075934,5749#5,,shelter_7,豊岡小学校,12727#0,0,2.3
veh_full_origin_0164_0028,private_car,origin_0164,5439075934,5749#5,,shelter_7,豊岡小学校,12727#0,0,2.3
veh_full_origin_0164_0029,private_car,origin_0164,5439075934,5749#5,,shelter_7,豊岡小学校,12727#0,0,2.3
veh_full_origin_0164_0030,private_car,origin_0164,5439075934,5749#5,,shelter_7,豊岡小学校,12727#0,0,2.3
veh_full_origin_0164_0031,private_car,origin_0164,5439075934,5749#5,,shelter_7,豊岡小学校,12727#0,0,2.3
veh_full_origin_0164_0032,private_car,origin_0164,5439075934,5749#5,,shelter_7,豊岡小学校,12727#0,0,2.3
veh_full_origin_0164_0033,private_car,origin_0164,5439075934,5749#5,,shelter_7,豊岡小学校,12727#0,0,2.3
veh_full_origin_0164_0034,private_car,origin_0164,5439075934,5749#5,,shelter_7,豊岡小学校,12727#0,0,2.3
veh_full_origin_0164_0035,private_car,origin_0164,5439075934,5749#5,,shelter_7,豊岡小学校,12727#0,0,2.3
veh_full_origin_0164_0036,private_car,origin_0164,5439075934,5749#5,,shelter_7,豊岡小学校,12727#0,0,2.3
veh_full_origin_0164_0037,private_car,origin_0164,5439075934,5749#5,,shelter_7,豊岡小学校,12727#0,0,2.3
veh_full_origin_0164_0038,private_car,origin_0164,5439075934,5749#5,,shelter_7,豊岡小学校,12727#0,0,2.3
veh_full_origin_0164_0039,private_car,origin_0164,5439075934,5749#5,,shelter_7,豊岡小学校,12727#0,0,2.3
veh_full_origin_0164_0040,private_car,origin_0164,5439075934,5749#5,,shelter_7,豊岡小学校,12727#0,0,2.3
veh_full_origin_0164_0041,private_car,origin_0164,5439075934,5749#5,,shelter_7,豊岡小学校,12727#0,0,2.3
veh_full_origin_0164_0042,private_car,origin_0164,5439075934,5749#5,,shelter_7,豊岡小学校,12727#0,0,2.3
veh_full_origin_0164_0043,private_car,origin_0164,5439075934,5749#5,,shelter_7,豊岡小学校,12727#0,0,2.3
veh_full_origin_0164_0044,private_car,origin_0164,5439075934,5749#5,,shelter_7,豊岡小学校,12727#0,0,2.3
veh_full_origin_0164_0045,private_car,origin_0164,5439075934,5749#5,,shelter_7,豊岡小学校,12727#0,0,2.3
veh_full_origin_0164_0046,private_car,origin_0164,5439075934,5749#5,,shelter_7,豊岡小学校,12727#0,0,2.3
veh_full_origin_0164_0047,private_car,origin_0164,5439075934,5749#5,,shelter_7,豊岡小学校,12727#0,0,2.3
veh_full_origin_0164_0048,private_car,origin_0164,5439075934,5749#5,,shelter_7,豊岡小学校,12727#0,0,2.3
veh_full_origin_0164_0049,private_car,origin_0164,5439075934,5749#5,,shelter_7,豊岡小学校,12727#0,0,2.3
veh_full_origin_0164_0050,private_car,origin_0164,5439075934,5749#5,,shelter_7,豊岡小学校,12727#0,0,2.3
veh_full_origin_0164_0051,private_car,origin_0164,5439075934,5749#5,,shelter_7,豊岡小学校,12727#0,0,2.3
veh_full_origin_0164_0052,private_car,origin_0164,5439075934,5749#5,,shelter_7,豊岡小学校,12727#0,0,2.3
veh_full_origin_0164_0053,private_car,origin_0164,5439075934,5749#5,,shelter_7,豊岡小学校,12727#0,0,2.3
veh_full_origin_0164_0054,private_car,origin_0164,5439075934,5749#5,,shelter_7,豊岡小学校,12727#0,0,2.3
veh_full_origin_0164_0055,private_car,origin_0164,5439075934,5749#5,,shelter_7,豊岡小学校,12727#0,0,2.3
veh_full_origin_0164_0056,private_car,origin_0164,5439075934,5749#5,,shelter_7,豊岡小学校,12727#0,0,2.3
veh_full_origin_0164_0057,private_car,origin_0164,5439075934,5749#5,,shelter_7,豊岡小学校,12727#0,0,2.3
veh_full_origin_0165_0001,private_car,origin_0165,5439075941,5729#3,,shelter_7,豊岡小学校,12727#0,0,2.3
veh_full_origin_0165_0002,private_car,origin_0165,5439075941,5729#3,,shelter_7,豊岡小学校,12727#0,0,2.3
veh_full_origin_0165_0003,private_car,origin_0165,5439075941,5729#3,,shelter_7,豊岡小学校,12727#0,0,2.3
veh_full_origin_0165_0004,private_car,origin_0165,5439075941,5729#3,,shelter_7,豊岡小学校,12727#0,0,2.3
veh_full_origin_0165_0005,private_car,origin_0165,5439075941,5729#3,,shelter_7,豊岡小学校,12727#0,0,2.3
veh_full_origin_0165_0006,private_car,origin_0165,5439075941,5729#3,,shelter_7,豊岡小学校,12727#0,0,2.3
veh_full_origin_0165_0007,private_car,origin_0165,5439075941,5729#3,,shelter_7,豊岡小学校,12727#0,0,2.3
veh_full_origin_0165_0008,private_car,origin_0165,5439075941,5729#3,,shelter_7,豊岡小学校,12727#0,0,2.3
veh_full_origin_0165_0009,private_car,origin_0165,5439075941,5729#3,,shelter_7,豊岡小学校,12727#0,0,2.3
veh_full_origin_0165_0010,private_car,origin_0165,5439075941,5729#3,,shelter_7,豊岡小学校,12727#0,0,2.3
veh_full_origin_0165_0011,private_car,origin_0165,5439075941,5729#3,,shelter_7,豊岡小学校,12727#0,0,2.3
veh_full_origin_0165_0012,private_car,origin_0165,5439075941,5729#3,,shelter_7,豊岡小学校,12727#0,0,2.3
veh_full_origin_0165_0013,private_car,origin_0165,5439075941,5729#3,,shelter_7,豊岡小学校,12727#0,0,2.3
veh_full_origin_0165_0014,private_car,origin_0165,5439075941,5729#3,,shelter_7,豊岡小学校,12727#0,0,2.3
veh_full_origin_0165_0015,private_car,origin_0165,5439075941,5729#3,,shelter_7,豊岡小学校,12727#0,0,2.3
veh_full_origin_0165_0016,private_car,origin_0165,5439075941,5729#3,,shelter_7,豊岡小学校,12727#0,0,2.3
veh_full_origin_0165_0017,private_car,origin_0165,5439075941,5729#3,,shelter_7,豊岡小学校,12727#0,0,2.3
veh_full_origin_0165_0018,private_car,origin_0165,5439075941,5729#3,,shelter_7,豊岡小学校,12727#0,0,2.3
veh_full_origin_0165_0019,private_car,origin_0165,5439075941,5729#3,,shelter_7,豊岡小学校,12727#0,0,2.3
veh_full_origin_0165_0020,private_car,origin_0165,5439075941,5729#3,,shelter_7,豊岡小学校,12727#0,0,2.3
veh_full_origin_0165_0021,private_car,origin_0165,5439075941,5729#3,,shelter_7,豊岡小学校,12727#0,0,2.3
veh_full_origin_0166_0001,private_car,origin_0166,5439076522,12252,,shelter_6,菅原小学校,6104#10,0,2.3
veh_full_origin_0166_0002,private_car,origin_0166,5439076522,12252,,shelter_6,菅原小学校,6104#10,0,2.3
veh_full_origin_0166_0003,private_car,origin_0166,5439076522,12252,,shelter_6,菅原小学校,6104#10,0,2.3
veh_full_origin_0166_0004,private_car,origin_0166,5439076522,12252,,shelter_6,菅原小学校,6104#10,0,2.3
veh_full_origin_0167_0001,private_car,origin_0167,5439076523,5847#4,,shelter_6,菅原小学校,6104#10,0,2.3
veh_full_origin_0167_0002,private_car,origin_0167,5439076523,5847#4,,shelter_6,菅原小学校,6104#10,0,2.3
veh_full_origin_0167_0003,private_car,origin_0167,5439076523,5847#4,,shelter_6,菅原小学校,6104#10,0,2.3
veh_full_origin_0167_0004,private_car,origin_0167,5439076523,5847#4,,shelter_6,菅原小学校,6104#10,0,2.3
veh_full_origin_0167_0005,private_car,origin_0167,5439076523,5847#4,,shelter_6,菅原小学校,6104#10,0,2.3
veh_full_origin_0167_0006,private_car,origin_0167,5439076523,5847#4,,shelter_6,菅原小学校,6104#10,0,2.3
veh_full_origin_0167_0007,private_car,origin_0167,5439076523,5847#4,,shelter_6,菅原小学校,6104#10,0,2.3
veh_full_origin_0167_0008,private_car,origin_0167,5439076523,5847#4,,shelter_6,菅原小学校,6104#10,0,2.3
veh_full_origin_0168_0001,private_car,origin_0168,5439076524,5797#6,,shelter_6,菅原小学校,6104#10,0,2.3
veh_full_origin_0168_0002,private_car,origin_0168,5439076524,5797#6,,shelter_6,菅原小学校,6104#10,0,2.3
veh_full_origin_0168_0003,private_car,origin_0168,5439076524,5797#6,,shelter_6,菅原小学校,6104#10,0,2.3
veh_full_origin_0168_0004,private_car,origin_0168,5439076524,5797#6,,shelter_6,菅原小学校,6104#10,0,2.3
veh_full_origin_0169_0001,private_car,origin_0169,5439076544,275#7,,shelter_6,菅原小学校,6104#10,0,2.3
veh_full_origin_0169_0002,private_car,origin_0169,5439076544,275#7,,shelter_6,菅原小学校,6104#10,0,2.3
veh_full_origin_0169_0003,private_car,origin_0169,5439076544,275#7,,shelter_6,菅原小学校,6104#10,0,2.3
veh_full_origin_0169_0004,private_car,origin_0169,5439076544,275#7,,shelter_6,菅原小学校,6104#10,0,2.3
veh_full_origin_0169_0005,private_car,origin_0169,5439076544,275#7,,shelter_6,菅原小学校,6104#10,0,2.3
veh_full_origin_0169_0006,private_car,origin_0169,5439076544,275#7,,shelter_6,菅原小学校,6104#10,0,2.3
veh_full_origin_0169_0007,private_car,origin_0169,5439076544,275#7,,shelter_6,菅原小学校,6104#10,0,2.3
veh_full_origin_0169_0008,private_car,origin_0169,5439076544,275#7,,shelter_6,菅原小学校,6104#10,0,2.3
veh_full_origin_0169_0009,private_car,origin_0169,5439076544,275#7,,shelter_6,菅原小学校,6104#10,0,2.3
veh_full_origin_0169_0010,private_car,origin_0169,5439076544,275#7,,shelter_6,菅原小学校,6104#10,0,2.3
veh_full_origin_0169_0011,private_car,origin_0169,5439076544,275#7,,shelter_6,菅原小学校,6104#10,0,2.3
veh_full_origin_0169_0012,private_car,origin_0169,5439076544,275#7,,shelter_6,菅原小学校,6104#10,0,2.3
veh_full_origin_0169_0013,private_car,origin_0169,5439076544,275#7,,shelter_6,菅原小学校,6104#10,0,2.3
veh_full_origin_0169_0014,private_car,origin_0169,5439076544,275#7,,shelter_6,菅原小学校,6104#10,0,2.3
veh_full_origin_0170_0001,private_car,origin_0170,5439076612,5818#2,,shelter_6,菅原小学校,6104#10,0,2.3
veh_full_origin_0170_0002,private_car,origin_0170,5439076612,5818#2,,shelter_6,菅原小学校,6104#10,0,2.3
veh_full_origin_0170_0003,private_car,origin_0170,5439076612,5818#2,,shelter_6,菅原小学校,6104#10,0,2.3
veh_full_origin_0170_0004,private_car,origin_0170,5439076612,5818#2,,shelter_6,菅原小学校,6104#10,0,2.3
veh_full_origin_0170_0005,private_car,origin_0170,5439076612,5818#2,,shelter_6,菅原小学校,6104#10,0,2.3
veh_full_origin_0171_0001,private_car,origin_0171,5439076623,5836#0,,shelter_6,菅原小学校,6104#10,0,2.3
veh_full_origin_0171_0002,private_car,origin_0171,5439076623,5836#0,,shelter_6,菅原小学校,6104#10,0,2.3
veh_full_origin_0171_0003,private_car,origin_0171,5439076623,5836#0,,shelter_6,菅原小学校,6104#10,0,2.3
veh_full_origin_0172_0001,private_car,origin_0172,5439076641,12722#6,,shelter_6,菅原小学校,6104#10,0,2.3
veh_full_origin_0172_0002,private_car,origin_0172,5439076641,12722#6,,shelter_6,菅原小学校,6104#10,0,2.3
veh_full_origin_0172_0003,private_car,origin_0172,5439076641,12722#6,,shelter_6,菅原小学校,6104#10,0,2.3
veh_full_origin_0173_0001,private_car,origin_0173,5439076642,12720#8,,shelter_6,菅原小学校,6104#10,0,2.3
veh_full_origin_0173_0002,private_car,origin_0173,5439076642,12720#8,,shelter_6,菅原小学校,6104#10,0,2.3
veh_full_origin_0173_0003,private_car,origin_0173,5439076642,12720#8,,shelter_6,菅原小学校,6104#10,0,2.3
veh_full_origin_0173_0004,private_car,origin_0173,5439076642,12720#8,,shelter_6,菅原小学校,6104#10,0,2.3
veh_full_origin_0173_0005,private_car,origin_0173,5439076642,12720#8,,shelter_6,菅原小学校,6104#10,0,2.3
veh_full_origin_0173_0006,private_car,origin_0173,5439076642,12720#8,,shelter_6,菅原小学校,6104#10,0,2.3
veh_full_origin_0173_0007,private_car,origin_0173,5439076642,12720#8,,shelter_6,菅原小学校,6104#10,0,2.3
veh_full_origin_0173_0008,private_car,origin_0173,5439076642,12720#8,,shelter_6,菅原小学校,6104#10,0,2.3
veh_full_origin_0173_0009,private_car,origin_0173,5439076642,12720#8,,shelter_6,菅原小学校,6104#10,0,2.3
veh_full_origin_0173_0010,private_car,origin_0173,5439076642,12720#8,,shelter_6,菅原小学校,6104#10,0,2.3
veh_full_origin_0173_0011,private_car,origin_0173,5439076642,12720#8,,shelter_6,菅原小学校,6104#10,0,2.3
veh_full_origin_0173_0012,private_car,origin_0173,5439076642,12720#8,,shelter_6,菅原小学校,6104#10,0,2.3
veh_full_origin_0173_0013,private_car,origin_0173,5439076642,12720#8,,shelter_6,菅原小学校,6104#10,0,2.3
veh_full_origin_0174_0001,private_car,origin_0174,5439076643,5946#9,,shelter_6,菅原小学校,6104#10,0,2.3
veh_full_origin_0174_0002,private_car,origin_0174,5439076643,5946#9,,shelter_6,菅原小学校,6104#10,0,2.3
veh_full_origin_0174_0003,private_car,origin_0174,5439076643,5946#9,,shelter_6,菅原小学校,6104#10,0,2.3
veh_full_origin_0174_0004,private_car,origin_0174,5439076643,5946#9,,shelter_6,菅原小学校,6104#10,0,2.3
veh_full_origin_0174_0005,private_car,origin_0174,5439076643,5946#9,,shelter_6,菅原小学校,6104#10,0,2.3
veh_full_origin_0174_0006,private_car,origin_0174,5439076643,5946#9,,shelter_6,菅原小学校,6104#10,0,2.3
veh_full_origin_0174_0007,private_car,origin_0174,5439076643,5946#9,,shelter_6,菅原小学校,6104#10,0,2.3
veh_full_origin_0174_0008,private_car,origin_0174,5439076643,5946#9,,shelter_6,菅原小学校,6104#10,0,2.3
veh_full_origin_0174_0009,private_car,origin_0174,5439076643,5946#9,,shelter_6,菅原小学校,6104#10,0,2.3
veh_full_origin_0174_0010,private_car,origin_0174,5439076643,5946#9,,shelter_6,菅原小学校,6104#10,0,2.3
veh_full_origin_0174_0011,private_car,origin_0174,5439076643,5946#9,,shelter_6,菅原小学校,6104#10,0,2.3
veh_full_origin_0174_0012,private_car,origin_0174,5439076643,5946#9,,shelter_6,菅原小学校,6104#10,0,2.3
veh_full_origin_0174_0013,private_car,origin_0174,5439076643,5946#9,,shelter_6,菅原小学校,6104#10,0,2.3
veh_full_origin_0174_0014,private_car,origin_0174,5439076643,5946#9,,shelter_6,菅原小学校,6104#10,0,2.3
veh_full_origin_0174_0015,private_car,origin_0174,5439076643,5946#9,,shelter_6,菅原小学校,6104#10,0,2.3
veh_full_origin_0174_0016,private_car,origin_0174,5439076643,5946#9,,shelter_6,菅原小学校,6104#10,0,2.3
veh_full_origin_0174_0017,private_car,origin_0174,5439076643,5946#9,,shelter_6,菅原小学校,6104#10,0,2.3
veh_full_origin_0174_0018,private_car,origin_0174,5439076643,5946#9,,shelter_6,菅原小学校,6104#10,0,2.3
veh_full_origin_0175_0001,private_car,origin_0175,5439076842,6316#1,,shelter_6,菅原小学校,6104#10,0,2.3
veh_full_origin_0175_0002,private_car,origin_0175,5439076842,6316#1,,shelter_6,菅原小学校,6104#10,0,2.3
veh_full_origin_0175_0003,private_car,origin_0175,5439076842,6316#1,,shelter_6,菅原小学校,6104#10,0,2.3
veh_full_origin_0175_0004,private_car,origin_0175,5439076842,6316#1,,shelter_6,菅原小学校,6104#10,0,2.3
veh_full_origin_0175_0005,private_car,origin_0175,5439076842,6316#1,,shelter_6,菅原小学校,6104#10,0,2.3
veh_full_origin_0175_0006,private_car,origin_0175,5439076842,6316#1,,shelter_6,菅原小学校,6104#10,0,2.3
veh_full_origin_0175_0007,private_car,origin_0175,5439076842,6316#1,,shelter_6,菅原小学校,6104#10,0,2.3
veh_full_origin_0175_0008,private_car,origin_0175,5439076842,6316#1,,shelter_6,菅原小学校,6104#10,0,2.3
veh_full_origin_0175_0009,private_car,origin_0175,5439076842,6316#1,,shelter_6,菅原小学校,6104#10,0,2.3
veh_full_origin_0175_0010,private_car,origin_0175,5439076842,6316#1,,shelter_6,菅原小学校,6104#10,0,2.3
veh_full_origin_0175_0011,private_car,origin_0175,5439076842,6316#1,,shelter_6,菅原小学校,6104#10,0,2.3
veh_full_origin_0175_0012,private_car,origin_0175,5439076842,6316#1,,shelter_6,菅原小学校,6104#10,0,2.3
veh_full_origin_0175_0013,private_car,origin_0175,5439076842,6316#1,,shelter_6,菅原小学校,6104#10,0,2.3
veh_full_origin_0175_0014,private_car,origin_0175,5439076842,6316#1,,shelter_6,菅原小学校,6104#10,0,2.3
veh_full_origin_0175_0015,private_car,origin_0175,5439076842,6316#1,,shelter_6,菅原小学校,6104#10,0,2.3
veh_full_origin_0175_0016,private_car,origin_0175,5439076842,6316#1,,shelter_6,菅原小学校,6104#10,0,2.3
veh_full_origin_0176_0001,private_car,origin_0176,5439076911,11836#5,,shelter_7,豊岡小学校,12727#0,0,2.3
veh_full_origin_0176_0002,private_car,origin_0176,5439076911,11836#5,,shelter_7,豊岡小学校,12727#0,0,2.3
veh_full_origin_0176_0003,private_car,origin_0176,5439076911,11836#5,,shelter_7,豊岡小学校,12727#0,0,2.3
veh_full_origin_0176_0004,private_car,origin_0176,5439076911,11836#5,,shelter_7,豊岡小学校,12727#0,0,2.3
veh_full_origin_0176_0005,private_car,origin_0176,5439076911,11836#5,,shelter_7,豊岡小学校,12727#0,0,2.3
veh_full_origin_0176_0006,private_car,origin_0176,5439076911,11836#5,,shelter_7,豊岡小学校,12727#0,0,2.3
veh_full_origin_0176_0007,private_car,origin_0176,5439076911,11836#5,,shelter_7,豊岡小学校,12727#0,0,2.3
veh_full_origin_0176_0008,private_car,origin_0176,5439076911,11836#5,,shelter_7,豊岡小学校,12727#0,0,2.3
veh_full_origin_0176_0009,private_car,origin_0176,5439076911,11836#5,,shelter_7,豊岡小学校,12727#0,0,2.3
veh_full_origin_0176_0010,private_car,origin_0176,5439076911,11836#5,,shelter_7,豊岡小学校,12727#0,0,2.3
veh_full_origin_0176_0011,private_car,origin_0176,5439076911,11836#5,,shelter_7,豊岡小学校,12727#0,0,2.3
veh_full_origin_0176_0012,private_car,origin_0176,5439076911,11836#5,,shelter_7,豊岡小学校,12727#0,0,2.3
veh_full_origin_0176_0013,private_car,origin_0176,5439076911,11836#5,,shelter_7,豊岡小学校,12727#0,0,2.3
veh_full_origin_0176_0014,private_car,origin_0176,5439076911,11836#5,,shelter_7,豊岡小学校,12727#0,0,2.3
veh_full_origin_0176_0015,private_car,origin_0176,5439076911,11836#5,,shelter_7,豊岡小学校,12727#0,0,2.3
veh_full_origin_0176_0016,private_car,origin_0176,5439076911,11836#5,,shelter_7,豊岡小学校,12727#0,0,2.3
veh_full_origin_0176_0017,private_car,origin_0176,5439076911,11836#5,,shelter_7,豊岡小学校,12727#0,0,2.3
veh_full_origin_0176_0018,private_car,origin_0176,5439076911,11836#5,,shelter_7,豊岡小学校,12727#0,0,2.3
veh_full_origin_0176_0019,private_car,origin_0176,5439076911,11836#5,,shelter_7,豊岡小学校,12727#0,0,2.3
veh_full_origin_0176_0020,private_car,origin_0176,5439076911,11836#5,,shelter_7,豊岡小学校,12727#0,0,2.3
veh_full_origin_0176_0021,private_car,origin_0176,5439076911,11836#5,,shelter_7,豊岡小学校,12727#0,0,2.3
veh_full_origin_0176_0022,private_car,origin_0176,5439076911,11836#5,,shelter_7,豊岡小学校,12727#0,0,2.3
veh_full_origin_0176_0023,private_car,origin_0176,5439076911,11836#5,,shelter_7,豊岡小学校,12727#0,0,2.3
veh_full_origin_0176_0024,private_car,origin_0176,5439076911,11836#5,,shelter_7,豊岡小学校,12727#0,0,2.3
veh_full_origin_0176_0025,private_car,origin_0176,5439076911,11836#5,,shelter_7,豊岡小学校,12727#0,0,2.3
veh_full_origin_0176_0026,private_car,origin_0176,5439076911,11836#5,,shelter_7,豊岡小学校,12727#0,0,2.3
veh_full_origin_0176_0027,private_car,origin_0176,5439076911,11836#5,,shelter_7,豊岡小学校,12727#0,0,2.3
veh_full_origin_0176_0028,private_car,origin_0176,5439076911,11836#5,,shelter_7,豊岡小学校,12727#0,0,2.3
veh_full_origin_0176_0029,private_car,origin_0176,5439076911,11836#5,,shelter_7,豊岡小学校,12727#0,0,2.3
veh_full_origin_0176_0030,private_car,origin_0176,5439076911,11836#5,,shelter_7,豊岡小学校,12727#0,0,2.3
veh_full_origin_0176_0031,private_car,origin_0176,5439076911,11836#5,,shelter_7,豊岡小学校,12727#0,0,2.3
veh_full_origin_0176_0032,private_car,origin_0176,5439076911,11836#5,,shelter_7,豊岡小学校,12727#0,0,2.3
veh_full_origin_0176_0033,private_car,origin_0176,5439076911,11836#5,,shelter_7,豊岡小学校,12727#0,0,2.3
veh_full_origin_0176_0034,private_car,origin_0176,5439076911,11836#5,,shelter_7,豊岡小学校,12727#0,0,2.3
veh_full_origin_0176_0035,private_car,origin_0176,5439076911,11836#5,,shelter_7,豊岡小学校,12727#0,0,2.3
veh_full_origin_0176_0036,private_car,origin_0176,5439076911,11836#5,,shelter_7,豊岡小学校,12727#0,0,2.3
veh_full_origin_0176_0037,private_car,origin_0176,5439076911,11836#5,,shelter_7,豊岡小学校,12727#0,0,2.3
veh_full_origin_0176_0038,private_car,origin_0176,5439076911,11836#5,,shelter_7,豊岡小学校,12727#0,0,2.3
veh_full_origin_0176_0039,private_car,origin_0176,5439076911,11836#5,,shelter_7,豊岡小学校,12727#0,0,2.3
veh_full_origin_0176_0040,private_car,origin_0176,5439076911,11836#5,,shelter_7,豊岡小学校,12727#0,0,2.3
veh_full_origin_0176_0041,private_car,origin_0176,5439076911,11836#5,,shelter_7,豊岡小学校,12727#0,0,2.3
veh_full_origin_0176_0042,private_car,origin_0176,5439076911,11836#5,,shelter_7,豊岡小学校,12727#0,0,2.3
veh_full_origin_0176_0043,private_car,origin_0176,5439076911,11836#5,,shelter_7,豊岡小学校,12727#0,0,2.3
veh_full_origin_0176_0044,private_car,origin_0176,5439076911,11836#5,,shelter_7,豊岡小学校,12727#0,0,2.3
veh_full_origin_0176_0045,private_car,origin_0176,5439076911,11836#5,,shelter_7,豊岡小学校,12727#0,0,2.3
veh_full_origin_0176_0046,private_car,origin_0176,5439076911,11836#5,,shelter_7,豊岡小学校,12727#0,0,2.3
veh_full_origin_0176_0047,private_car,origin_0176,5439076911,11836#5,,shelter_7,豊岡小学校,12727#0,0,2.3
veh_full_origin_0176_0048,private_car,origin_0176,5439076911,11836#5,,shelter_7,豊岡小学校,12727#0,0,2.3
veh_full_origin_0176_0049,private_car,origin_0176,5439076911,11836#5,,shelter_7,豊岡小学校,12727#0,0,2.3
veh_full_origin_0176_0050,private_car,origin_0176,5439076911,11836#5,,shelter_7,豊岡小学校,12727#0,0,2.3
veh_full_origin_0176_0051,private_car,origin_0176,5439076911,11836#5,,shelter_7,豊岡小学校,12727#0,0,2.3
veh_full_origin_0176_0052,private_car,origin_0176,5439076911,11836#5,,shelter_7,豊岡小学校,12727#0,0,2.3
veh_full_origin_0176_0053,private_car,origin_0176,5439076911,11836#5,,shelter_7,豊岡小学校,12727#0,0,2.3
veh_full_origin_0176_0054,private_car,origin_0176,5439076911,11836#5,,shelter_7,豊岡小学校,12727#0,0,2.3
veh_full_origin_0176_0055,private_car,origin_0176,5439076911,11836#5,,shelter_7,豊岡小学校,12727#0,0,2.3
veh_full_origin_0176_0056,private_car,origin_0176,5439076911,11836#5,,shelter_7,豊岡小学校,12727#0,0,2.3
veh_full_origin_0176_0057,private_car,origin_0176,5439076911,11836#5,,shelter_7,豊岡小学校,12727#0,0,2.3
veh_full_origin_0176_0058,private_car,origin_0176,5439076911,11836#5,,shelter_7,豊岡小学校,12727#0,0,2.3
veh_full_origin_0176_0059,private_car,origin_0176,5439076911,11836#5,,shelter_7,豊岡小学校,12727#0,0,2.3
veh_full_origin_0176_0060,private_car,origin_0176,5439076911,11836#5,,shelter_7,豊岡小学校,12727#0,0,2.3
veh_full_origin_0176_0061,private_car,origin_0176,5439076911,11836#5,,shelter_7,豊岡小学校,12727#0,0,2.3
veh_full_origin_0176_0062,private_car,origin_0176,5439076911,11836#5,,shelter_7,豊岡小学校,12727#0,0,2.3
veh_full_origin_0176_0063,private_car,origin_0176,5439076911,11836#5,,shelter_7,豊岡小学校,12727#0,0,2.3
veh_full_origin_0176_0064,private_car,origin_0176,5439076911,11836#5,,shelter_7,豊岡小学校,12727#0,0,2.3
veh_full_origin_0176_0065,private_car,origin_0176,5439076911,11836#5,,shelter_7,豊岡小学校,12727#0,0,2.3
veh_full_origin_0176_0066,private_car,origin_0176,5439076911,11836#5,,shelter_7,豊岡小学校,12727#0,0,2.3
veh_full_origin_0176_0067,private_car,origin_0176,5439076911,11836#5,,shelter_7,豊岡小学校,12727#0,0,2.3
veh_full_origin_0176_0068,private_car,origin_0176,5439076911,11836#5,,shelter_7,豊岡小学校,12727#0,0,2.3
veh_full_origin_0176_0069,private_car,origin_0176,5439076911,11836#5,,shelter_7,豊岡小学校,12727#0,0,2.3
veh_full_origin_0176_0070,private_car,origin_0176,5439076911,11836#5,,shelter_7,豊岡小学校,12727#0,0,2.3
veh_full_origin_0176_0071,private_car,origin_0176,5439076911,11836#5,,shelter_7,豊岡小学校,12727#0,0,2.3
veh_full_origin_0176_0072,private_car,origin_0176,5439076911,11836#5,,shelter_7,豊岡小学校,12727#0,0,2.3
veh_full_origin_0176_0073,private_car,origin_0176,5439076911,11836#5,,shelter_7,豊岡小学校,12727#0,0,2.3
veh_full_origin_0176_0074,private_car,origin_0176,5439076911,11836#5,,shelter_7,豊岡小学校,12727#0,0,2.3
veh_full_origin_0176_0075,private_car,origin_0176,5439076911,11836#5,,shelter_7,豊岡小学校,12727#0,0,2.3
veh_full_origin_0176_0076,private_car,origin_0176,5439076911,11836#5,,shelter_7,豊岡小学校,12727#0,0,2.3
veh_full_origin_0176_0077,private_car,origin_0176,5439076911,11836#5,,shelter_7,豊岡小学校,12727#0,0,2.3
veh_full_origin_0176_0078,private_car,origin_0176,5439076911,11836#5,,shelter_7,豊岡小学校,12727#0,0,2.3
veh_full_origin_0176_0079,private_car,origin_0176,5439076911,11836#5,,shelter_7,豊岡小学校,12727#0,0,2.3
veh_full_origin_0176_0080,private_car,origin_0176,5439076911,11836#5,,shelter_7,豊岡小学校,12727#0,0,2.3
veh_full_origin_0176_0081,private_car,origin_0176,5439076911,11836#5,,shelter_7,豊岡小学校,12727#0,0,2.3
veh_full_origin_0176_0082,private_car,origin_0176,5439076911,11836#5,,shelter_7,豊岡小学校,12727#0,0,2.3
veh_full_origin_0176_0083,private_car,origin_0176,5439076911,11836#5,,shelter_7,豊岡小学校,12727#0,0,2.3
veh_full_origin_0176_0084,private_car,origin_0176,5439076911,11836#5,,shelter_7,豊岡小学校,12727#0,0,2.3
veh_full_origin_0176_0085,private_car,origin_0176,5439076911,11836#5,,shelter_7,豊岡小学校,12727#0,0,2.3
veh_full_origin_0176_0086,private_car,origin_0176,5439076911,11836#5,,shelter_7,豊岡小学校,12727#0,0,2.3
veh_full_origin_0176_0087,private_car,origin_0176,5439076911,11836#5,,shelter_7,豊岡小学校,12727#0,0,2.3
veh_full_origin_0176_0088,private_car,origin_0176,5439076911,11836#5,,shelter_7,豊岡小学校,12727#0,0,2.3
veh_full_origin_0176_0089,private_car,origin_0176,5439076911,11836#5,,shelter_7,豊岡小学校,12727#0,0,2.3
veh_full_origin_0176_0090,private_car,origin_0176,5439076911,11836#5,,shelter_7,豊岡小学校,12727#0,0,2.3
veh_full_origin_0176_0091,private_car,origin_0176,5439076911,11836#5,,shelter_7,豊岡小学校,12727#0,0,2.3
veh_full_origin_0176_0092,private_car,origin_0176,5439076911,11836#5,,shelter_7,豊岡小学校,12727#0,0,2.3
veh_full_origin_0176_0093,private_car,origin_0176,5439076911,11836#5,,shelter_7,豊岡小学校,12727#0,0,2.3
veh_full_origin_0176_0094,private_car,origin_0176,5439076911,11836#5,,shelter_7,豊岡小学校,12727#0,0,2.3
veh_full_origin_0176_0095,private_car,origin_0176,5439076911,11836#5,,shelter_7,豊岡小学校,12727#0,0,2.3
veh_full_origin_0176_0096,private_car,origin_0176,5439076911,11836#5,,shelter_7,豊岡小学校,12727#0,0,2.3
veh_full_origin_0176_0097,private_car,origin_0176,5439076911,11836#5,,shelter_7,豊岡小学校,12727#0,0,2.3
veh_full_origin_0176_0098,private_car,origin_0176,5439076911,11836#5,,shelter_7,豊岡小学校,12727#0,0,2.3
veh_full_origin_0176_0099,private_car,origin_0176,5439076911,11836#5,,shelter_7,豊岡小学校,12727#0,0,2.3
veh_full_origin_0176_0100,private_car,origin_0176,5439076911,11836#5,,shelter_7,豊岡小学校,12727#0,0,2.3
veh_full_origin_0176_0101,private_car,origin_0176,5439076911,11836#5,,shelter_7,豊岡小学校,12727#0,0,2.3
veh_full_origin_0176_0102,private_car,origin_0176,5439076911,11836#5,,shelter_7,豊岡小学校,12727#0,0,2.3
veh_full_origin_0176_0103,private_car,origin_0176,5439076911,11836#5,,shelter_7,豊岡小学校,12727#0,0,2.3
veh_full_origin_0176_0104,private_car,origin_0176,5439076911,11836#5,,shelter_7,豊岡小学校,12727#0,0,2.3
veh_full_origin_0176_0105,private_car,origin_0176,5439076911,11836#5,,shelter_7,豊岡小学校,12727#0,0,2.3
veh_full_origin_0176_0106,private_car,origin_0176,5439076911,11836#5,,shelter_7,豊岡小学校,12727#0,0,2.3
veh_full_origin_0176_0107,private_car,origin_0176,5439076911,11836#5,,shelter_7,豊岡小学校,12727#0,0,2.3
veh_full_origin_0176_0108,private_car,origin_0176,5439076911,11836#5,,shelter_7,豊岡小学校,12727#0,0,2.3
veh_full_origin_0176_0109,private_car,origin_0176,5439076911,11836#5,,shelter_7,豊岡小学校,12727#0,0,2.3
veh_full_origin_0176_0110,private_car,origin_0176,5439076911,11836#5,,shelter_7,豊岡小学校,12727#0,0,2.3
veh_full_origin_0176_0111,private_car,origin_0176,5439076911,11836#5,,shelter_7,豊岡小学校,12727#0,0,2.3
veh_full_origin_0176_0112,private_car,origin_0176,5439076911,11836#5,,shelter_7,豊岡小学校,12727#0,0,2.3
veh_full_origin_0176_0113,private_car,origin_0176,5439076911,11836#5,,shelter_7,豊岡小学校,12727#0,0,2.3
veh_full_origin_0176_0114,private_car,origin_0176,5439076911,11836#5,,shelter_7,豊岡小学校,12727#0,0,2.3
veh_full_origin_0176_0115,private_car,origin_0176,5439076911,11836#5,,shelter_7,豊岡小学校,12727#0,0,2.3
veh_full_origin_0176_0116,private_car,origin_0176,5439076911,11836#5,,shelter_7,豊岡小学校,12727#0,0,2.3
veh_full_origin_0176_0117,private_car,origin_0176,5439076911,11836#5,,shelter_7,豊岡小学校,12727#0,0,2.3
veh_full_origin_0176_0118,private_car,origin_0176,5439076911,11836#5,,shelter_7,豊岡小学校,12727#0,0,2.3
veh_full_origin_0176_0119,private_car,origin_0176,5439076911,11836#5,,shelter_7,豊岡小学校,12727#0,0,2.3
veh_full_origin_0176_0120,private_car,origin_0176,5439076911,11836#5,,shelter_7,豊岡小学校,12727#0,0,2.3
veh_full_origin_0176_0121,private_car,origin_0176,5439076911,11836#5,,shelter_7,豊岡小学校,12727#0,0,2.3
veh_full_origin_0176_0122,private_car,origin_0176,5439076911,11836#5,,shelter_7,豊岡小学校,12727#0,0,2.3
veh_full_origin_0176_0123,private_car,origin_0176,5439076911,11836#5,,shelter_7,豊岡小学校,12727#0,0,2.3
veh_full_origin_0176_0124,private_car,origin_0176,5439076911,11836#5,,shelter_7,豊岡小学校,12727#0,0,2.3
veh_full_origin_0176_0125,private_car,origin_0176,5439076911,11836#5,,shelter_7,豊岡小学校,12727#0,0,2.3
veh_full_origin_0176_0126,private_car,origin_0176,5439076911,11836#5,,shelter_7,豊岡小学校,12727#0,0,2.3
veh_full_origin_0176_0127,private_car,origin_0176,5439076911,11836#5,,shelter_7,豊岡小学校,12727#0,0,2.3
veh_full_origin_0176_0128,private_car,origin_0176,5439076911,11836#5,,shelter_7,豊岡小学校,12727#0,0,2.3
veh_full_origin_0176_0129,private_car,origin_0176,5439076911,11836#5,,shelter_7,豊岡小学校,12727#0,0,2.3
veh_full_origin_0176_0130,private_car,origin_0176,5439076911,11836#5,,shelter_7,豊岡小学校,12727#0,0,2.3
veh_full_origin_0176_0131,private_car,origin_0176,5439076911,11836#5,,shelter_7,豊岡小学校,12727#0,0,2.3
veh_full_origin_0176_0132,private_car,origin_0176,5439076911,11836#5,,shelter_7,豊岡小学校,12727#0,0,2.3
veh_full_origin_0176_0133,private_car,origin_0176,5439076911,11836#5,,shelter_7,豊岡小学校,12727#0,0,2.3
veh_full_origin_0176_0134,private_car,origin_0176,5439076911,11836#5,,shelter_7,豊岡小学校,12727#0,0,2.3
veh_full_origin_0176_0135,private_car,origin_0176,5439076911,11836#5,,shelter_7,豊岡小学校,12727#0,0,2.3
veh_full_origin_0176_0136,private_car,origin_0176,5439076911,11836#5,,shelter_7,豊岡小学校,12727#0,0,2.3
veh_full_origin_0176_0137,private_car,origin_0176,5439076911,11836#5,,shelter_7,豊岡小学校,12727#0,0,2.3
veh_full_origin_0176_0138,private_car,origin_0176,5439076911,11836#5,,shelter_7,豊岡小学校,12727#0,0,2.3
veh_full_origin_0177_0001,private_car,origin_0177,5439076912,6547,,shelter_7,豊岡小学校,12727#0,0,2.3
veh_full_origin_0177_0002,private_car,origin_0177,5439076912,6547,,shelter_7,豊岡小学校,12727#0,0,2.3
veh_full_origin_0177_0003,private_car,origin_0177,5439076912,6547,,shelter_7,豊岡小学校,12727#0,0,2.3
veh_full_origin_0177_0004,private_car,origin_0177,5439076912,6547,,shelter_7,豊岡小学校,12727#0,0,2.3
veh_full_origin_0177_0005,private_car,origin_0177,5439076912,6547,,shelter_7,豊岡小学校,12727#0,0,2.3
veh_full_origin_0177_0006,private_car,origin_0177,5439076912,6547,,shelter_7,豊岡小学校,12727#0,0,2.3
veh_full_origin_0177_0007,private_car,origin_0177,5439076912,6547,,shelter_7,豊岡小学校,12727#0,0,2.3
veh_full_origin_0177_0008,private_car,origin_0177,5439076912,6547,,shelter_7,豊岡小学校,12727#0,0,2.3
veh_full_origin_0177_0009,private_car,origin_0177,5439076912,6547,,shelter_7,豊岡小学校,12727#0,0,2.3
veh_full_origin_0177_0010,private_car,origin_0177,5439076912,6547,,shelter_7,豊岡小学校,12727#0,0,2.3
veh_full_origin_0177_0011,private_car,origin_0177,5439076912,6547,,shelter_7,豊岡小学校,12727#0,0,2.3
veh_full_origin_0177_0012,private_car,origin_0177,5439076912,6547,,shelter_7,豊岡小学校,12727#0,0,2.3
veh_full_origin_0177_0013,private_car,origin_0177,5439076912,6547,,shelter_7,豊岡小学校,12727#0,0,2.3
veh_full_origin_0177_0014,private_car,origin_0177,5439076912,6547,,shelter_7,豊岡小学校,12727#0,0,2.3
veh_full_origin_0177_0015,private_car,origin_0177,5439076912,6547,,shelter_7,豊岡小学校,12727#0,0,2.3
veh_full_origin_0177_0016,private_car,origin_0177,5439076912,6547,,shelter_7,豊岡小学校,12727#0,0,2.3
veh_full_origin_0177_0017,private_car,origin_0177,5439076912,6547,,shelter_7,豊岡小学校,12727#0,0,2.3
veh_full_origin_0177_0018,private_car,origin_0177,5439076912,6547,,shelter_7,豊岡小学校,12727#0,0,2.3
veh_full_origin_0177_0019,private_car,origin_0177,5439076912,6547,,shelter_7,豊岡小学校,12727#0,0,2.3
veh_full_origin_0177_0020,private_car,origin_0177,5439076912,6547,,shelter_7,豊岡小学校,12727#0,0,2.3
veh_full_origin_0177_0021,private_car,origin_0177,5439076912,6547,,shelter_7,豊岡小学校,12727#0,0,2.3
veh_full_origin_0177_0022,private_car,origin_0177,5439076912,6547,,shelter_7,豊岡小学校,12727#0,0,2.3
veh_full_origin_0177_0023,private_car,origin_0177,5439076912,6547,,shelter_7,豊岡小学校,12727#0,0,2.3
veh_full_origin_0177_0024,private_car,origin_0177,5439076912,6547,,shelter_7,豊岡小学校,12727#0,0,2.3
veh_full_origin_0177_0025,private_car,origin_0177,5439076912,6547,,shelter_7,豊岡小学校,12727#0,0,2.3
veh_full_origin_0177_0026,private_car,origin_0177,5439076912,6547,,shelter_7,豊岡小学校,12727#0,0,2.3
veh_full_origin_0177_0027,private_car,origin_0177,5439076912,6547,,shelter_7,豊岡小学校,12727#0,0,2.3
veh_full_origin_0177_0028,private_car,origin_0177,5439076912,6547,,shelter_7,豊岡小学校,12727#0,0,2.3
veh_full_origin_0177_0029,private_car,origin_0177,5439076912,6547,,shelter_7,豊岡小学校,12727#0,0,2.3
veh_full_origin_0177_0030,private_car,origin_0177,5439076912,6547,,shelter_7,豊岡小学校,12727#0,0,2.3
veh_full_origin_0177_0031,private_car,origin_0177,5439076912,6547,,shelter_7,豊岡小学校,12727#0,0,2.3
veh_full_origin_0177_0032,private_car,origin_0177,5439076912,6547,,shelter_7,豊岡小学校,12727#0,0,2.3
veh_full_origin_0177_0033,private_car,origin_0177,5439076912,6547,,shelter_7,豊岡小学校,12727#0,0,2.3
veh_full_origin_0177_0034,private_car,origin_0177,5439076912,6547,,shelter_7,豊岡小学校,12727#0,0,2.3
veh_full_origin_0177_0035,private_car,origin_0177,5439076912,6547,,shelter_7,豊岡小学校,12727#0,0,2.3
veh_full_origin_0178_0001,private_car,origin_0178,5439076913,5821#0,,shelter_7,豊岡小学校,12727#0,0,2.3
veh_full_origin_0178_0002,private_car,origin_0178,5439076913,5821#0,,shelter_7,豊岡小学校,12727#0,0,2.3
veh_full_origin_0178_0003,private_car,origin_0178,5439076913,5821#0,,shelter_7,豊岡小学校,12727#0,0,2.3
veh_full_origin_0178_0004,private_car,origin_0178,5439076913,5821#0,,shelter_7,豊岡小学校,12727#0,0,2.3
veh_full_origin_0178_0005,private_car,origin_0178,5439076913,5821#0,,shelter_7,豊岡小学校,12727#0,0,2.3
veh_full_origin_0178_0006,private_car,origin_0178,5439076913,5821#0,,shelter_7,豊岡小学校,12727#0,0,2.3
veh_full_origin_0178_0007,private_car,origin_0178,5439076913,5821#0,,shelter_7,豊岡小学校,12727#0,0,2.3
veh_full_origin_0178_0008,private_car,origin_0178,5439076913,5821#0,,shelter_7,豊岡小学校,12727#0,0,2.3
veh_full_origin_0178_0009,private_car,origin_0178,5439076913,5821#0,,shelter_7,豊岡小学校,12727#0,0,2.3
veh_full_origin_0178_0010,private_car,origin_0178,5439076913,5821#0,,shelter_7,豊岡小学校,12727#0,0,2.3
veh_full_origin_0178_0011,private_car,origin_0178,5439076913,5821#0,,shelter_7,豊岡小学校,12727#0,0,2.3
veh_full_origin_0178_0012,private_car,origin_0178,5439076913,5821#0,,shelter_7,豊岡小学校,12727#0,0,2.3
veh_full_origin_0178_0013,private_car,origin_0178,5439076913,5821#0,,shelter_7,豊岡小学校,12727#0,0,2.3
veh_full_origin_0179_0001,private_car,origin_0179,5439076931,11837,,shelter_7,豊岡小学校,12727#0,0,2.3
veh_full_origin_0179_0002,private_car,origin_0179,5439076931,11837,,shelter_7,豊岡小学校,12727#0,0,2.3
veh_full_origin_0179_0003,private_car,origin_0179,5439076931,11837,,shelter_7,豊岡小学校,12727#0,0,2.3
veh_full_origin_0179_0004,private_car,origin_0179,5439076931,11837,,shelter_7,豊岡小学校,12727#0,0,2.3
veh_full_origin_0179_0005,private_car,origin_0179,5439076931,11837,,shelter_7,豊岡小学校,12727#0,0,2.3
veh_full_origin_0179_0006,private_car,origin_0179,5439076931,11837,,shelter_7,豊岡小学校,12727#0,0,2.3
veh_full_origin_0179_0007,private_car,origin_0179,5439076931,11837,,shelter_7,豊岡小学校,12727#0,0,2.3
veh_full_origin_0179_0008,private_car,origin_0179,5439076931,11837,,shelter_7,豊岡小学校,12727#0,0,2.3
veh_full_origin_0179_0009,private_car,origin_0179,5439076931,11837,,shelter_7,豊岡小学校,12727#0,0,2.3
veh_full_origin_0179_0010,private_car,origin_0179,5439076931,11837,,shelter_7,豊岡小学校,12727#0,0,2.3
veh_full_origin_0179_0011,private_car,origin_0179,5439076931,11837,,shelter_7,豊岡小学校,12727#0,0,2.3
veh_full_origin_0179_0012,private_car,origin_0179,5439076931,11837,,shelter_7,豊岡小学校,12727#0,0,2.3
veh_full_origin_0179_0013,private_car,origin_0179,5439076931,11837,,shelter_7,豊岡小学校,12727#0,0,2.3
veh_full_origin_0180_0001,private_car,origin_0180,5439076942,5972#6,,shelter_7,豊岡小学校,12727#0,0,2.3
veh_full_origin_0180_0002,private_car,origin_0180,5439076942,5972#6,,shelter_7,豊岡小学校,12727#0,0,2.3
veh_full_origin_0180_0003,private_car,origin_0180,5439076942,5972#6,,shelter_7,豊岡小学校,12727#0,0,2.3
veh_full_origin_0180_0004,private_car,origin_0180,5439076942,5972#6,,shelter_7,豊岡小学校,12727#0,0,2.3
veh_full_origin_0180_0005,private_car,origin_0180,5439076942,5972#6,,shelter_7,豊岡小学校,12727#0,0,2.3
veh_full_origin_0180_0006,private_car,origin_0180,5439076942,5972#6,,shelter_7,豊岡小学校,12727#0,0,2.3
veh_full_origin_0181_0001,private_car,origin_0181,5439076944,5950#2,,shelter_7,豊岡小学校,12727#0,0,2.3
veh_full_origin_0181_0002,private_car,origin_0181,5439076944,5950#2,,shelter_7,豊岡小学校,12727#0,0,2.3
veh_full_origin_0181_0003,private_car,origin_0181,5439076944,5950#2,,shelter_7,豊岡小学校,12727#0,0,2.3
veh_full_origin_0181_0004,private_car,origin_0181,5439076944,5950#2,,shelter_7,豊岡小学校,12727#0,0,2.3
veh_full_origin_0181_0005,private_car,origin_0181,5439076944,5950#2,,shelter_7,豊岡小学校,12727#0,0,2.3
veh_full_origin_0181_0006,private_car,origin_0181,5439076944,5950#2,,shelter_7,豊岡小学校,12727#0,0,2.3
veh_full_origin_0181_0007,private_car,origin_0181,5439076944,5950#2,,shelter_7,豊岡小学校,12727#0,0,2.3
veh_full_origin_0181_0008,private_car,origin_0181,5439076944,5950#2,,shelter_7,豊岡小学校,12727#0,0,2.3
veh_full_origin_0182_0001,private_car,origin_0182,5439077522,6024#0,,shelter_6,菅原小学校,6104#10,0,2.3
veh_full_origin_0182_0002,private_car,origin_0182,5439077522,6024#0,,shelter_6,菅原小学校,6104#10,0,2.3
veh_full_origin_0183_0001,private_car,origin_0183,5439077534,6002#12,,shelter_6,菅原小学校,6104#10,0,2.3
veh_full_origin_0184_0001,private_car,origin_0184,5439077541,374#0,,shelter_6,菅原小学校,6104#10,0,2.3
veh_full_origin_0184_0002,private_car,origin_0184,5439077541,374#0,,shelter_6,菅原小学校,6104#10,0,2.3
veh_full_origin_0184_0003,private_car,origin_0184,5439077541,374#0,,shelter_6,菅原小学校,6104#10,0,2.3
veh_full_origin_0184_0004,private_car,origin_0184,5439077541,374#0,,shelter_6,菅原小学校,6104#10,0,2.3
veh_full_origin_0184_0005,private_car,origin_0184,5439077541,374#0,,shelter_6,菅原小学校,6104#10,0,2.3
veh_full_origin_0184_0006,private_car,origin_0184,5439077541,374#0,,shelter_6,菅原小学校,6104#10,0,2.3
veh_full_origin_0184_0007,private_car,origin_0184,5439077541,374#0,,shelter_6,菅原小学校,6104#10,0,2.3
veh_full_origin_0184_0008,private_car,origin_0184,5439077541,374#0,,shelter_6,菅原小学校,6104#10,0,2.3
veh_full_origin_0184_0009,private_car,origin_0184,5439077541,374#0,,shelter_6,菅原小学校,6104#10,0,2.3
veh_full_origin_0184_0010,private_car,origin_0184,5439077541,374#0,,shelter_6,菅原小学校,6104#10,0,2.3
veh_full_origin_0184_0011,private_car,origin_0184,5439077541,374#0,,shelter_6,菅原小学校,6104#10,0,2.3
veh_full_origin_0184_0012,private_car,origin_0184,5439077541,374#0,,shelter_6,菅原小学校,6104#10,0,2.3
veh_full_origin_0184_0013,private_car,origin_0184,5439077541,374#0,,shelter_6,菅原小学校,6104#10,0,2.3
veh_full_origin_0184_0014,private_car,origin_0184,5439077541,374#0,,shelter_6,菅原小学校,6104#10,0,2.3
veh_full_origin_0185_0001,private_car,origin_0185,5439077542,283#6,,shelter_6,菅原小学校,6104#10,0,2.3
veh_full_origin_0185_0002,private_car,origin_0185,5439077542,283#6,,shelter_6,菅原小学校,6104#10,0,2.3
veh_full_origin_0185_0003,private_car,origin_0185,5439077542,283#6,,shelter_6,菅原小学校,6104#10,0,2.3
veh_full_origin_0185_0004,private_car,origin_0185,5439077542,283#6,,shelter_6,菅原小学校,6104#10,0,2.3
veh_full_origin_0185_0005,private_car,origin_0185,5439077542,283#6,,shelter_6,菅原小学校,6104#10,0,2.3
veh_full_origin_0185_0006,private_car,origin_0185,5439077542,283#6,,shelter_6,菅原小学校,6104#10,0,2.3
veh_full_origin_0186_0001,private_car,origin_0186,5439077543,6101#1,,shelter_6,菅原小学校,6104#10,0,2.3
veh_full_origin_0186_0002,private_car,origin_0186,5439077543,6101#1,,shelter_6,菅原小学校,6104#10,0,2.3
veh_full_origin_0186_0003,private_car,origin_0186,5439077543,6101#1,,shelter_6,菅原小学校,6104#10,0,2.3
veh_full_origin_0186_0004,private_car,origin_0186,5439077543,6101#1,,shelter_6,菅原小学校,6104#10,0,2.3
veh_full_origin_0187_0001,private_car,origin_0187,5439077611,5952#0,,shelter_6,菅原小学校,6104#10,0,2.3
veh_full_origin_0187_0002,private_car,origin_0187,5439077611,5952#0,,shelter_6,菅原小学校,6104#10,0,2.3
veh_full_origin_0187_0003,private_car,origin_0187,5439077611,5952#0,,shelter_6,菅原小学校,6104#10,0,2.3
veh_full_origin_0187_0004,private_car,origin_0187,5439077611,5952#0,,shelter_6,菅原小学校,6104#10,0,2.3
veh_full_origin_0187_0005,private_car,origin_0187,5439077611,5952#0,,shelter_6,菅原小学校,6104#10,0,2.3
veh_full_origin_0187_0006,private_car,origin_0187,5439077611,5952#0,,shelter_6,菅原小学校,6104#10,0,2.3
veh_full_origin_0187_0007,private_car,origin_0187,5439077611,5952#0,,shelter_6,菅原小学校,6104#10,0,2.3
veh_full_origin_0187_0008,private_car,origin_0187,5439077611,5952#0,,shelter_6,菅原小学校,6104#10,0,2.3
veh_full_origin_0187_0009,private_car,origin_0187,5439077611,5952#0,,shelter_6,菅原小学校,6104#10,0,2.3
veh_full_origin_0187_0010,private_car,origin_0187,5439077611,5952#0,,shelter_6,菅原小学校,6104#10,0,2.3
veh_full_origin_0187_0011,private_car,origin_0187,5439077611,5952#0,,shelter_6,菅原小学校,6104#10,0,2.3
veh_full_origin_0187_0012,private_car,origin_0187,5439077611,5952#0,,shelter_6,菅原小学校,6104#10,0,2.3
veh_full_origin_0187_0013,private_car,origin_0187,5439077611,5952#0,,shelter_6,菅原小学校,6104#10,0,2.3
veh_full_origin_0187_0014,private_car,origin_0187,5439077611,5952#0,,shelter_6,菅原小学校,6104#10,0,2.3
veh_full_origin_0187_0015,private_car,origin_0187,5439077611,5952#0,,shelter_6,菅原小学校,6104#10,0,2.3
veh_full_origin_0187_0016,private_car,origin_0187,5439077611,5952#0,,shelter_6,菅原小学校,6104#10,0,2.3
veh_full_origin_0187_0017,private_car,origin_0187,5439077611,5952#0,,shelter_6,菅原小学校,6104#10,0,2.3
veh_full_origin_0187_0018,private_car,origin_0187,5439077611,5952#0,,shelter_6,菅原小学校,6104#10,0,2.3
veh_full_origin_0187_0019,private_car,origin_0187,5439077611,5952#0,,shelter_6,菅原小学校,6104#10,0,2.3
veh_full_origin_0187_0020,private_car,origin_0187,5439077611,5952#0,,shelter_6,菅原小学校,6104#10,0,2.3
veh_full_origin_0188_0001,private_car,origin_0188,5439077632,12860#0,,shelter_6,菅原小学校,6104#10,0,2.3
veh_full_origin_0188_0002,private_car,origin_0188,5439077632,12860#0,,shelter_6,菅原小学校,6104#10,0,2.3
veh_full_origin_0188_0003,private_car,origin_0188,5439077632,12860#0,,shelter_6,菅原小学校,6104#10,0,2.3
veh_full_origin_0188_0004,private_car,origin_0188,5439077632,12860#0,,shelter_6,菅原小学校,6104#10,0,2.3
veh_full_origin_0188_0005,private_car,origin_0188,5439077632,12860#0,,shelter_6,菅原小学校,6104#10,0,2.3
veh_full_origin_0188_0006,private_car,origin_0188,5439077632,12860#0,,shelter_6,菅原小学校,6104#10,0,2.3
veh_full_origin_0188_0007,private_car,origin_0188,5439077632,12860#0,,shelter_6,菅原小学校,6104#10,0,2.3
veh_full_origin_0188_0008,private_car,origin_0188,5439077632,12860#0,,shelter_6,菅原小学校,6104#10,0,2.3
veh_full_origin_0188_0009,private_car,origin_0188,5439077632,12860#0,,shelter_6,菅原小学校,6104#10,0,2.3
veh_full_origin_0188_0010,private_car,origin_0188,5439077632,12860#0,,shelter_6,菅原小学校,6104#10,0,2.3
veh_full_origin_0188_0011,private_car,origin_0188,5439077632,12860#0,,shelter_6,菅原小学校,6104#10,0,2.3
veh_full_origin_0188_0012,private_car,origin_0188,5439077632,12860#0,,shelter_6,菅原小学校,6104#10,0,2.3
veh_full_origin_0188_0013,private_car,origin_0188,5439077632,12860#0,,shelter_6,菅原小学校,6104#10,0,2.3
veh_full_origin_0188_0014,private_car,origin_0188,5439077632,12860#0,,shelter_6,菅原小学校,6104#10,0,2.3
veh_full_origin_0188_0015,private_car,origin_0188,5439077632,12860#0,,shelter_6,菅原小学校,6104#10,0,2.3
veh_full_origin_0188_0016,private_car,origin_0188,5439077632,12860#0,,shelter_6,菅原小学校,6104#10,0,2.3
veh_full_origin_0188_0017,private_car,origin_0188,5439077632,12860#0,,shelter_6,菅原小学校,6104#10,0,2.3
veh_full_origin_0188_0018,private_car,origin_0188,5439077632,12860#0,,shelter_6,菅原小学校,6104#10,0,2.3
veh_full_origin_0188_0019,private_car,origin_0188,5439077632,12860#0,,shelter_6,菅原小学校,6104#10,0,2.3
veh_full_origin_0188_0020,private_car,origin_0188,5439077632,12860#0,,shelter_6,菅原小学校,6104#10,0,2.3
veh_full_origin_0188_0021,private_car,origin_0188,5439077632,12860#0,,shelter_6,菅原小学校,6104#10,0,2.3
veh_full_origin_0188_0022,private_car,origin_0188,5439077632,12860#0,,shelter_6,菅原小学校,6104#10,0,2.3
veh_full_origin_0188_0023,private_car,origin_0188,5439077632,12860#0,,shelter_6,菅原小学校,6104#10,0,2.3
veh_full_origin_0189_0001,private_car,origin_0189,5439077633,6009#5,,shelter_6,菅原小学校,6104#10,0,2.3
veh_full_origin_0189_0002,private_car,origin_0189,5439077633,6009#5,,shelter_6,菅原小学校,6104#10,0,2.3
veh_full_origin_0189_0003,private_car,origin_0189,5439077633,6009#5,,shelter_6,菅原小学校,6104#10,0,2.3
veh_full_origin_0189_0004,private_car,origin_0189,5439077633,6009#5,,shelter_6,菅原小学校,6104#10,0,2.3
veh_full_origin_0189_0005,private_car,origin_0189,5439077633,6009#5,,shelter_6,菅原小学校,6104#10,0,2.3
veh_full_origin_0189_0006,private_car,origin_0189,5439077633,6009#5,,shelter_6,菅原小学校,6104#10,0,2.3
veh_full_origin_0189_0007,private_car,origin_0189,5439077633,6009#5,,shelter_6,菅原小学校,6104#10,0,2.3
veh_full_origin_0189_0008,private_car,origin_0189,5439077633,6009#5,,shelter_6,菅原小学校,6104#10,0,2.3
veh_full_origin_0189_0009,private_car,origin_0189,5439077633,6009#5,,shelter_6,菅原小学校,6104#10,0,2.3
veh_full_origin_0189_0010,private_car,origin_0189,5439077633,6009#5,,shelter_6,菅原小学校,6104#10,0,2.3
veh_full_origin_0189_0011,private_car,origin_0189,5439077633,6009#5,,shelter_6,菅原小学校,6104#10,0,2.3
veh_full_origin_0189_0012,private_car,origin_0189,5439077633,6009#5,,shelter_6,菅原小学校,6104#10,0,2.3
veh_full_origin_0189_0013,private_car,origin_0189,5439077633,6009#5,,shelter_6,菅原小学校,6104#10,0,2.3
veh_full_origin_0189_0014,private_car,origin_0189,5439077633,6009#5,,shelter_6,菅原小学校,6104#10,0,2.3
veh_full_origin_0189_0015,private_car,origin_0189,5439077633,6009#5,,shelter_6,菅原小学校,6104#10,0,2.3
veh_full_origin_0189_0016,private_car,origin_0189,5439077633,6009#5,,shelter_6,菅原小学校,6104#10,0,2.3
veh_full_origin_0190_0001,private_car,origin_0190,5439077642,6638#4,,shelter_6,菅原小学校,6104#10,0,2.3
veh_full_origin_0190_0002,private_car,origin_0190,5439077642,6638#4,,shelter_6,菅原小学校,6104#10,0,2.3
veh_full_origin_0190_0003,private_car,origin_0190,5439077642,6638#4,,shelter_6,菅原小学校,6104#10,0,2.3
veh_full_origin_0190_0004,private_car,origin_0190,5439077642,6638#4,,shelter_6,菅原小学校,6104#10,0,2.3
veh_full_origin_0190_0005,private_car,origin_0190,5439077642,6638#4,,shelter_6,菅原小学校,6104#10,0,2.3
veh_full_origin_0190_0006,private_car,origin_0190,5439077642,6638#4,,shelter_6,菅原小学校,6104#10,0,2.3
veh_full_origin_0190_0007,private_car,origin_0190,5439077642,6638#4,,shelter_6,菅原小学校,6104#10,0,2.3
veh_full_origin_0190_0008,private_car,origin_0190,5439077642,6638#4,,shelter_6,菅原小学校,6104#10,0,2.3
veh_full_origin_0190_0009,private_car,origin_0190,5439077642,6638#4,,shelter_6,菅原小学校,6104#10,0,2.3
veh_full_origin_0190_0010,private_car,origin_0190,5439077642,6638#4,,shelter_6,菅原小学校,6104#10,0,2.3
veh_full_origin_0190_0011,private_car,origin_0190,5439077642,6638#4,,shelter_6,菅原小学校,6104#10,0,2.3
veh_full_origin_0190_0012,private_car,origin_0190,5439077642,6638#4,,shelter_6,菅原小学校,6104#10,0,2.3
veh_full_origin_0190_0013,private_car,origin_0190,5439077642,6638#4,,shelter_6,菅原小学校,6104#10,0,2.3
veh_full_origin_0190_0014,private_car,origin_0190,5439077642,6638#4,,shelter_6,菅原小学校,6104#10,0,2.3
veh_full_origin_0191_0001,private_car,origin_0191,5439077814,6328#2,,shelter_7,豊岡小学校,12727#0,0,2.3
veh_full_origin_0191_0002,private_car,origin_0191,5439077814,6328#2,,shelter_7,豊岡小学校,12727#0,0,2.3
veh_full_origin_0191_0003,private_car,origin_0191,5439077814,6328#2,,shelter_7,豊岡小学校,12727#0,0,2.3
veh_full_origin_0192_0001,private_car,origin_0192,5439077823,6000#1,,shelter_6,菅原小学校,6104#10,0,2.3
veh_full_origin_0192_0002,private_car,origin_0192,5439077823,6000#1,,shelter_6,菅原小学校,6104#10,0,2.3
veh_full_origin_0192_0003,private_car,origin_0192,5439077823,6000#1,,shelter_6,菅原小学校,6104#10,0,2.3
veh_full_origin_0192_0004,private_car,origin_0192,5439077823,6000#1,,shelter_6,菅原小学校,6104#10,0,2.3
veh_full_origin_0192_0005,private_car,origin_0192,5439077823,6000#1,,shelter_6,菅原小学校,6104#10,0,2.3
veh_full_origin_0192_0006,private_car,origin_0192,5439077823,6000#1,,shelter_6,菅原小学校,6104#10,0,2.3
veh_full_origin_0192_0007,private_car,origin_0192,5439077823,6000#1,,shelter_6,菅原小学校,6104#10,0,2.3
veh_full_origin_0192_0008,private_car,origin_0192,5439077823,6000#1,,shelter_6,菅原小学校,6104#10,0,2.3
veh_full_origin_0192_0009,private_car,origin_0192,5439077823,6000#1,,shelter_6,菅原小学校,6104#10,0,2.3
veh_full_origin_0192_0010,private_car,origin_0192,5439077823,6000#1,,shelter_6,菅原小学校,6104#10,0,2.3
veh_full_origin_0192_0011,private_car,origin_0192,5439077823,6000#1,,shelter_6,菅原小学校,6104#10,0,2.3
veh_full_origin_0192_0012,private_car,origin_0192,5439077823,6000#1,,shelter_6,菅原小学校,6104#10,0,2.3
veh_full_origin_0193_0001,private_car,origin_0193,5439077824,6549#7,,shelter_6,菅原小学校,6104#10,0,2.3
veh_full_origin_0193_0002,private_car,origin_0193,5439077824,6549#7,,shelter_6,菅原小学校,6104#10,0,2.3
veh_full_origin_0193_0003,private_car,origin_0193,5439077824,6549#7,,shelter_6,菅原小学校,6104#10,0,2.3
veh_full_origin_0193_0004,private_car,origin_0193,5439077824,6549#7,,shelter_6,菅原小学校,6104#10,0,2.3
veh_full_origin_0193_0005,private_car,origin_0193,5439077824,6549#7,,shelter_6,菅原小学校,6104#10,0,2.3
veh_full_origin_0193_0006,private_car,origin_0193,5439077824,6549#7,,shelter_6,菅原小学校,6104#10,0,2.3
veh_full_origin_0193_0007,private_car,origin_0193,5439077824,6549#7,,shelter_6,菅原小学校,6104#10,0,2.3
veh_full_origin_0193_0008,private_car,origin_0193,5439077824,6549#7,,shelter_6,菅原小学校,6104#10,0,2.3
veh_full_origin_0193_0009,private_car,origin_0193,5439077824,6549#7,,shelter_6,菅原小学校,6104#10,0,2.3
veh_full_origin_0193_0010,private_car,origin_0193,5439077824,6549#7,,shelter_6,菅原小学校,6104#10,0,2.3
veh_full_origin_0193_0011,private_car,origin_0193,5439077824,6549#7,,shelter_6,菅原小学校,6104#10,0,2.3
veh_full_origin_0193_0012,private_car,origin_0193,5439077824,6549#7,,shelter_6,菅原小学校,6104#10,0,2.3
veh_full_origin_0193_0013,private_car,origin_0193,5439077824,6549#7,,shelter_6,菅原小学校,6104#10,0,2.3
veh_full_origin_0193_0014,private_car,origin_0193,5439077824,6549#7,,shelter_6,菅原小学校,6104#10,0,2.3
veh_full_origin_0193_0015,private_car,origin_0193,5439077824,6549#7,,shelter_6,菅原小学校,6104#10,0,2.3
veh_full_origin_0193_0016,private_car,origin_0193,5439077824,6549#7,,shelter_6,菅原小学校,6104#10,0,2.3
veh_full_origin_0193_0017,private_car,origin_0193,5439077824,6549#7,,shelter_6,菅原小学校,6104#10,0,2.3
veh_full_origin_0194_0001,private_car,origin_0194,5439077833,6435#4,,shelter_6,菅原小学校,6104#10,0,2.3
veh_full_origin_0194_0002,private_car,origin_0194,5439077833,6435#4,,shelter_6,菅原小学校,6104#10,0,2.3
veh_full_origin_0194_0003,private_car,origin_0194,5439077833,6435#4,,shelter_6,菅原小学校,6104#10,0,2.3
veh_full_origin_0194_0004,private_car,origin_0194,5439077833,6435#4,,shelter_6,菅原小学校,6104#10,0,2.3
veh_full_origin_0194_0005,private_car,origin_0194,5439077833,6435#4,,shelter_6,菅原小学校,6104#10,0,2.3
veh_full_origin_0194_0006,private_car,origin_0194,5439077833,6435#4,,shelter_6,菅原小学校,6104#10,0,2.3
veh_full_origin_0194_0007,private_car,origin_0194,5439077833,6435#4,,shelter_6,菅原小学校,6104#10,0,2.3
veh_full_origin_0194_0008,private_car,origin_0194,5439077833,6435#4,,shelter_6,菅原小学校,6104#10,0,2.3
veh_full_origin_0194_0009,private_car,origin_0194,5439077833,6435#4,,shelter_6,菅原小学校,6104#10,0,2.3
veh_full_origin_0194_0010,private_car,origin_0194,5439077833,6435#4,,shelter_6,菅原小学校,6104#10,0,2.3
veh_full_origin_0194_0011,private_car,origin_0194,5439077833,6435#4,,shelter_6,菅原小学校,6104#10,0,2.3
veh_full_origin_0194_0012,private_car,origin_0194,5439077833,6435#4,,shelter_6,菅原小学校,6104#10,0,2.3
veh_full_origin_0194_0013,private_car,origin_0194,5439077833,6435#4,,shelter_6,菅原小学校,6104#10,0,2.3
veh_full_origin_0195_0001,private_car,origin_0195,5439077913,5826#24,,shelter_7,豊岡小学校,12727#0,0,2.3
veh_full_origin_0195_0002,private_car,origin_0195,5439077913,5826#24,,shelter_7,豊岡小学校,12727#0,0,2.3
veh_full_origin_0195_0003,private_car,origin_0195,5439077913,5826#24,,shelter_7,豊岡小学校,12727#0,0,2.3
veh_full_origin_0195_0004,private_car,origin_0195,5439077913,5826#24,,shelter_7,豊岡小学校,12727#0,0,2.3
veh_full_origin_0195_0005,private_car,origin_0195,5439077913,5826#24,,shelter_7,豊岡小学校,12727#0,0,2.3
veh_full_origin_0195_0006,private_car,origin_0195,5439077913,5826#24,,shelter_7,豊岡小学校,12727#0,0,2.3
veh_full_origin_0195_0007,private_car,origin_0195,5439077913,5826#24,,shelter_7,豊岡小学校,12727#0,0,2.3
veh_full_origin_0195_0008,private_car,origin_0195,5439077913,5826#24,,shelter_7,豊岡小学校,12727#0,0,2.3
veh_full_origin_0195_0009,private_car,origin_0195,5439077913,5826#24,,shelter_7,豊岡小学校,12727#0,0,2.3
veh_full_origin_0195_0010,private_car,origin_0195,5439077913,5826#24,,shelter_7,豊岡小学校,12727#0,0,2.3
veh_full_origin_0195_0011,private_car,origin_0195,5439077913,5826#24,,shelter_7,豊岡小学校,12727#0,0,2.3
veh_full_origin_0195_0012,private_car,origin_0195,5439077913,5826#24,,shelter_7,豊岡小学校,12727#0,0,2.3
veh_full_origin_0195_0013,private_car,origin_0195,5439077913,5826#24,,shelter_7,豊岡小学校,12727#0,0,2.3
veh_full_origin_0195_0014,private_car,origin_0195,5439077913,5826#24,,shelter_7,豊岡小学校,12727#0,0,2.3
veh_full_origin_0196_0001,private_car,origin_0196,5439077923,6338#5,,shelter_7,豊岡小学校,12727#0,0,2.3
veh_full_origin_0196_0002,private_car,origin_0196,5439077923,6338#5,,shelter_7,豊岡小学校,12727#0,0,2.3
veh_full_origin_0196_0003,private_car,origin_0196,5439077923,6338#5,,shelter_7,豊岡小学校,12727#0,0,2.3
veh_full_origin_0196_0004,private_car,origin_0196,5439077923,6338#5,,shelter_7,豊岡小学校,12727#0,0,2.3
veh_full_origin_0196_0005,private_car,origin_0196,5439077923,6338#5,,shelter_7,豊岡小学校,12727#0,0,2.3
veh_full_origin_0196_0006,private_car,origin_0196,5439077923,6338#5,,shelter_7,豊岡小学校,12727#0,0,2.3
veh_full_origin_0196_0007,private_car,origin_0196,5439077923,6338#5,,shelter_7,豊岡小学校,12727#0,0,2.3
veh_full_origin_0196_0008,private_car,origin_0196,5439077923,6338#5,,shelter_7,豊岡小学校,12727#0,0,2.3
veh_full_origin_0197_0001,private_car,origin_0197,5439077931,6625,,shelter_6,菅原小学校,6104#10,0,2.3
veh_full_origin_0197_0002,private_car,origin_0197,5439077931,6625,,shelter_6,菅原小学校,6104#10,0,2.3
veh_full_origin_0197_0003,private_car,origin_0197,5439077931,6625,,shelter_6,菅原小学校,6104#10,0,2.3
veh_full_origin_0197_0004,private_car,origin_0197,5439077931,6625,,shelter_6,菅原小学校,6104#10,0,2.3
veh_full_origin_0197_0005,private_car,origin_0197,5439077931,6625,,shelter_6,菅原小学校,6104#10,0,2.3
veh_full_origin_0197_0006,private_car,origin_0197,5439077931,6625,,shelter_6,菅原小学校,6104#10,0,2.3
veh_full_origin_0197_0007,private_car,origin_0197,5439077931,6625,,shelter_6,菅原小学校,6104#10,0,2.3
veh_full_origin_0197_0008,private_car,origin_0197,5439077931,6625,,shelter_6,菅原小学校,6104#10,0,2.3
veh_full_origin_0197_0009,private_car,origin_0197,5439077931,6625,,shelter_6,菅原小学校,6104#10,0,2.3
veh_full_origin_0197_0010,private_car,origin_0197,5439077931,6625,,shelter_6,菅原小学校,6104#10,0,2.3
veh_full_origin_0197_0011,private_car,origin_0197,5439077931,6625,,shelter_6,菅原小学校,6104#10,0,2.3
veh_full_origin_0197_0012,private_car,origin_0197,5439077931,6625,,shelter_6,菅原小学校,6104#10,0,2.3
veh_full_origin_0197_0013,private_car,origin_0197,5439077931,6625,,shelter_6,菅原小学校,6104#10,0,2.3
veh_full_origin_0197_0014,private_car,origin_0197,5439077931,6625,,shelter_6,菅原小学校,6104#10,0,2.3
veh_full_origin_0197_0015,private_car,origin_0197,5439077931,6625,,shelter_6,菅原小学校,6104#10,0,2.3
veh_full_origin_0197_0016,private_car,origin_0197,5439077931,6625,,shelter_6,菅原小学校,6104#10,0,2.3
veh_full_origin_0197_0017,private_car,origin_0197,5439077931,6625,,shelter_6,菅原小学校,6104#10,0,2.3
veh_full_origin_0197_0018,private_car,origin_0197,5439077931,6625,,shelter_6,菅原小学校,6104#10,0,2.3
veh_full_origin_0197_0019,private_car,origin_0197,5439077931,6625,,shelter_6,菅原小学校,6104#10,0,2.3
veh_full_origin_0197_0020,private_car,origin_0197,5439077931,6625,,shelter_6,菅原小学校,6104#10,0,2.3
veh_full_origin_0198_0001,private_car,origin_0198,5439077941,6343#4,,shelter_6,菅原小学校,6104#10,0,2.3
veh_full_origin_0198_0002,private_car,origin_0198,5439077941,6343#4,,shelter_6,菅原小学校,6104#10,0,2.3
veh_full_origin_0198_0003,private_car,origin_0198,5439077941,6343#4,,shelter_6,菅原小学校,6104#10,0,2.3
veh_full_origin_0198_0004,private_car,origin_0198,5439077941,6343#4,,shelter_6,菅原小学校,6104#10,0,2.3
veh_full_origin_0198_0005,private_car,origin_0198,5439077941,6343#4,,shelter_6,菅原小学校,6104#10,0,2.3
veh_full_origin_0199_0001,private_car,origin_0199,5439077942,9248,,shelter_6,菅原小学校,6104#10,0,2.3
veh_full_origin_0199_0002,private_car,origin_0199,5439077942,9248,,shelter_6,菅原小学校,6104#10,0,2.3
veh_full_origin_0199_0003,private_car,origin_0199,5439077942,9248,,shelter_6,菅原小学校,6104#10,0,2.3
veh_full_origin_0200_0001,private_car,origin_0200,5439078413,4592,,shelter_6,菅原小学校,6104#10,0,2.3
veh_full_origin_0200_0002,private_car,origin_0200,5439078413,4592,,shelter_6,菅原小学校,6104#10,0,2.3
veh_full_origin_0200_0003,private_car,origin_0200,5439078413,4592,,shelter_6,菅原小学校,6104#10,0,2.3
veh_full_origin_0200_0004,private_car,origin_0200,5439078413,4592,,shelter_6,菅原小学校,6104#10,0,2.3
veh_full_origin_0200_0005,private_car,origin_0200,5439078413,4592,,shelter_6,菅原小学校,6104#10,0,2.3
veh_full_origin_0201_0001,private_car,origin_0201,5439078512,282#6,,shelter_6,菅原小学校,6104#10,0,2.3
veh_full_origin_0201_0002,private_car,origin_0201,5439078512,282#6,,shelter_6,菅原小学校,6104#10,0,2.3
veh_full_origin_0201_0003,private_car,origin_0201,5439078512,282#6,,shelter_6,菅原小学校,6104#10,0,2.3
veh_full_origin_0201_0004,private_car,origin_0201,5439078512,282#6,,shelter_6,菅原小学校,6104#10,0,2.3
veh_full_origin_0201_0005,private_car,origin_0201,5439078512,282#6,,shelter_6,菅原小学校,6104#10,0,2.3
veh_full_origin_0201_0006,private_car,origin_0201,5439078512,282#6,,shelter_6,菅原小学校,6104#10,0,2.3
veh_full_origin_0201_0007,private_car,origin_0201,5439078512,282#6,,shelter_6,菅原小学校,6104#10,0,2.3
veh_full_origin_0201_0008,private_car,origin_0201,5439078512,282#6,,shelter_6,菅原小学校,6104#10,0,2.3
veh_full_origin_0201_0009,private_car,origin_0201,5439078512,282#6,,shelter_6,菅原小学校,6104#10,0,2.3
veh_full_origin_0202_0001,private_car,origin_0202,5439078521,12342#0,,shelter_6,菅原小学校,6104#10,0,2.3
veh_full_origin_0202_0002,private_car,origin_0202,5439078521,12342#0,,shelter_6,菅原小学校,6104#10,0,2.3
veh_full_origin_0202_0003,private_car,origin_0202,5439078521,12342#0,,shelter_6,菅原小学校,6104#10,0,2.3
veh_full_origin_0203_0001,private_car,origin_0203,5439078522,1696#1,,shelter_6,菅原小学校,6104#10,0,2.3
veh_full_origin_0203_0002,private_car,origin_0203,5439078522,1696#1,,shelter_6,菅原小学校,6104#10,0,2.3
veh_full_origin_0203_0003,private_car,origin_0203,5439078522,1696#1,,shelter_6,菅原小学校,6104#10,0,2.3
veh_full_origin_0203_0004,private_car,origin_0203,5439078522,1696#1,,shelter_6,菅原小学校,6104#10,0,2.3
veh_full_origin_0203_0005,private_car,origin_0203,5439078522,1696#1,,shelter_6,菅原小学校,6104#10,0,2.3
veh_full_origin_0203_0006,private_car,origin_0203,5439078522,1696#1,,shelter_6,菅原小学校,6104#10,0,2.3
veh_full_origin_0203_0007,private_car,origin_0203,5439078522,1696#1,,shelter_6,菅原小学校,6104#10,0,2.3
veh_full_origin_0203_0008,private_car,origin_0203,5439078522,1696#1,,shelter_6,菅原小学校,6104#10,0,2.3
veh_full_origin_0203_0009,private_car,origin_0203,5439078522,1696#1,,shelter_6,菅原小学校,6104#10,0,2.3
veh_full_origin_0203_0010,private_car,origin_0203,5439078522,1696#1,,shelter_6,菅原小学校,6104#10,0,2.3
veh_full_origin_0203_0011,private_car,origin_0203,5439078522,1696#1,,shelter_6,菅原小学校,6104#10,0,2.3
veh_full_origin_0203_0012,private_car,origin_0203,5439078522,1696#1,,shelter_6,菅原小学校,6104#10,0,2.3
veh_full_origin_0203_0013,private_car,origin_0203,5439078522,1696#1,,shelter_6,菅原小学校,6104#10,0,2.3
veh_full_origin_0203_0014,private_car,origin_0203,5439078522,1696#1,,shelter_6,菅原小学校,6104#10,0,2.3
veh_full_origin_0203_0015,private_car,origin_0203,5439078522,1696#1,,shelter_6,菅原小学校,6104#10,0,2.3
veh_full_origin_0203_0016,private_car,origin_0203,5439078522,1696#1,,shelter_6,菅原小学校,6104#10,0,2.3
veh_full_origin_0203_0017,private_car,origin_0203,5439078522,1696#1,,shelter_6,菅原小学校,6104#10,0,2.3
veh_full_origin_0203_0018,private_car,origin_0203,5439078522,1696#1,,shelter_6,菅原小学校,6104#10,0,2.3
veh_full_origin_0203_0019,private_car,origin_0203,5439078522,1696#1,,shelter_6,菅原小学校,6104#10,0,2.3
veh_full_origin_0203_0020,private_car,origin_0203,5439078522,1696#1,,shelter_6,菅原小学校,6104#10,0,2.3
veh_full_origin_0203_0021,private_car,origin_0203,5439078522,1696#1,,shelter_6,菅原小学校,6104#10,0,2.3
veh_full_origin_0203_0022,private_car,origin_0203,5439078522,1696#1,,shelter_6,菅原小学校,6104#10,0,2.3
veh_full_origin_0203_0023,private_car,origin_0203,5439078522,1696#1,,shelter_6,菅原小学校,6104#10,0,2.3
veh_full_origin_0203_0024,private_car,origin_0203,5439078522,1696#1,,shelter_6,菅原小学校,6104#10,0,2.3
veh_full_origin_0203_0025,private_car,origin_0203,5439078522,1696#1,,shelter_6,菅原小学校,6104#10,0,2.3
veh_full_origin_0203_0026,private_car,origin_0203,5439078522,1696#1,,shelter_6,菅原小学校,6104#10,0,2.3
veh_full_origin_0203_0027,private_car,origin_0203,5439078522,1696#1,,shelter_6,菅原小学校,6104#10,0,2.3
veh_full_origin_0203_0028,private_car,origin_0203,5439078522,1696#1,,shelter_6,菅原小学校,6104#10,0,2.3
veh_full_origin_0203_0029,private_car,origin_0203,5439078522,1696#1,,shelter_6,菅原小学校,6104#10,0,2.3
veh_full_origin_0203_0030,private_car,origin_0203,5439078522,1696#1,,shelter_6,菅原小学校,6104#10,0,2.3
veh_full_origin_0203_0031,private_car,origin_0203,5439078522,1696#1,,shelter_6,菅原小学校,6104#10,0,2.3
veh_full_origin_0203_0032,private_car,origin_0203,5439078522,1696#1,,shelter_6,菅原小学校,6104#10,0,2.3
veh_full_origin_0203_0033,private_car,origin_0203,5439078522,1696#1,,shelter_6,菅原小学校,6104#10,0,2.3
veh_full_origin_0203_0034,private_car,origin_0203,5439078522,1696#1,,shelter_6,菅原小学校,6104#10,0,2.3
veh_full_origin_0203_0035,private_car,origin_0203,5439078522,1696#1,,shelter_6,菅原小学校,6104#10,0,2.3
veh_full_origin_0203_0036,private_car,origin_0203,5439078522,1696#1,,shelter_6,菅原小学校,6104#10,0,2.3
veh_full_origin_0203_0037,private_car,origin_0203,5439078522,1696#1,,shelter_6,菅原小学校,6104#10,0,2.3
veh_full_origin_0203_0038,private_car,origin_0203,5439078522,1696#1,,shelter_6,菅原小学校,6104#10,0,2.3
veh_full_origin_0203_0039,private_car,origin_0203,5439078522,1696#1,,shelter_6,菅原小学校,6104#10,0,2.3
veh_full_origin_0203_0040,private_car,origin_0203,5439078522,1696#1,,shelter_6,菅原小学校,6104#10,0,2.3
veh_full_origin_0203_0041,private_car,origin_0203,5439078522,1696#1,,shelter_6,菅原小学校,6104#10,0,2.3
veh_full_origin_0203_0042,private_car,origin_0203,5439078522,1696#1,,shelter_6,菅原小学校,6104#10,0,2.3
veh_full_origin_0203_0043,private_car,origin_0203,5439078522,1696#1,,shelter_6,菅原小学校,6104#10,0,2.3
veh_full_origin_0203_0044,private_car,origin_0203,5439078522,1696#1,,shelter_6,菅原小学校,6104#10,0,2.3
veh_full_origin_0203_0045,private_car,origin_0203,5439078522,1696#1,,shelter_6,菅原小学校,6104#10,0,2.3
veh_full_origin_0204_0001,private_car,origin_0204,5439078523,1671#6,,shelter_6,菅原小学校,6104#10,0,2.3
veh_full_origin_0204_0002,private_car,origin_0204,5439078523,1671#6,,shelter_6,菅原小学校,6104#10,0,2.3
veh_full_origin_0204_0003,private_car,origin_0204,5439078523,1671#6,,shelter_6,菅原小学校,6104#10,0,2.3
veh_full_origin_0204_0004,private_car,origin_0204,5439078523,1671#6,,shelter_6,菅原小学校,6104#10,0,2.3
veh_full_origin_0204_0005,private_car,origin_0204,5439078523,1671#6,,shelter_6,菅原小学校,6104#10,0,2.3
veh_full_origin_0204_0006,private_car,origin_0204,5439078523,1671#6,,shelter_6,菅原小学校,6104#10,0,2.3
veh_full_origin_0204_0007,private_car,origin_0204,5439078523,1671#6,,shelter_6,菅原小学校,6104#10,0,2.3
veh_full_origin_0204_0008,private_car,origin_0204,5439078523,1671#6,,shelter_6,菅原小学校,6104#10,0,2.3
veh_full_origin_0204_0009,private_car,origin_0204,5439078523,1671#6,,shelter_6,菅原小学校,6104#10,0,2.3
veh_full_origin_0204_0010,private_car,origin_0204,5439078523,1671#6,,shelter_6,菅原小学校,6104#10,0,2.3
veh_full_origin_0204_0011,private_car,origin_0204,5439078523,1671#6,,shelter_6,菅原小学校,6104#10,0,2.3
veh_full_origin_0204_0012,private_car,origin_0204,5439078523,1671#6,,shelter_6,菅原小学校,6104#10,0,2.3
veh_full_origin_0204_0013,private_car,origin_0204,5439078523,1671#6,,shelter_6,菅原小学校,6104#10,0,2.3
veh_full_origin_0205_0001,private_car,origin_0205,5439078532,1707#0,,shelter_6,菅原小学校,6104#10,0,2.3
veh_full_origin_0205_0002,private_car,origin_0205,5439078532,1707#0,,shelter_6,菅原小学校,6104#10,0,2.3
veh_full_origin_0205_0003,private_car,origin_0205,5439078532,1707#0,,shelter_6,菅原小学校,6104#10,0,2.3
veh_full_origin_0205_0004,private_car,origin_0205,5439078532,1707#0,,shelter_6,菅原小学校,6104#10,0,2.3
veh_full_origin_0205_0005,private_car,origin_0205,5439078532,1707#0,,shelter_6,菅原小学校,6104#10,0,2.3
veh_full_origin_0205_0006,private_car,origin_0205,5439078532,1707#0,,shelter_6,菅原小学校,6104#10,0,2.3
veh_full_origin_0206_0001,private_car,origin_0206,5439078541,1740,,shelter_6,菅原小学校,6104#10,0,2.3
veh_full_origin_0206_0002,private_car,origin_0206,5439078541,1740,,shelter_6,菅原小学校,6104#10,0,2.3
veh_full_origin_0206_0003,private_car,origin_0206,5439078541,1740,,shelter_6,菅原小学校,6104#10,0,2.3
veh_full_origin_0207_0001,private_car,origin_0207,5439078542,1707#1,,shelter_6,菅原小学校,6104#10,0,2.3
veh_full_origin_0207_0002,private_car,origin_0207,5439078542,1707#1,,shelter_6,菅原小学校,6104#10,0,2.3
veh_full_origin_0207_0003,private_car,origin_0207,5439078542,1707#1,,shelter_6,菅原小学校,6104#10,0,2.3
veh_full_origin_0207_0004,private_car,origin_0207,5439078542,1707#1,,shelter_6,菅原小学校,6104#10,0,2.3
veh_full_origin_0207_0005,private_car,origin_0207,5439078542,1707#1,,shelter_6,菅原小学校,6104#10,0,2.3
veh_full_origin_0207_0006,private_car,origin_0207,5439078542,1707#1,,shelter_6,菅原小学校,6104#10,0,2.3
veh_full_origin_0208_0001,private_car,origin_0208,5439078812,6138#0,,shelter_6,菅原小学校,6104#10,0,2.3
veh_full_origin_0208_0002,private_car,origin_0208,5439078812,6138#0,,shelter_6,菅原小学校,6104#10,0,2.3
veh_full_origin_0208_0003,private_car,origin_0208,5439078812,6138#0,,shelter_6,菅原小学校,6104#10,0,2.3
veh_full_origin_0208_0004,private_car,origin_0208,5439078812,6138#0,,shelter_6,菅原小学校,6104#10,0,2.3
veh_full_origin_0208_0005,private_car,origin_0208,5439078812,6138#0,,shelter_6,菅原小学校,6104#10,0,2.3
veh_full_origin_0208_0006,private_car,origin_0208,5439078812,6138#0,,shelter_6,菅原小学校,6104#10,0,2.3
veh_full_origin_0208_0007,private_car,origin_0208,5439078812,6138#0,,shelter_6,菅原小学校,6104#10,0,2.3
veh_full_origin_0208_0008,private_car,origin_0208,5439078812,6138#0,,shelter_6,菅原小学校,6104#10,0,2.3
veh_full_origin_0208_0009,private_car,origin_0208,5439078812,6138#0,,shelter_6,菅原小学校,6104#10,0,2.3
veh_full_origin_0208_0010,private_car,origin_0208,5439078812,6138#0,,shelter_6,菅原小学校,6104#10,0,2.3
veh_full_origin_0208_0011,private_car,origin_0208,5439078812,6138#0,,shelter_6,菅原小学校,6104#10,0,2.3
veh_full_origin_0208_0012,private_car,origin_0208,5439078812,6138#0,,shelter_6,菅原小学校,6104#10,0,2.3
veh_full_origin_0209_0001,private_car,origin_0209,5439078814,11450,,shelter_6,菅原小学校,6104#10,0,2.3
veh_full_origin_0209_0002,private_car,origin_0209,5439078814,11450,,shelter_6,菅原小学校,6104#10,0,2.3
veh_full_origin_0209_0003,private_car,origin_0209,5439078814,11450,,shelter_6,菅原小学校,6104#10,0,2.3
veh_full_origin_0210_0001,private_car,origin_0210,5439078834,11450,,shelter_6,菅原小学校,6104#10,0,2.3
veh_full_origin_0210_0002,private_car,origin_0210,5439078834,11450,,shelter_6,菅原小学校,6104#10,0,2.3
veh_full_origin_0210_0003,private_car,origin_0210,5439078834,11450,,shelter_6,菅原小学校,6104#10,0,2.3
veh_full_origin_0210_0004,private_car,origin_0210,5439078834,11450,,shelter_6,菅原小学校,6104#10,0,2.3
veh_full_origin_0210_0005,private_car,origin_0210,5439078834,11450,,shelter_6,菅原小学校,6104#10,0,2.3
veh_full_origin_0210_0006,private_car,origin_0210,5439078834,11450,,shelter_6,菅原小学校,6104#10,0,2.3
veh_full_origin_0210_0007,private_car,origin_0210,5439078834,11450,,shelter_6,菅原小学校,6104#10,0,2.3
veh_full_origin_0210_0008,private_car,origin_0210,5439078834,11450,,shelter_6,菅原小学校,6104#10,0,2.3
veh_full_origin_0210_0009,private_car,origin_0210,5439078834,11450,,shelter_6,菅原小学校,6104#10,0,2.3
veh_full_origin_0210_0010,private_car,origin_0210,5439078834,11450,,shelter_6,菅原小学校,6104#10,0,2.3
veh_full_origin_0210_0011,private_car,origin_0210,5439078834,11450,,shelter_6,菅原小学校,6104#10,0,2.3
veh_full_origin_0210_0012,private_car,origin_0210,5439078834,11450,,shelter_6,菅原小学校,6104#10,0,2.3
veh_full_origin_0210_0013,private_car,origin_0210,5439078834,11450,,shelter_6,菅原小学校,6104#10,0,2.3
veh_full_origin_0210_0014,private_car,origin_0210,5439078834,11450,,shelter_6,菅原小学校,6104#10,0,2.3
veh_full_origin_0210_0015,private_car,origin_0210,5439078834,11450,,shelter_6,菅原小学校,6104#10,0,2.3
veh_full_origin_0210_0016,private_car,origin_0210,5439078834,11450,,shelter_6,菅原小学校,6104#10,0,2.3
veh_full_origin_0210_0017,private_car,origin_0210,5439078834,11450,,shelter_6,菅原小学校,6104#10,0,2.3
veh_full_origin_0210_0018,private_car,origin_0210,5439078834,11450,,shelter_6,菅原小学校,6104#10,0,2.3
veh_full_origin_0210_0019,private_car,origin_0210,5439078834,11450,,shelter_6,菅原小学校,6104#10,0,2.3
veh_full_origin_0210_0020,private_car,origin_0210,5439078834,11450,,shelter_6,菅原小学校,6104#10,0,2.3
veh_full_origin_0211_0001,private_car,origin_0211,5439078921,6121#10,,shelter_6,菅原小学校,6104#10,0,2.3
veh_full_origin_0211_0002,private_car,origin_0211,5439078921,6121#10,,shelter_6,菅原小学校,6104#10,0,2.3
veh_full_origin_0211_0003,private_car,origin_0211,5439078921,6121#10,,shelter_6,菅原小学校,6104#10,0,2.3
veh_full_origin_0211_0004,private_car,origin_0211,5439078921,6121#10,,shelter_6,菅原小学校,6104#10,0,2.3
veh_full_origin_0211_0005,private_car,origin_0211,5439078921,6121#10,,shelter_6,菅原小学校,6104#10,0,2.3
veh_full_origin_0211_0006,private_car,origin_0211,5439078921,6121#10,,shelter_6,菅原小学校,6104#10,0,2.3
veh_full_origin_0211_0007,private_car,origin_0211,5439078921,6121#10,,shelter_6,菅原小学校,6104#10,0,2.3
veh_full_origin_0211_0008,private_car,origin_0211,5439078921,6121#10,,shelter_6,菅原小学校,6104#10,0,2.3
veh_full_origin_0211_0009,private_car,origin_0211,5439078921,6121#10,,shelter_6,菅原小学校,6104#10,0,2.3
veh_full_origin_0212_0001,private_car,origin_0212,5439078932,4665#7,,shelter_6,菅原小学校,6104#10,0,2.3
veh_full_origin_0212_0002,private_car,origin_0212,5439078932,4665#7,,shelter_6,菅原小学校,6104#10,0,2.3
veh_full_origin_0212_0003,private_car,origin_0212,5439078932,4665#7,,shelter_6,菅原小学校,6104#10,0,2.3
veh_full_origin_0212_0004,private_car,origin_0212,5439078932,4665#7,,shelter_6,菅原小学校,6104#10,0,2.3
veh_full_origin_0212_0005,private_car,origin_0212,5439078932,4665#7,,shelter_6,菅原小学校,6104#10,0,2.3
veh_full_origin_0213_0001,private_car,origin_0213,5439079414,10804#0,,shelter_6,菅原小学校,6104#10,0,2.3
veh_full_origin_0213_0002,private_car,origin_0213,5439079414,10804#0,,shelter_6,菅原小学校,6104#10,0,2.3
veh_full_origin_0213_0003,private_car,origin_0213,5439079414,10804#0,,shelter_6,菅原小学校,6104#10,0,2.3
veh_full_origin_0214_0001,private_car,origin_0214,5439079434,1971#3,,shelter_6,菅原小学校,6104#10,0,2.3
veh_full_origin_0214_0002,private_car,origin_0214,5439079434,1971#3,,shelter_6,菅原小学校,6104#10,0,2.3
veh_full_origin_0214_0003,private_car,origin_0214,5439079434,1971#3,,shelter_6,菅原小学校,6104#10,0,2.3
veh_full_origin_0214_0004,private_car,origin_0214,5439079434,1971#3,,shelter_6,菅原小学校,6104#10,0,2.3
veh_full_origin_0214_0005,private_car,origin_0214,5439079434,1971#3,,shelter_6,菅原小学校,6104#10,0,2.3
veh_full_origin_0214_0006,private_car,origin_0214,5439079434,1971#3,,shelter_6,菅原小学校,6104#10,0,2.3
veh_full_origin_0214_0007,private_car,origin_0214,5439079434,1971#3,,shelter_6,菅原小学校,6104#10,0,2.3
veh_full_origin_0214_0008,private_car,origin_0214,5439079434,1971#3,,shelter_6,菅原小学校,6104#10,0,2.3
veh_full_origin_0214_0009,private_car,origin_0214,5439079434,1971#3,,shelter_6,菅原小学校,6104#10,0,2.3
veh_full_origin_0214_0010,private_car,origin_0214,5439079434,1971#3,,shelter_6,菅原小学校,6104#10,0,2.3
veh_full_origin_0214_0011,private_car,origin_0214,5439079434,1971#3,,shelter_6,菅原小学校,6104#10,0,2.3
veh_full_origin_0214_0012,private_car,origin_0214,5439079434,1971#3,,shelter_6,菅原小学校,6104#10,0,2.3
veh_full_origin_0214_0013,private_car,origin_0214,5439079434,1971#3,,shelter_6,菅原小学校,6104#10,0,2.3
veh_full_origin_0214_0014,private_car,origin_0214,5439079434,1971#3,,shelter_6,菅原小学校,6104#10,0,2.3
veh_full_origin_0214_0015,private_car,origin_0214,5439079434,1971#3,,shelter_6,菅原小学校,6104#10,0,2.3
veh_full_origin_0214_0016,private_car,origin_0214,5439079434,1971#3,,shelter_6,菅原小学校,6104#10,0,2.3
veh_full_origin_0214_0017,private_car,origin_0214,5439079434,1971#3,,shelter_6,菅原小学校,6104#10,0,2.3
veh_full_origin_0214_0018,private_car,origin_0214,5439079434,1971#3,,shelter_6,菅原小学校,6104#10,0,2.3
veh_full_origin_0214_0019,private_car,origin_0214,5439079434,1971#3,,shelter_6,菅原小学校,6104#10,0,2.3
veh_full_origin_0214_0020,private_car,origin_0214,5439079434,1971#3,,shelter_6,菅原小学校,6104#10,0,2.3
veh_full_origin_0214_0021,private_car,origin_0214,5439079434,1971#3,,shelter_6,菅原小学校,6104#10,0,2.3
veh_full_origin_0214_0022,private_car,origin_0214,5439079434,1971#3,,shelter_6,菅原小学校,6104#10,0,2.3
veh_full_origin_0214_0023,private_car,origin_0214,5439079434,1971#3,,shelter_6,菅原小学校,6104#10,0,2.3
veh_full_origin_0214_0024,private_car,origin_0214,5439079434,1971#3,,shelter_6,菅原小学校,6104#10,0,2.3
veh_full_origin_0214_0025,private_car,origin_0214,5439079434,1971#3,,shelter_6,菅原小学校,6104#10,0,2.3
veh_full_origin_0214_0026,private_car,origin_0214,5439079434,1971#3,,shelter_6,菅原小学校,6104#10,0,2.3
veh_full_origin_0215_0001,private_car,origin_0215,5439079512,1789#3,,shelter_6,菅原小学校,6104#10,0,2.3
veh_full_origin_0215_0002,private_car,origin_0215,5439079512,1789#3,,shelter_6,菅原小学校,6104#10,0,2.3
veh_full_origin_0215_0003,private_car,origin_0215,5439079512,1789#3,,shelter_6,菅原小学校,6104#10,0,2.3
veh_full_origin_0215_0004,private_car,origin_0215,5439079512,1789#3,,shelter_6,菅原小学校,6104#10,0,2.3
veh_full_origin_0215_0005,private_car,origin_0215,5439079512,1789#3,,shelter_6,菅原小学校,6104#10,0,2.3
veh_full_origin_0215_0006,private_car,origin_0215,5439079512,1789#3,,shelter_6,菅原小学校,6104#10,0,2.3
veh_full_origin_0215_0007,private_car,origin_0215,5439079512,1789#3,,shelter_6,菅原小学校,6104#10,0,2.3
veh_full_origin_0215_0008,private_car,origin_0215,5439079512,1789#3,,shelter_6,菅原小学校,6104#10,0,2.3
veh_full_origin_0215_0009,private_car,origin_0215,5439079512,1789#3,,shelter_6,菅原小学校,6104#10,0,2.3
veh_full_origin_0215_0010,private_car,origin_0215,5439079512,1789#3,,shelter_6,菅原小学校,6104#10,0,2.3
veh_full_origin_0215_0011,private_car,origin_0215,5439079512,1789#3,,shelter_6,菅原小学校,6104#10,0,2.3
veh_full_origin_0215_0012,private_car,origin_0215,5439079512,1789#3,,shelter_6,菅原小学校,6104#10,0,2.3
veh_full_origin_0216_0001,private_car,origin_0216,5439079521,1886#1,,shelter_6,菅原小学校,6104#10,0,2.3
veh_full_origin_0216_0002,private_car,origin_0216,5439079521,1886#1,,shelter_6,菅原小学校,6104#10,0,2.3
veh_full_origin_0216_0003,private_car,origin_0216,5439079521,1886#1,,shelter_6,菅原小学校,6104#10,0,2.3
veh_full_origin_0216_0004,private_car,origin_0216,5439079521,1886#1,,shelter_6,菅原小学校,6104#10,0,2.3
veh_full_origin_0216_0005,private_car,origin_0216,5439079521,1886#1,,shelter_6,菅原小学校,6104#10,0,2.3
veh_full_origin_0216_0006,private_car,origin_0216,5439079521,1886#1,,shelter_6,菅原小学校,6104#10,0,2.3
veh_full_origin_0216_0007,private_car,origin_0216,5439079521,1886#1,,shelter_6,菅原小学校,6104#10,0,2.3
veh_full_origin_0216_0008,private_car,origin_0216,5439079521,1886#1,,shelter_6,菅原小学校,6104#10,0,2.3
veh_full_origin_0217_0001,private_car,origin_0217,5439079522,1891#1,,shelter_6,菅原小学校,6104#10,0,2.3
veh_full_origin_0217_0002,private_car,origin_0217,5439079522,1891#1,,shelter_6,菅原小学校,6104#10,0,2.3
veh_full_origin_0217_0003,private_car,origin_0217,5439079522,1891#1,,shelter_6,菅原小学校,6104#10,0,2.3
veh_full_origin_0217_0004,private_car,origin_0217,5439079522,1891#1,,shelter_6,菅原小学校,6104#10,0,2.3
veh_full_origin_0217_0005,private_car,origin_0217,5439079522,1891#1,,shelter_6,菅原小学校,6104#10,0,2.3
veh_full_origin_0217_0006,private_car,origin_0217,5439079522,1891#1,,shelter_6,菅原小学校,6104#10,0,2.3
veh_full_origin_0217_0007,private_car,origin_0217,5439079522,1891#1,,shelter_6,菅原小学校,6104#10,0,2.3
veh_full_origin_0217_0008,private_car,origin_0217,5439079522,1891#1,,shelter_6,菅原小学校,6104#10,0,2.3
veh_full_origin_0217_0009,private_car,origin_0217,5439079522,1891#1,,shelter_6,菅原小学校,6104#10,0,2.3
veh_full_origin_0217_0010,private_car,origin_0217,5439079522,1891#1,,shelter_6,菅原小学校,6104#10,0,2.3
veh_full_origin_0217_0011,private_car,origin_0217,5439079522,1891#1,,shelter_6,菅原小学校,6104#10,0,2.3
veh_full_origin_0217_0012,private_car,origin_0217,5439079522,1891#1,,shelter_6,菅原小学校,6104#10,0,2.3
veh_full_origin_0217_0013,private_car,origin_0217,5439079522,1891#1,,shelter_6,菅原小学校,6104#10,0,2.3
veh_full_origin_0217_0014,private_car,origin_0217,5439079522,1891#1,,shelter_6,菅原小学校,6104#10,0,2.3
veh_full_origin_0217_0015,private_car,origin_0217,5439079522,1891#1,,shelter_6,菅原小学校,6104#10,0,2.3
veh_full_origin_0217_0016,private_car,origin_0217,5439079522,1891#1,,shelter_6,菅原小学校,6104#10,0,2.3
veh_full_origin_0217_0017,private_car,origin_0217,5439079522,1891#1,,shelter_6,菅原小学校,6104#10,0,2.3
veh_full_origin_0217_0018,private_car,origin_0217,5439079522,1891#1,,shelter_6,菅原小学校,6104#10,0,2.3
veh_full_origin_0217_0019,private_car,origin_0217,5439079522,1891#1,,shelter_6,菅原小学校,6104#10,0,2.3
veh_full_origin_0217_0020,private_car,origin_0217,5439079522,1891#1,,shelter_6,菅原小学校,6104#10,0,2.3
veh_full_origin_0217_0021,private_car,origin_0217,5439079522,1891#1,,shelter_6,菅原小学校,6104#10,0,2.3
veh_full_origin_0217_0022,private_car,origin_0217,5439079522,1891#1,,shelter_6,菅原小学校,6104#10,0,2.3
veh_full_origin_0217_0023,private_car,origin_0217,5439079522,1891#1,,shelter_6,菅原小学校,6104#10,0,2.3
veh_full_origin_0217_0024,private_car,origin_0217,5439079522,1891#1,,shelter_6,菅原小学校,6104#10,0,2.3
veh_full_origin_0217_0025,private_car,origin_0217,5439079522,1891#1,,shelter_6,菅原小学校,6104#10,0,2.3
veh_full_origin_0217_0026,private_car,origin_0217,5439079522,1891#1,,shelter_6,菅原小学校,6104#10,0,2.3
veh_full_origin_0217_0027,private_car,origin_0217,5439079522,1891#1,,shelter_6,菅原小学校,6104#10,0,2.3
veh_full_origin_0217_0028,private_car,origin_0217,5439079522,1891#1,,shelter_6,菅原小学校,6104#10,0,2.3
veh_full_origin_0217_0029,private_car,origin_0217,5439079522,1891#1,,shelter_6,菅原小学校,6104#10,0,2.3
veh_full_origin_0217_0030,private_car,origin_0217,5439079522,1891#1,,shelter_6,菅原小学校,6104#10,0,2.3
veh_full_origin_0218_0001,private_car,origin_0218,5439079532,5091#3,,shelter_6,菅原小学校,6104#10,0,2.3
veh_full_origin_0218_0002,private_car,origin_0218,5439079532,5091#3,,shelter_6,菅原小学校,6104#10,0,2.3
veh_full_origin_0218_0003,private_car,origin_0218,5439079532,5091#3,,shelter_6,菅原小学校,6104#10,0,2.3
veh_full_origin_0218_0004,private_car,origin_0218,5439079532,5091#3,,shelter_6,菅原小学校,6104#10,0,2.3
veh_full_origin_0218_0005,private_car,origin_0218,5439079532,5091#3,,shelter_6,菅原小学校,6104#10,0,2.3
veh_full_origin_0218_0006,private_car,origin_0218,5439079532,5091#3,,shelter_6,菅原小学校,6104#10,0,2.3
veh_full_origin_0218_0007,private_car,origin_0218,5439079532,5091#3,,shelter_6,菅原小学校,6104#10,0,2.3
veh_full_origin_0218_0008,private_car,origin_0218,5439079532,5091#3,,shelter_6,菅原小学校,6104#10,0,2.3
veh_full_origin_0218_0009,private_car,origin_0218,5439079532,5091#3,,shelter_6,菅原小学校,6104#10,0,2.3
veh_full_origin_0218_0010,private_car,origin_0218,5439079532,5091#3,,shelter_6,菅原小学校,6104#10,0,2.3
veh_full_origin_0218_0011,private_car,origin_0218,5439079532,5091#3,,shelter_6,菅原小学校,6104#10,0,2.3
veh_full_origin_0218_0012,private_car,origin_0218,5439079532,5091#3,,shelter_6,菅原小学校,6104#10,0,2.3
veh_full_origin_0218_0013,private_car,origin_0218,5439079532,5091#3,,shelter_6,菅原小学校,6104#10,0,2.3
veh_full_origin_0218_0014,private_car,origin_0218,5439079532,5091#3,,shelter_6,菅原小学校,6104#10,0,2.3
veh_full_origin_0218_0015,private_car,origin_0218,5439079532,5091#3,,shelter_6,菅原小学校,6104#10,0,2.3
veh_full_origin_0218_0016,private_car,origin_0218,5439079532,5091#3,,shelter_6,菅原小学校,6104#10,0,2.3
veh_full_origin_0218_0017,private_car,origin_0218,5439079532,5091#3,,shelter_6,菅原小学校,6104#10,0,2.3
veh_full_origin_0218_0018,private_car,origin_0218,5439079532,5091#3,,shelter_6,菅原小学校,6104#10,0,2.3
veh_full_origin_0218_0019,private_car,origin_0218,5439079532,5091#3,,shelter_6,菅原小学校,6104#10,0,2.3
veh_full_origin_0218_0020,private_car,origin_0218,5439079532,5091#3,,shelter_6,菅原小学校,6104#10,0,2.3
veh_full_origin_0218_0021,private_car,origin_0218,5439079532,5091#3,,shelter_6,菅原小学校,6104#10,0,2.3
veh_full_origin_0218_0022,private_car,origin_0218,5439079532,5091#3,,shelter_6,菅原小学校,6104#10,0,2.3
veh_full_origin_0219_0001,private_car,origin_0219,5439079541,1907#10,,shelter_6,菅原小学校,6104#10,0,2.3
veh_full_origin_0219_0002,private_car,origin_0219,5439079541,1907#10,,shelter_6,菅原小学校,6104#10,0,2.3
veh_full_origin_0219_0003,private_car,origin_0219,5439079541,1907#10,,shelter_6,菅原小学校,6104#10,0,2.3
veh_full_origin_0219_0004,private_car,origin_0219,5439079541,1907#10,,shelter_6,菅原小学校,6104#10,0,2.3
veh_full_origin_0219_0005,private_car,origin_0219,5439079541,1907#10,,shelter_6,菅原小学校,6104#10,0,2.3
veh_full_origin_0220_0001,private_car,origin_0220,5439079542,1946#2,,shelter_6,菅原小学校,6104#10,0,2.3
veh_full_origin_0220_0002,private_car,origin_0220,5439079542,1946#2,,shelter_6,菅原小学校,6104#10,0,2.3
veh_full_origin_0220_0003,private_car,origin_0220,5439079542,1946#2,,shelter_6,菅原小学校,6104#10,0,2.3
veh_full_origin_0220_0004,private_car,origin_0220,5439079542,1946#2,,shelter_6,菅原小学校,6104#10,0,2.3
veh_full_origin_0221_0001,private_car,origin_0221,5439079543,5123#0,,shelter_6,菅原小学校,6104#10,0,2.3
veh_full_origin_0221_0002,private_car,origin_0221,5439079543,5123#0,,shelter_6,菅原小学校,6104#10,0,2.3
veh_full_origin_0221_0003,private_car,origin_0221,5439079543,5123#0,,shelter_6,菅原小学校,6104#10,0,2.3
veh_full_origin_0221_0004,private_car,origin_0221,5439079543,5123#0,,shelter_6,菅原小学校,6104#10,0,2.3
veh_full_origin_0221_0005,private_car,origin_0221,5439079543,5123#0,,shelter_6,菅原小学校,6104#10,0,2.3
veh_full_origin_0221_0006,private_car,origin_0221,5439079543,5123#0,,shelter_6,菅原小学校,6104#10,0,2.3
veh_full_origin_0221_0007,private_car,origin_0221,5439079543,5123#0,,shelter_6,菅原小学校,6104#10,0,2.3
veh_full_origin_0221_0008,private_car,origin_0221,5439079543,5123#0,,shelter_6,菅原小学校,6104#10,0,2.3
veh_full_origin_0222_0001,private_car,origin_0222,5439079744,1951#0,,shelter_2,石下小学校,7058,0,2.3
veh_full_origin_0222_0002,private_car,origin_0222,5439079744,1951#0,,shelter_2,石下小学校,7058,0,2.3
veh_full_origin_0222_0003,private_car,origin_0222,5439079744,1951#0,,shelter_2,石下小学校,7058,0,2.3
veh_full_origin_0222_0004,private_car,origin_0222,5439079744,1951#0,,shelter_2,石下小学校,7058,0,2.3
veh_full_origin_0222_0005,private_car,origin_0222,5439079744,1951#0,,shelter_2,石下小学校,7058,0,2.3
veh_full_origin_0222_0006,private_car,origin_0222,5439079744,1951#0,,shelter_2,石下小学校,7058,0,2.3
veh_full_origin_0222_0007,private_car,origin_0222,5439079744,1951#0,,shelter_2,石下小学校,7058,0,2.3
veh_full_origin_0222_0008,private_car,origin_0222,5439079744,1951#0,,shelter_2,石下小学校,7058,0,2.3
veh_full_origin_0222_0009,private_car,origin_0222,5439079744,1951#0,,shelter_2,石下小学校,7058,0,2.3
veh_full_origin_0223_0001,private_car,origin_0223,5439079812,11729#5,,shelter_6,菅原小学校,6104#10,0,2.3
veh_full_origin_0223_0002,private_car,origin_0223,5439079812,11729#5,,shelter_6,菅原小学校,6104#10,0,2.3
veh_full_origin_0223_0003,private_car,origin_0223,5439079812,11729#5,,shelter_6,菅原小学校,6104#10,0,2.3
veh_full_origin_0223_0004,private_car,origin_0223,5439079812,11729#5,,shelter_6,菅原小学校,6104#10,0,2.3
veh_full_origin_0223_0005,private_car,origin_0223,5439079812,11729#5,,shelter_6,菅原小学校,6104#10,0,2.3
veh_full_origin_0223_0006,private_car,origin_0223,5439079812,11729#5,,shelter_6,菅原小学校,6104#10,0,2.3
veh_full_origin_0223_0007,private_car,origin_0223,5439079812,11729#5,,shelter_6,菅原小学校,6104#10,0,2.3
veh_full_origin_0223_0008,private_car,origin_0223,5439079812,11729#5,,shelter_6,菅原小学校,6104#10,0,2.3
veh_full_origin_0223_0009,private_car,origin_0223,5439079812,11729#5,,shelter_6,菅原小学校,6104#10,0,2.3
veh_full_origin_0223_0010,private_car,origin_0223,5439079812,11729#5,,shelter_6,菅原小学校,6104#10,0,2.3
veh_full_origin_0223_0011,private_car,origin_0223,5439079812,11729#5,,shelter_6,菅原小学校,6104#10,0,2.3
veh_full_origin_0223_0012,private_car,origin_0223,5439079812,11729#5,,shelter_6,菅原小学校,6104#10,0,2.3
veh_full_origin_0223_0013,private_car,origin_0223,5439079812,11729#5,,shelter_6,菅原小学校,6104#10,0,2.3
veh_full_origin_0223_0014,private_car,origin_0223,5439079812,11729#5,,shelter_6,菅原小学校,6104#10,0,2.3
veh_full_origin_0223_0015,private_car,origin_0223,5439079812,11729#5,,shelter_6,菅原小学校,6104#10,0,2.3
veh_full_origin_0223_0016,private_car,origin_0223,5439079812,11729#5,,shelter_6,菅原小学校,6104#10,0,2.3
veh_full_origin_0223_0017,private_car,origin_0223,5439079812,11729#5,,shelter_6,菅原小学校,6104#10,0,2.3
veh_full_origin_0223_0018,private_car,origin_0223,5439079812,11729#5,,shelter_6,菅原小学校,6104#10,0,2.3
veh_full_origin_0223_0019,private_car,origin_0223,5439079812,11729#5,,shelter_6,菅原小学校,6104#10,0,2.3
veh_full_origin_0223_0020,private_car,origin_0223,5439079812,11729#5,,shelter_6,菅原小学校,6104#10,0,2.3
veh_full_origin_0223_0021,private_car,origin_0223,5439079812,11729#5,,shelter_6,菅原小学校,6104#10,0,2.3
veh_full_origin_0223_0022,private_car,origin_0223,5439079812,11729#5,,shelter_6,菅原小学校,6104#10,0,2.3
veh_full_origin_0223_0023,private_car,origin_0223,5439079812,11729#5,,shelter_6,菅原小学校,6104#10,0,2.3
veh_full_origin_0223_0024,private_car,origin_0223,5439079812,11729#5,,shelter_6,菅原小学校,6104#10,0,2.3
veh_full_origin_0223_0025,private_car,origin_0223,5439079812,11729#5,,shelter_6,菅原小学校,6104#10,0,2.3
veh_full_origin_0223_0026,private_car,origin_0223,5439079812,11729#5,,shelter_6,菅原小学校,6104#10,0,2.3
veh_full_origin_0223_0027,private_car,origin_0223,5439079812,11729#5,,shelter_6,菅原小学校,6104#10,0,2.3
veh_full_origin_0223_0028,private_car,origin_0223,5439079812,11729#5,,shelter_6,菅原小学校,6104#10,0,2.3
veh_full_origin_0223_0029,private_car,origin_0223,5439079812,11729#5,,shelter_6,菅原小学校,6104#10,0,2.3
veh_full_origin_0223_0030,private_car,origin_0223,5439079812,11729#5,,shelter_6,菅原小学校,6104#10,0,2.3
veh_full_origin_0223_0031,private_car,origin_0223,5439079812,11729#5,,shelter_6,菅原小学校,6104#10,0,2.3
veh_full_origin_0223_0032,private_car,origin_0223,5439079812,11729#5,,shelter_6,菅原小学校,6104#10,0,2.3
veh_full_origin_0223_0033,private_car,origin_0223,5439079812,11729#5,,shelter_6,菅原小学校,6104#10,0,2.3
veh_full_origin_0223_0034,private_car,origin_0223,5439079812,11729#5,,shelter_6,菅原小学校,6104#10,0,2.3
veh_full_origin_0224_0001,private_car,origin_0224,5439079814,12319#4,,shelter_6,菅原小学校,6104#10,0,2.3
veh_full_origin_0224_0002,private_car,origin_0224,5439079814,12319#4,,shelter_6,菅原小学校,6104#10,0,2.3
veh_full_origin_0224_0003,private_car,origin_0224,5439079814,12319#4,,shelter_6,菅原小学校,6104#10,0,2.3
veh_full_origin_0224_0004,private_car,origin_0224,5439079814,12319#4,,shelter_6,菅原小学校,6104#10,0,2.3
veh_full_origin_0224_0005,private_car,origin_0224,5439079814,12319#4,,shelter_6,菅原小学校,6104#10,0,2.3
veh_full_origin_0225_0001,private_car,origin_0225,5439079822,1914#20,,shelter_6,菅原小学校,6104#10,0,2.3
veh_full_origin_0225_0002,private_car,origin_0225,5439079822,1914#20,,shelter_6,菅原小学校,6104#10,0,2.3
veh_full_origin_0225_0003,private_car,origin_0225,5439079822,1914#20,,shelter_6,菅原小学校,6104#10,0,2.3
veh_full_origin_0225_0004,private_car,origin_0225,5439079822,1914#20,,shelter_6,菅原小学校,6104#10,0,2.3
veh_full_origin_0225_0005,private_car,origin_0225,5439079822,1914#20,,shelter_6,菅原小学校,6104#10,0,2.3
veh_full_origin_0225_0006,private_car,origin_0225,5439079822,1914#20,,shelter_6,菅原小学校,6104#10,0,2.3
veh_full_origin_0225_0007,private_car,origin_0225,5439079822,1914#20,,shelter_6,菅原小学校,6104#10,0,2.3
veh_full_origin_0226_0001,private_car,origin_0226,5439079831,1976#2,,shelter_6,菅原小学校,6104#10,0,2.3
veh_full_origin_0226_0002,private_car,origin_0226,5439079831,1976#2,,shelter_6,菅原小学校,6104#10,0,2.3
veh_full_origin_0226_0003,private_car,origin_0226,5439079831,1976#2,,shelter_6,菅原小学校,6104#10,0,2.3
veh_full_origin_0226_0004,private_car,origin_0226,5439079831,1976#2,,shelter_6,菅原小学校,6104#10,0,2.3
veh_full_origin_0226_0005,private_car,origin_0226,5439079831,1976#2,,shelter_6,菅原小学校,6104#10,0,2.3
veh_full_origin_0226_0006,private_car,origin_0226,5439079831,1976#2,,shelter_6,菅原小学校,6104#10,0,2.3
veh_full_origin_0226_0007,private_car,origin_0226,5439079831,1976#2,,shelter_6,菅原小学校,6104#10,0,2.3
veh_full_origin_0226_0008,private_car,origin_0226,5439079831,1976#2,,shelter_6,菅原小学校,6104#10,0,2.3
veh_full_origin_0226_0009,private_car,origin_0226,5439079831,1976#2,,shelter_6,菅原小学校,6104#10,0,2.3
veh_full_origin_0226_0010,private_car,origin_0226,5439079831,1976#2,,shelter_6,菅原小学校,6104#10,0,2.3
veh_full_origin_0226_0011,private_car,origin_0226,5439079831,1976#2,,shelter_6,菅原小学校,6104#10,0,2.3
veh_full_origin_0226_0012,private_car,origin_0226,5439079831,1976#2,,shelter_6,菅原小学校,6104#10,0,2.3
veh_full_origin_0226_0013,private_car,origin_0226,5439079831,1976#2,,shelter_6,菅原小学校,6104#10,0,2.3
veh_full_origin_0226_0014,private_car,origin_0226,5439079831,1976#2,,shelter_6,菅原小学校,6104#10,0,2.3
veh_full_origin_0226_0015,private_car,origin_0226,5439079831,1976#2,,shelter_6,菅原小学校,6104#10,0,2.3
veh_full_origin_0226_0016,private_car,origin_0226,5439079831,1976#2,,shelter_6,菅原小学校,6104#10,0,2.3
veh_full_origin_0226_0017,private_car,origin_0226,5439079831,1976#2,,shelter_6,菅原小学校,6104#10,0,2.3
veh_full_origin_0226_0018,private_car,origin_0226,5439079831,1976#2,,shelter_6,菅原小学校,6104#10,0,2.3
veh_full_origin_0226_0019,private_car,origin_0226,5439079831,1976#2,,shelter_6,菅原小学校,6104#10,0,2.3
veh_full_origin_0226_0020,private_car,origin_0226,5439079831,1976#2,,shelter_6,菅原小学校,6104#10,0,2.3
veh_full_origin_0226_0021,private_car,origin_0226,5439079831,1976#2,,shelter_6,菅原小学校,6104#10,0,2.3
veh_full_origin_0226_0022,private_car,origin_0226,5439079831,1976#2,,shelter_6,菅原小学校,6104#10,0,2.3
veh_full_origin_0226_0023,private_car,origin_0226,5439079831,1976#2,,shelter_6,菅原小学校,6104#10,0,2.3
veh_full_origin_0226_0024,private_car,origin_0226,5439079831,1976#2,,shelter_6,菅原小学校,6104#10,0,2.3
veh_full_origin_0226_0025,private_car,origin_0226,5439079831,1976#2,,shelter_6,菅原小学校,6104#10,0,2.3
veh_full_origin_0226_0026,private_car,origin_0226,5439079831,1976#2,,shelter_6,菅原小学校,6104#10,0,2.3
veh_full_origin_0226_0027,private_car,origin_0226,5439079831,1976#2,,shelter_6,菅原小学校,6104#10,0,2.3
veh_full_origin_0226_0028,private_car,origin_0226,5439079831,1976#2,,shelter_6,菅原小学校,6104#10,0,2.3
veh_full_origin_0226_0029,private_car,origin_0226,5439079831,1976#2,,shelter_6,菅原小学校,6104#10,0,2.3
veh_full_origin_0226_0030,private_car,origin_0226,5439079831,1976#2,,shelter_6,菅原小学校,6104#10,0,2.3
veh_full_origin_0226_0031,private_car,origin_0226,5439079831,1976#2,,shelter_6,菅原小学校,6104#10,0,2.3
veh_full_origin_0226_0032,private_car,origin_0226,5439079831,1976#2,,shelter_6,菅原小学校,6104#10,0,2.3
veh_full_origin_0226_0033,private_car,origin_0226,5439079831,1976#2,,shelter_6,菅原小学校,6104#10,0,2.3
veh_full_origin_0226_0034,private_car,origin_0226,5439079831,1976#2,,shelter_6,菅原小学校,6104#10,0,2.3
veh_full_origin_0226_0035,private_car,origin_0226,5439079831,1976#2,,shelter_6,菅原小学校,6104#10,0,2.3
veh_full_origin_0227_0001,private_car,origin_0227,5439079912,1866#3,,shelter_2,石下小学校,7058,0,2.3
veh_full_origin_0227_0002,private_car,origin_0227,5439079912,1866#3,,shelter_2,石下小学校,7058,0,2.3
veh_full_origin_0227_0003,private_car,origin_0227,5439079912,1866#3,,shelter_2,石下小学校,7058,0,2.3
veh_full_origin_0227_0004,private_car,origin_0227,5439079912,1866#3,,shelter_2,石下小学校,7058,0,2.3
veh_full_origin_0227_0005,private_car,origin_0227,5439079912,1866#3,,shelter_2,石下小学校,7058,0,2.3
veh_full_origin_0227_0006,private_car,origin_0227,5439079912,1866#3,,shelter_2,石下小学校,7058,0,2.3
veh_full_origin_0227_0007,private_car,origin_0227,5439079912,1866#3,,shelter_2,石下小学校,7058,0,2.3
veh_full_origin_0227_0008,private_car,origin_0227,5439079912,1866#3,,shelter_2,石下小学校,7058,0,2.3
veh_full_origin_0227_0009,private_car,origin_0227,5439079912,1866#3,,shelter_2,石下小学校,7058,0,2.3
veh_full_origin_0228_0001,private_car,origin_0228,5439079913,138#3,,shelter_2,石下小学校,7058,0,2.3
veh_full_origin_0228_0002,private_car,origin_0228,5439079913,138#3,,shelter_2,石下小学校,7058,0,2.3
veh_full_origin_0228_0003,private_car,origin_0228,5439079913,138#3,,shelter_2,石下小学校,7058,0,2.3
veh_full_origin_0228_0004,private_car,origin_0228,5439079913,138#3,,shelter_2,石下小学校,7058,0,2.3
veh_full_origin_0228_0005,private_car,origin_0228,5439079913,138#3,,shelter_2,石下小学校,7058,0,2.3
veh_full_origin_0229_0001,private_car,origin_0229,5439079922,1932#1,,shelter_2,石下小学校,7058,0,2.3
veh_full_origin_0229_0002,private_car,origin_0229,5439079922,1932#1,,shelter_2,石下小学校,7058,0,2.3
veh_full_origin_0229_0003,private_car,origin_0229,5439079922,1932#1,,shelter_2,石下小学校,7058,0,2.3
veh_full_origin_0229_0004,private_car,origin_0229,5439079922,1932#1,,shelter_2,石下小学校,7058,0,2.3
veh_full_origin_0229_0005,private_car,origin_0229,5439079922,1932#1,,shelter_2,石下小学校,7058,0,2.3
veh_full_origin_0229_0006,private_car,origin_0229,5439079922,1932#1,,shelter_2,石下小学校,7058,0,2.3
veh_full_origin_0229_0007,private_car,origin_0229,5439079922,1932#1,,shelter_2,石下小学校,7058,0,2.3
veh_full_origin_0229_0008,private_car,origin_0229,5439079922,1932#1,,shelter_2,石下小学校,7058,0,2.3
veh_full_origin_0229_0009,private_car,origin_0229,5439079922,1932#1,,shelter_2,石下小学校,7058,0,2.3
veh_full_origin_0229_0010,private_car,origin_0229,5439079922,1932#1,,shelter_2,石下小学校,7058,0,2.3
veh_full_origin_0229_0011,private_car,origin_0229,5439079922,1932#1,,shelter_2,石下小学校,7058,0,2.3
veh_full_origin_0229_0012,private_car,origin_0229,5439079922,1932#1,,shelter_2,石下小学校,7058,0,2.3
veh_full_origin_0229_0013,private_car,origin_0229,5439079922,1932#1,,shelter_2,石下小学校,7058,0,2.3
veh_full_origin_0229_0014,private_car,origin_0229,5439079922,1932#1,,shelter_2,石下小学校,7058,0,2.3
veh_full_origin_0229_0015,private_car,origin_0229,5439079922,1932#1,,shelter_2,石下小学校,7058,0,2.3
veh_full_origin_0230_0001,private_car,origin_0230,5439079942,1931#2,,shelter_2,石下小学校,7058,0,2.3
veh_full_origin_0230_0002,private_car,origin_0230,5439079942,1931#2,,shelter_2,石下小学校,7058,0,2.3
veh_full_origin_0230_0003,private_car,origin_0230,5439079942,1931#2,,shelter_2,石下小学校,7058,0,2.3
veh_full_origin_0230_0004,private_car,origin_0230,5439079942,1931#2,,shelter_2,石下小学校,7058,0,2.3
veh_full_origin_0230_0005,private_car,origin_0230,5439079942,1931#2,,shelter_2,石下小学校,7058,0,2.3
veh_full_origin_0230_0006,private_car,origin_0230,5439079942,1931#2,,shelter_2,石下小学校,7058,0,2.3
veh_full_origin_0230_0007,private_car,origin_0230,5439079942,1931#2,,shelter_2,石下小学校,7058,0,2.3
veh_full_origin_0230_0008,private_car,origin_0230,5439079942,1931#2,,shelter_2,石下小学校,7058,0,2.3
veh_full_origin_0230_0009,private_car,origin_0230,5439079942,1931#2,,shelter_2,石下小学校,7058,0,2.3
veh_full_origin_0230_0010,private_car,origin_0230,5439079942,1931#2,,shelter_2,石下小学校,7058,0,2.3
veh_full_origin_0230_0011,private_car,origin_0230,5439079942,1931#2,,shelter_2,石下小学校,7058,0,2.3
veh_full_origin_0230_0012,private_car,origin_0230,5439079942,1931#2,,shelter_2,石下小学校,7058,0,2.3
veh_full_origin_0230_0013,private_car,origin_0230,5439079942,1931#2,,shelter_2,石下小学校,7058,0,2.3
veh_full_origin_0230_0014,private_car,origin_0230,5439079942,1931#2,,shelter_2,石下小学校,7058,0,2.3
veh_full_origin_0231_0001,private_car,origin_0231,5439170344,2176#1,,shelter_0,飯沼小学校,3270#3,0,2.3
veh_full_origin_0231_0002,private_car,origin_0231,5439170344,2176#1,,shelter_0,飯沼小学校,3270#3,0,2.3
veh_full_origin_0231_0003,private_car,origin_0231,5439170344,2176#1,,shelter_0,飯沼小学校,3270#3,0,2.3
veh_full_origin_0231_0004,private_car,origin_0231,5439170344,2176#1,,shelter_0,飯沼小学校,3270#3,0,2.3
veh_full_origin_0231_0005,private_car,origin_0231,5439170344,2176#1,,shelter_0,飯沼小学校,3270#3,0,2.3
veh_full_origin_0231_0006,private_car,origin_0231,5439170344,2176#1,,shelter_0,飯沼小学校,3270#3,0,2.3
veh_full_origin_0231_0007,private_car,origin_0231,5439170344,2176#1,,shelter_0,飯沼小学校,3270#3,0,2.3
veh_full_origin_0231_0008,private_car,origin_0231,5439170344,2176#1,,shelter_0,飯沼小学校,3270#3,0,2.3
veh_full_origin_0231_0009,private_car,origin_0231,5439170344,2176#1,,shelter_0,飯沼小学校,3270#3,0,2.3
veh_full_origin_0231_0010,private_car,origin_0231,5439170344,2176#1,,shelter_0,飯沼小学校,3270#3,0,2.3
veh_full_origin_0231_0011,private_car,origin_0231,5439170344,2176#1,,shelter_0,飯沼小学校,3270#3,0,2.3
veh_full_origin_0231_0012,private_car,origin_0231,5439170344,2176#1,,shelter_0,飯沼小学校,3270#3,0,2.3
veh_full_origin_0231_0013,private_car,origin_0231,5439170344,2176#1,,shelter_0,飯沼小学校,3270#3,0,2.3
veh_full_origin_0231_0014,private_car,origin_0231,5439170344,2176#1,,shelter_0,飯沼小学校,3270#3,0,2.3
veh_full_origin_0231_0015,private_car,origin_0231,5439170344,2176#1,,shelter_0,飯沼小学校,3270#3,0,2.3
veh_full_origin_0231_0016,private_car,origin_0231,5439170344,2176#1,,shelter_0,飯沼小学校,3270#3,0,2.3
veh_full_origin_0231_0017,private_car,origin_0231,5439170344,2176#1,,shelter_0,飯沼小学校,3270#3,0,2.3
veh_full_origin_0231_0018,private_car,origin_0231,5439170344,2176#1,,shelter_0,飯沼小学校,3270#3,0,2.3
veh_full_origin_0231_0019,private_car,origin_0231,5439170344,2176#1,,shelter_0,飯沼小学校,3270#3,0,2.3
veh_full_origin_0231_0020,private_car,origin_0231,5439170344,2176#1,,shelter_0,飯沼小学校,3270#3,0,2.3
veh_full_origin_0231_0021,private_car,origin_0231,5439170344,2176#1,,shelter_0,飯沼小学校,3270#3,0,2.3
veh_full_origin_0231_0022,private_car,origin_0231,5439170344,2176#1,,shelter_0,飯沼小学校,3270#3,0,2.3
veh_full_origin_0232_0001,private_car,origin_0232,5439170431,2176#5,,shelter_0,飯沼小学校,3270#3,0,2.3
veh_full_origin_0232_0002,private_car,origin_0232,5439170431,2176#5,,shelter_0,飯沼小学校,3270#3,0,2.3
veh_full_origin_0232_0003,private_car,origin_0232,5439170431,2176#5,,shelter_0,飯沼小学校,3270#3,0,2.3
veh_full_origin_0232_0004,private_car,origin_0232,5439170431,2176#5,,shelter_0,飯沼小学校,3270#3,0,2.3
veh_full_origin_0232_0005,private_car,origin_0232,5439170431,2176#5,,shelter_0,飯沼小学校,3270#3,0,2.3
veh_full_origin_0232_0006,private_car,origin_0232,5439170431,2176#5,,shelter_0,飯沼小学校,3270#3,0,2.3
veh_full_origin_0232_0007,private_car,origin_0232,5439170431,2176#5,,shelter_0,飯沼小学校,3270#3,0,2.3
veh_full_origin_0232_0008,private_car,origin_0232,5439170431,2176#5,,shelter_0,飯沼小学校,3270#3,0,2.3
veh_full_origin_0232_0009,private_car,origin_0232,5439170431,2176#5,,shelter_0,飯沼小学校,3270#3,0,2.3
veh_full_origin_0232_0010,private_car,origin_0232,5439170431,2176#5,,shelter_0,飯沼小学校,3270#3,0,2.3
veh_full_origin_0232_0011,private_car,origin_0232,5439170431,2176#5,,shelter_0,飯沼小学校,3270#3,0,2.3
veh_full_origin_0232_0012,private_car,origin_0232,5439170431,2176#5,,shelter_0,飯沼小学校,3270#3,0,2.3
veh_full_origin_0232_0013,private_car,origin_0232,5439170431,2176#5,,shelter_0,飯沼小学校,3270#3,0,2.3
veh_full_origin_0232_0014,private_car,origin_0232,5439170431,2176#5,,shelter_0,飯沼小学校,3270#3,0,2.3
veh_full_origin_0232_0015,private_car,origin_0232,5439170431,2176#5,,shelter_0,飯沼小学校,3270#3,0,2.3
veh_full_origin_0232_0016,private_car,origin_0232,5439170431,2176#5,,shelter_0,飯沼小学校,3270#3,0,2.3
veh_full_origin_0232_0017,private_car,origin_0232,5439170431,2176#5,,shelter_0,飯沼小学校,3270#3,0,2.3
veh_full_origin_0232_0018,private_car,origin_0232,5439170431,2176#5,,shelter_0,飯沼小学校,3270#3,0,2.3
veh_full_origin_0232_0019,private_car,origin_0232,5439170431,2176#5,,shelter_0,飯沼小学校,3270#3,0,2.3
veh_full_origin_0232_0020,private_car,origin_0232,5439170431,2176#5,,shelter_0,飯沼小学校,3270#3,0,2.3
veh_full_origin_0232_0021,private_car,origin_0232,5439170431,2176#5,,shelter_0,飯沼小学校,3270#3,0,2.3
veh_full_origin_0232_0022,private_car,origin_0232,5439170431,2176#5,,shelter_0,飯沼小学校,3270#3,0,2.3
veh_full_origin_0233_0001,private_car,origin_0233,5439170432,2176#8,,shelter_0,飯沼小学校,3270#3,0,2.3
veh_full_origin_0233_0002,private_car,origin_0233,5439170432,2176#8,,shelter_0,飯沼小学校,3270#3,0,2.3
veh_full_origin_0233_0003,private_car,origin_0233,5439170432,2176#8,,shelter_0,飯沼小学校,3270#3,0,2.3
veh_full_origin_0233_0004,private_car,origin_0233,5439170432,2176#8,,shelter_0,飯沼小学校,3270#3,0,2.3
veh_full_origin_0233_0005,private_car,origin_0233,5439170432,2176#8,,shelter_0,飯沼小学校,3270#3,0,2.3
veh_full_origin_0233_0006,private_car,origin_0233,5439170432,2176#8,,shelter_0,飯沼小学校,3270#3,0,2.3
veh_full_origin_0233_0007,private_car,origin_0233,5439170432,2176#8,,shelter_0,飯沼小学校,3270#3,0,2.3
veh_full_origin_0233_0008,private_car,origin_0233,5439170432,2176#8,,shelter_0,飯沼小学校,3270#3,0,2.3
veh_full_origin_0233_0009,private_car,origin_0233,5439170432,2176#8,,shelter_0,飯沼小学校,3270#3,0,2.3
veh_full_origin_0233_0010,private_car,origin_0233,5439170432,2176#8,,shelter_0,飯沼小学校,3270#3,0,2.3
veh_full_origin_0234_0001,private_car,origin_0234,5439170433,2083#0,,shelter_0,飯沼小学校,3270#3,0,2.3
veh_full_origin_0234_0002,private_car,origin_0234,5439170433,2083#0,,shelter_0,飯沼小学校,3270#3,0,2.3
veh_full_origin_0234_0003,private_car,origin_0234,5439170433,2083#0,,shelter_0,飯沼小学校,3270#3,0,2.3
veh_full_origin_0234_0004,private_car,origin_0234,5439170433,2083#0,,shelter_0,飯沼小学校,3270#3,0,2.3
veh_full_origin_0234_0005,private_car,origin_0234,5439170433,2083#0,,shelter_0,飯沼小学校,3270#3,0,2.3
veh_full_origin_0234_0006,private_car,origin_0234,5439170433,2083#0,,shelter_0,飯沼小学校,3270#3,0,2.3
veh_full_origin_0235_0001,private_car,origin_0235,5439170512,2006#2,,shelter_6,菅原小学校,6104#10,0,2.3
veh_full_origin_0235_0002,private_car,origin_0235,5439170512,2006#2,,shelter_6,菅原小学校,6104#10,0,2.3
veh_full_origin_0235_0003,private_car,origin_0235,5439170512,2006#2,,shelter_6,菅原小学校,6104#10,0,2.3
veh_full_origin_0235_0004,private_car,origin_0235,5439170512,2006#2,,shelter_6,菅原小学校,6104#10,0,2.3
veh_full_origin_0235_0005,private_car,origin_0235,5439170512,2006#2,,shelter_6,菅原小学校,6104#10,0,2.3
veh_full_origin_0235_0006,private_car,origin_0235,5439170512,2006#2,,shelter_6,菅原小学校,6104#10,0,2.3
veh_full_origin_0235_0007,private_car,origin_0235,5439170512,2006#2,,shelter_6,菅原小学校,6104#10,0,2.3
veh_full_origin_0235_0008,private_car,origin_0235,5439170512,2006#2,,shelter_6,菅原小学校,6104#10,0,2.3
veh_full_origin_0235_0009,private_car,origin_0235,5439170512,2006#2,,shelter_6,菅原小学校,6104#10,0,2.3
veh_full_origin_0236_0001,private_car,origin_0236,5439170521,1994#7,,shelter_6,菅原小学校,6104#10,0,2.3
veh_full_origin_0236_0002,private_car,origin_0236,5439170521,1994#7,,shelter_6,菅原小学校,6104#10,0,2.3
veh_full_origin_0236_0003,private_car,origin_0236,5439170521,1994#7,,shelter_6,菅原小学校,6104#10,0,2.3
veh_full_origin_0236_0004,private_car,origin_0236,5439170521,1994#7,,shelter_6,菅原小学校,6104#10,0,2.3
veh_full_origin_0236_0005,private_car,origin_0236,5439170521,1994#7,,shelter_6,菅原小学校,6104#10,0,2.3
veh_full_origin_0236_0006,private_car,origin_0236,5439170521,1994#7,,shelter_6,菅原小学校,6104#10,0,2.3
veh_full_origin_0236_0007,private_car,origin_0236,5439170521,1994#7,,shelter_6,菅原小学校,6104#10,0,2.3
veh_full_origin_0236_0008,private_car,origin_0236,5439170521,1994#7,,shelter_6,菅原小学校,6104#10,0,2.3
veh_full_origin_0236_0009,private_car,origin_0236,5439170521,1994#7,,shelter_6,菅原小学校,6104#10,0,2.3
veh_full_origin_0236_0010,private_car,origin_0236,5439170521,1994#7,,shelter_6,菅原小学校,6104#10,0,2.3
veh_full_origin_0236_0011,private_car,origin_0236,5439170521,1994#7,,shelter_6,菅原小学校,6104#10,0,2.3
veh_full_origin_0236_0012,private_car,origin_0236,5439170521,1994#7,,shelter_6,菅原小学校,6104#10,0,2.3
veh_full_origin_0236_0013,private_car,origin_0236,5439170521,1994#7,,shelter_6,菅原小学校,6104#10,0,2.3
veh_full_origin_0236_0014,private_car,origin_0236,5439170521,1994#7,,shelter_6,菅原小学校,6104#10,0,2.3
veh_full_origin_0236_0015,private_car,origin_0236,5439170521,1994#7,,shelter_6,菅原小学校,6104#10,0,2.3
veh_full_origin_0237_0001,private_car,origin_0237,5439170531,201#16,,shelter_0,飯沼小学校,3270#3,0,2.3
veh_full_origin_0237_0002,private_car,origin_0237,5439170531,201#16,,shelter_0,飯沼小学校,3270#3,0,2.3
veh_full_origin_0237_0003,private_car,origin_0237,5439170531,201#16,,shelter_0,飯沼小学校,3270#3,0,2.3
veh_full_origin_0238_0001,private_car,origin_0238,5439170532,2070#4,,shelter_6,菅原小学校,6104#10,0,2.3
veh_full_origin_0238_0002,private_car,origin_0238,5439170532,2070#4,,shelter_6,菅原小学校,6104#10,0,2.3
veh_full_origin_0238_0003,private_car,origin_0238,5439170532,2070#4,,shelter_6,菅原小学校,6104#10,0,2.3
veh_full_origin_0238_0004,private_car,origin_0238,5439170532,2070#4,,shelter_6,菅原小学校,6104#10,0,2.3
veh_full_origin_0238_0005,private_car,origin_0238,5439170532,2070#4,,shelter_6,菅原小学校,6104#10,0,2.3
veh_full_origin_0238_0006,private_car,origin_0238,5439170532,2070#4,,shelter_6,菅原小学校,6104#10,0,2.3
veh_full_origin_0238_0007,private_car,origin_0238,5439170532,2070#4,,shelter_6,菅原小学校,6104#10,0,2.3
veh_full_origin_0238_0008,private_car,origin_0238,5439170532,2070#4,,shelter_6,菅原小学校,6104#10,0,2.3
veh_full_origin_0238_0009,private_car,origin_0238,5439170532,2070#4,,shelter_6,菅原小学校,6104#10,0,2.3
veh_full_origin_0239_0001,private_car,origin_0239,5439170541,201#7,,shelter_0,飯沼小学校,3270#3,0,2.3
veh_full_origin_0239_0002,private_car,origin_0239,5439170541,201#7,,shelter_0,飯沼小学校,3270#3,0,2.3
veh_full_origin_0239_0003,private_car,origin_0239,5439170541,201#7,,shelter_0,飯沼小学校,3270#3,0,2.3
veh_full_origin_0239_0004,private_car,origin_0239,5439170541,201#7,,shelter_0,飯沼小学校,3270#3,0,2.3
veh_full_origin_0240_0001,private_car,origin_0240,5439170714,1956#2,,shelter_2,石下小学校,7058,0,2.3
veh_full_origin_0240_0002,private_car,origin_0240,5439170714,1956#2,,shelter_2,石下小学校,7058,0,2.3
veh_full_origin_0240_0003,private_car,origin_0240,5439170714,1956#2,,shelter_2,石下小学校,7058,0,2.3
veh_full_origin_0241_0001,private_car,origin_0241,5439170724,1997,,shelter_2,石下小学校,7058,0,2.3
veh_full_origin_0241_0002,private_car,origin_0241,5439170724,1997,,shelter_2,石下小学校,7058,0,2.3
veh_full_origin_0241_0003,private_car,origin_0241,5439170724,1997,,shelter_2,石下小学校,7058,0,2.3
veh_full_origin_0241_0004,private_car,origin_0241,5439170724,1997,,shelter_2,石下小学校,7058,0,2.3
veh_full_origin_0241_0005,private_car,origin_0241,5439170724,1997,,shelter_2,石下小学校,7058,0,2.3
veh_full_origin_0241_0006,private_car,origin_0241,5439170724,1997,,shelter_2,石下小学校,7058,0,2.3
veh_full_origin_0242_0001,private_car,origin_0242,5439170734,6468#4,,shelter_2,石下小学校,7058,0,2.3
veh_full_origin_0242_0002,private_car,origin_0242,5439170734,6468#4,,shelter_2,石下小学校,7058,0,2.3
veh_full_origin_0242_0003,private_car,origin_0242,5439170734,6468#4,,shelter_2,石下小学校,7058,0,2.3
veh_full_origin_0242_0004,private_car,origin_0242,5439170734,6468#4,,shelter_2,石下小学校,7058,0,2.3
veh_full_origin_0242_0005,private_car,origin_0242,5439170734,6468#4,,shelter_2,石下小学校,7058,0,2.3
veh_full_origin_0242_0006,private_car,origin_0242,5439170734,6468#4,,shelter_2,石下小学校,7058,0,2.3
veh_full_origin_0242_0007,private_car,origin_0242,5439170734,6468#4,,shelter_2,石下小学校,7058,0,2.3
veh_full_origin_0242_0008,private_car,origin_0242,5439170734,6468#4,,shelter_2,石下小学校,7058,0,2.3
veh_full_origin_0242_0009,private_car,origin_0242,5439170734,6468#4,,shelter_2,石下小学校,7058,0,2.3
veh_full_origin_0242_0010,private_car,origin_0242,5439170734,6468#4,,shelter_2,石下小学校,7058,0,2.3
veh_full_origin_0242_0011,private_car,origin_0242,5439170734,6468#4,,shelter_2,石下小学校,7058,0,2.3
veh_full_origin_0242_0012,private_car,origin_0242,5439170734,6468#4,,shelter_2,石下小学校,7058,0,2.3
veh_full_origin_0242_0013,private_car,origin_0242,5439170734,6468#4,,shelter_2,石下小学校,7058,0,2.3
veh_full_origin_0242_0014,private_car,origin_0242,5439170734,6468#4,,shelter_2,石下小学校,7058,0,2.3
veh_full_origin_0242_0015,private_car,origin_0242,5439170734,6468#4,,shelter_2,石下小学校,7058,0,2.3
veh_full_origin_0242_0016,private_car,origin_0242,5439170734,6468#4,,shelter_2,石下小学校,7058,0,2.3
veh_full_origin_0242_0017,private_car,origin_0242,5439170734,6468#4,,shelter_2,石下小学校,7058,0,2.3
veh_full_origin_0242_0018,private_car,origin_0242,5439170734,6468#4,,shelter_2,石下小学校,7058,0,2.3
veh_full_origin_0242_0019,private_car,origin_0242,5439170734,6468#4,,shelter_2,石下小学校,7058,0,2.3
veh_full_origin_0242_0020,private_car,origin_0242,5439170734,6468#4,,shelter_2,石下小学校,7058,0,2.3
veh_full_origin_0242_0021,private_car,origin_0242,5439170734,6468#4,,shelter_2,石下小学校,7058,0,2.3
veh_full_origin_0242_0022,private_car,origin_0242,5439170734,6468#4,,shelter_2,石下小学校,7058,0,2.3
veh_full_origin_0242_0023,private_car,origin_0242,5439170734,6468#4,,shelter_2,石下小学校,7058,0,2.3
veh_full_origin_0242_0024,private_car,origin_0242,5439170734,6468#4,,shelter_2,石下小学校,7058,0,2.3
veh_full_origin_0242_0025,private_car,origin_0242,5439170734,6468#4,,shelter_2,石下小学校,7058,0,2.3
veh_full_origin_0242_0026,private_car,origin_0242,5439170734,6468#4,,shelter_2,石下小学校,7058,0,2.3
veh_full_origin_0242_0027,private_car,origin_0242,5439170734,6468#4,,shelter_2,石下小学校,7058,0,2.3
veh_full_origin_0242_0028,private_car,origin_0242,5439170734,6468#4,,shelter_2,石下小学校,7058,0,2.3
veh_full_origin_0243_0001,private_car,origin_0243,5439170922,4607#4,,shelter_2,石下小学校,7058,0,2.3
veh_full_origin_0243_0002,private_car,origin_0243,5439170922,4607#4,,shelter_2,石下小学校,7058,0,2.3
veh_full_origin_0243_0003,private_car,origin_0243,5439170922,4607#4,,shelter_2,石下小学校,7058,0,2.3
veh_full_origin_0243_0004,private_car,origin_0243,5439170922,4607#4,,shelter_2,石下小学校,7058,0,2.3
veh_full_origin_0243_0005,private_car,origin_0243,5439170922,4607#4,,shelter_2,石下小学校,7058,0,2.3
veh_full_origin_0243_0006,private_car,origin_0243,5439170922,4607#4,,shelter_2,石下小学校,7058,0,2.3
veh_full_origin_0243_0007,private_car,origin_0243,5439170922,4607#4,,shelter_2,石下小学校,7058,0,2.3
veh_full_origin_0243_0008,private_car,origin_0243,5439170922,4607#4,,shelter_2,石下小学校,7058,0,2.3
veh_full_origin_0243_0009,private_car,origin_0243,5439170922,4607#4,,shelter_2,石下小学校,7058,0,2.3
veh_full_origin_0243_0010,private_car,origin_0243,5439170922,4607#4,,shelter_2,石下小学校,7058,0,2.3
veh_full_origin_0243_0011,private_car,origin_0243,5439170922,4607#4,,shelter_2,石下小学校,7058,0,2.3
veh_full_origin_0243_0012,private_car,origin_0243,5439170922,4607#4,,shelter_2,石下小学校,7058,0,2.3
veh_full_origin_0243_0013,private_car,origin_0243,5439170922,4607#4,,shelter_2,石下小学校,7058,0,2.3
veh_full_origin_0243_0014,private_car,origin_0243,5439170922,4607#4,,shelter_2,石下小学校,7058,0,2.3
veh_full_origin_0243_0015,private_car,origin_0243,5439170922,4607#4,,shelter_2,石下小学校,7058,0,2.3
veh_full_origin_0243_0016,private_car,origin_0243,5439170922,4607#4,,shelter_2,石下小学校,7058,0,2.3
veh_full_origin_0243_0017,private_car,origin_0243,5439170922,4607#4,,shelter_2,石下小学校,7058,0,2.3
veh_full_origin_0243_0018,private_car,origin_0243,5439170922,4607#4,,shelter_2,石下小学校,7058,0,2.3
veh_full_origin_0243_0019,private_car,origin_0243,5439170922,4607#4,,shelter_2,石下小学校,7058,0,2.3
veh_full_origin_0243_0020,private_car,origin_0243,5439170922,4607#4,,shelter_2,石下小学校,7058,0,2.3
veh_full_origin_0243_0021,private_car,origin_0243,5439170922,4607#4,,shelter_2,石下小学校,7058,0,2.3
veh_full_origin_0243_0022,private_car,origin_0243,5439170922,4607#4,,shelter_2,石下小学校,7058,0,2.3
veh_full_origin_0243_0023,private_car,origin_0243,5439170922,4607#4,,shelter_2,石下小学校,7058,0,2.3
veh_full_origin_0244_0001,private_car,origin_0244,5439170941,2097#3,,shelter_2,石下小学校,7058,0,2.3
veh_full_origin_0244_0002,private_car,origin_0244,5439170941,2097#3,,shelter_2,石下小学校,7058,0,2.3
veh_full_origin_0244_0003,private_car,origin_0244,5439170941,2097#3,,shelter_2,石下小学校,7058,0,2.3
veh_full_origin_0244_0004,private_car,origin_0244,5439170941,2097#3,,shelter_2,石下小学校,7058,0,2.3
veh_full_origin_0244_0005,private_car,origin_0244,5439170941,2097#3,,shelter_2,石下小学校,7058,0,2.3
veh_full_origin_0244_0006,private_car,origin_0244,5439170941,2097#3,,shelter_2,石下小学校,7058,0,2.3
veh_full_origin_0244_0007,private_car,origin_0244,5439170941,2097#3,,shelter_2,石下小学校,7058,0,2.3
veh_full_origin_0244_0008,private_car,origin_0244,5439170941,2097#3,,shelter_2,石下小学校,7058,0,2.3
veh_full_origin_0244_0009,private_car,origin_0244,5439170941,2097#3,,shelter_2,石下小学校,7058,0,2.3
veh_full_origin_0244_0010,private_car,origin_0244,5439170941,2097#3,,shelter_2,石下小学校,7058,0,2.3
veh_full_origin_0244_0011,private_car,origin_0244,5439170941,2097#3,,shelter_2,石下小学校,7058,0,2.3
veh_full_origin_0244_0012,private_car,origin_0244,5439170941,2097#3,,shelter_2,石下小学校,7058,0,2.3
veh_full_origin_0244_0013,private_car,origin_0244,5439170941,2097#3,,shelter_2,石下小学校,7058,0,2.3
veh_full_origin_0244_0014,private_car,origin_0244,5439170941,2097#3,,shelter_2,石下小学校,7058,0,2.3
veh_full_origin_0244_0015,private_car,origin_0244,5439170941,2097#3,,shelter_2,石下小学校,7058,0,2.3
veh_full_origin_0244_0016,private_car,origin_0244,5439170941,2097#3,,shelter_2,石下小学校,7058,0,2.3
veh_full_origin_0244_0017,private_car,origin_0244,5439170941,2097#3,,shelter_2,石下小学校,7058,0,2.3
veh_full_origin_0244_0018,private_car,origin_0244,5439170941,2097#3,,shelter_2,石下小学校,7058,0,2.3
veh_full_origin_0244_0019,private_car,origin_0244,5439170941,2097#3,,shelter_2,石下小学校,7058,0,2.3
veh_full_origin_0244_0020,private_car,origin_0244,5439170941,2097#3,,shelter_2,石下小学校,7058,0,2.3
veh_full_origin_0244_0021,private_car,origin_0244,5439170941,2097#3,,shelter_2,石下小学校,7058,0,2.3
veh_full_origin_0244_0022,private_car,origin_0244,5439170941,2097#3,,shelter_2,石下小学校,7058,0,2.3
veh_full_origin_0244_0023,private_car,origin_0244,5439170941,2097#3,,shelter_2,石下小学校,7058,0,2.3
veh_full_origin_0244_0024,private_car,origin_0244,5439170941,2097#3,,shelter_2,石下小学校,7058,0,2.3
veh_full_origin_0244_0025,private_car,origin_0244,5439170941,2097#3,,shelter_2,石下小学校,7058,0,2.3
veh_full_origin_0244_0026,private_car,origin_0244,5439170941,2097#3,,shelter_2,石下小学校,7058,0,2.3
veh_full_origin_0244_0027,private_car,origin_0244,5439170941,2097#3,,shelter_2,石下小学校,7058,0,2.3
veh_full_origin_0244_0028,private_car,origin_0244,5439170941,2097#3,,shelter_2,石下小学校,7058,0,2.3
veh_full_origin_0244_0029,private_car,origin_0244,5439170941,2097#3,,shelter_2,石下小学校,7058,0,2.3
veh_full_origin_0245_0001,private_car,origin_0245,5439171314,2176#0,,shelter_0,飯沼小学校,3270#3,0,2.3
veh_full_origin_0245_0002,private_car,origin_0245,5439171314,2176#0,,shelter_0,飯沼小学校,3270#3,0,2.3
veh_full_origin_0245_0003,private_car,origin_0245,5439171314,2176#0,,shelter_0,飯沼小学校,3270#3,0,2.3
veh_full_origin_0245_0004,private_car,origin_0245,5439171314,2176#0,,shelter_0,飯沼小学校,3270#3,0,2.3
veh_full_origin_0245_0005,private_car,origin_0245,5439171314,2176#0,,shelter_0,飯沼小学校,3270#3,0,2.3
veh_full_origin_0245_0006,private_car,origin_0245,5439171314,2176#0,,shelter_0,飯沼小学校,3270#3,0,2.3
veh_full_origin_0245_0007,private_car,origin_0245,5439171314,2176#0,,shelter_0,飯沼小学校,3270#3,0,2.3
veh_full_origin_0245_0008,private_car,origin_0245,5439171314,2176#0,,shelter_0,飯沼小学校,3270#3,0,2.3
veh_full_origin_0245_0009,private_car,origin_0245,5439171314,2176#0,,shelter_0,飯沼小学校,3270#3,0,2.3
veh_full_origin_0245_0010,private_car,origin_0245,5439171314,2176#0,,shelter_0,飯沼小学校,3270#3,0,2.3
veh_full_origin_0245_0011,private_car,origin_0245,5439171314,2176#0,,shelter_0,飯沼小学校,3270#3,0,2.3
veh_full_origin_0245_0012,private_car,origin_0245,5439171314,2176#0,,shelter_0,飯沼小学校,3270#3,0,2.3
veh_full_origin_0245_0013,private_car,origin_0245,5439171314,2176#0,,shelter_0,飯沼小学校,3270#3,0,2.3
veh_full_origin_0246_0001,private_car,origin_0246,5439171323,2469#4,,shelter_0,飯沼小学校,3270#3,0,2.3
veh_full_origin_0246_0002,private_car,origin_0246,5439171323,2469#4,,shelter_0,飯沼小学校,3270#3,0,2.3
veh_full_origin_0246_0003,private_car,origin_0246,5439171323,2469#4,,shelter_0,飯沼小学校,3270#3,0,2.3
veh_full_origin_0246_0004,private_car,origin_0246,5439171323,2469#4,,shelter_0,飯沼小学校,3270#3,0,2.3
veh_full_origin_0246_0005,private_car,origin_0246,5439171323,2469#4,,shelter_0,飯沼小学校,3270#3,0,2.3
veh_full_origin_0246_0006,private_car,origin_0246,5439171323,2469#4,,shelter_0,飯沼小学校,3270#3,0,2.3
veh_full_origin_0246_0007,private_car,origin_0246,5439171323,2469#4,,shelter_0,飯沼小学校,3270#3,0,2.3
veh_full_origin_0246_0008,private_car,origin_0246,5439171323,2469#4,,shelter_0,飯沼小学校,3270#3,0,2.3
veh_full_origin_0246_0009,private_car,origin_0246,5439171323,2469#4,,shelter_0,飯沼小学校,3270#3,0,2.3
veh_full_origin_0246_0010,private_car,origin_0246,5439171323,2469#4,,shelter_0,飯沼小学校,3270#3,0,2.3
veh_full_origin_0246_0011,private_car,origin_0246,5439171323,2469#4,,shelter_0,飯沼小学校,3270#3,0,2.3
veh_full_origin_0246_0012,private_car,origin_0246,5439171323,2469#4,,shelter_0,飯沼小学校,3270#3,0,2.3
veh_full_origin_0246_0013,private_car,origin_0246,5439171323,2469#4,,shelter_0,飯沼小学校,3270#3,0,2.3
veh_full_origin_0246_0014,private_car,origin_0246,5439171323,2469#4,,shelter_0,飯沼小学校,3270#3,0,2.3
veh_full_origin_0247_0001,private_car,origin_0247,5439171332,2756#11,,shelter_0,飯沼小学校,3270#3,0,2.3
veh_full_origin_0247_0002,private_car,origin_0247,5439171332,2756#11,,shelter_0,飯沼小学校,3270#3,0,2.3
veh_full_origin_0247_0003,private_car,origin_0247,5439171332,2756#11,,shelter_0,飯沼小学校,3270#3,0,2.3
veh_full_origin_0247_0004,private_car,origin_0247,5439171332,2756#11,,shelter_0,飯沼小学校,3270#3,0,2.3
veh_full_origin_0247_0005,private_car,origin_0247,5439171332,2756#11,,shelter_0,飯沼小学校,3270#3,0,2.3
veh_full_origin_0247_0006,private_car,origin_0247,5439171332,2756#11,,shelter_0,飯沼小学校,3270#3,0,2.3
veh_full_origin_0247_0007,private_car,origin_0247,5439171332,2756#11,,shelter_0,飯沼小学校,3270#3,0,2.3
veh_full_origin_0247_0008,private_car,origin_0247,5439171332,2756#11,,shelter_0,飯沼小学校,3270#3,0,2.3
veh_full_origin_0247_0009,private_car,origin_0247,5439171332,2756#11,,shelter_0,飯沼小学校,3270#3,0,2.3
veh_full_origin_0248_0001,private_car,origin_0248,5439171333,2469#3,,shelter_0,飯沼小学校,3270#3,0,2.3
veh_full_origin_0248_0002,private_car,origin_0248,5439171333,2469#3,,shelter_0,飯沼小学校,3270#3,0,2.3
veh_full_origin_0249_0001,private_car,origin_0249,5439171334,2469#3,,shelter_0,飯沼小学校,3270#3,0,2.3
veh_full_origin_0249_0002,private_car,origin_0249,5439171334,2469#3,,shelter_0,飯沼小学校,3270#3,0,2.3
veh_full_origin_0249_0003,private_car,origin_0249,5439171334,2469#3,,shelter_0,飯沼小学校,3270#3,0,2.3
veh_full_origin_0249_0004,private_car,origin_0249,5439171334,2469#3,,shelter_0,飯沼小学校,3270#3,0,2.3
veh_full_origin_0249_0005,private_car,origin_0249,5439171334,2469#3,,shelter_0,飯沼小学校,3270#3,0,2.3
veh_full_origin_0249_0006,private_car,origin_0249,5439171334,2469#3,,shelter_0,飯沼小学校,3270#3,0,2.3
veh_full_origin_0249_0007,private_car,origin_0249,5439171334,2469#3,,shelter_0,飯沼小学校,3270#3,0,2.3
veh_full_origin_0249_0008,private_car,origin_0249,5439171334,2469#3,,shelter_0,飯沼小学校,3270#3,0,2.3
veh_full_origin_0249_0009,private_car,origin_0249,5439171334,2469#3,,shelter_0,飯沼小学校,3270#3,0,2.3
veh_full_origin_0249_0010,private_car,origin_0249,5439171334,2469#3,,shelter_0,飯沼小学校,3270#3,0,2.3
veh_full_origin_0249_0011,private_car,origin_0249,5439171334,2469#3,,shelter_0,飯沼小学校,3270#3,0,2.3
veh_full_origin_0249_0012,private_car,origin_0249,5439171334,2469#3,,shelter_0,飯沼小学校,3270#3,0,2.3
veh_full_origin_0249_0013,private_car,origin_0249,5439171334,2469#3,,shelter_0,飯沼小学校,3270#3,0,2.3
veh_full_origin_0249_0014,private_car,origin_0249,5439171334,2469#3,,shelter_0,飯沼小学校,3270#3,0,2.3
veh_full_origin_0249_0015,private_car,origin_0249,5439171334,2469#3,,shelter_0,飯沼小学校,3270#3,0,2.3
veh_full_origin_0249_0016,private_car,origin_0249,5439171334,2469#3,,shelter_0,飯沼小学校,3270#3,0,2.3
veh_full_origin_0249_0017,private_car,origin_0249,5439171334,2469#3,,shelter_0,飯沼小学校,3270#3,0,2.3
veh_full_origin_0249_0018,private_car,origin_0249,5439171334,2469#3,,shelter_0,飯沼小学校,3270#3,0,2.3
veh_full_origin_0249_0019,private_car,origin_0249,5439171334,2469#3,,shelter_0,飯沼小学校,3270#3,0,2.3
veh_full_origin_0249_0020,private_car,origin_0249,5439171334,2469#3,,shelter_0,飯沼小学校,3270#3,0,2.3
veh_full_origin_0250_0001,private_car,origin_0250,5439171341,2756#10,,shelter_0,飯沼小学校,3270#3,0,2.3
veh_full_origin_0250_0002,private_car,origin_0250,5439171341,2756#10,,shelter_0,飯沼小学校,3270#3,0,2.3
veh_full_origin_0250_0003,private_car,origin_0250,5439171341,2756#10,,shelter_0,飯沼小学校,3270#3,0,2.3
veh_full_origin_0250_0004,private_car,origin_0250,5439171341,2756#10,,shelter_0,飯沼小学校,3270#3,0,2.3
veh_full_origin_0250_0005,private_car,origin_0250,5439171341,2756#10,,shelter_0,飯沼小学校,3270#3,0,2.3
veh_full_origin_0251_0001,private_car,origin_0251,5439171422,2294#3,,shelter_0,飯沼小学校,3270#3,0,2.3
veh_full_origin_0251_0002,private_car,origin_0251,5439171422,2294#3,,shelter_0,飯沼小学校,3270#3,0,2.3
veh_full_origin_0251_0003,private_car,origin_0251,5439171422,2294#3,,shelter_0,飯沼小学校,3270#3,0,2.3
veh_full_origin_0251_0004,private_car,origin_0251,5439171422,2294#3,,shelter_0,飯沼小学校,3270#3,0,2.3
veh_full_origin_0251_0005,private_car,origin_0251,5439171422,2294#3,,shelter_0,飯沼小学校,3270#3,0,2.3
veh_full_origin_0251_0006,private_car,origin_0251,5439171422,2294#3,,shelter_0,飯沼小学校,3270#3,0,2.3
veh_full_origin_0251_0007,private_car,origin_0251,5439171422,2294#3,,shelter_0,飯沼小学校,3270#3,0,2.3
veh_full_origin_0252_0001,private_car,origin_0252,5439171423,2203#0,,shelter_0,飯沼小学校,3270#3,0,2.3
veh_full_origin_0252_0002,private_car,origin_0252,5439171423,2203#0,,shelter_0,飯沼小学校,3270#3,0,2.3
veh_full_origin_0252_0003,private_car,origin_0252,5439171423,2203#0,,shelter_0,飯沼小学校,3270#3,0,2.3
veh_full_origin_0252_0004,private_car,origin_0252,5439171423,2203#0,,shelter_0,飯沼小学校,3270#3,0,2.3
veh_full_origin_0253_0001,private_car,origin_0253,5439171424,7964#1,,shelter_0,飯沼小学校,3270#3,0,2.3
veh_full_origin_0253_0002,private_car,origin_0253,5439171424,7964#1,,shelter_0,飯沼小学校,3270#3,0,2.3
veh_full_origin_0253_0003,private_car,origin_0253,5439171424,7964#1,,shelter_0,飯沼小学校,3270#3,0,2.3
veh_full_origin_0253_0004,private_car,origin_0253,5439171424,7964#1,,shelter_0,飯沼小学校,3270#3,0,2.3
veh_full_origin_0253_0005,private_car,origin_0253,5439171424,7964#1,,shelter_0,飯沼小学校,3270#3,0,2.3
veh_full_origin_0253_0006,private_car,origin_0253,5439171424,7964#1,,shelter_0,飯沼小学校,3270#3,0,2.3
veh_full_origin_0253_0007,private_car,origin_0253,5439171424,7964#1,,shelter_0,飯沼小学校,3270#3,0,2.3
veh_full_origin_0253_0008,private_car,origin_0253,5439171424,7964#1,,shelter_0,飯沼小学校,3270#3,0,2.3
veh_full_origin_0253_0009,private_car,origin_0253,5439171424,7964#1,,shelter_0,飯沼小学校,3270#3,0,2.3
veh_full_origin_0253_0010,private_car,origin_0253,5439171424,7964#1,,shelter_0,飯沼小学校,3270#3,0,2.3
veh_full_origin_0253_0011,private_car,origin_0253,5439171424,7964#1,,shelter_0,飯沼小学校,3270#3,0,2.3
veh_full_origin_0253_0012,private_car,origin_0253,5439171424,7964#1,,shelter_0,飯沼小学校,3270#3,0,2.3
veh_full_origin_0253_0013,private_car,origin_0253,5439171424,7964#1,,shelter_0,飯沼小学校,3270#3,0,2.3
veh_full_origin_0253_0014,private_car,origin_0253,5439171424,7964#1,,shelter_0,飯沼小学校,3270#3,0,2.3
veh_full_origin_0253_0015,private_car,origin_0253,5439171424,7964#1,,shelter_0,飯沼小学校,3270#3,0,2.3
veh_full_origin_0253_0016,private_car,origin_0253,5439171424,7964#1,,shelter_0,飯沼小学校,3270#3,0,2.3
veh_full_origin_0253_0017,private_car,origin_0253,5439171424,7964#1,,shelter_0,飯沼小学校,3270#3,0,2.3
veh_full_origin_0253_0018,private_car,origin_0253,5439171424,7964#1,,shelter_0,飯沼小学校,3270#3,0,2.3
veh_full_origin_0253_0019,private_car,origin_0253,5439171424,7964#1,,shelter_0,飯沼小学校,3270#3,0,2.3
veh_full_origin_0253_0020,private_car,origin_0253,5439171424,7964#1,,shelter_0,飯沼小学校,3270#3,0,2.3
veh_full_origin_0254_0001,private_car,origin_0254,5439171441,2469#2,,shelter_0,飯沼小学校,3270#3,0,2.3
veh_full_origin_0255_0001,private_car,origin_0255,5439171442,2318#1,,shelter_0,飯沼小学校,3270#3,0,2.3
veh_full_origin_0255_0002,private_car,origin_0255,5439171442,2318#1,,shelter_0,飯沼小学校,3270#3,0,2.3
veh_full_origin_0255_0003,private_car,origin_0255,5439171442,2318#1,,shelter_0,飯沼小学校,3270#3,0,2.3
veh_full_origin_0255_0004,private_car,origin_0255,5439171442,2318#1,,shelter_0,飯沼小学校,3270#3,0,2.3
veh_full_origin_0255_0005,private_car,origin_0255,5439171442,2318#1,,shelter_0,飯沼小学校,3270#3,0,2.3
veh_full_origin_0255_0006,private_car,origin_0255,5439171442,2318#1,,shelter_0,飯沼小学校,3270#3,0,2.3
veh_full_origin_0256_0001,private_car,origin_0256,5439171443,2346#1,,shelter_0,飯沼小学校,3270#3,0,2.3
veh_full_origin_0256_0002,private_car,origin_0256,5439171443,2346#1,,shelter_0,飯沼小学校,3270#3,0,2.3
veh_full_origin_0256_0003,private_car,origin_0256,5439171443,2346#1,,shelter_0,飯沼小学校,3270#3,0,2.3
veh_full_origin_0256_0004,private_car,origin_0256,5439171443,2346#1,,shelter_0,飯沼小学校,3270#3,0,2.3
veh_full_origin_0256_0005,private_car,origin_0256,5439171443,2346#1,,shelter_0,飯沼小学校,3270#3,0,2.3
veh_full_origin_0256_0006,private_car,origin_0256,5439171443,2346#1,,shelter_0,飯沼小学校,3270#3,0,2.3
veh_full_origin_0256_0007,private_car,origin_0256,5439171443,2346#1,,shelter_0,飯沼小学校,3270#3,0,2.3
veh_full_origin_0256_0008,private_car,origin_0256,5439171443,2346#1,,shelter_0,飯沼小学校,3270#3,0,2.3
veh_full_origin_0256_0009,private_car,origin_0256,5439171443,2346#1,,shelter_0,飯沼小学校,3270#3,0,2.3
veh_full_origin_0256_0010,private_car,origin_0256,5439171443,2346#1,,shelter_0,飯沼小学校,3270#3,0,2.3
veh_full_origin_0256_0011,private_car,origin_0256,5439171443,2346#1,,shelter_0,飯沼小学校,3270#3,0,2.3
veh_full_origin_0256_0012,private_car,origin_0256,5439171443,2346#1,,shelter_0,飯沼小学校,3270#3,0,2.3
veh_full_origin_0256_0013,private_car,origin_0256,5439171443,2346#1,,shelter_0,飯沼小学校,3270#3,0,2.3
veh_full_origin_0256_0014,private_car,origin_0256,5439171443,2346#1,,shelter_0,飯沼小学校,3270#3,0,2.3
veh_full_origin_0256_0015,private_car,origin_0256,5439171443,2346#1,,shelter_0,飯沼小学校,3270#3,0,2.3
veh_full_origin_0256_0016,private_car,origin_0256,5439171443,2346#1,,shelter_0,飯沼小学校,3270#3,0,2.3
veh_full_origin_0256_0017,private_car,origin_0256,5439171443,2346#1,,shelter_0,飯沼小学校,3270#3,0,2.3
veh_full_origin_0256_0018,private_car,origin_0256,5439171443,2346#1,,shelter_0,飯沼小学校,3270#3,0,2.3
veh_full_origin_0256_0019,private_car,origin_0256,5439171443,2346#1,,shelter_0,飯沼小学校,3270#3,0,2.3
veh_full_origin_0257_0001,private_car,origin_0257,5439171511,12764#0,,shelter_0,飯沼小学校,3270#3,0,2.3
veh_full_origin_0257_0002,private_car,origin_0257,5439171511,12764#0,,shelter_0,飯沼小学校,3270#3,0,2.3
veh_full_origin_0257_0003,private_car,origin_0257,5439171511,12764#0,,shelter_0,飯沼小学校,3270#3,0,2.3
veh_full_origin_0257_0004,private_car,origin_0257,5439171511,12764#0,,shelter_0,飯沼小学校,3270#3,0,2.3
veh_full_origin_0257_0005,private_car,origin_0257,5439171511,12764#0,,shelter_0,飯沼小学校,3270#3,0,2.3
veh_full_origin_0257_0006,private_car,origin_0257,5439171511,12764#0,,shelter_0,飯沼小学校,3270#3,0,2.3
veh_full_origin_0257_0007,private_car,origin_0257,5439171511,12764#0,,shelter_0,飯沼小学校,3270#3,0,2.3
veh_full_origin_0257_0008,private_car,origin_0257,5439171511,12764#0,,shelter_0,飯沼小学校,3270#3,0,2.3
veh_full_origin_0257_0009,private_car,origin_0257,5439171511,12764#0,,shelter_0,飯沼小学校,3270#3,0,2.3
veh_full_origin_0257_0010,private_car,origin_0257,5439171511,12764#0,,shelter_0,飯沼小学校,3270#3,0,2.3
veh_full_origin_0257_0011,private_car,origin_0257,5439171511,12764#0,,shelter_0,飯沼小学校,3270#3,0,2.3
veh_full_origin_0258_0001,private_car,origin_0258,5439171814,11300#0,,shelter_2,石下小学校,7058,0,2.3
veh_full_origin_0258_0002,private_car,origin_0258,5439171814,11300#0,,shelter_2,石下小学校,7058,0,2.3
veh_full_origin_0258_0003,private_car,origin_0258,5439171814,11300#0,,shelter_2,石下小学校,7058,0,2.3
veh_full_origin_0258_0004,private_car,origin_0258,5439171814,11300#0,,shelter_2,石下小学校,7058,0,2.3
veh_full_origin_0258_0005,private_car,origin_0258,5439171814,11300#0,,shelter_2,石下小学校,7058,0,2.3
veh_full_origin_0258_0006,private_car,origin_0258,5439171814,11300#0,,shelter_2,石下小学校,7058,0,2.3
veh_full_origin_0258_0007,private_car,origin_0258,5439171814,11300#0,,shelter_2,石下小学校,7058,0,2.3
veh_full_origin_0258_0008,private_car,origin_0258,5439171814,11300#0,,shelter_2,石下小学校,7058,0,2.3
veh_full_origin_0258_0009,private_car,origin_0258,5439171814,11300#0,,shelter_2,石下小学校,7058,0,2.3
veh_full_origin_0258_0010,private_car,origin_0258,5439171814,11300#0,,shelter_2,石下小学校,7058,0,2.3
veh_full_origin_0259_0001,private_car,origin_0259,5439172214,3154#11,,shelter_0,飯沼小学校,3270#3,0,2.3
veh_full_origin_0259_0002,private_car,origin_0259,5439172214,3154#11,,shelter_0,飯沼小学校,3270#3,0,2.3
veh_full_origin_0259_0003,private_car,origin_0259,5439172214,3154#11,,shelter_0,飯沼小学校,3270#3,0,2.3
veh_full_origin_0259_0004,private_car,origin_0259,5439172214,3154#11,,shelter_0,飯沼小学校,3270#3,0,2.3
veh_full_origin_0259_0005,private_car,origin_0259,5439172214,3154#11,,shelter_0,飯沼小学校,3270#3,0,2.3
veh_full_origin_0259_0006,private_car,origin_0259,5439172214,3154#11,,shelter_0,飯沼小学校,3270#3,0,2.3
veh_full_origin_0259_0007,private_car,origin_0259,5439172214,3154#11,,shelter_0,飯沼小学校,3270#3,0,2.3
veh_full_origin_0259_0008,private_car,origin_0259,5439172214,3154#11,,shelter_0,飯沼小学校,3270#3,0,2.3
veh_full_origin_0260_0001,private_car,origin_0260,5439172224,3183#2,,shelter_0,飯沼小学校,3270#3,0,2.3
veh_full_origin_0260_0002,private_car,origin_0260,5439172224,3183#2,,shelter_0,飯沼小学校,3270#3,0,2.3
veh_full_origin_0260_0003,private_car,origin_0260,5439172224,3183#2,,shelter_0,飯沼小学校,3270#3,0,2.3
veh_full_origin_0260_0004,private_car,origin_0260,5439172224,3183#2,,shelter_0,飯沼小学校,3270#3,0,2.3
veh_full_origin_0260_0005,private_car,origin_0260,5439172224,3183#2,,shelter_0,飯沼小学校,3270#3,0,2.3
veh_full_origin_0260_0006,private_car,origin_0260,5439172224,3183#2,,shelter_0,飯沼小学校,3270#3,0,2.3
veh_full_origin_0260_0007,private_car,origin_0260,5439172224,3183#2,,shelter_0,飯沼小学校,3270#3,0,2.3
veh_full_origin_0260_0008,private_car,origin_0260,5439172224,3183#2,,shelter_0,飯沼小学校,3270#3,0,2.3
veh_full_origin_0260_0009,private_car,origin_0260,5439172224,3183#2,,shelter_0,飯沼小学校,3270#3,0,2.3
veh_full_origin_0260_0010,private_car,origin_0260,5439172224,3183#2,,shelter_0,飯沼小学校,3270#3,0,2.3
veh_full_origin_0260_0011,private_car,origin_0260,5439172224,3183#2,,shelter_0,飯沼小学校,3270#3,0,2.3
veh_full_origin_0260_0012,private_car,origin_0260,5439172224,3183#2,,shelter_0,飯沼小学校,3270#3,0,2.3
veh_full_origin_0260_0013,private_car,origin_0260,5439172224,3183#2,,shelter_0,飯沼小学校,3270#3,0,2.3
veh_full_origin_0261_0001,private_car,origin_0261,5439172233,3183#0,,shelter_0,飯沼小学校,3270#3,0,2.3
veh_full_origin_0261_0002,private_car,origin_0261,5439172233,3183#0,,shelter_0,飯沼小学校,3270#3,0,2.3
veh_full_origin_0261_0003,private_car,origin_0261,5439172233,3183#0,,shelter_0,飯沼小学校,3270#3,0,2.3
veh_full_origin_0261_0004,private_car,origin_0261,5439172233,3183#0,,shelter_0,飯沼小学校,3270#3,0,2.3
veh_full_origin_0261_0005,private_car,origin_0261,5439172233,3183#0,,shelter_0,飯沼小学校,3270#3,0,2.3
veh_full_origin_0261_0006,private_car,origin_0261,5439172233,3183#0,,shelter_0,飯沼小学校,3270#3,0,2.3
veh_full_origin_0261_0007,private_car,origin_0261,5439172233,3183#0,,shelter_0,飯沼小学校,3270#3,0,2.3
veh_full_origin_0261_0008,private_car,origin_0261,5439172233,3183#0,,shelter_0,飯沼小学校,3270#3,0,2.3
veh_full_origin_0261_0009,private_car,origin_0261,5439172233,3183#0,,shelter_0,飯沼小学校,3270#3,0,2.3
veh_full_origin_0261_0010,private_car,origin_0261,5439172233,3183#0,,shelter_0,飯沼小学校,3270#3,0,2.3
veh_full_origin_0261_0011,private_car,origin_0261,5439172233,3183#0,,shelter_0,飯沼小学校,3270#3,0,2.3
veh_full_origin_0261_0012,private_car,origin_0261,5439172233,3183#0,,shelter_0,飯沼小学校,3270#3,0,2.3
veh_full_origin_0261_0013,private_car,origin_0261,5439172233,3183#0,,shelter_0,飯沼小学校,3270#3,0,2.3
veh_full_origin_0261_0014,private_car,origin_0261,5439172233,3183#0,,shelter_0,飯沼小学校,3270#3,0,2.3
veh_full_origin_0261_0015,private_car,origin_0261,5439172233,3183#0,,shelter_0,飯沼小学校,3270#3,0,2.3
veh_full_origin_0261_0016,private_car,origin_0261,5439172233,3183#0,,shelter_0,飯沼小学校,3270#3,0,2.3
veh_full_origin_0261_0017,private_car,origin_0261,5439172233,3183#0,,shelter_0,飯沼小学校,3270#3,0,2.3
veh_full_origin_0261_0018,private_car,origin_0261,5439172233,3183#0,,shelter_0,飯沼小学校,3270#3,0,2.3
veh_full_origin_0261_0019,private_car,origin_0261,5439172233,3183#0,,shelter_0,飯沼小学校,3270#3,0,2.3
veh_full_origin_0261_0020,private_car,origin_0261,5439172233,3183#0,,shelter_0,飯沼小学校,3270#3,0,2.3
veh_full_origin_0261_0021,private_car,origin_0261,5439172233,3183#0,,shelter_0,飯沼小学校,3270#3,0,2.3
veh_full_origin_0261_0022,private_car,origin_0261,5439172233,3183#0,,shelter_0,飯沼小学校,3270#3,0,2.3
veh_full_origin_0261_0023,private_car,origin_0261,5439172233,3183#0,,shelter_0,飯沼小学校,3270#3,0,2.3
veh_full_origin_0261_0024,private_car,origin_0261,5439172233,3183#0,,shelter_0,飯沼小学校,3270#3,0,2.3
veh_full_origin_0261_0025,private_car,origin_0261,5439172233,3183#0,,shelter_0,飯沼小学校,3270#3,0,2.3
veh_full_origin_0261_0026,private_car,origin_0261,5439172233,3183#0,,shelter_0,飯沼小学校,3270#3,0,2.3
veh_full_origin_0261_0027,private_car,origin_0261,5439172233,3183#0,,shelter_0,飯沼小学校,3270#3,0,2.3
veh_full_origin_0261_0028,private_car,origin_0261,5439172233,3183#0,,shelter_0,飯沼小学校,3270#3,0,2.3
veh_full_origin_0261_0029,private_car,origin_0261,5439172233,3183#0,,shelter_0,飯沼小学校,3270#3,0,2.3
veh_full_origin_0261_0030,private_car,origin_0261,5439172233,3183#0,,shelter_0,飯沼小学校,3270#3,0,2.3
veh_full_origin_0261_0031,private_car,origin_0261,5439172233,3183#0,,shelter_0,飯沼小学校,3270#3,0,2.3
veh_full_origin_0261_0032,private_car,origin_0261,5439172233,3183#0,,shelter_0,飯沼小学校,3270#3,0,2.3
veh_full_origin_0261_0033,private_car,origin_0261,5439172233,3183#0,,shelter_0,飯沼小学校,3270#3,0,2.3
veh_full_origin_0261_0034,private_car,origin_0261,5439172233,3183#0,,shelter_0,飯沼小学校,3270#3,0,2.3
veh_full_origin_0261_0035,private_car,origin_0261,5439172233,3183#0,,shelter_0,飯沼小学校,3270#3,0,2.3
veh_full_origin_0261_0036,private_car,origin_0261,5439172233,3183#0,,shelter_0,飯沼小学校,3270#3,0,2.3
veh_full_origin_0261_0037,private_car,origin_0261,5439172233,3183#0,,shelter_0,飯沼小学校,3270#3,0,2.3
veh_full_origin_0261_0038,private_car,origin_0261,5439172233,3183#0,,shelter_0,飯沼小学校,3270#3,0,2.3
veh_full_origin_0261_0039,private_car,origin_0261,5439172233,3183#0,,shelter_0,飯沼小学校,3270#3,0,2.3
veh_full_origin_0261_0040,private_car,origin_0261,5439172233,3183#0,,shelter_0,飯沼小学校,3270#3,0,2.3
veh_full_origin_0261_0041,private_car,origin_0261,5439172233,3183#0,,shelter_0,飯沼小学校,3270#3,0,2.3
veh_full_origin_0261_0042,private_car,origin_0261,5439172233,3183#0,,shelter_0,飯沼小学校,3270#3,0,2.3
veh_full_origin_0261_0043,private_car,origin_0261,5439172233,3183#0,,shelter_0,飯沼小学校,3270#3,0,2.3
veh_full_origin_0261_0044,private_car,origin_0261,5439172233,3183#0,,shelter_0,飯沼小学校,3270#3,0,2.3
veh_full_origin_0261_0045,private_car,origin_0261,5439172233,3183#0,,shelter_0,飯沼小学校,3270#3,0,2.3
veh_full_origin_0261_0046,private_car,origin_0261,5439172233,3183#0,,shelter_0,飯沼小学校,3270#3,0,2.3
veh_full_origin_0261_0047,private_car,origin_0261,5439172233,3183#0,,shelter_0,飯沼小学校,3270#3,0,2.3
veh_full_origin_0261_0048,private_car,origin_0261,5439172233,3183#0,,shelter_0,飯沼小学校,3270#3,0,2.3
veh_full_origin_0261_0049,private_car,origin_0261,5439172233,3183#0,,shelter_0,飯沼小学校,3270#3,0,2.3
veh_full_origin_0261_0050,private_car,origin_0261,5439172233,3183#0,,shelter_0,飯沼小学校,3270#3,0,2.3
veh_full_origin_0261_0051,private_car,origin_0261,5439172233,3183#0,,shelter_0,飯沼小学校,3270#3,0,2.3
veh_full_origin_0261_0052,private_car,origin_0261,5439172233,3183#0,,shelter_0,飯沼小学校,3270#3,0,2.3
veh_full_origin_0261_0053,private_car,origin_0261,5439172233,3183#0,,shelter_0,飯沼小学校,3270#3,0,2.3
veh_full_origin_0261_0054,private_car,origin_0261,5439172233,3183#0,,shelter_0,飯沼小学校,3270#3,0,2.3
veh_full_origin_0262_0001,private_car,origin_0262,5439172234,3183#2,,shelter_0,飯沼小学校,3270#3,0,2.3
veh_full_origin_0262_0002,private_car,origin_0262,5439172234,3183#2,,shelter_0,飯沼小学校,3270#3,0,2.3
veh_full_origin_0262_0003,private_car,origin_0262,5439172234,3183#2,,shelter_0,飯沼小学校,3270#3,0,2.3
veh_full_origin_0262_0004,private_car,origin_0262,5439172234,3183#2,,shelter_0,飯沼小学校,3270#3,0,2.3
veh_full_origin_0262_0005,private_car,origin_0262,5439172234,3183#2,,shelter_0,飯沼小学校,3270#3,0,2.3
veh_full_origin_0262_0006,private_car,origin_0262,5439172234,3183#2,,shelter_0,飯沼小学校,3270#3,0,2.3
veh_full_origin_0262_0007,private_car,origin_0262,5439172234,3183#2,,shelter_0,飯沼小学校,3270#3,0,2.3
veh_full_origin_0262_0008,private_car,origin_0262,5439172234,3183#2,,shelter_0,飯沼小学校,3270#3,0,2.3
veh_full_origin_0262_0009,private_car,origin_0262,5439172234,3183#2,,shelter_0,飯沼小学校,3270#3,0,2.3
veh_full_origin_0262_0010,private_car,origin_0262,5439172234,3183#2,,shelter_0,飯沼小学校,3270#3,0,2.3
veh_full_origin_0262_0011,private_car,origin_0262,5439172234,3183#2,,shelter_0,飯沼小学校,3270#3,0,2.3
veh_full_origin_0262_0012,private_car,origin_0262,5439172234,3183#2,,shelter_0,飯沼小学校,3270#3,0,2.3
veh_full_origin_0262_0013,private_car,origin_0262,5439172234,3183#2,,shelter_0,飯沼小学校,3270#3,0,2.3
veh_full_origin_0262_0014,private_car,origin_0262,5439172234,3183#2,,shelter_0,飯沼小学校,3270#3,0,2.3
veh_full_origin_0262_0015,private_car,origin_0262,5439172234,3183#2,,shelter_0,飯沼小学校,3270#3,0,2.3
veh_full_origin_0262_0016,private_car,origin_0262,5439172234,3183#2,,shelter_0,飯沼小学校,3270#3,0,2.3
veh_full_origin_0262_0017,private_car,origin_0262,5439172234,3183#2,,shelter_0,飯沼小学校,3270#3,0,2.3
veh_full_origin_0262_0018,private_car,origin_0262,5439172234,3183#2,,shelter_0,飯沼小学校,3270#3,0,2.3
veh_full_origin_0262_0019,private_car,origin_0262,5439172234,3183#2,,shelter_0,飯沼小学校,3270#3,0,2.3
veh_full_origin_0262_0020,private_car,origin_0262,5439172234,3183#2,,shelter_0,飯沼小学校,3270#3,0,2.3
veh_full_origin_0262_0021,private_car,origin_0262,5439172234,3183#2,,shelter_0,飯沼小学校,3270#3,0,2.3
veh_full_origin_0262_0022,private_car,origin_0262,5439172234,3183#2,,shelter_0,飯沼小学校,3270#3,0,2.3
veh_full_origin_0263_0001,private_car,origin_0263,5439172242,12019#6,,shelter_0,飯沼小学校,3270#3,0,2.3
veh_full_origin_0263_0002,private_car,origin_0263,5439172242,12019#6,,shelter_0,飯沼小学校,3270#3,0,2.3
veh_full_origin_0263_0003,private_car,origin_0263,5439172242,12019#6,,shelter_0,飯沼小学校,3270#3,0,2.3
veh_full_origin_0263_0004,private_car,origin_0263,5439172242,12019#6,,shelter_0,飯沼小学校,3270#3,0,2.3
veh_full_origin_0263_0005,private_car,origin_0263,5439172242,12019#6,,shelter_0,飯沼小学校,3270#3,0,2.3
veh_full_origin_0263_0006,private_car,origin_0263,5439172242,12019#6,,shelter_0,飯沼小学校,3270#3,0,2.3
veh_full_origin_0263_0007,private_car,origin_0263,5439172242,12019#6,,shelter_0,飯沼小学校,3270#3,0,2.3
veh_full_origin_0263_0008,private_car,origin_0263,5439172242,12019#6,,shelter_0,飯沼小学校,3270#3,0,2.3
veh_full_origin_0263_0009,private_car,origin_0263,5439172242,12019#6,,shelter_0,飯沼小学校,3270#3,0,2.3
veh_full_origin_0263_0010,private_car,origin_0263,5439172242,12019#6,,shelter_0,飯沼小学校,3270#3,0,2.3
veh_full_origin_0263_0011,private_car,origin_0263,5439172242,12019#6,,shelter_0,飯沼小学校,3270#3,0,2.3
veh_full_origin_0263_0012,private_car,origin_0263,5439172242,12019#6,,shelter_0,飯沼小学校,3270#3,0,2.3
veh_full_origin_0263_0013,private_car,origin_0263,5439172242,12019#6,,shelter_0,飯沼小学校,3270#3,0,2.3
veh_full_origin_0263_0014,private_car,origin_0263,5439172242,12019#6,,shelter_0,飯沼小学校,3270#3,0,2.3
veh_full_origin_0263_0015,private_car,origin_0263,5439172242,12019#6,,shelter_0,飯沼小学校,3270#3,0,2.3
veh_full_origin_0264_0001,private_car,origin_0264,5439172243,12019#6,,shelter_0,飯沼小学校,3270#3,0,2.3
veh_full_origin_0264_0002,private_car,origin_0264,5439172243,12019#6,,shelter_0,飯沼小学校,3270#3,0,2.3
veh_full_origin_0264_0003,private_car,origin_0264,5439172243,12019#6,,shelter_0,飯沼小学校,3270#3,0,2.3
veh_full_origin_0264_0004,private_car,origin_0264,5439172243,12019#6,,shelter_0,飯沼小学校,3270#3,0,2.3
veh_full_origin_0264_0005,private_car,origin_0264,5439172243,12019#6,,shelter_0,飯沼小学校,3270#3,0,2.3
veh_full_origin_0264_0006,private_car,origin_0264,5439172243,12019#6,,shelter_0,飯沼小学校,3270#3,0,2.3
veh_full_origin_0264_0007,private_car,origin_0264,5439172243,12019#6,,shelter_0,飯沼小学校,3270#3,0,2.3
veh_full_origin_0264_0008,private_car,origin_0264,5439172243,12019#6,,shelter_0,飯沼小学校,3270#3,0,2.3
veh_full_origin_0264_0009,private_car,origin_0264,5439172243,12019#6,,shelter_0,飯沼小学校,3270#3,0,2.3
veh_full_origin_0265_0001,private_car,origin_0265,5439172244,3183#2,,shelter_0,飯沼小学校,3270#3,0,2.3
veh_full_origin_0265_0002,private_car,origin_0265,5439172244,3183#2,,shelter_0,飯沼小学校,3270#3,0,2.3
veh_full_origin_0265_0003,private_car,origin_0265,5439172244,3183#2,,shelter_0,飯沼小学校,3270#3,0,2.3
veh_full_origin_0265_0004,private_car,origin_0265,5439172244,3183#2,,shelter_0,飯沼小学校,3270#3,0,2.3
veh_full_origin_0265_0005,private_car,origin_0265,5439172244,3183#2,,shelter_0,飯沼小学校,3270#3,0,2.3
veh_full_origin_0265_0006,private_car,origin_0265,5439172244,3183#2,,shelter_0,飯沼小学校,3270#3,0,2.3
veh_full_origin_0265_0007,private_car,origin_0265,5439172244,3183#2,,shelter_0,飯沼小学校,3270#3,0,2.3
veh_full_origin_0265_0008,private_car,origin_0265,5439172244,3183#2,,shelter_0,飯沼小学校,3270#3,0,2.3
veh_full_origin_0266_0001,private_car,origin_0266,5439172311,2924#0,,shelter_0,飯沼小学校,3270#3,0,2.3
veh_full_origin_0266_0002,private_car,origin_0266,5439172311,2924#0,,shelter_0,飯沼小学校,3270#3,0,2.3
veh_full_origin_0266_0003,private_car,origin_0266,5439172311,2924#0,,shelter_0,飯沼小学校,3270#3,0,2.3
veh_full_origin_0266_0004,private_car,origin_0266,5439172311,2924#0,,shelter_0,飯沼小学校,3270#3,0,2.3
veh_full_origin_0266_0005,private_car,origin_0266,5439172311,2924#0,,shelter_0,飯沼小学校,3270#3,0,2.3
veh_full_origin_0266_0006,private_car,origin_0266,5439172311,2924#0,,shelter_0,飯沼小学校,3270#3,0,2.3
veh_full_origin_0267_0001,private_car,origin_0267,5439172312,2756#10,,shelter_0,飯沼小学校,3270#3,0,2.3
veh_full_origin_0267_0002,private_car,origin_0267,5439172312,2756#10,,shelter_0,飯沼小学校,3270#3,0,2.3
veh_full_origin_0267_0003,private_car,origin_0267,5439172312,2756#10,,shelter_0,飯沼小学校,3270#3,0,2.3
veh_full_origin_0267_0004,private_car,origin_0267,5439172312,2756#10,,shelter_0,飯沼小学校,3270#3,0,2.3
veh_full_origin_0267_0005,private_car,origin_0267,5439172312,2756#10,,shelter_0,飯沼小学校,3270#3,0,2.3
veh_full_origin_0268_0001,private_car,origin_0268,5439172313,2756#10,,shelter_0,飯沼小学校,3270#3,0,2.3
veh_full_origin_0268_0002,private_car,origin_0268,5439172313,2756#10,,shelter_0,飯沼小学校,3270#3,0,2.3
veh_full_origin_0268_0003,private_car,origin_0268,5439172313,2756#10,,shelter_0,飯沼小学校,3270#3,0,2.3
veh_full_origin_0268_0004,private_car,origin_0268,5439172313,2756#10,,shelter_0,飯沼小学校,3270#3,0,2.3
veh_full_origin_0269_0001,private_car,origin_0269,5439172421,2756#13,,shelter_0,飯沼小学校,3270#3,0,2.3
veh_full_origin_0269_0002,private_car,origin_0269,5439172421,2756#13,,shelter_0,飯沼小学校,3270#3,0,2.3
veh_full_origin_0269_0003,private_car,origin_0269,5439172421,2756#13,,shelter_0,飯沼小学校,3270#3,0,2.3
veh_full_origin_0269_0004,private_car,origin_0269,5439172421,2756#13,,shelter_0,飯沼小学校,3270#3,0,2.3
veh_full_origin_0269_0005,private_car,origin_0269,5439172421,2756#13,,shelter_0,飯沼小学校,3270#3,0,2.3
veh_full_origin_0269_0006,private_car,origin_0269,5439172421,2756#13,,shelter_0,飯沼小学校,3270#3,0,2.3
veh_full_origin_0270_0001,private_car,origin_0270,5439172422,12373#0,,shelter_0,飯沼小学校,3270#3,0,2.3
veh_full_origin_0270_0002,private_car,origin_0270,5439172422,12373#0,,shelter_0,飯沼小学校,3270#3,0,2.3
veh_full_origin_0270_0003,private_car,origin_0270,5439172422,12373#0,,shelter_0,飯沼小学校,3270#3,0,2.3
veh_full_origin_0270_0004,private_car,origin_0270,5439172422,12373#0,,shelter_0,飯沼小学校,3270#3,0,2.3
veh_full_origin_0270_0005,private_car,origin_0270,5439172422,12373#0,,shelter_0,飯沼小学校,3270#3,0,2.3
veh_full_origin_0271_0001,private_car,origin_0271,5439172441,5169#15,,shelter_0,飯沼小学校,3270#3,0,2.3
veh_full_origin_0271_0002,private_car,origin_0271,5439172441,5169#15,,shelter_0,飯沼小学校,3270#3,0,2.3
veh_full_origin_0271_0003,private_car,origin_0271,5439172441,5169#15,,shelter_0,飯沼小学校,3270#3,0,2.3
veh_full_origin_0271_0004,private_car,origin_0271,5439172441,5169#15,,shelter_0,飯沼小学校,3270#3,0,2.3
veh_full_origin_0271_0005,private_car,origin_0271,5439172441,5169#15,,shelter_0,飯沼小学校,3270#3,0,2.3
veh_full_origin_0272_0001,private_car,origin_0272,5439172623,8014,,shelter_2,石下小学校,7058,0,2.3
veh_full_origin_0272_0002,private_car,origin_0272,5439172623,8014,,shelter_2,石下小学校,7058,0,2.3
veh_full_origin_0272_0003,private_car,origin_0272,5439172623,8014,,shelter_2,石下小学校,7058,0,2.3
veh_full_origin_0272_0004,private_car,origin_0272,5439172623,8014,,shelter_2,石下小学校,7058,0,2.3
veh_full_origin_0272_0005,private_car,origin_0272,5439172623,8014,,shelter_2,石下小学校,7058,0,2.3
veh_full_origin_0272_0006,private_car,origin_0272,5439172623,8014,,shelter_2,石下小学校,7058,0,2.3
veh_full_origin_0272_0007,private_car,origin_0272,5439172623,8014,,shelter_2,石下小学校,7058,0,2.3
veh_full_origin_0272_0008,private_car,origin_0272,5439172623,8014,,shelter_2,石下小学校,7058,0,2.3
veh_full_origin_0272_0009,private_car,origin_0272,5439172623,8014,,shelter_2,石下小学校,7058,0,2.3
veh_full_origin_0272_0010,private_car,origin_0272,5439172623,8014,,shelter_2,石下小学校,7058,0,2.3
veh_full_origin_0272_0011,private_car,origin_0272,5439172623,8014,,shelter_2,石下小学校,7058,0,2.3
veh_full_origin_0272_0012,private_car,origin_0272,5439172623,8014,,shelter_2,石下小学校,7058,0,2.3
veh_full_origin_0272_0013,private_car,origin_0272,5439172623,8014,,shelter_2,石下小学校,7058,0,2.3
veh_full_origin_0272_0014,private_car,origin_0272,5439172623,8014,,shelter_2,石下小学校,7058,0,2.3
veh_full_origin_0272_0015,private_car,origin_0272,5439172623,8014,,shelter_2,石下小学校,7058,0,2.3
veh_full_origin_0272_0016,private_car,origin_0272,5439172623,8014,,shelter_2,石下小学校,7058,0,2.3
veh_full_origin_0272_0017,private_car,origin_0272,5439172623,8014,,shelter_2,石下小学校,7058,0,2.3
veh_full_origin_0272_0018,private_car,origin_0272,5439172623,8014,,shelter_2,石下小学校,7058,0,2.3
veh_full_origin_0272_0019,private_car,origin_0272,5439172623,8014,,shelter_2,石下小学校,7058,0,2.3
veh_full_origin_0272_0020,private_car,origin_0272,5439172623,8014,,shelter_2,石下小学校,7058,0,2.3
veh_full_origin_0272_0021,private_car,origin_0272,5439172623,8014,,shelter_2,石下小学校,7058,0,2.3
veh_full_origin_0272_0022,private_car,origin_0272,5439172623,8014,,shelter_2,石下小学校,7058,0,2.3
veh_full_origin_0272_0023,private_car,origin_0272,5439172623,8014,,shelter_2,石下小学校,7058,0,2.3
veh_full_origin_0272_0024,private_car,origin_0272,5439172623,8014,,shelter_2,石下小学校,7058,0,2.3
veh_full_origin_0272_0025,private_car,origin_0272,5439172623,8014,,shelter_2,石下小学校,7058,0,2.3
veh_full_origin_0272_0026,private_car,origin_0272,5439172623,8014,,shelter_2,石下小学校,7058,0,2.3
veh_full_origin_0272_0027,private_car,origin_0272,5439172623,8014,,shelter_2,石下小学校,7058,0,2.3
veh_full_origin_0272_0028,private_car,origin_0272,5439172623,8014,,shelter_2,石下小学校,7058,0,2.3
veh_full_origin_0272_0029,private_car,origin_0272,5439172623,8014,,shelter_2,石下小学校,7058,0,2.3
veh_full_origin_0273_0001,private_car,origin_0273,5439172632,4976#3,,shelter_2,石下小学校,7058,0,2.3
veh_full_origin_0273_0002,private_car,origin_0273,5439172632,4976#3,,shelter_2,石下小学校,7058,0,2.3
veh_full_origin_0273_0003,private_car,origin_0273,5439172632,4976#3,,shelter_2,石下小学校,7058,0,2.3
veh_full_origin_0273_0004,private_car,origin_0273,5439172632,4976#3,,shelter_2,石下小学校,7058,0,2.3
veh_full_origin_0273_0005,private_car,origin_0273,5439172632,4976#3,,shelter_2,石下小学校,7058,0,2.3
veh_full_origin_0273_0006,private_car,origin_0273,5439172632,4976#3,,shelter_2,石下小学校,7058,0,2.3
veh_full_origin_0273_0007,private_car,origin_0273,5439172632,4976#3,,shelter_2,石下小学校,7058,0,2.3
veh_full_origin_0273_0008,private_car,origin_0273,5439172632,4976#3,,shelter_2,石下小学校,7058,0,2.3
veh_full_origin_0273_0009,private_car,origin_0273,5439172632,4976#3,,shelter_2,石下小学校,7058,0,2.3
veh_full_origin_0273_0010,private_car,origin_0273,5439172632,4976#3,,shelter_2,石下小学校,7058,0,2.3
veh_full_origin_0273_0011,private_car,origin_0273,5439172632,4976#3,,shelter_2,石下小学校,7058,0,2.3
veh_full_origin_0273_0012,private_car,origin_0273,5439172632,4976#3,,shelter_2,石下小学校,7058,0,2.3
veh_full_origin_0273_0013,private_car,origin_0273,5439172632,4976#3,,shelter_2,石下小学校,7058,0,2.3
veh_full_origin_0273_0014,private_car,origin_0273,5439172632,4976#3,,shelter_2,石下小学校,7058,0,2.3
veh_full_origin_0273_0015,private_car,origin_0273,5439172632,4976#3,,shelter_2,石下小学校,7058,0,2.3
veh_full_origin_0273_0016,private_car,origin_0273,5439172632,4976#3,,shelter_2,石下小学校,7058,0,2.3
veh_full_origin_0273_0017,private_car,origin_0273,5439172632,4976#3,,shelter_2,石下小学校,7058,0,2.3
veh_full_origin_0273_0018,private_car,origin_0273,5439172632,4976#3,,shelter_2,石下小学校,7058,0,2.3
veh_full_origin_0273_0019,private_car,origin_0273,5439172632,4976#3,,shelter_2,石下小学校,7058,0,2.3
veh_full_origin_0273_0020,private_car,origin_0273,5439172632,4976#3,,shelter_2,石下小学校,7058,0,2.3
veh_full_origin_0273_0021,private_car,origin_0273,5439172632,4976#3,,shelter_2,石下小学校,7058,0,2.3
veh_full_origin_0273_0022,private_car,origin_0273,5439172632,4976#3,,shelter_2,石下小学校,7058,0,2.3
veh_full_origin_0274_0001,private_car,origin_0274,5439172633,7595#1,,shelter_2,石下小学校,7058,0,2.3
veh_full_origin_0274_0002,private_car,origin_0274,5439172633,7595#1,,shelter_2,石下小学校,7058,0,2.3
veh_full_origin_0274_0003,private_car,origin_0274,5439172633,7595#1,,shelter_2,石下小学校,7058,0,2.3
veh_full_origin_0274_0004,private_car,origin_0274,5439172633,7595#1,,shelter_2,石下小学校,7058,0,2.3
veh_full_origin_0274_0005,private_car,origin_0274,5439172633,7595#1,,shelter_2,石下小学校,7058,0,2.3
veh_full_origin_0274_0006,private_car,origin_0274,5439172633,7595#1,,shelter_2,石下小学校,7058,0,2.3
veh_full_origin_0274_0007,private_car,origin_0274,5439172633,7595#1,,shelter_2,石下小学校,7058,0,2.3
veh_full_origin_0274_0008,private_car,origin_0274,5439172633,7595#1,,shelter_2,石下小学校,7058,0,2.3
veh_full_origin_0274_0009,private_car,origin_0274,5439172633,7595#1,,shelter_2,石下小学校,7058,0,2.3
veh_full_origin_0274_0010,private_car,origin_0274,5439172633,7595#1,,shelter_2,石下小学校,7058,0,2.3
veh_full_origin_0275_0001,private_car,origin_0275,5439172634,2852#12,,shelter_2,石下小学校,7058,0,2.3
veh_full_origin_0275_0002,private_car,origin_0275,5439172634,2852#12,,shelter_2,石下小学校,7058,0,2.3
veh_full_origin_0275_0003,private_car,origin_0275,5439172634,2852#12,,shelter_2,石下小学校,7058,0,2.3
veh_full_origin_0275_0004,private_car,origin_0275,5439172634,2852#12,,shelter_2,石下小学校,7058,0,2.3
veh_full_origin_0275_0005,private_car,origin_0275,5439172634,2852#12,,shelter_2,石下小学校,7058,0,2.3
veh_full_origin_0275_0006,private_car,origin_0275,5439172634,2852#12,,shelter_2,石下小学校,7058,0,2.3
veh_full_origin_0275_0007,private_car,origin_0275,5439172634,2852#12,,shelter_2,石下小学校,7058,0,2.3
veh_full_origin_0275_0008,private_car,origin_0275,5439172634,2852#12,,shelter_2,石下小学校,7058,0,2.3
veh_full_origin_0275_0009,private_car,origin_0275,5439172634,2852#12,,shelter_2,石下小学校,7058,0,2.3
veh_full_origin_0275_0010,private_car,origin_0275,5439172634,2852#12,,shelter_2,石下小学校,7058,0,2.3
veh_full_origin_0275_0011,private_car,origin_0275,5439172634,2852#12,,shelter_2,石下小学校,7058,0,2.3
veh_full_origin_0276_0001,private_car,origin_0276,5439172642,8040#5,,shelter_2,石下小学校,7058,0,2.3
veh_full_origin_0276_0002,private_car,origin_0276,5439172642,8040#5,,shelter_2,石下小学校,7058,0,2.3
veh_full_origin_0276_0003,private_car,origin_0276,5439172642,8040#5,,shelter_2,石下小学校,7058,0,2.3
veh_full_origin_0276_0004,private_car,origin_0276,5439172642,8040#5,,shelter_2,石下小学校,7058,0,2.3
veh_full_origin_0276_0005,private_car,origin_0276,5439172642,8040#5,,shelter_2,石下小学校,7058,0,2.3
veh_full_origin_0276_0006,private_car,origin_0276,5439172642,8040#5,,shelter_2,石下小学校,7058,0,2.3
veh_full_origin_0276_0007,private_car,origin_0276,5439172642,8040#5,,shelter_2,石下小学校,7058,0,2.3
veh_full_origin_0276_0008,private_car,origin_0276,5439172642,8040#5,,shelter_2,石下小学校,7058,0,2.3
veh_full_origin_0276_0009,private_car,origin_0276,5439172642,8040#5,,shelter_2,石下小学校,7058,0,2.3
veh_full_origin_0276_0010,private_car,origin_0276,5439172642,8040#5,,shelter_2,石下小学校,7058,0,2.3
veh_full_origin_0276_0011,private_car,origin_0276,5439172642,8040#5,,shelter_2,石下小学校,7058,0,2.3
veh_full_origin_0276_0012,private_car,origin_0276,5439172642,8040#5,,shelter_2,石下小学校,7058,0,2.3
veh_full_origin_0277_0001,private_car,origin_0277,5439172643,2787#0,,shelter_2,石下小学校,7058,0,2.3
veh_full_origin_0277_0002,private_car,origin_0277,5439172643,2787#0,,shelter_2,石下小学校,7058,0,2.3
veh_full_origin_0277_0003,private_car,origin_0277,5439172643,2787#0,,shelter_2,石下小学校,7058,0,2.3
veh_full_origin_0277_0004,private_car,origin_0277,5439172643,2787#0,,shelter_2,石下小学校,7058,0,2.3
veh_full_origin_0277_0005,private_car,origin_0277,5439172643,2787#0,,shelter_2,石下小学校,7058,0,2.3
veh_full_origin_0277_0006,private_car,origin_0277,5439172643,2787#0,,shelter_2,石下小学校,7058,0,2.3
veh_full_origin_0277_0007,private_car,origin_0277,5439172643,2787#0,,shelter_2,石下小学校,7058,0,2.3
veh_full_origin_0277_0008,private_car,origin_0277,5439172643,2787#0,,shelter_2,石下小学校,7058,0,2.3
veh_full_origin_0277_0009,private_car,origin_0277,5439172643,2787#0,,shelter_2,石下小学校,7058,0,2.3
veh_full_origin_0277_0010,private_car,origin_0277,5439172643,2787#0,,shelter_2,石下小学校,7058,0,2.3
veh_full_origin_0277_0011,private_car,origin_0277,5439172643,2787#0,,shelter_2,石下小学校,7058,0,2.3
veh_full_origin_0277_0012,private_car,origin_0277,5439172643,2787#0,,shelter_2,石下小学校,7058,0,2.3
veh_full_origin_0277_0013,private_car,origin_0277,5439172643,2787#0,,shelter_2,石下小学校,7058,0,2.3
veh_full_origin_0277_0014,private_car,origin_0277,5439172643,2787#0,,shelter_2,石下小学校,7058,0,2.3
veh_full_origin_0277_0015,private_car,origin_0277,5439172643,2787#0,,shelter_2,石下小学校,7058,0,2.3
veh_full_origin_0277_0016,private_car,origin_0277,5439172643,2787#0,,shelter_2,石下小学校,7058,0,2.3
veh_full_origin_0277_0017,private_car,origin_0277,5439172643,2787#0,,shelter_2,石下小学校,7058,0,2.3
veh_full_origin_0277_0018,private_car,origin_0277,5439172643,2787#0,,shelter_2,石下小学校,7058,0,2.3
veh_full_origin_0277_0019,private_car,origin_0277,5439172643,2787#0,,shelter_2,石下小学校,7058,0,2.3
veh_full_origin_0277_0020,private_car,origin_0277,5439172643,2787#0,,shelter_2,石下小学校,7058,0,2.3
veh_full_origin_0277_0021,private_car,origin_0277,5439172643,2787#0,,shelter_2,石下小学校,7058,0,2.3
veh_full_origin_0277_0022,private_car,origin_0277,5439172643,2787#0,,shelter_2,石下小学校,7058,0,2.3
veh_full_origin_0277_0023,private_car,origin_0277,5439172643,2787#0,,shelter_2,石下小学校,7058,0,2.3
veh_full_origin_0277_0024,private_car,origin_0277,5439172643,2787#0,,shelter_2,石下小学校,7058,0,2.3
veh_full_origin_0277_0025,private_car,origin_0277,5439172643,2787#0,,shelter_2,石下小学校,7058,0,2.3
veh_full_origin_0277_0026,private_car,origin_0277,5439172643,2787#0,,shelter_2,石下小学校,7058,0,2.3
veh_full_origin_0277_0027,private_car,origin_0277,5439172643,2787#0,,shelter_2,石下小学校,7058,0,2.3
veh_full_origin_0277_0028,private_car,origin_0277,5439172643,2787#0,,shelter_2,石下小学校,7058,0,2.3
veh_full_origin_0277_0029,private_car,origin_0277,5439172643,2787#0,,shelter_2,石下小学校,7058,0,2.3
veh_full_origin_0277_0030,private_car,origin_0277,5439172643,2787#0,,shelter_2,石下小学校,7058,0,2.3
veh_full_origin_0277_0031,private_car,origin_0277,5439172643,2787#0,,shelter_2,石下小学校,7058,0,2.3
veh_full_origin_0277_0032,private_car,origin_0277,5439172643,2787#0,,shelter_2,石下小学校,7058,0,2.3
veh_full_origin_0277_0033,private_car,origin_0277,5439172643,2787#0,,shelter_2,石下小学校,7058,0,2.3
veh_full_origin_0277_0034,private_car,origin_0277,5439172643,2787#0,,shelter_2,石下小学校,7058,0,2.3
veh_full_origin_0277_0035,private_car,origin_0277,5439172643,2787#0,,shelter_2,石下小学校,7058,0,2.3
veh_full_origin_0277_0036,private_car,origin_0277,5439172643,2787#0,,shelter_2,石下小学校,7058,0,2.3
veh_full_origin_0277_0037,private_car,origin_0277,5439172643,2787#0,,shelter_2,石下小学校,7058,0,2.3
veh_full_origin_0277_0038,private_car,origin_0277,5439172643,2787#0,,shelter_2,石下小学校,7058,0,2.3
veh_full_origin_0277_0039,private_car,origin_0277,5439172643,2787#0,,shelter_2,石下小学校,7058,0,2.3
veh_full_origin_0277_0040,private_car,origin_0277,5439172643,2787#0,,shelter_2,石下小学校,7058,0,2.3
veh_full_origin_0277_0041,private_car,origin_0277,5439172643,2787#0,,shelter_2,石下小学校,7058,0,2.3
veh_full_origin_0277_0042,private_car,origin_0277,5439172643,2787#0,,shelter_2,石下小学校,7058,0,2.3
veh_full_origin_0277_0043,private_car,origin_0277,5439172643,2787#0,,shelter_2,石下小学校,7058,0,2.3
veh_full_origin_0278_0001,private_car,origin_0278,5439172644,2770#0,,shelter_2,石下小学校,7058,0,2.3
veh_full_origin_0278_0002,private_car,origin_0278,5439172644,2770#0,,shelter_2,石下小学校,7058,0,2.3
veh_full_origin_0278_0003,private_car,origin_0278,5439172644,2770#0,,shelter_2,石下小学校,7058,0,2.3
veh_full_origin_0278_0004,private_car,origin_0278,5439172644,2770#0,,shelter_2,石下小学校,7058,0,2.3
veh_full_origin_0278_0005,private_car,origin_0278,5439172644,2770#0,,shelter_2,石下小学校,7058,0,2.3
veh_full_origin_0278_0006,private_car,origin_0278,5439172644,2770#0,,shelter_2,石下小学校,7058,0,2.3
veh_full_origin_0278_0007,private_car,origin_0278,5439172644,2770#0,,shelter_2,石下小学校,7058,0,2.3
veh_full_origin_0278_0008,private_car,origin_0278,5439172644,2770#0,,shelter_2,石下小学校,7058,0,2.3
veh_full_origin_0278_0009,private_car,origin_0278,5439172644,2770#0,,shelter_2,石下小学校,7058,0,2.3
veh_full_origin_0279_0001,private_car,origin_0279,5439172823,7026#0,,shelter_2,石下小学校,7058,0,2.3
veh_full_origin_0279_0002,private_car,origin_0279,5439172823,7026#0,,shelter_2,石下小学校,7058,0,2.3
veh_full_origin_0279_0003,private_car,origin_0279,5439172823,7026#0,,shelter_2,石下小学校,7058,0,2.3
veh_full_origin_0279_0004,private_car,origin_0279,5439172823,7026#0,,shelter_2,石下小学校,7058,0,2.3
veh_full_origin_0279_0005,private_car,origin_0279,5439172823,7026#0,,shelter_2,石下小学校,7058,0,2.3
veh_full_origin_0280_0001,private_car,origin_0280,5439172833,4676#1,,shelter_2,石下小学校,7058,0,2.3
veh_full_origin_0280_0002,private_car,origin_0280,5439172833,4676#1,,shelter_2,石下小学校,7058,0,2.3
veh_full_origin_0280_0003,private_car,origin_0280,5439172833,4676#1,,shelter_2,石下小学校,7058,0,2.3
veh_full_origin_0280_0004,private_car,origin_0280,5439172833,4676#1,,shelter_2,石下小学校,7058,0,2.3
veh_full_origin_0280_0005,private_car,origin_0280,5439172833,4676#1,,shelter_2,石下小学校,7058,0,2.3
veh_full_origin_0280_0006,private_car,origin_0280,5439172833,4676#1,,shelter_2,石下小学校,7058,0,2.3
veh_full_origin_0280_0007,private_car,origin_0280,5439172833,4676#1,,shelter_2,石下小学校,7058,0,2.3
veh_full_origin_0280_0008,private_car,origin_0280,5439172833,4676#1,,shelter_2,石下小学校,7058,0,2.3
veh_full_origin_0280_0009,private_car,origin_0280,5439172833,4676#1,,shelter_2,石下小学校,7058,0,2.3
veh_full_origin_0280_0010,private_car,origin_0280,5439172833,4676#1,,shelter_2,石下小学校,7058,0,2.3
veh_full_origin_0280_0011,private_car,origin_0280,5439172833,4676#1,,shelter_2,石下小学校,7058,0,2.3
veh_full_origin_0280_0012,private_car,origin_0280,5439172833,4676#1,,shelter_2,石下小学校,7058,0,2.3
veh_full_origin_0280_0013,private_car,origin_0280,5439172833,4676#1,,shelter_2,石下小学校,7058,0,2.3
veh_full_origin_0280_0014,private_car,origin_0280,5439172833,4676#1,,shelter_2,石下小学校,7058,0,2.3
veh_full_origin_0280_0015,private_car,origin_0280,5439172833,4676#1,,shelter_2,石下小学校,7058,0,2.3
veh_full_origin_0280_0016,private_car,origin_0280,5439172833,4676#1,,shelter_2,石下小学校,7058,0,2.3
veh_full_origin_0280_0017,private_car,origin_0280,5439172833,4676#1,,shelter_2,石下小学校,7058,0,2.3
veh_full_origin_0280_0018,private_car,origin_0280,5439172833,4676#1,,shelter_2,石下小学校,7058,0,2.3
veh_full_origin_0280_0019,private_car,origin_0280,5439172833,4676#1,,shelter_2,石下小学校,7058,0,2.3
veh_full_origin_0280_0020,private_car,origin_0280,5439172833,4676#1,,shelter_2,石下小学校,7058,0,2.3
veh_full_origin_0280_0021,private_car,origin_0280,5439172833,4676#1,,shelter_2,石下小学校,7058,0,2.3
veh_full_origin_0280_0022,private_car,origin_0280,5439172833,4676#1,,shelter_2,石下小学校,7058,0,2.3
veh_full_origin_0280_0023,private_car,origin_0280,5439172833,4676#1,,shelter_2,石下小学校,7058,0,2.3
veh_full_origin_0280_0024,private_car,origin_0280,5439172833,4676#1,,shelter_2,石下小学校,7058,0,2.3
veh_full_origin_0280_0025,private_car,origin_0280,5439172833,4676#1,,shelter_2,石下小学校,7058,0,2.3
veh_full_origin_0280_0026,private_car,origin_0280,5439172833,4676#1,,shelter_2,石下小学校,7058,0,2.3
veh_full_origin_0280_0027,private_car,origin_0280,5439172833,4676#1,,shelter_2,石下小学校,7058,0,2.3
veh_full_origin_0280_0028,private_car,origin_0280,5439172833,4676#1,,shelter_2,石下小学校,7058,0,2.3
veh_full_origin_0280_0029,private_car,origin_0280,5439172833,4676#1,,shelter_2,石下小学校,7058,0,2.3
veh_full_origin_0280_0030,private_car,origin_0280,5439172833,4676#1,,shelter_2,石下小学校,7058,0,2.3
veh_full_origin_0280_0031,private_car,origin_0280,5439172833,4676#1,,shelter_2,石下小学校,7058,0,2.3
veh_full_origin_0280_0032,private_car,origin_0280,5439172833,4676#1,,shelter_2,石下小学校,7058,0,2.3
veh_full_origin_0280_0033,private_car,origin_0280,5439172833,4676#1,,shelter_2,石下小学校,7058,0,2.3
veh_full_origin_0280_0034,private_car,origin_0280,5439172833,4676#1,,shelter_2,石下小学校,7058,0,2.3
veh_full_origin_0280_0035,private_car,origin_0280,5439172833,4676#1,,shelter_2,石下小学校,7058,0,2.3
veh_full_origin_0280_0036,private_car,origin_0280,5439172833,4676#1,,shelter_2,石下小学校,7058,0,2.3
veh_full_origin_0280_0037,private_car,origin_0280,5439172833,4676#1,,shelter_2,石下小学校,7058,0,2.3
veh_full_origin_0280_0038,private_car,origin_0280,5439172833,4676#1,,shelter_2,石下小学校,7058,0,2.3
veh_full_origin_0280_0039,private_car,origin_0280,5439172833,4676#1,,shelter_2,石下小学校,7058,0,2.3
veh_full_origin_0280_0040,private_car,origin_0280,5439172833,4676#1,,shelter_2,石下小学校,7058,0,2.3
veh_full_origin_0280_0041,private_car,origin_0280,5439172833,4676#1,,shelter_2,石下小学校,7058,0,2.3
veh_full_origin_0280_0042,private_car,origin_0280,5439172833,4676#1,,shelter_2,石下小学校,7058,0,2.3
veh_full_origin_0280_0043,private_car,origin_0280,5439172833,4676#1,,shelter_2,石下小学校,7058,0,2.3
veh_full_origin_0280_0044,private_car,origin_0280,5439172833,4676#1,,shelter_2,石下小学校,7058,0,2.3
veh_full_origin_0280_0045,private_car,origin_0280,5439172833,4676#1,,shelter_2,石下小学校,7058,0,2.3
veh_full_origin_0280_0046,private_car,origin_0280,5439172833,4676#1,,shelter_2,石下小学校,7058,0,2.3
veh_full_origin_0280_0047,private_car,origin_0280,5439172833,4676#1,,shelter_2,石下小学校,7058,0,2.3
veh_full_origin_0280_0048,private_car,origin_0280,5439172833,4676#1,,shelter_2,石下小学校,7058,0,2.3
veh_full_origin_0280_0049,private_car,origin_0280,5439172833,4676#1,,shelter_2,石下小学校,7058,0,2.3
veh_full_origin_0280_0050,private_car,origin_0280,5439172833,4676#1,,shelter_2,石下小学校,7058,0,2.3
veh_full_origin_0280_0051,private_car,origin_0280,5439172833,4676#1,,shelter_2,石下小学校,7058,0,2.3
veh_full_origin_0280_0052,private_car,origin_0280,5439172833,4676#1,,shelter_2,石下小学校,7058,0,2.3
veh_full_origin_0280_0053,private_car,origin_0280,5439172833,4676#1,,shelter_2,石下小学校,7058,0,2.3
veh_full_origin_0280_0054,private_car,origin_0280,5439172833,4676#1,,shelter_2,石下小学校,7058,0,2.3
veh_full_origin_0280_0055,private_car,origin_0280,5439172833,4676#1,,shelter_2,石下小学校,7058,0,2.3
veh_full_origin_0280_0056,private_car,origin_0280,5439172833,4676#1,,shelter_2,石下小学校,7058,0,2.3
veh_full_origin_0280_0057,private_car,origin_0280,5439172833,4676#1,,shelter_2,石下小学校,7058,0,2.3
veh_full_origin_0280_0058,private_car,origin_0280,5439172833,4676#1,,shelter_2,石下小学校,7058,0,2.3
veh_full_origin_0280_0059,private_car,origin_0280,5439172833,4676#1,,shelter_2,石下小学校,7058,0,2.3
veh_full_origin_0280_0060,private_car,origin_0280,5439172833,4676#1,,shelter_2,石下小学校,7058,0,2.3
veh_full_origin_0280_0061,private_car,origin_0280,5439172833,4676#1,,shelter_2,石下小学校,7058,0,2.3
veh_full_origin_0280_0062,private_car,origin_0280,5439172833,4676#1,,shelter_2,石下小学校,7058,0,2.3
veh_full_origin_0280_0063,private_car,origin_0280,5439172833,4676#1,,shelter_2,石下小学校,7058,0,2.3
veh_full_origin_0280_0064,private_car,origin_0280,5439172833,4676#1,,shelter_2,石下小学校,7058,0,2.3
veh_full_origin_0280_0065,private_car,origin_0280,5439172833,4676#1,,shelter_2,石下小学校,7058,0,2.3
veh_full_origin_0280_0066,private_car,origin_0280,5439172833,4676#1,,shelter_2,石下小学校,7058,0,2.3
veh_full_origin_0281_0001,private_car,origin_0281,5439172834,153#4,,shelter_2,石下小学校,7058,0,2.3
veh_full_origin_0281_0002,private_car,origin_0281,5439172834,153#4,,shelter_2,石下小学校,7058,0,2.3
veh_full_origin_0281_0003,private_car,origin_0281,5439172834,153#4,,shelter_2,石下小学校,7058,0,2.3
veh_full_origin_0281_0004,private_car,origin_0281,5439172834,153#4,,shelter_2,石下小学校,7058,0,2.3
veh_full_origin_0281_0005,private_car,origin_0281,5439172834,153#4,,shelter_2,石下小学校,7058,0,2.3
veh_full_origin_0281_0006,private_car,origin_0281,5439172834,153#4,,shelter_2,石下小学校,7058,0,2.3
veh_full_origin_0281_0007,private_car,origin_0281,5439172834,153#4,,shelter_2,石下小学校,7058,0,2.3
veh_full_origin_0281_0008,private_car,origin_0281,5439172834,153#4,,shelter_2,石下小学校,7058,0,2.3
veh_full_origin_0281_0009,private_car,origin_0281,5439172834,153#4,,shelter_2,石下小学校,7058,0,2.3
veh_full_origin_0281_0010,private_car,origin_0281,5439172834,153#4,,shelter_2,石下小学校,7058,0,2.3
veh_full_origin_0281_0011,private_car,origin_0281,5439172834,153#4,,shelter_2,石下小学校,7058,0,2.3
veh_full_origin_0281_0012,private_car,origin_0281,5439172834,153#4,,shelter_2,石下小学校,7058,0,2.3
veh_full_origin_0281_0013,private_car,origin_0281,5439172834,153#4,,shelter_2,石下小学校,7058,0,2.3
veh_full_origin_0281_0014,private_car,origin_0281,5439172834,153#4,,shelter_2,石下小学校,7058,0,2.3
veh_full_origin_0281_0015,private_car,origin_0281,5439172834,153#4,,shelter_2,石下小学校,7058,0,2.3
veh_full_origin_0281_0016,private_car,origin_0281,5439172834,153#4,,shelter_2,石下小学校,7058,0,2.3
veh_full_origin_0281_0017,private_car,origin_0281,5439172834,153#4,,shelter_2,石下小学校,7058,0,2.3
veh_full_origin_0281_0018,private_car,origin_0281,5439172834,153#4,,shelter_2,石下小学校,7058,0,2.3
veh_full_origin_0281_0019,private_car,origin_0281,5439172834,153#4,,shelter_2,石下小学校,7058,0,2.3
veh_full_origin_0281_0020,private_car,origin_0281,5439172834,153#4,,shelter_2,石下小学校,7058,0,2.3
veh_full_origin_0281_0021,private_car,origin_0281,5439172834,153#4,,shelter_2,石下小学校,7058,0,2.3
veh_full_origin_0281_0022,private_car,origin_0281,5439172834,153#4,,shelter_2,石下小学校,7058,0,2.3
veh_full_origin_0281_0023,private_car,origin_0281,5439172834,153#4,,shelter_2,石下小学校,7058,0,2.3
veh_full_origin_0281_0024,private_car,origin_0281,5439172834,153#4,,shelter_2,石下小学校,7058,0,2.3
veh_full_origin_0281_0025,private_car,origin_0281,5439172834,153#4,,shelter_2,石下小学校,7058,0,2.3
veh_full_origin_0281_0026,private_car,origin_0281,5439172834,153#4,,shelter_2,石下小学校,7058,0,2.3
veh_full_origin_0281_0027,private_car,origin_0281,5439172834,153#4,,shelter_2,石下小学校,7058,0,2.3
veh_full_origin_0281_0028,private_car,origin_0281,5439172834,153#4,,shelter_2,石下小学校,7058,0,2.3
veh_full_origin_0281_0029,private_car,origin_0281,5439172834,153#4,,shelter_2,石下小学校,7058,0,2.3
veh_full_origin_0281_0030,private_car,origin_0281,5439172834,153#4,,shelter_2,石下小学校,7058,0,2.3
veh_full_origin_0281_0031,private_car,origin_0281,5439172834,153#4,,shelter_2,石下小学校,7058,0,2.3
veh_full_origin_0281_0032,private_car,origin_0281,5439172834,153#4,,shelter_2,石下小学校,7058,0,2.3
veh_full_origin_0281_0033,private_car,origin_0281,5439172834,153#4,,shelter_2,石下小学校,7058,0,2.3
veh_full_origin_0281_0034,private_car,origin_0281,5439172834,153#4,,shelter_2,石下小学校,7058,0,2.3
veh_full_origin_0281_0035,private_car,origin_0281,5439172834,153#4,,shelter_2,石下小学校,7058,0,2.3
veh_full_origin_0281_0036,private_car,origin_0281,5439172834,153#4,,shelter_2,石下小学校,7058,0,2.3
veh_full_origin_0281_0037,private_car,origin_0281,5439172834,153#4,,shelter_2,石下小学校,7058,0,2.3
veh_full_origin_0281_0038,private_car,origin_0281,5439172834,153#4,,shelter_2,石下小学校,7058,0,2.3
veh_full_origin_0281_0039,private_car,origin_0281,5439172834,153#4,,shelter_2,石下小学校,7058,0,2.3
veh_full_origin_0281_0040,private_car,origin_0281,5439172834,153#4,,shelter_2,石下小学校,7058,0,2.3
veh_full_origin_0281_0041,private_car,origin_0281,5439172834,153#4,,shelter_2,石下小学校,7058,0,2.3
veh_full_origin_0281_0042,private_car,origin_0281,5439172834,153#4,,shelter_2,石下小学校,7058,0,2.3
veh_full_origin_0281_0043,private_car,origin_0281,5439172834,153#4,,shelter_2,石下小学校,7058,0,2.3
veh_full_origin_0281_0044,private_car,origin_0281,5439172834,153#4,,shelter_2,石下小学校,7058,0,2.3
veh_full_origin_0281_0045,private_car,origin_0281,5439172834,153#4,,shelter_2,石下小学校,7058,0,2.3
veh_full_origin_0281_0046,private_car,origin_0281,5439172834,153#4,,shelter_2,石下小学校,7058,0,2.3
veh_full_origin_0281_0047,private_car,origin_0281,5439172834,153#4,,shelter_2,石下小学校,7058,0,2.3
veh_full_origin_0281_0048,private_car,origin_0281,5439172834,153#4,,shelter_2,石下小学校,7058,0,2.3
veh_full_origin_0281_0049,private_car,origin_0281,5439172834,153#4,,shelter_2,石下小学校,7058,0,2.3
veh_full_origin_0281_0050,private_car,origin_0281,5439172834,153#4,,shelter_2,石下小学校,7058,0,2.3
veh_full_origin_0281_0051,private_car,origin_0281,5439172834,153#4,,shelter_2,石下小学校,7058,0,2.3
veh_full_origin_0281_0052,private_car,origin_0281,5439172834,153#4,,shelter_2,石下小学校,7058,0,2.3
veh_full_origin_0282_0001,private_car,origin_0282,5439172843,187#3,,shelter_2,石下小学校,7058,0,2.3
veh_full_origin_0282_0002,private_car,origin_0282,5439172843,187#3,,shelter_2,石下小学校,7058,0,2.3
veh_full_origin_0282_0003,private_car,origin_0282,5439172843,187#3,,shelter_2,石下小学校,7058,0,2.3
veh_full_origin_0282_0004,private_car,origin_0282,5439172843,187#3,,shelter_2,石下小学校,7058,0,2.3
veh_full_origin_0282_0005,private_car,origin_0282,5439172843,187#3,,shelter_2,石下小学校,7058,0,2.3
veh_full_origin_0282_0006,private_car,origin_0282,5439172843,187#3,,shelter_2,石下小学校,7058,0,2.3
veh_full_origin_0282_0007,private_car,origin_0282,5439172843,187#3,,shelter_2,石下小学校,7058,0,2.3
veh_full_origin_0282_0008,private_car,origin_0282,5439172843,187#3,,shelter_2,石下小学校,7058,0,2.3
veh_full_origin_0282_0009,private_car,origin_0282,5439172843,187#3,,shelter_2,石下小学校,7058,0,2.3
veh_full_origin_0282_0010,private_car,origin_0282,5439172843,187#3,,shelter_2,石下小学校,7058,0,2.3
veh_full_origin_0282_0011,private_car,origin_0282,5439172843,187#3,,shelter_2,石下小学校,7058,0,2.3
veh_full_origin_0282_0012,private_car,origin_0282,5439172843,187#3,,shelter_2,石下小学校,7058,0,2.3
veh_full_origin_0282_0013,private_car,origin_0282,5439172843,187#3,,shelter_2,石下小学校,7058,0,2.3
veh_full_origin_0282_0014,private_car,origin_0282,5439172843,187#3,,shelter_2,石下小学校,7058,0,2.3
veh_full_origin_0282_0015,private_car,origin_0282,5439172843,187#3,,shelter_2,石下小学校,7058,0,2.3
veh_full_origin_0282_0016,private_car,origin_0282,5439172843,187#3,,shelter_2,石下小学校,7058,0,2.3
veh_full_origin_0282_0017,private_car,origin_0282,5439172843,187#3,,shelter_2,石下小学校,7058,0,2.3
veh_full_origin_0282_0018,private_car,origin_0282,5439172843,187#3,,shelter_2,石下小学校,7058,0,2.3
veh_full_origin_0282_0019,private_car,origin_0282,5439172843,187#3,,shelter_2,石下小学校,7058,0,2.3
veh_full_origin_0282_0020,private_car,origin_0282,5439172843,187#3,,shelter_2,石下小学校,7058,0,2.3
veh_full_origin_0282_0021,private_car,origin_0282,5439172843,187#3,,shelter_2,石下小学校,7058,0,2.3
veh_full_origin_0282_0022,private_car,origin_0282,5439172843,187#3,,shelter_2,石下小学校,7058,0,2.3
veh_full_origin_0282_0023,private_car,origin_0282,5439172843,187#3,,shelter_2,石下小学校,7058,0,2.3
veh_full_origin_0283_0001,private_car,origin_0283,5439172844,187#7,,shelter_2,石下小学校,7058,0,2.3
veh_full_origin_0283_0002,private_car,origin_0283,5439172844,187#7,,shelter_2,石下小学校,7058,0,2.3
veh_full_origin_0283_0003,private_car,origin_0283,5439172844,187#7,,shelter_2,石下小学校,7058,0,2.3
veh_full_origin_0283_0004,private_car,origin_0283,5439172844,187#7,,shelter_2,石下小学校,7058,0,2.3
veh_full_origin_0283_0005,private_car,origin_0283,5439172844,187#7,,shelter_2,石下小学校,7058,0,2.3
veh_full_origin_0283_0006,private_car,origin_0283,5439172844,187#7,,shelter_2,石下小学校,7058,0,2.3
veh_full_origin_0283_0007,private_car,origin_0283,5439172844,187#7,,shelter_2,石下小学校,7058,0,2.3
veh_full_origin_0283_0008,private_car,origin_0283,5439172844,187#7,,shelter_2,石下小学校,7058,0,2.3
veh_full_origin_0283_0009,private_car,origin_0283,5439172844,187#7,,shelter_2,石下小学校,7058,0,2.3
veh_full_origin_0283_0010,private_car,origin_0283,5439172844,187#7,,shelter_2,石下小学校,7058,0,2.3
veh_full_origin_0283_0011,private_car,origin_0283,5439172844,187#7,,shelter_2,石下小学校,7058,0,2.3
veh_full_origin_0283_0012,private_car,origin_0283,5439172844,187#7,,shelter_2,石下小学校,7058,0,2.3
veh_full_origin_0283_0013,private_car,origin_0283,5439172844,187#7,,shelter_2,石下小学校,7058,0,2.3
veh_full_origin_0283_0014,private_car,origin_0283,5439172844,187#7,,shelter_2,石下小学校,7058,0,2.3
veh_full_origin_0284_0001,private_car,origin_0284,5439172921,154#1,,shelter_2,石下小学校,7058,0,2.3
veh_full_origin_0284_0002,private_car,origin_0284,5439172921,154#1,,shelter_2,石下小学校,7058,0,2.3
veh_full_origin_0284_0003,private_car,origin_0284,5439172921,154#1,,shelter_2,石下小学校,7058,0,2.3
veh_full_origin_0284_0004,private_car,origin_0284,5439172921,154#1,,shelter_2,石下小学校,7058,0,2.3
veh_full_origin_0284_0005,private_car,origin_0284,5439172921,154#1,,shelter_2,石下小学校,7058,0,2.3
veh_full_origin_0285_0001,private_car,origin_0285,5439172941,4629,,shelter_8,豊田小学校,168#4,0,2.3
veh_full_origin_0285_0002,private_car,origin_0285,5439172941,4629,,shelter_8,豊田小学校,168#4,0,2.3
veh_full_origin_0285_0003,private_car,origin_0285,5439172941,4629,,shelter_8,豊田小学校,168#4,0,2.3
veh_full_origin_0285_0004,private_car,origin_0285,5439172941,4629,,shelter_8,豊田小学校,168#4,0,2.3
veh_full_origin_0285_0005,private_car,origin_0285,5439172941,4629,,shelter_8,豊田小学校,168#4,0,2.3
veh_full_origin_0285_0006,private_car,origin_0285,5439172941,4629,,shelter_8,豊田小学校,168#4,0,2.3
veh_full_origin_0285_0007,private_car,origin_0285,5439172941,4629,,shelter_8,豊田小学校,168#4,0,2.3
veh_full_origin_0285_0008,private_car,origin_0285,5439172941,4629,,shelter_8,豊田小学校,168#4,0,2.3
veh_full_origin_0285_0009,private_car,origin_0285,5439172941,4629,,shelter_8,豊田小学校,168#4,0,2.3
veh_full_origin_0285_0010,private_car,origin_0285,5439172941,4629,,shelter_8,豊田小学校,168#4,0,2.3
veh_full_origin_0285_0011,private_car,origin_0285,5439172941,4629,,shelter_8,豊田小学校,168#4,0,2.3
veh_full_origin_0285_0012,private_car,origin_0285,5439172941,4629,,shelter_8,豊田小学校,168#4,0,2.3
veh_full_origin_0285_0013,private_car,origin_0285,5439172941,4629,,shelter_8,豊田小学校,168#4,0,2.3
veh_full_origin_0285_0014,private_car,origin_0285,5439172941,4629,,shelter_8,豊田小学校,168#4,0,2.3
veh_full_origin_0285_0015,private_car,origin_0285,5439172941,4629,,shelter_8,豊田小学校,168#4,0,2.3
veh_full_origin_0285_0016,private_car,origin_0285,5439172941,4629,,shelter_8,豊田小学校,168#4,0,2.3
veh_full_origin_0285_0017,private_car,origin_0285,5439172941,4629,,shelter_8,豊田小学校,168#4,0,2.3
veh_full_origin_0285_0018,private_car,origin_0285,5439172941,4629,,shelter_8,豊田小学校,168#4,0,2.3
veh_full_origin_0285_0019,private_car,origin_0285,5439172941,4629,,shelter_8,豊田小学校,168#4,0,2.3
veh_full_origin_0285_0020,private_car,origin_0285,5439172941,4629,,shelter_8,豊田小学校,168#4,0,2.3
veh_full_origin_0285_0021,private_car,origin_0285,5439172941,4629,,shelter_8,豊田小学校,168#4,0,2.3
veh_full_origin_0285_0022,private_car,origin_0285,5439172941,4629,,shelter_8,豊田小学校,168#4,0,2.3
veh_full_origin_0285_0023,private_car,origin_0285,5439172941,4629,,shelter_8,豊田小学校,168#4,0,2.3
veh_full_origin_0285_0024,private_car,origin_0285,5439172941,4629,,shelter_8,豊田小学校,168#4,0,2.3
veh_full_origin_0285_0025,private_car,origin_0285,5439172941,4629,,shelter_8,豊田小学校,168#4,0,2.3
veh_full_origin_0285_0026,private_car,origin_0285,5439172941,4629,,shelter_8,豊田小学校,168#4,0,2.3
veh_full_origin_0285_0027,private_car,origin_0285,5439172941,4629,,shelter_8,豊田小学校,168#4,0,2.3
veh_full_origin_0285_0028,private_car,origin_0285,5439172941,4629,,shelter_8,豊田小学校,168#4,0,2.3
veh_full_origin_0285_0029,private_car,origin_0285,5439172941,4629,,shelter_8,豊田小学校,168#4,0,2.3
veh_full_origin_0286_0001,private_car,origin_0286,5439173123,12019#2,,shelter_0,飯沼小学校,3270#3,0,2.3
veh_full_origin_0286_0002,private_car,origin_0286,5439173123,12019#2,,shelter_0,飯沼小学校,3270#3,0,2.3
veh_full_origin_0286_0003,private_car,origin_0286,5439173123,12019#2,,shelter_0,飯沼小学校,3270#3,0,2.3
veh_full_origin_0286_0004,private_car,origin_0286,5439173123,12019#2,,shelter_0,飯沼小学校,3270#3,0,2.3
veh_full_origin_0286_0005,private_car,origin_0286,5439173123,12019#2,,shelter_0,飯沼小学校,3270#3,0,2.3
veh_full_origin_0286_0006,private_car,origin_0286,5439173123,12019#2,,shelter_0,飯沼小学校,3270#3,0,2.3
veh_full_origin_0286_0007,private_car,origin_0286,5439173123,12019#2,,shelter_0,飯沼小学校,3270#3,0,2.3
veh_full_origin_0286_0008,private_car,origin_0286,5439173123,12019#2,,shelter_0,飯沼小学校,3270#3,0,2.3
veh_full_origin_0286_0009,private_car,origin_0286,5439173123,12019#2,,shelter_0,飯沼小学校,3270#3,0,2.3
veh_full_origin_0286_0010,private_car,origin_0286,5439173123,12019#2,,shelter_0,飯沼小学校,3270#3,0,2.3
veh_full_origin_0286_0011,private_car,origin_0286,5439173123,12019#2,,shelter_0,飯沼小学校,3270#3,0,2.3
veh_full_origin_0286_0012,private_car,origin_0286,5439173123,12019#2,,shelter_0,飯沼小学校,3270#3,0,2.3
veh_full_origin_0286_0013,private_car,origin_0286,5439173123,12019#2,,shelter_0,飯沼小学校,3270#3,0,2.3
veh_full_origin_0287_0001,private_car,origin_0287,5439173124,12019#3,,shelter_0,飯沼小学校,3270#3,0,2.3
veh_full_origin_0287_0002,private_car,origin_0287,5439173124,12019#3,,shelter_0,飯沼小学校,3270#3,0,2.3
veh_full_origin_0287_0003,private_car,origin_0287,5439173124,12019#3,,shelter_0,飯沼小学校,3270#3,0,2.3
veh_full_origin_0287_0004,private_car,origin_0287,5439173124,12019#3,,shelter_0,飯沼小学校,3270#3,0,2.3
veh_full_origin_0287_0005,private_car,origin_0287,5439173124,12019#3,,shelter_0,飯沼小学校,3270#3,0,2.3
veh_full_origin_0287_0006,private_car,origin_0287,5439173124,12019#3,,shelter_0,飯沼小学校,3270#3,0,2.3
veh_full_origin_0287_0007,private_car,origin_0287,5439173124,12019#3,,shelter_0,飯沼小学校,3270#3,0,2.3
veh_full_origin_0287_0008,private_car,origin_0287,5439173124,12019#3,,shelter_0,飯沼小学校,3270#3,0,2.3
veh_full_origin_0287_0009,private_car,origin_0287,5439173124,12019#3,,shelter_0,飯沼小学校,3270#3,0,2.3
veh_full_origin_0287_0010,private_car,origin_0287,5439173124,12019#3,,shelter_0,飯沼小学校,3270#3,0,2.3
veh_full_origin_0288_0001,private_car,origin_0288,5439173133,12019#2,,shelter_0,飯沼小学校,3270#3,0,2.3
veh_full_origin_0288_0002,private_car,origin_0288,5439173133,12019#2,,shelter_0,飯沼小学校,3270#3,0,2.3
veh_full_origin_0288_0003,private_car,origin_0288,5439173133,12019#2,,shelter_0,飯沼小学校,3270#3,0,2.3
veh_full_origin_0288_0004,private_car,origin_0288,5439173133,12019#2,,shelter_0,飯沼小学校,3270#3,0,2.3
veh_full_origin_0288_0005,private_car,origin_0288,5439173133,12019#2,,shelter_0,飯沼小学校,3270#3,0,2.3
veh_full_origin_0288_0006,private_car,origin_0288,5439173133,12019#2,,shelter_0,飯沼小学校,3270#3,0,2.3
veh_full_origin_0288_0007,private_car,origin_0288,5439173133,12019#2,,shelter_0,飯沼小学校,3270#3,0,2.3
veh_full_origin_0288_0008,private_car,origin_0288,5439173133,12019#2,,shelter_0,飯沼小学校,3270#3,0,2.3
veh_full_origin_0288_0009,private_car,origin_0288,5439173133,12019#2,,shelter_0,飯沼小学校,3270#3,0,2.3
veh_full_origin_0288_0010,private_car,origin_0288,5439173133,12019#2,,shelter_0,飯沼小学校,3270#3,0,2.3
veh_full_origin_0288_0011,private_car,origin_0288,5439173133,12019#2,,shelter_0,飯沼小学校,3270#3,0,2.3
veh_full_origin_0288_0012,private_car,origin_0288,5439173133,12019#2,,shelter_0,飯沼小学校,3270#3,0,2.3
veh_full_origin_0288_0013,private_car,origin_0288,5439173133,12019#2,,shelter_0,飯沼小学校,3270#3,0,2.3
veh_full_origin_0288_0014,private_car,origin_0288,5439173133,12019#2,,shelter_0,飯沼小学校,3270#3,0,2.3
veh_full_origin_0289_0001,private_car,origin_0289,5439173134,12019#3,,shelter_0,飯沼小学校,3270#3,0,2.3
veh_full_origin_0289_0002,private_car,origin_0289,5439173134,12019#3,,shelter_0,飯沼小学校,3270#3,0,2.3
veh_full_origin_0289_0003,private_car,origin_0289,5439173134,12019#3,,shelter_0,飯沼小学校,3270#3,0,2.3
veh_full_origin_0289_0004,private_car,origin_0289,5439173134,12019#3,,shelter_0,飯沼小学校,3270#3,0,2.3
veh_full_origin_0290_0001,private_car,origin_0290,5439173143,12019#1,,shelter_0,飯沼小学校,3270#3,0,2.3
veh_full_origin_0290_0002,private_car,origin_0290,5439173143,12019#1,,shelter_0,飯沼小学校,3270#3,0,2.3
veh_full_origin_0290_0003,private_car,origin_0290,5439173143,12019#1,,shelter_0,飯沼小学校,3270#3,0,2.3
veh_full_origin_0291_0001,private_car,origin_0291,5439173211,12019#5,,shelter_0,飯沼小学校,3270#3,0,2.3
veh_full_origin_0291_0002,private_car,origin_0291,5439173211,12019#5,,shelter_0,飯沼小学校,3270#3,0,2.3
veh_full_origin_0291_0003,private_car,origin_0291,5439173211,12019#5,,shelter_0,飯沼小学校,3270#3,0,2.3
veh_full_origin_0291_0004,private_car,origin_0291,5439173211,12019#5,,shelter_0,飯沼小学校,3270#3,0,2.3
veh_full_origin_0292_0001,private_car,origin_0292,5439173212,12019#6,,shelter_0,飯沼小学校,3270#3,0,2.3
veh_full_origin_0292_0002,private_car,origin_0292,5439173212,12019#6,,shelter_0,飯沼小学校,3270#3,0,2.3
veh_full_origin_0292_0003,private_car,origin_0292,5439173212,12019#6,,shelter_0,飯沼小学校,3270#3,0,2.3
veh_full_origin_0292_0004,private_car,origin_0292,5439173212,12019#6,,shelter_0,飯沼小学校,3270#3,0,2.3
veh_full_origin_0292_0005,private_car,origin_0292,5439173212,12019#6,,shelter_0,飯沼小学校,3270#3,0,2.3
veh_full_origin_0292_0006,private_car,origin_0292,5439173212,12019#6,,shelter_0,飯沼小学校,3270#3,0,2.3
veh_full_origin_0292_0007,private_car,origin_0292,5439173212,12019#6,,shelter_0,飯沼小学校,3270#3,0,2.3
veh_full_origin_0292_0008,private_car,origin_0292,5439173212,12019#6,,shelter_0,飯沼小学校,3270#3,0,2.3
veh_full_origin_0292_0009,private_car,origin_0292,5439173212,12019#6,,shelter_0,飯沼小学校,3270#3,0,2.3
veh_full_origin_0292_0010,private_car,origin_0292,5439173212,12019#6,,shelter_0,飯沼小学校,3270#3,0,2.3
veh_full_origin_0292_0011,private_car,origin_0292,5439173212,12019#6,,shelter_0,飯沼小学校,3270#3,0,2.3
veh_full_origin_0292_0012,private_car,origin_0292,5439173212,12019#6,,shelter_0,飯沼小学校,3270#3,0,2.3
veh_full_origin_0292_0013,private_car,origin_0292,5439173212,12019#6,,shelter_0,飯沼小学校,3270#3,0,2.3
veh_full_origin_0293_0001,private_car,origin_0293,5439173213,12019#6,,shelter_0,飯沼小学校,3270#3,0,2.3
veh_full_origin_0293_0002,private_car,origin_0293,5439173213,12019#6,,shelter_0,飯沼小学校,3270#3,0,2.3
veh_full_origin_0293_0003,private_car,origin_0293,5439173213,12019#6,,shelter_0,飯沼小学校,3270#3,0,2.3
veh_full_origin_0293_0004,private_car,origin_0293,5439173213,12019#6,,shelter_0,飯沼小学校,3270#3,0,2.3
veh_full_origin_0293_0005,private_car,origin_0293,5439173213,12019#6,,shelter_0,飯沼小学校,3270#3,0,2.3
veh_full_origin_0293_0006,private_car,origin_0293,5439173213,12019#6,,shelter_0,飯沼小学校,3270#3,0,2.3
veh_full_origin_0293_0007,private_car,origin_0293,5439173213,12019#6,,shelter_0,飯沼小学校,3270#3,0,2.3
veh_full_origin_0293_0008,private_car,origin_0293,5439173213,12019#6,,shelter_0,飯沼小学校,3270#3,0,2.3
veh_full_origin_0293_0009,private_car,origin_0293,5439173213,12019#6,,shelter_0,飯沼小学校,3270#3,0,2.3
veh_full_origin_0294_0001,private_car,origin_0294,5439173214,3183#2,,shelter_0,飯沼小学校,3270#3,0,2.3
veh_full_origin_0294_0002,private_car,origin_0294,5439173214,3183#2,,shelter_0,飯沼小学校,3270#3,0,2.3
veh_full_origin_0294_0003,private_car,origin_0294,5439173214,3183#2,,shelter_0,飯沼小学校,3270#3,0,2.3
veh_full_origin_0294_0004,private_car,origin_0294,5439173214,3183#2,,shelter_0,飯沼小学校,3270#3,0,2.3
veh_full_origin_0294_0005,private_car,origin_0294,5439173214,3183#2,,shelter_0,飯沼小学校,3270#3,0,2.3
veh_full_origin_0294_0006,private_car,origin_0294,5439173214,3183#2,,shelter_0,飯沼小学校,3270#3,0,2.3
veh_full_origin_0294_0007,private_car,origin_0294,5439173214,3183#2,,shelter_0,飯沼小学校,3270#3,0,2.3
veh_full_origin_0294_0008,private_car,origin_0294,5439173214,3183#2,,shelter_0,飯沼小学校,3270#3,0,2.3
veh_full_origin_0294_0009,private_car,origin_0294,5439173214,3183#2,,shelter_0,飯沼小学校,3270#3,0,2.3
veh_full_origin_0294_0010,private_car,origin_0294,5439173214,3183#2,,shelter_0,飯沼小学校,3270#3,0,2.3
veh_full_origin_0294_0011,private_car,origin_0294,5439173214,3183#2,,shelter_0,飯沼小学校,3270#3,0,2.3
veh_full_origin_0294_0012,private_car,origin_0294,5439173214,3183#2,,shelter_0,飯沼小学校,3270#3,0,2.3
veh_full_origin_0294_0013,private_car,origin_0294,5439173214,3183#2,,shelter_0,飯沼小学校,3270#3,0,2.3
veh_full_origin_0294_0014,private_car,origin_0294,5439173214,3183#2,,shelter_0,飯沼小学校,3270#3,0,2.3
veh_full_origin_0294_0015,private_car,origin_0294,5439173214,3183#2,,shelter_0,飯沼小学校,3270#3,0,2.3
veh_full_origin_0294_0016,private_car,origin_0294,5439173214,3183#2,,shelter_0,飯沼小学校,3270#3,0,2.3
veh_full_origin_0294_0017,private_car,origin_0294,5439173214,3183#2,,shelter_0,飯沼小学校,3270#3,0,2.3
veh_full_origin_0294_0018,private_car,origin_0294,5439173214,3183#2,,shelter_0,飯沼小学校,3270#3,0,2.3
veh_full_origin_0294_0019,private_car,origin_0294,5439173214,3183#2,,shelter_0,飯沼小学校,3270#3,0,2.3
veh_full_origin_0294_0020,private_car,origin_0294,5439173214,3183#2,,shelter_0,飯沼小学校,3270#3,0,2.3
veh_full_origin_0295_0001,private_car,origin_0295,5439173221,12019#4,,shelter_0,飯沼小学校,3270#3,0,2.3
veh_full_origin_0295_0002,private_car,origin_0295,5439173221,12019#4,,shelter_0,飯沼小学校,3270#3,0,2.3
veh_full_origin_0295_0003,private_car,origin_0295,5439173221,12019#4,,shelter_0,飯沼小学校,3270#3,0,2.3
veh_full_origin_0295_0004,private_car,origin_0295,5439173221,12019#4,,shelter_0,飯沼小学校,3270#3,0,2.3
veh_full_origin_0295_0005,private_car,origin_0295,5439173221,12019#4,,shelter_0,飯沼小学校,3270#3,0,2.3
veh_full_origin_0295_0006,private_car,origin_0295,5439173221,12019#4,,shelter_0,飯沼小学校,3270#3,0,2.3
veh_full_origin_0295_0007,private_car,origin_0295,5439173221,12019#4,,shelter_0,飯沼小学校,3270#3,0,2.3
veh_full_origin_0295_0008,private_car,origin_0295,5439173221,12019#4,,shelter_0,飯沼小学校,3270#3,0,2.3
veh_full_origin_0295_0009,private_car,origin_0295,5439173221,12019#4,,shelter_0,飯沼小学校,3270#3,0,2.3
veh_full_origin_0295_0010,private_car,origin_0295,5439173221,12019#4,,shelter_0,飯沼小学校,3270#3,0,2.3
veh_full_origin_0295_0011,private_car,origin_0295,5439173221,12019#4,,shelter_0,飯沼小学校,3270#3,0,2.3
veh_full_origin_0295_0012,private_car,origin_0295,5439173221,12019#4,,shelter_0,飯沼小学校,3270#3,0,2.3
veh_full_origin_0295_0013,private_car,origin_0295,5439173221,12019#4,,shelter_0,飯沼小学校,3270#3,0,2.3
veh_full_origin_0296_0001,private_car,origin_0296,5439173223,111#2,,shelter_0,飯沼小学校,3270#3,0,2.3
veh_full_origin_0296_0002,private_car,origin_0296,5439173223,111#2,,shelter_0,飯沼小学校,3270#3,0,2.3
veh_full_origin_0296_0003,private_car,origin_0296,5439173223,111#2,,shelter_0,飯沼小学校,3270#3,0,2.3
veh_full_origin_0296_0004,private_car,origin_0296,5439173223,111#2,,shelter_0,飯沼小学校,3270#3,0,2.3
veh_full_origin_0297_0001,private_car,origin_0297,5439173241,11987#3,,shelter_0,飯沼小学校,3270#3,0,2.3
veh_full_origin_0297_0002,private_car,origin_0297,5439173241,11987#3,,shelter_0,飯沼小学校,3270#3,0,2.3
veh_full_origin_0298_0001,private_car,origin_0298,5439173244,7163,,shelter_0,飯沼小学校,3270#3,0,2.3
veh_full_origin_0298_0002,private_car,origin_0298,5439173244,7163,,shelter_0,飯沼小学校,3270#3,0,2.3
veh_full_origin_0298_0003,private_car,origin_0298,5439173244,7163,,shelter_0,飯沼小学校,3270#3,0,2.3
veh_full_origin_0298_0004,private_car,origin_0298,5439173244,7163,,shelter_0,飯沼小学校,3270#3,0,2.3
veh_full_origin_0298_0005,private_car,origin_0298,5439173244,7163,,shelter_0,飯沼小学校,3270#3,0,2.3
veh_full_origin_0298_0006,private_car,origin_0298,5439173244,7163,,shelter_0,飯沼小学校,3270#3,0,2.3
veh_full_origin_0298_0007,private_car,origin_0298,5439173244,7163,,shelter_0,飯沼小学校,3270#3,0,2.3
veh_full_origin_0298_0008,private_car,origin_0298,5439173244,7163,,shelter_0,飯沼小学校,3270#3,0,2.3
veh_full_origin_0298_0009,private_car,origin_0298,5439173244,7163,,shelter_0,飯沼小学校,3270#3,0,2.3
veh_full_origin_0298_0010,private_car,origin_0298,5439173244,7163,,shelter_0,飯沼小学校,3270#3,0,2.3
veh_full_origin_0298_0011,private_car,origin_0298,5439173244,7163,,shelter_0,飯沼小学校,3270#3,0,2.3
veh_full_origin_0298_0012,private_car,origin_0298,5439173244,7163,,shelter_0,飯沼小学校,3270#3,0,2.3
veh_full_origin_0298_0013,private_car,origin_0298,5439173244,7163,,shelter_0,飯沼小学校,3270#3,0,2.3
veh_full_origin_0298_0014,private_car,origin_0298,5439173244,7163,,shelter_0,飯沼小学校,3270#3,0,2.3
veh_full_origin_0298_0015,private_car,origin_0298,5439173244,7163,,shelter_0,飯沼小学校,3270#3,0,2.3
veh_full_origin_0298_0016,private_car,origin_0298,5439173244,7163,,shelter_0,飯沼小学校,3270#3,0,2.3
veh_full_origin_0298_0017,private_car,origin_0298,5439173244,7163,,shelter_0,飯沼小学校,3270#3,0,2.3
veh_full_origin_0298_0018,private_car,origin_0298,5439173244,7163,,shelter_0,飯沼小学校,3270#3,0,2.3
veh_full_origin_0298_0019,private_car,origin_0298,5439173244,7163,,shelter_0,飯沼小学校,3270#3,0,2.3
veh_full_origin_0298_0020,private_car,origin_0298,5439173244,7163,,shelter_0,飯沼小学校,3270#3,0,2.3
veh_full_origin_0298_0021,private_car,origin_0298,5439173244,7163,,shelter_0,飯沼小学校,3270#3,0,2.3
veh_full_origin_0298_0022,private_car,origin_0298,5439173244,7163,,shelter_0,飯沼小学校,3270#3,0,2.3
veh_full_origin_0298_0023,private_car,origin_0298,5439173244,7163,,shelter_0,飯沼小学校,3270#3,0,2.3
veh_full_origin_0298_0024,private_car,origin_0298,5439173244,7163,,shelter_0,飯沼小学校,3270#3,0,2.3
veh_full_origin_0298_0025,private_car,origin_0298,5439173244,7163,,shelter_0,飯沼小学校,3270#3,0,2.3
veh_full_origin_0298_0026,private_car,origin_0298,5439173244,7163,,shelter_0,飯沼小学校,3270#3,0,2.3
veh_full_origin_0298_0027,private_car,origin_0298,5439173244,7163,,shelter_0,飯沼小学校,3270#3,0,2.3
veh_full_origin_0298_0028,private_car,origin_0298,5439173244,7163,,shelter_0,飯沼小学校,3270#3,0,2.3
veh_full_origin_0298_0029,private_car,origin_0298,5439173244,7163,,shelter_0,飯沼小学校,3270#3,0,2.3
veh_full_origin_0298_0030,private_car,origin_0298,5439173244,7163,,shelter_0,飯沼小学校,3270#3,0,2.3
veh_full_origin_0298_0031,private_car,origin_0298,5439173244,7163,,shelter_0,飯沼小学校,3270#3,0,2.3
veh_full_origin_0298_0032,private_car,origin_0298,5439173244,7163,,shelter_0,飯沼小学校,3270#3,0,2.3
veh_full_origin_0298_0033,private_car,origin_0298,5439173244,7163,,shelter_0,飯沼小学校,3270#3,0,2.3
veh_full_origin_0298_0034,private_car,origin_0298,5439173244,7163,,shelter_0,飯沼小学校,3270#3,0,2.3
veh_full_origin_0298_0035,private_car,origin_0298,5439173244,7163,,shelter_0,飯沼小学校,3270#3,0,2.3
veh_full_origin_0299_0001,private_car,origin_0299,5439173324,4730#3,,shelter_0,飯沼小学校,3270#3,0,2.3
veh_full_origin_0299_0002,private_car,origin_0299,5439173324,4730#3,,shelter_0,飯沼小学校,3270#3,0,2.3
veh_full_origin_0299_0003,private_car,origin_0299,5439173324,4730#3,,shelter_0,飯沼小学校,3270#3,0,2.3
veh_full_origin_0299_0004,private_car,origin_0299,5439173324,4730#3,,shelter_0,飯沼小学校,3270#3,0,2.3
veh_full_origin_0299_0005,private_car,origin_0299,5439173324,4730#3,,shelter_0,飯沼小学校,3270#3,0,2.3
veh_full_origin_0299_0006,private_car,origin_0299,5439173324,4730#3,,shelter_0,飯沼小学校,3270#3,0,2.3
veh_full_origin_0299_0007,private_car,origin_0299,5439173324,4730#3,,shelter_0,飯沼小学校,3270#3,0,2.3
veh_full_origin_0299_0008,private_car,origin_0299,5439173324,4730#3,,shelter_0,飯沼小学校,3270#3,0,2.3
veh_full_origin_0299_0009,private_car,origin_0299,5439173324,4730#3,,shelter_0,飯沼小学校,3270#3,0,2.3
veh_full_origin_0299_0010,private_car,origin_0299,5439173324,4730#3,,shelter_0,飯沼小学校,3270#3,0,2.3
veh_full_origin_0299_0011,private_car,origin_0299,5439173324,4730#3,,shelter_0,飯沼小学校,3270#3,0,2.3
veh_full_origin_0299_0012,private_car,origin_0299,5439173324,4730#3,,shelter_0,飯沼小学校,3270#3,0,2.3
veh_full_origin_0299_0013,private_car,origin_0299,5439173324,4730#3,,shelter_0,飯沼小学校,3270#3,0,2.3
veh_full_origin_0299_0014,private_car,origin_0299,5439173324,4730#3,,shelter_0,飯沼小学校,3270#3,0,2.3
veh_full_origin_0299_0015,private_car,origin_0299,5439173324,4730#3,,shelter_0,飯沼小学校,3270#3,0,2.3
veh_full_origin_0300_0001,private_car,origin_0300,5439173331,3319#4,,shelter_0,飯沼小学校,3270#3,0,2.3
veh_full_origin_0300_0002,private_car,origin_0300,5439173331,3319#4,,shelter_0,飯沼小学校,3270#3,0,2.3
veh_full_origin_0300_0003,private_car,origin_0300,5439173331,3319#4,,shelter_0,飯沼小学校,3270#3,0,2.3
veh_full_origin_0300_0004,private_car,origin_0300,5439173331,3319#4,,shelter_0,飯沼小学校,3270#3,0,2.3
veh_full_origin_0300_0005,private_car,origin_0300,5439173331,3319#4,,shelter_0,飯沼小学校,3270#3,0,2.3
veh_full_origin_0300_0006,private_car,origin_0300,5439173331,3319#4,,shelter_0,飯沼小学校,3270#3,0,2.3
veh_full_origin_0300_0007,private_car,origin_0300,5439173331,3319#4,,shelter_0,飯沼小学校,3270#3,0,2.3
veh_full_origin_0300_0008,private_car,origin_0300,5439173331,3319#4,,shelter_0,飯沼小学校,3270#3,0,2.3
veh_full_origin_0300_0009,private_car,origin_0300,5439173331,3319#4,,shelter_0,飯沼小学校,3270#3,0,2.3
veh_full_origin_0301_0001,private_car,origin_0301,5439173333,3258,,shelter_0,飯沼小学校,3270#3,0,2.3
veh_full_origin_0301_0002,private_car,origin_0301,5439173333,3258,,shelter_0,飯沼小学校,3270#3,0,2.3
veh_full_origin_0301_0003,private_car,origin_0301,5439173333,3258,,shelter_0,飯沼小学校,3270#3,0,2.3
veh_full_origin_0301_0004,private_car,origin_0301,5439173333,3258,,shelter_0,飯沼小学校,3270#3,0,2.3
veh_full_origin_0301_0005,private_car,origin_0301,5439173333,3258,,shelter_0,飯沼小学校,3270#3,0,2.3
veh_full_origin_0301_0006,private_car,origin_0301,5439173333,3258,,shelter_0,飯沼小学校,3270#3,0,2.3
veh_full_origin_0301_0007,private_car,origin_0301,5439173333,3258,,shelter_0,飯沼小学校,3270#3,0,2.3
veh_full_origin_0301_0008,private_car,origin_0301,5439173333,3258,,shelter_0,飯沼小学校,3270#3,0,2.3
veh_full_origin_0301_0009,private_car,origin_0301,5439173333,3258,,shelter_0,飯沼小学校,3270#3,0,2.3
veh_full_origin_0301_0010,private_car,origin_0301,5439173333,3258,,shelter_0,飯沼小学校,3270#3,0,2.3
veh_full_origin_0301_0011,private_car,origin_0301,5439173333,3258,,shelter_0,飯沼小学校,3270#3,0,2.3
veh_full_origin_0301_0012,private_car,origin_0301,5439173333,3258,,shelter_0,飯沼小学校,3270#3,0,2.3
veh_full_origin_0301_0013,private_car,origin_0301,5439173333,3258,,shelter_0,飯沼小学校,3270#3,0,2.3
veh_full_origin_0301_0014,private_car,origin_0301,5439173333,3258,,shelter_0,飯沼小学校,3270#3,0,2.3
veh_full_origin_0301_0015,private_car,origin_0301,5439173333,3258,,shelter_0,飯沼小学校,3270#3,0,2.3
veh_full_origin_0301_0016,private_car,origin_0301,5439173333,3258,,shelter_0,飯沼小学校,3270#3,0,2.3
veh_full_origin_0301_0017,private_car,origin_0301,5439173333,3258,,shelter_0,飯沼小学校,3270#3,0,2.3
veh_full_origin_0302_0001,private_car,origin_0302,5439173341,7159#9,,shelter_0,飯沼小学校,3270#3,0,2.3
veh_full_origin_0302_0002,private_car,origin_0302,5439173341,7159#9,,shelter_0,飯沼小学校,3270#3,0,2.3
veh_full_origin_0302_0003,private_car,origin_0302,5439173341,7159#9,,shelter_0,飯沼小学校,3270#3,0,2.3
veh_full_origin_0302_0004,private_car,origin_0302,5439173341,7159#9,,shelter_0,飯沼小学校,3270#3,0,2.3
veh_full_origin_0302_0005,private_car,origin_0302,5439173341,7159#9,,shelter_0,飯沼小学校,3270#3,0,2.3
veh_full_origin_0302_0006,private_car,origin_0302,5439173341,7159#9,,shelter_0,飯沼小学校,3270#3,0,2.3
veh_full_origin_0302_0007,private_car,origin_0302,5439173341,7159#9,,shelter_0,飯沼小学校,3270#3,0,2.3
veh_full_origin_0302_0008,private_car,origin_0302,5439173341,7159#9,,shelter_0,飯沼小学校,3270#3,0,2.3
veh_full_origin_0302_0009,private_car,origin_0302,5439173341,7159#9,,shelter_0,飯沼小学校,3270#3,0,2.3
veh_full_origin_0303_0001,private_car,origin_0303,5439173342,3626#12,,shelter_0,飯沼小学校,3270#3,0,2.3
veh_full_origin_0303_0002,private_car,origin_0303,5439173342,3626#12,,shelter_0,飯沼小学校,3270#3,0,2.3
veh_full_origin_0303_0003,private_car,origin_0303,5439173342,3626#12,,shelter_0,飯沼小学校,3270#3,0,2.3
veh_full_origin_0303_0004,private_car,origin_0303,5439173342,3626#12,,shelter_0,飯沼小学校,3270#3,0,2.3
veh_full_origin_0303_0005,private_car,origin_0303,5439173342,3626#12,,shelter_0,飯沼小学校,3270#3,0,2.3
veh_full_origin_0303_0006,private_car,origin_0303,5439173342,3626#12,,shelter_0,飯沼小学校,3270#3,0,2.3
veh_full_origin_0303_0007,private_car,origin_0303,5439173342,3626#12,,shelter_0,飯沼小学校,3270#3,0,2.3
veh_full_origin_0303_0008,private_car,origin_0303,5439173342,3626#12,,shelter_0,飯沼小学校,3270#3,0,2.3
veh_full_origin_0303_0009,private_car,origin_0303,5439173342,3626#12,,shelter_0,飯沼小学校,3270#3,0,2.3
veh_full_origin_0303_0010,private_car,origin_0303,5439173342,3626#12,,shelter_0,飯沼小学校,3270#3,0,2.3
veh_full_origin_0303_0011,private_car,origin_0303,5439173342,3626#12,,shelter_0,飯沼小学校,3270#3,0,2.3
veh_full_origin_0303_0012,private_car,origin_0303,5439173342,3626#12,,shelter_0,飯沼小学校,3270#3,0,2.3
veh_full_origin_0304_0001,private_car,origin_0304,5439173343,3448#11,,shelter_0,飯沼小学校,3270#3,0,2.3
veh_full_origin_0304_0002,private_car,origin_0304,5439173343,3448#11,,shelter_0,飯沼小学校,3270#3,0,2.3
veh_full_origin_0304_0003,private_car,origin_0304,5439173343,3448#11,,shelter_0,飯沼小学校,3270#3,0,2.3
veh_full_origin_0304_0004,private_car,origin_0304,5439173343,3448#11,,shelter_0,飯沼小学校,3270#3,0,2.3
veh_full_origin_0304_0005,private_car,origin_0304,5439173343,3448#11,,shelter_0,飯沼小学校,3270#3,0,2.3
veh_full_origin_0304_0006,private_car,origin_0304,5439173343,3448#11,,shelter_0,飯沼小学校,3270#3,0,2.3
veh_full_origin_0304_0007,private_car,origin_0304,5439173343,3448#11,,shelter_0,飯沼小学校,3270#3,0,2.3
veh_full_origin_0304_0008,private_car,origin_0304,5439173343,3448#11,,shelter_0,飯沼小学校,3270#3,0,2.3
veh_full_origin_0304_0009,private_car,origin_0304,5439173343,3448#11,,shelter_0,飯沼小学校,3270#3,0,2.3
veh_full_origin_0304_0010,private_car,origin_0304,5439173343,3448#11,,shelter_0,飯沼小学校,3270#3,0,2.3
veh_full_origin_0304_0011,private_car,origin_0304,5439173343,3448#11,,shelter_0,飯沼小学校,3270#3,0,2.3
veh_full_origin_0304_0012,private_car,origin_0304,5439173343,3448#11,,shelter_0,飯沼小学校,3270#3,0,2.3
veh_full_origin_0304_0013,private_car,origin_0304,5439173343,3448#11,,shelter_0,飯沼小学校,3270#3,0,2.3
veh_full_origin_0304_0014,private_car,origin_0304,5439173343,3448#11,,shelter_0,飯沼小学校,3270#3,0,2.3
veh_full_origin_0305_0001,private_car,origin_0305,5439173344,3668#6,,shelter_0,飯沼小学校,3270#3,0,2.3
veh_full_origin_0305_0002,private_car,origin_0305,5439173344,3668#6,,shelter_0,飯沼小学校,3270#3,0,2.3
veh_full_origin_0305_0003,private_car,origin_0305,5439173344,3668#6,,shelter_0,飯沼小学校,3270#3,0,2.3
veh_full_origin_0305_0004,private_car,origin_0305,5439173344,3668#6,,shelter_0,飯沼小学校,3270#3,0,2.3
veh_full_origin_0305_0005,private_car,origin_0305,5439173344,3668#6,,shelter_0,飯沼小学校,3270#3,0,2.3
veh_full_origin_0305_0006,private_car,origin_0305,5439173344,3668#6,,shelter_0,飯沼小学校,3270#3,0,2.3
veh_full_origin_0305_0007,private_car,origin_0305,5439173344,3668#6,,shelter_0,飯沼小学校,3270#3,0,2.3
veh_full_origin_0305_0008,private_car,origin_0305,5439173344,3668#6,,shelter_0,飯沼小学校,3270#3,0,2.3
veh_full_origin_0305_0009,private_car,origin_0305,5439173344,3668#6,,shelter_0,飯沼小学校,3270#3,0,2.3
veh_full_origin_0305_0010,private_car,origin_0305,5439173344,3668#6,,shelter_0,飯沼小学校,3270#3,0,2.3
veh_full_origin_0305_0011,private_car,origin_0305,5439173344,3668#6,,shelter_0,飯沼小学校,3270#3,0,2.3
veh_full_origin_0305_0012,private_car,origin_0305,5439173344,3668#6,,shelter_0,飯沼小学校,3270#3,0,2.3
veh_full_origin_0305_0013,private_car,origin_0305,5439173344,3668#6,,shelter_0,飯沼小学校,3270#3,0,2.3
veh_full_origin_0305_0014,private_car,origin_0305,5439173344,3668#6,,shelter_0,飯沼小学校,3270#3,0,2.3
veh_full_origin_0305_0015,private_car,origin_0305,5439173344,3668#6,,shelter_0,飯沼小学校,3270#3,0,2.3
veh_full_origin_0305_0016,private_car,origin_0305,5439173344,3668#6,,shelter_0,飯沼小学校,3270#3,0,2.3
veh_full_origin_0305_0017,private_car,origin_0305,5439173344,3668#6,,shelter_0,飯沼小学校,3270#3,0,2.3
veh_full_origin_0305_0018,private_car,origin_0305,5439173344,3668#6,,shelter_0,飯沼小学校,3270#3,0,2.3
veh_full_origin_0305_0019,private_car,origin_0305,5439173344,3668#6,,shelter_0,飯沼小学校,3270#3,0,2.3
veh_full_origin_0305_0020,private_car,origin_0305,5439173344,3668#6,,shelter_0,飯沼小学校,3270#3,0,2.3
veh_full_origin_0305_0021,private_car,origin_0305,5439173344,3668#6,,shelter_0,飯沼小学校,3270#3,0,2.3
veh_full_origin_0305_0022,private_car,origin_0305,5439173344,3668#6,,shelter_0,飯沼小学校,3270#3,0,2.3
veh_full_origin_0305_0023,private_car,origin_0305,5439173344,3668#6,,shelter_0,飯沼小学校,3270#3,0,2.3
veh_full_origin_0305_0024,private_car,origin_0305,5439173344,3668#6,,shelter_0,飯沼小学校,3270#3,0,2.3
veh_full_origin_0305_0025,private_car,origin_0305,5439173344,3668#6,,shelter_0,飯沼小学校,3270#3,0,2.3
veh_full_origin_0305_0026,private_car,origin_0305,5439173344,3668#6,,shelter_0,飯沼小学校,3270#3,0,2.3
veh_full_origin_0305_0027,private_car,origin_0305,5439173344,3668#6,,shelter_0,飯沼小学校,3270#3,0,2.3
veh_full_origin_0305_0028,private_car,origin_0305,5439173344,3668#6,,shelter_0,飯沼小学校,3270#3,0,2.3
veh_full_origin_0305_0029,private_car,origin_0305,5439173344,3668#6,,shelter_0,飯沼小学校,3270#3,0,2.3
veh_full_origin_0306_0001,private_car,origin_0306,5439173411,4722#11,,shelter_0,飯沼小学校,3270#3,0,2.3
veh_full_origin_0306_0002,private_car,origin_0306,5439173411,4722#11,,shelter_0,飯沼小学校,3270#3,0,2.3
veh_full_origin_0306_0003,private_car,origin_0306,5439173411,4722#11,,shelter_0,飯沼小学校,3270#3,0,2.3
veh_full_origin_0306_0004,private_car,origin_0306,5439173411,4722#11,,shelter_0,飯沼小学校,3270#3,0,2.3
veh_full_origin_0306_0005,private_car,origin_0306,5439173411,4722#11,,shelter_0,飯沼小学校,3270#3,0,2.3
veh_full_origin_0306_0006,private_car,origin_0306,5439173411,4722#11,,shelter_0,飯沼小学校,3270#3,0,2.3
veh_full_origin_0306_0007,private_car,origin_0306,5439173411,4722#11,,shelter_0,飯沼小学校,3270#3,0,2.3
veh_full_origin_0306_0008,private_car,origin_0306,5439173411,4722#11,,shelter_0,飯沼小学校,3270#3,0,2.3
veh_full_origin_0306_0009,private_car,origin_0306,5439173411,4722#11,,shelter_0,飯沼小学校,3270#3,0,2.3
veh_full_origin_0306_0010,private_car,origin_0306,5439173411,4722#11,,shelter_0,飯沼小学校,3270#3,0,2.3
veh_full_origin_0306_0011,private_car,origin_0306,5439173411,4722#11,,shelter_0,飯沼小学校,3270#3,0,2.3
veh_full_origin_0306_0012,private_car,origin_0306,5439173411,4722#11,,shelter_0,飯沼小学校,3270#3,0,2.3
veh_full_origin_0307_0001,private_car,origin_0307,5439173523,2976#17,,shelter_0,飯沼小学校,3270#3,0,2.3
veh_full_origin_0307_0002,private_car,origin_0307,5439173523,2976#17,,shelter_0,飯沼小学校,3270#3,0,2.3
veh_full_origin_0307_0003,private_car,origin_0307,5439173523,2976#17,,shelter_0,飯沼小学校,3270#3,0,2.3
veh_full_origin_0307_0004,private_car,origin_0307,5439173523,2976#17,,shelter_0,飯沼小学校,3270#3,0,2.3
veh_full_origin_0307_0005,private_car,origin_0307,5439173523,2976#17,,shelter_0,飯沼小学校,3270#3,0,2.3
veh_full_origin_0307_0006,private_car,origin_0307,5439173523,2976#17,,shelter_0,飯沼小学校,3270#3,0,2.3
veh_full_origin_0307_0007,private_car,origin_0307,5439173523,2976#17,,shelter_0,飯沼小学校,3270#3,0,2.3
veh_full_origin_0307_0008,private_car,origin_0307,5439173523,2976#17,,shelter_0,飯沼小学校,3270#3,0,2.3
veh_full_origin_0308_0001,private_car,origin_0308,5439173524,3077#4,,shelter_0,飯沼小学校,3270#3,0,2.3
veh_full_origin_0308_0002,private_car,origin_0308,5439173524,3077#4,,shelter_0,飯沼小学校,3270#3,0,2.3
veh_full_origin_0308_0003,private_car,origin_0308,5439173524,3077#4,,shelter_0,飯沼小学校,3270#3,0,2.3
veh_full_origin_0308_0004,private_car,origin_0308,5439173524,3077#4,,shelter_0,飯沼小学校,3270#3,0,2.3
veh_full_origin_0308_0005,private_car,origin_0308,5439173524,3077#4,,shelter_0,飯沼小学校,3270#3,0,2.3
veh_full_origin_0308_0006,private_car,origin_0308,5439173524,3077#4,,shelter_0,飯沼小学校,3270#3,0,2.3
veh_full_origin_0308_0007,private_car,origin_0308,5439173524,3077#4,,shelter_0,飯沼小学校,3270#3,0,2.3
veh_full_origin_0308_0008,private_car,origin_0308,5439173524,3077#4,,shelter_0,飯沼小学校,3270#3,0,2.3
veh_full_origin_0308_0009,private_car,origin_0308,5439173524,3077#4,,shelter_0,飯沼小学校,3270#3,0,2.3
veh_full_origin_0308_0010,private_car,origin_0308,5439173524,3077#4,,shelter_0,飯沼小学校,3270#3,0,2.3
veh_full_origin_0308_0011,private_car,origin_0308,5439173524,3077#4,,shelter_0,飯沼小学校,3270#3,0,2.3
veh_full_origin_0308_0012,private_car,origin_0308,5439173524,3077#4,,shelter_0,飯沼小学校,3270#3,0,2.3
veh_full_origin_0308_0013,private_car,origin_0308,5439173524,3077#4,,shelter_0,飯沼小学校,3270#3,0,2.3
veh_full_origin_0308_0014,private_car,origin_0308,5439173524,3077#4,,shelter_0,飯沼小学校,3270#3,0,2.3
veh_full_origin_0308_0015,private_car,origin_0308,5439173524,3077#4,,shelter_0,飯沼小学校,3270#3,0,2.3
veh_full_origin_0308_0016,private_car,origin_0308,5439173524,3077#4,,shelter_0,飯沼小学校,3270#3,0,2.3
veh_full_origin_0308_0017,private_car,origin_0308,5439173524,3077#4,,shelter_0,飯沼小学校,3270#3,0,2.3
veh_full_origin_0308_0018,private_car,origin_0308,5439173524,3077#4,,shelter_0,飯沼小学校,3270#3,0,2.3
veh_full_origin_0308_0019,private_car,origin_0308,5439173524,3077#4,,shelter_0,飯沼小学校,3270#3,0,2.3
veh_full_origin_0308_0020,private_car,origin_0308,5439173524,3077#4,,shelter_0,飯沼小学校,3270#3,0,2.3
veh_full_origin_0308_0021,private_car,origin_0308,5439173524,3077#4,,shelter_0,飯沼小学校,3270#3,0,2.3
veh_full_origin_0308_0022,private_car,origin_0308,5439173524,3077#4,,shelter_0,飯沼小学校,3270#3,0,2.3
veh_full_origin_0308_0023,private_car,origin_0308,5439173524,3077#4,,shelter_0,飯沼小学校,3270#3,0,2.3
veh_full_origin_0308_0024,private_car,origin_0308,5439173524,3077#4,,shelter_0,飯沼小学校,3270#3,0,2.3
veh_full_origin_0308_0025,private_car,origin_0308,5439173524,3077#4,,shelter_0,飯沼小学校,3270#3,0,2.3
veh_full_origin_0308_0026,private_car,origin_0308,5439173524,3077#4,,shelter_0,飯沼小学校,3270#3,0,2.3
veh_full_origin_0308_0027,private_car,origin_0308,5439173524,3077#4,,shelter_0,飯沼小学校,3270#3,0,2.3
veh_full_origin_0308_0028,private_car,origin_0308,5439173524,3077#4,,shelter_0,飯沼小学校,3270#3,0,2.3
veh_full_origin_0308_0029,private_car,origin_0308,5439173524,3077#4,,shelter_0,飯沼小学校,3270#3,0,2.3
veh_full_origin_0309_0001,private_car,origin_0309,5439173534,7730,,shelter_0,飯沼小学校,3270#3,0,2.3
veh_full_origin_0309_0002,private_car,origin_0309,5439173534,7730,,shelter_0,飯沼小学校,3270#3,0,2.3
veh_full_origin_0309_0003,private_car,origin_0309,5439173534,7730,,shelter_0,飯沼小学校,3270#3,0,2.3
veh_full_origin_0309_0004,private_car,origin_0309,5439173534,7730,,shelter_0,飯沼小学校,3270#3,0,2.3
veh_full_origin_0309_0005,private_car,origin_0309,5439173534,7730,,shelter_0,飯沼小学校,3270#3,0,2.3
veh_full_origin_0309_0006,private_car,origin_0309,5439173534,7730,,shelter_0,飯沼小学校,3270#3,0,2.3
veh_full_origin_0309_0007,private_car,origin_0309,5439173534,7730,,shelter_0,飯沼小学校,3270#3,0,2.3
veh_full_origin_0309_0008,private_car,origin_0309,5439173534,7730,,shelter_0,飯沼小学校,3270#3,0,2.3
veh_full_origin_0309_0009,private_car,origin_0309,5439173534,7730,,shelter_0,飯沼小学校,3270#3,0,2.3
veh_full_origin_0309_0010,private_car,origin_0309,5439173534,7730,,shelter_0,飯沼小学校,3270#3,0,2.3
veh_full_origin_0309_0011,private_car,origin_0309,5439173534,7730,,shelter_0,飯沼小学校,3270#3,0,2.3
veh_full_origin_0309_0012,private_car,origin_0309,5439173534,7730,,shelter_0,飯沼小学校,3270#3,0,2.3
veh_full_origin_0310_0001,private_car,origin_0310,5439173543,8560#2,,shelter_0,飯沼小学校,3270#3,0,2.3
veh_full_origin_0310_0002,private_car,origin_0310,5439173543,8560#2,,shelter_0,飯沼小学校,3270#3,0,2.3
veh_full_origin_0310_0003,private_car,origin_0310,5439173543,8560#2,,shelter_0,飯沼小学校,3270#3,0,2.3
veh_full_origin_0310_0004,private_car,origin_0310,5439173543,8560#2,,shelter_0,飯沼小学校,3270#3,0,2.3
veh_full_origin_0310_0005,private_car,origin_0310,5439173543,8560#2,,shelter_0,飯沼小学校,3270#3,0,2.3
veh_full_origin_0310_0006,private_car,origin_0310,5439173543,8560#2,,shelter_0,飯沼小学校,3270#3,0,2.3
veh_full_origin_0310_0007,private_car,origin_0310,5439173543,8560#2,,shelter_0,飯沼小学校,3270#3,0,2.3
veh_full_origin_0310_0008,private_car,origin_0310,5439173543,8560#2,,shelter_0,飯沼小学校,3270#3,0,2.3
veh_full_origin_0310_0009,private_car,origin_0310,5439173543,8560#2,,shelter_0,飯沼小学校,3270#3,0,2.3
veh_full_origin_0311_0001,private_car,origin_0311,5439173544,7355#0,,shelter_0,飯沼小学校,3270#3,0,2.3
veh_full_origin_0311_0002,private_car,origin_0311,5439173544,7355#0,,shelter_0,飯沼小学校,3270#3,0,2.3
veh_full_origin_0311_0003,private_car,origin_0311,5439173544,7355#0,,shelter_0,飯沼小学校,3270#3,0,2.3
veh_full_origin_0311_0004,private_car,origin_0311,5439173544,7355#0,,shelter_0,飯沼小学校,3270#3,0,2.3
veh_full_origin_0311_0005,private_car,origin_0311,5439173544,7355#0,,shelter_0,飯沼小学校,3270#3,0,2.3
veh_full_origin_0311_0006,private_car,origin_0311,5439173544,7355#0,,shelter_0,飯沼小学校,3270#3,0,2.3
veh_full_origin_0311_0007,private_car,origin_0311,5439173544,7355#0,,shelter_0,飯沼小学校,3270#3,0,2.3
veh_full_origin_0311_0008,private_car,origin_0311,5439173544,7355#0,,shelter_0,飯沼小学校,3270#3,0,2.3
veh_full_origin_0311_0009,private_car,origin_0311,5439173544,7355#0,,shelter_0,飯沼小学校,3270#3,0,2.3
veh_full_origin_0311_0010,private_car,origin_0311,5439173544,7355#0,,shelter_0,飯沼小学校,3270#3,0,2.3
veh_full_origin_0311_0011,private_car,origin_0311,5439173544,7355#0,,shelter_0,飯沼小学校,3270#3,0,2.3
veh_full_origin_0311_0012,private_car,origin_0311,5439173544,7355#0,,shelter_0,飯沼小学校,3270#3,0,2.3
veh_full_origin_0311_0013,private_car,origin_0311,5439173544,7355#0,,shelter_0,飯沼小学校,3270#3,0,2.3
veh_full_origin_0311_0014,private_car,origin_0311,5439173544,7355#0,,shelter_0,飯沼小学校,3270#3,0,2.3
veh_full_origin_0311_0015,private_car,origin_0311,5439173544,7355#0,,shelter_0,飯沼小学校,3270#3,0,2.3
veh_full_origin_0311_0016,private_car,origin_0311,5439173544,7355#0,,shelter_0,飯沼小学校,3270#3,0,2.3
veh_full_origin_0311_0017,private_car,origin_0311,5439173544,7355#0,,shelter_0,飯沼小学校,3270#3,0,2.3
veh_full_origin_0311_0018,private_car,origin_0311,5439173544,7355#0,,shelter_0,飯沼小学校,3270#3,0,2.3
veh_full_origin_0311_0019,private_car,origin_0311,5439173544,7355#0,,shelter_0,飯沼小学校,3270#3,0,2.3
veh_full_origin_0311_0020,private_car,origin_0311,5439173544,7355#0,,shelter_0,飯沼小学校,3270#3,0,2.3
veh_full_origin_0311_0021,private_car,origin_0311,5439173544,7355#0,,shelter_0,飯沼小学校,3270#3,0,2.3
veh_full_origin_0311_0022,private_car,origin_0311,5439173544,7355#0,,shelter_0,飯沼小学校,3270#3,0,2.3
veh_full_origin_0311_0023,private_car,origin_0311,5439173544,7355#0,,shelter_0,飯沼小学校,3270#3,0,2.3
veh_full_origin_0311_0024,private_car,origin_0311,5439173544,7355#0,,shelter_0,飯沼小学校,3270#3,0,2.3
veh_full_origin_0311_0025,private_car,origin_0311,5439173544,7355#0,,shelter_0,飯沼小学校,3270#3,0,2.3
veh_full_origin_0311_0026,private_car,origin_0311,5439173544,7355#0,,shelter_0,飯沼小学校,3270#3,0,2.3
veh_full_origin_0311_0027,private_car,origin_0311,5439173544,7355#0,,shelter_0,飯沼小学校,3270#3,0,2.3
veh_full_origin_0311_0028,private_car,origin_0311,5439173544,7355#0,,shelter_0,飯沼小学校,3270#3,0,2.3
veh_full_origin_0311_0029,private_car,origin_0311,5439173544,7355#0,,shelter_0,飯沼小学校,3270#3,0,2.3
veh_full_origin_0311_0030,private_car,origin_0311,5439173544,7355#0,,shelter_0,飯沼小学校,3270#3,0,2.3
veh_full_origin_0311_0031,private_car,origin_0311,5439173544,7355#0,,shelter_0,飯沼小学校,3270#3,0,2.3
veh_full_origin_0311_0032,private_car,origin_0311,5439173544,7355#0,,shelter_0,飯沼小学校,3270#3,0,2.3
veh_full_origin_0311_0033,private_car,origin_0311,5439173544,7355#0,,shelter_0,飯沼小学校,3270#3,0,2.3
veh_full_origin_0311_0034,private_car,origin_0311,5439173544,7355#0,,shelter_0,飯沼小学校,3270#3,0,2.3
veh_full_origin_0311_0035,private_car,origin_0311,5439173544,7355#0,,shelter_0,飯沼小学校,3270#3,0,2.3
veh_full_origin_0311_0036,private_car,origin_0311,5439173544,7355#0,,shelter_0,飯沼小学校,3270#3,0,2.3
veh_full_origin_0311_0037,private_car,origin_0311,5439173544,7355#0,,shelter_0,飯沼小学校,3270#3,0,2.3
veh_full_origin_0311_0038,private_car,origin_0311,5439173544,7355#0,,shelter_0,飯沼小学校,3270#3,0,2.3
veh_full_origin_0311_0039,private_car,origin_0311,5439173544,7355#0,,shelter_0,飯沼小学校,3270#3,0,2.3
veh_full_origin_0311_0040,private_car,origin_0311,5439173544,7355#0,,shelter_0,飯沼小学校,3270#3,0,2.3
veh_full_origin_0311_0041,private_car,origin_0311,5439173544,7355#0,,shelter_0,飯沼小学校,3270#3,0,2.3
veh_full_origin_0311_0042,private_car,origin_0311,5439173544,7355#0,,shelter_0,飯沼小学校,3270#3,0,2.3
veh_full_origin_0311_0043,private_car,origin_0311,5439173544,7355#0,,shelter_0,飯沼小学校,3270#3,0,2.3
veh_full_origin_0311_0044,private_car,origin_0311,5439173544,7355#0,,shelter_0,飯沼小学校,3270#3,0,2.3
veh_full_origin_0311_0045,private_car,origin_0311,5439173544,7355#0,,shelter_0,飯沼小学校,3270#3,0,2.3
veh_full_origin_0311_0046,private_car,origin_0311,5439173544,7355#0,,shelter_0,飯沼小学校,3270#3,0,2.3
veh_full_origin_0311_0047,private_car,origin_0311,5439173544,7355#0,,shelter_0,飯沼小学校,3270#3,0,2.3
veh_full_origin_0311_0048,private_car,origin_0311,5439173544,7355#0,,shelter_0,飯沼小学校,3270#3,0,2.3
veh_full_origin_0311_0049,private_car,origin_0311,5439173544,7355#0,,shelter_0,飯沼小学校,3270#3,0,2.3
veh_full_origin_0311_0050,private_car,origin_0311,5439173544,7355#0,,shelter_0,飯沼小学校,3270#3,0,2.3
veh_full_origin_0311_0051,private_car,origin_0311,5439173544,7355#0,,shelter_0,飯沼小学校,3270#3,0,2.3
veh_full_origin_0311_0052,private_car,origin_0311,5439173544,7355#0,,shelter_0,飯沼小学校,3270#3,0,2.3
veh_full_origin_0311_0053,private_car,origin_0311,5439173544,7355#0,,shelter_0,飯沼小学校,3270#3,0,2.3
veh_full_origin_0311_0054,private_car,origin_0311,5439173544,7355#0,,shelter_0,飯沼小学校,3270#3,0,2.3
veh_full_origin_0311_0055,private_car,origin_0311,5439173544,7355#0,,shelter_0,飯沼小学校,3270#3,0,2.3
veh_full_origin_0311_0056,private_car,origin_0311,5439173544,7355#0,,shelter_0,飯沼小学校,3270#3,0,2.3
veh_full_origin_0311_0057,private_car,origin_0311,5439173544,7355#0,,shelter_0,飯沼小学校,3270#3,0,2.3
veh_full_origin_0311_0058,private_car,origin_0311,5439173544,7355#0,,shelter_0,飯沼小学校,3270#3,0,2.3
veh_full_origin_0311_0059,private_car,origin_0311,5439173544,7355#0,,shelter_0,飯沼小学校,3270#3,0,2.3
veh_full_origin_0311_0060,private_car,origin_0311,5439173544,7355#0,,shelter_0,飯沼小学校,3270#3,0,2.3
veh_full_origin_0311_0061,private_car,origin_0311,5439173544,7355#0,,shelter_0,飯沼小学校,3270#3,0,2.3
veh_full_origin_0311_0062,private_car,origin_0311,5439173544,7355#0,,shelter_0,飯沼小学校,3270#3,0,2.3
veh_full_origin_0311_0063,private_car,origin_0311,5439173544,7355#0,,shelter_0,飯沼小学校,3270#3,0,2.3
veh_full_origin_0311_0064,private_car,origin_0311,5439173544,7355#0,,shelter_0,飯沼小学校,3270#3,0,2.3
veh_full_origin_0311_0065,private_car,origin_0311,5439173544,7355#0,,shelter_0,飯沼小学校,3270#3,0,2.3
veh_full_origin_0311_0066,private_car,origin_0311,5439173544,7355#0,,shelter_0,飯沼小学校,3270#3,0,2.3
veh_full_origin_0311_0067,private_car,origin_0311,5439173544,7355#0,,shelter_0,飯沼小学校,3270#3,0,2.3
veh_full_origin_0311_0068,private_car,origin_0311,5439173544,7355#0,,shelter_0,飯沼小学校,3270#3,0,2.3
veh_full_origin_0311_0069,private_car,origin_0311,5439173544,7355#0,,shelter_0,飯沼小学校,3270#3,0,2.3
veh_full_origin_0311_0070,private_car,origin_0311,5439173544,7355#0,,shelter_0,飯沼小学校,3270#3,0,2.3
veh_full_origin_0311_0071,private_car,origin_0311,5439173544,7355#0,,shelter_0,飯沼小学校,3270#3,0,2.3
veh_full_origin_0311_0072,private_car,origin_0311,5439173544,7355#0,,shelter_0,飯沼小学校,3270#3,0,2.3
veh_full_origin_0312_0001,private_car,origin_0312,5439173612,7466#0,,shelter_2,石下小学校,7058,0,2.3
veh_full_origin_0312_0002,private_car,origin_0312,5439173612,7466#0,,shelter_2,石下小学校,7058,0,2.3
veh_full_origin_0312_0003,private_car,origin_0312,5439173612,7466#0,,shelter_2,石下小学校,7058,0,2.3
veh_full_origin_0312_0004,private_car,origin_0312,5439173612,7466#0,,shelter_2,石下小学校,7058,0,2.3
veh_full_origin_0312_0005,private_car,origin_0312,5439173612,7466#0,,shelter_2,石下小学校,7058,0,2.3
veh_full_origin_0312_0006,private_car,origin_0312,5439173612,7466#0,,shelter_2,石下小学校,7058,0,2.3
veh_full_origin_0312_0007,private_car,origin_0312,5439173612,7466#0,,shelter_2,石下小学校,7058,0,2.3
veh_full_origin_0312_0008,private_car,origin_0312,5439173612,7466#0,,shelter_2,石下小学校,7058,0,2.3
veh_full_origin_0312_0009,private_car,origin_0312,5439173612,7466#0,,shelter_2,石下小学校,7058,0,2.3
veh_full_origin_0312_0010,private_car,origin_0312,5439173612,7466#0,,shelter_2,石下小学校,7058,0,2.3
veh_full_origin_0312_0011,private_car,origin_0312,5439173612,7466#0,,shelter_2,石下小学校,7058,0,2.3
veh_full_origin_0312_0012,private_car,origin_0312,5439173612,7466#0,,shelter_2,石下小学校,7058,0,2.3
veh_full_origin_0312_0013,private_car,origin_0312,5439173612,7466#0,,shelter_2,石下小学校,7058,0,2.3
veh_full_origin_0312_0014,private_car,origin_0312,5439173612,7466#0,,shelter_2,石下小学校,7058,0,2.3
veh_full_origin_0312_0015,private_car,origin_0312,5439173612,7466#0,,shelter_2,石下小学校,7058,0,2.3
veh_full_origin_0312_0016,private_car,origin_0312,5439173612,7466#0,,shelter_2,石下小学校,7058,0,2.3
veh_full_origin_0312_0017,private_car,origin_0312,5439173612,7466#0,,shelter_2,石下小学校,7058,0,2.3
veh_full_origin_0312_0018,private_car,origin_0312,5439173612,7466#0,,shelter_2,石下小学校,7058,0,2.3
veh_full_origin_0312_0019,private_car,origin_0312,5439173612,7466#0,,shelter_2,石下小学校,7058,0,2.3
veh_full_origin_0312_0020,private_car,origin_0312,5439173612,7466#0,,shelter_2,石下小学校,7058,0,2.3
veh_full_origin_0312_0021,private_car,origin_0312,5439173612,7466#0,,shelter_2,石下小学校,7058,0,2.3
veh_full_origin_0312_0022,private_car,origin_0312,5439173612,7466#0,,shelter_2,石下小学校,7058,0,2.3
veh_full_origin_0312_0023,private_car,origin_0312,5439173612,7466#0,,shelter_2,石下小学校,7058,0,2.3
veh_full_origin_0312_0024,private_car,origin_0312,5439173612,7466#0,,shelter_2,石下小学校,7058,0,2.3
veh_full_origin_0312_0025,private_car,origin_0312,5439173612,7466#0,,shelter_2,石下小学校,7058,0,2.3
veh_full_origin_0312_0026,private_car,origin_0312,5439173612,7466#0,,shelter_2,石下小学校,7058,0,2.3
veh_full_origin_0312_0027,private_car,origin_0312,5439173612,7466#0,,shelter_2,石下小学校,7058,0,2.3
veh_full_origin_0312_0028,private_car,origin_0312,5439173612,7466#0,,shelter_2,石下小学校,7058,0,2.3
veh_full_origin_0312_0029,private_car,origin_0312,5439173612,7466#0,,shelter_2,石下小学校,7058,0,2.3
veh_full_origin_0312_0030,private_car,origin_0312,5439173612,7466#0,,shelter_2,石下小学校,7058,0,2.3
veh_full_origin_0312_0031,private_car,origin_0312,5439173612,7466#0,,shelter_2,石下小学校,7058,0,2.3
veh_full_origin_0312_0032,private_car,origin_0312,5439173612,7466#0,,shelter_2,石下小学校,7058,0,2.3
veh_full_origin_0312_0033,private_car,origin_0312,5439173612,7466#0,,shelter_2,石下小学校,7058,0,2.3
veh_full_origin_0312_0034,private_car,origin_0312,5439173612,7466#0,,shelter_2,石下小学校,7058,0,2.3
veh_full_origin_0312_0035,private_car,origin_0312,5439173612,7466#0,,shelter_2,石下小学校,7058,0,2.3
veh_full_origin_0312_0036,private_car,origin_0312,5439173612,7466#0,,shelter_2,石下小学校,7058,0,2.3
veh_full_origin_0312_0037,private_car,origin_0312,5439173612,7466#0,,shelter_2,石下小学校,7058,0,2.3
veh_full_origin_0312_0038,private_car,origin_0312,5439173612,7466#0,,shelter_2,石下小学校,7058,0,2.3
veh_full_origin_0312_0039,private_car,origin_0312,5439173612,7466#0,,shelter_2,石下小学校,7058,0,2.3
veh_full_origin_0312_0040,private_car,origin_0312,5439173612,7466#0,,shelter_2,石下小学校,7058,0,2.3
veh_full_origin_0312_0041,private_car,origin_0312,5439173612,7466#0,,shelter_2,石下小学校,7058,0,2.3
veh_full_origin_0312_0042,private_car,origin_0312,5439173612,7466#0,,shelter_2,石下小学校,7058,0,2.3
veh_full_origin_0312_0043,private_car,origin_0312,5439173612,7466#0,,shelter_2,石下小学校,7058,0,2.3
veh_full_origin_0312_0044,private_car,origin_0312,5439173612,7466#0,,shelter_2,石下小学校,7058,0,2.3
veh_full_origin_0312_0045,private_car,origin_0312,5439173612,7466#0,,shelter_2,石下小学校,7058,0,2.3
veh_full_origin_0312_0046,private_car,origin_0312,5439173612,7466#0,,shelter_2,石下小学校,7058,0,2.3
veh_full_origin_0312_0047,private_car,origin_0312,5439173612,7466#0,,shelter_2,石下小学校,7058,0,2.3
veh_full_origin_0312_0048,private_car,origin_0312,5439173612,7466#0,,shelter_2,石下小学校,7058,0,2.3
veh_full_origin_0312_0049,private_car,origin_0312,5439173612,7466#0,,shelter_2,石下小学校,7058,0,2.3
veh_full_origin_0312_0050,private_car,origin_0312,5439173612,7466#0,,shelter_2,石下小学校,7058,0,2.3
veh_full_origin_0312_0051,private_car,origin_0312,5439173612,7466#0,,shelter_2,石下小学校,7058,0,2.3
veh_full_origin_0312_0052,private_car,origin_0312,5439173612,7466#0,,shelter_2,石下小学校,7058,0,2.3
veh_full_origin_0312_0053,private_car,origin_0312,5439173612,7466#0,,shelter_2,石下小学校,7058,0,2.3
veh_full_origin_0312_0054,private_car,origin_0312,5439173612,7466#0,,shelter_2,石下小学校,7058,0,2.3
veh_full_origin_0312_0055,private_car,origin_0312,5439173612,7466#0,,shelter_2,石下小学校,7058,0,2.3
veh_full_origin_0312_0056,private_car,origin_0312,5439173612,7466#0,,shelter_2,石下小学校,7058,0,2.3
veh_full_origin_0312_0057,private_car,origin_0312,5439173612,7466#0,,shelter_2,石下小学校,7058,0,2.3
veh_full_origin_0313_0001,private_car,origin_0313,5439173613,7687#1,,shelter_2,石下小学校,7058,0,2.3
veh_full_origin_0313_0002,private_car,origin_0313,5439173613,7687#1,,shelter_2,石下小学校,7058,0,2.3
veh_full_origin_0313_0003,private_car,origin_0313,5439173613,7687#1,,shelter_2,石下小学校,7058,0,2.3
veh_full_origin_0313_0004,private_car,origin_0313,5439173613,7687#1,,shelter_2,石下小学校,7058,0,2.3
veh_full_origin_0313_0005,private_car,origin_0313,5439173613,7687#1,,shelter_2,石下小学校,7058,0,2.3
veh_full_origin_0313_0006,private_car,origin_0313,5439173613,7687#1,,shelter_2,石下小学校,7058,0,2.3
veh_full_origin_0313_0007,private_car,origin_0313,5439173613,7687#1,,shelter_2,石下小学校,7058,0,2.3
veh_full_origin_0313_0008,private_car,origin_0313,5439173613,7687#1,,shelter_2,石下小学校,7058,0,2.3
veh_full_origin_0313_0009,private_car,origin_0313,5439173613,7687#1,,shelter_2,石下小学校,7058,0,2.3
veh_full_origin_0313_0010,private_car,origin_0313,5439173613,7687#1,,shelter_2,石下小学校,7058,0,2.3
veh_full_origin_0313_0011,private_car,origin_0313,5439173613,7687#1,,shelter_2,石下小学校,7058,0,2.3
veh_full_origin_0313_0012,private_car,origin_0313,5439173613,7687#1,,shelter_2,石下小学校,7058,0,2.3
veh_full_origin_0313_0013,private_car,origin_0313,5439173613,7687#1,,shelter_2,石下小学校,7058,0,2.3
veh_full_origin_0313_0014,private_car,origin_0313,5439173613,7687#1,,shelter_2,石下小学校,7058,0,2.3
veh_full_origin_0313_0015,private_car,origin_0313,5439173613,7687#1,,shelter_2,石下小学校,7058,0,2.3
veh_full_origin_0313_0016,private_car,origin_0313,5439173613,7687#1,,shelter_2,石下小学校,7058,0,2.3
veh_full_origin_0313_0017,private_car,origin_0313,5439173613,7687#1,,shelter_2,石下小学校,7058,0,2.3
veh_full_origin_0313_0018,private_car,origin_0313,5439173613,7687#1,,shelter_2,石下小学校,7058,0,2.3
veh_full_origin_0313_0019,private_car,origin_0313,5439173613,7687#1,,shelter_2,石下小学校,7058,0,2.3
veh_full_origin_0313_0020,private_car,origin_0313,5439173613,7687#1,,shelter_2,石下小学校,7058,0,2.3
veh_full_origin_0313_0021,private_car,origin_0313,5439173613,7687#1,,shelter_2,石下小学校,7058,0,2.3
veh_full_origin_0313_0022,private_car,origin_0313,5439173613,7687#1,,shelter_2,石下小学校,7058,0,2.3
veh_full_origin_0313_0023,private_car,origin_0313,5439173613,7687#1,,shelter_2,石下小学校,7058,0,2.3
veh_full_origin_0313_0024,private_car,origin_0313,5439173613,7687#1,,shelter_2,石下小学校,7058,0,2.3
veh_full_origin_0313_0025,private_car,origin_0313,5439173613,7687#1,,shelter_2,石下小学校,7058,0,2.3
veh_full_origin_0313_0026,private_car,origin_0313,5439173613,7687#1,,shelter_2,石下小学校,7058,0,2.3
veh_full_origin_0313_0027,private_car,origin_0313,5439173613,7687#1,,shelter_2,石下小学校,7058,0,2.3
veh_full_origin_0313_0028,private_car,origin_0313,5439173613,7687#1,,shelter_2,石下小学校,7058,0,2.3
veh_full_origin_0313_0029,private_car,origin_0313,5439173613,7687#1,,shelter_2,石下小学校,7058,0,2.3
veh_full_origin_0313_0030,private_car,origin_0313,5439173613,7687#1,,shelter_2,石下小学校,7058,0,2.3
veh_full_origin_0313_0031,private_car,origin_0313,5439173613,7687#1,,shelter_2,石下小学校,7058,0,2.3
veh_full_origin_0313_0032,private_car,origin_0313,5439173613,7687#1,,shelter_2,石下小学校,7058,0,2.3
veh_full_origin_0313_0033,private_car,origin_0313,5439173613,7687#1,,shelter_2,石下小学校,7058,0,2.3
veh_full_origin_0313_0034,private_car,origin_0313,5439173613,7687#1,,shelter_2,石下小学校,7058,0,2.3
veh_full_origin_0313_0035,private_car,origin_0313,5439173613,7687#1,,shelter_2,石下小学校,7058,0,2.3
veh_full_origin_0313_0036,private_car,origin_0313,5439173613,7687#1,,shelter_2,石下小学校,7058,0,2.3
veh_full_origin_0314_0001,private_car,origin_0314,5439173614,2970#2,,shelter_2,石下小学校,7058,0,2.3
veh_full_origin_0314_0002,private_car,origin_0314,5439173614,2970#2,,shelter_2,石下小学校,7058,0,2.3
veh_full_origin_0314_0003,private_car,origin_0314,5439173614,2970#2,,shelter_2,石下小学校,7058,0,2.3
veh_full_origin_0314_0004,private_car,origin_0314,5439173614,2970#2,,shelter_2,石下小学校,7058,0,2.3
veh_full_origin_0314_0005,private_car,origin_0314,5439173614,2970#2,,shelter_2,石下小学校,7058,0,2.3
veh_full_origin_0314_0006,private_car,origin_0314,5439173614,2970#2,,shelter_2,石下小学校,7058,0,2.3
veh_full_origin_0314_0007,private_car,origin_0314,5439173614,2970#2,,shelter_2,石下小学校,7058,0,2.3
veh_full_origin_0314_0008,private_car,origin_0314,5439173614,2970#2,,shelter_2,石下小学校,7058,0,2.3
veh_full_origin_0314_0009,private_car,origin_0314,5439173614,2970#2,,shelter_2,石下小学校,7058,0,2.3
veh_full_origin_0314_0010,private_car,origin_0314,5439173614,2970#2,,shelter_2,石下小学校,7058,0,2.3
veh_full_origin_0314_0011,private_car,origin_0314,5439173614,2970#2,,shelter_2,石下小学校,7058,0,2.3
veh_full_origin_0314_0012,private_car,origin_0314,5439173614,2970#2,,shelter_2,石下小学校,7058,0,2.3
veh_full_origin_0314_0013,private_car,origin_0314,5439173614,2970#2,,shelter_2,石下小学校,7058,0,2.3
veh_full_origin_0314_0014,private_car,origin_0314,5439173614,2970#2,,shelter_2,石下小学校,7058,0,2.3
veh_full_origin_0314_0015,private_car,origin_0314,5439173614,2970#2,,shelter_2,石下小学校,7058,0,2.3
veh_full_origin_0314_0016,private_car,origin_0314,5439173614,2970#2,,shelter_2,石下小学校,7058,0,2.3
veh_full_origin_0314_0017,private_car,origin_0314,5439173614,2970#2,,shelter_2,石下小学校,7058,0,2.3
veh_full_origin_0314_0018,private_car,origin_0314,5439173614,2970#2,,shelter_2,石下小学校,7058,0,2.3
veh_full_origin_0314_0019,private_car,origin_0314,5439173614,2970#2,,shelter_2,石下小学校,7058,0,2.3
veh_full_origin_0314_0020,private_car,origin_0314,5439173614,2970#2,,shelter_2,石下小学校,7058,0,2.3
veh_full_origin_0314_0021,private_car,origin_0314,5439173614,2970#2,,shelter_2,石下小学校,7058,0,2.3
veh_full_origin_0314_0022,private_car,origin_0314,5439173614,2970#2,,shelter_2,石下小学校,7058,0,2.3
veh_full_origin_0314_0023,private_car,origin_0314,5439173614,2970#2,,shelter_2,石下小学校,7058,0,2.3
veh_full_origin_0314_0024,private_car,origin_0314,5439173614,2970#2,,shelter_2,石下小学校,7058,0,2.3
veh_full_origin_0314_0025,private_car,origin_0314,5439173614,2970#2,,shelter_2,石下小学校,7058,0,2.3
veh_full_origin_0314_0026,private_car,origin_0314,5439173614,2970#2,,shelter_2,石下小学校,7058,0,2.3
veh_full_origin_0314_0027,private_car,origin_0314,5439173614,2970#2,,shelter_2,石下小学校,7058,0,2.3
veh_full_origin_0314_0028,private_car,origin_0314,5439173614,2970#2,,shelter_2,石下小学校,7058,0,2.3
veh_full_origin_0314_0029,private_car,origin_0314,5439173614,2970#2,,shelter_2,石下小学校,7058,0,2.3
veh_full_origin_0314_0030,private_car,origin_0314,5439173614,2970#2,,shelter_2,石下小学校,7058,0,2.3
veh_full_origin_0314_0031,private_car,origin_0314,5439173614,2970#2,,shelter_2,石下小学校,7058,0,2.3
veh_full_origin_0314_0032,private_car,origin_0314,5439173614,2970#2,,shelter_2,石下小学校,7058,0,2.3
veh_full_origin_0314_0033,private_car,origin_0314,5439173614,2970#2,,shelter_2,石下小学校,7058,0,2.3
veh_full_origin_0314_0034,private_car,origin_0314,5439173614,2970#2,,shelter_2,石下小学校,7058,0,2.3
veh_full_origin_0314_0035,private_car,origin_0314,5439173614,2970#2,,shelter_2,石下小学校,7058,0,2.3
veh_full_origin_0314_0036,private_car,origin_0314,5439173614,2970#2,,shelter_2,石下小学校,7058,0,2.3
veh_full_origin_0314_0037,private_car,origin_0314,5439173614,2970#2,,shelter_2,石下小学校,7058,0,2.3
veh_full_origin_0314_0038,private_car,origin_0314,5439173614,2970#2,,shelter_2,石下小学校,7058,0,2.3
veh_full_origin_0314_0039,private_car,origin_0314,5439173614,2970#2,,shelter_2,石下小学校,7058,0,2.3
veh_full_origin_0314_0040,private_car,origin_0314,5439173614,2970#2,,shelter_2,石下小学校,7058,0,2.3
veh_full_origin_0314_0041,private_car,origin_0314,5439173614,2970#2,,shelter_2,石下小学校,7058,0,2.3
veh_full_origin_0314_0042,private_car,origin_0314,5439173614,2970#2,,shelter_2,石下小学校,7058,0,2.3
veh_full_origin_0314_0043,private_car,origin_0314,5439173614,2970#2,,shelter_2,石下小学校,7058,0,2.3
veh_full_origin_0314_0044,private_car,origin_0314,5439173614,2970#2,,shelter_2,石下小学校,7058,0,2.3
veh_full_origin_0314_0045,private_car,origin_0314,5439173614,2970#2,,shelter_2,石下小学校,7058,0,2.3
veh_full_origin_0314_0046,private_car,origin_0314,5439173614,2970#2,,shelter_2,石下小学校,7058,0,2.3
veh_full_origin_0314_0047,private_car,origin_0314,5439173614,2970#2,,shelter_2,石下小学校,7058,0,2.3
veh_full_origin_0314_0048,private_car,origin_0314,5439173614,2970#2,,shelter_2,石下小学校,7058,0,2.3
veh_full_origin_0315_0001,private_car,origin_0315,5439173622,7184#2,,shelter_2,石下小学校,7058,0,2.3
veh_full_origin_0315_0002,private_car,origin_0315,5439173622,7184#2,,shelter_2,石下小学校,7058,0,2.3
veh_full_origin_0315_0003,private_car,origin_0315,5439173622,7184#2,,shelter_2,石下小学校,7058,0,2.3
veh_full_origin_0315_0004,private_car,origin_0315,5439173622,7184#2,,shelter_2,石下小学校,7058,0,2.3
veh_full_origin_0315_0005,private_car,origin_0315,5439173622,7184#2,,shelter_2,石下小学校,7058,0,2.3
veh_full_origin_0315_0006,private_car,origin_0315,5439173622,7184#2,,shelter_2,石下小学校,7058,0,2.3
veh_full_origin_0315_0007,private_car,origin_0315,5439173622,7184#2,,shelter_2,石下小学校,7058,0,2.3
veh_full_origin_0315_0008,private_car,origin_0315,5439173622,7184#2,,shelter_2,石下小学校,7058,0,2.3
veh_full_origin_0315_0009,private_car,origin_0315,5439173622,7184#2,,shelter_2,石下小学校,7058,0,2.3
veh_full_origin_0315_0010,private_car,origin_0315,5439173622,7184#2,,shelter_2,石下小学校,7058,0,2.3
veh_full_origin_0315_0011,private_car,origin_0315,5439173622,7184#2,,shelter_2,石下小学校,7058,0,2.3
veh_full_origin_0315_0012,private_car,origin_0315,5439173622,7184#2,,shelter_2,石下小学校,7058,0,2.3
veh_full_origin_0315_0013,private_car,origin_0315,5439173622,7184#2,,shelter_2,石下小学校,7058,0,2.3
veh_full_origin_0315_0014,private_car,origin_0315,5439173622,7184#2,,shelter_2,石下小学校,7058,0,2.3
veh_full_origin_0315_0015,private_car,origin_0315,5439173622,7184#2,,shelter_2,石下小学校,7058,0,2.3
veh_full_origin_0315_0016,private_car,origin_0315,5439173622,7184#2,,shelter_2,石下小学校,7058,0,2.3
veh_full_origin_0315_0017,private_car,origin_0315,5439173622,7184#2,,shelter_2,石下小学校,7058,0,2.3
veh_full_origin_0315_0018,private_car,origin_0315,5439173622,7184#2,,shelter_2,石下小学校,7058,0,2.3
veh_full_origin_0315_0019,private_car,origin_0315,5439173622,7184#2,,shelter_2,石下小学校,7058,0,2.3
veh_full_origin_0315_0020,private_car,origin_0315,5439173622,7184#2,,shelter_2,石下小学校,7058,0,2.3
veh_full_origin_0315_0021,private_car,origin_0315,5439173622,7184#2,,shelter_2,石下小学校,7058,0,2.3
veh_full_origin_0315_0022,private_car,origin_0315,5439173622,7184#2,,shelter_2,石下小学校,7058,0,2.3
veh_full_origin_0315_0023,private_car,origin_0315,5439173622,7184#2,,shelter_2,石下小学校,7058,0,2.3
veh_full_origin_0315_0024,private_car,origin_0315,5439173622,7184#2,,shelter_2,石下小学校,7058,0,2.3
veh_full_origin_0315_0025,private_car,origin_0315,5439173622,7184#2,,shelter_2,石下小学校,7058,0,2.3
veh_full_origin_0315_0026,private_car,origin_0315,5439173622,7184#2,,shelter_2,石下小学校,7058,0,2.3
veh_full_origin_0315_0027,private_car,origin_0315,5439173622,7184#2,,shelter_2,石下小学校,7058,0,2.3
veh_full_origin_0315_0028,private_car,origin_0315,5439173622,7184#2,,shelter_2,石下小学校,7058,0,2.3
veh_full_origin_0315_0029,private_car,origin_0315,5439173622,7184#2,,shelter_2,石下小学校,7058,0,2.3
veh_full_origin_0315_0030,private_car,origin_0315,5439173622,7184#2,,shelter_2,石下小学校,7058,0,2.3
veh_full_origin_0315_0031,private_car,origin_0315,5439173622,7184#2,,shelter_2,石下小学校,7058,0,2.3
veh_full_origin_0315_0032,private_car,origin_0315,5439173622,7184#2,,shelter_2,石下小学校,7058,0,2.3
veh_full_origin_0315_0033,private_car,origin_0315,5439173622,7184#2,,shelter_2,石下小学校,7058,0,2.3
veh_full_origin_0315_0034,private_car,origin_0315,5439173622,7184#2,,shelter_2,石下小学校,7058,0,2.3
veh_full_origin_0315_0035,private_car,origin_0315,5439173622,7184#2,,shelter_2,石下小学校,7058,0,2.3
veh_full_origin_0315_0036,private_car,origin_0315,5439173622,7184#2,,shelter_2,石下小学校,7058,0,2.3
veh_full_origin_0315_0037,private_car,origin_0315,5439173622,7184#2,,shelter_2,石下小学校,7058,0,2.3
veh_full_origin_0315_0038,private_car,origin_0315,5439173622,7184#2,,shelter_2,石下小学校,7058,0,2.3
veh_full_origin_0315_0039,private_car,origin_0315,5439173622,7184#2,,shelter_2,石下小学校,7058,0,2.3
veh_full_origin_0315_0040,private_car,origin_0315,5439173622,7184#2,,shelter_2,石下小学校,7058,0,2.3
veh_full_origin_0315_0041,private_car,origin_0315,5439173622,7184#2,,shelter_2,石下小学校,7058,0,2.3
veh_full_origin_0315_0042,private_car,origin_0315,5439173622,7184#2,,shelter_2,石下小学校,7058,0,2.3
veh_full_origin_0315_0043,private_car,origin_0315,5439173622,7184#2,,shelter_2,石下小学校,7058,0,2.3
veh_full_origin_0315_0044,private_car,origin_0315,5439173622,7184#2,,shelter_2,石下小学校,7058,0,2.3
veh_full_origin_0315_0045,private_car,origin_0315,5439173622,7184#2,,shelter_2,石下小学校,7058,0,2.3
veh_full_origin_0315_0046,private_car,origin_0315,5439173622,7184#2,,shelter_2,石下小学校,7058,0,2.3
veh_full_origin_0315_0047,private_car,origin_0315,5439173622,7184#2,,shelter_2,石下小学校,7058,0,2.3
veh_full_origin_0315_0048,private_car,origin_0315,5439173622,7184#2,,shelter_2,石下小学校,7058,0,2.3
veh_full_origin_0315_0049,private_car,origin_0315,5439173622,7184#2,,shelter_2,石下小学校,7058,0,2.3
veh_full_origin_0315_0050,private_car,origin_0315,5439173622,7184#2,,shelter_2,石下小学校,7058,0,2.3
veh_full_origin_0315_0051,private_car,origin_0315,5439173622,7184#2,,shelter_2,石下小学校,7058,0,2.3
veh_full_origin_0315_0052,private_car,origin_0315,5439173622,7184#2,,shelter_2,石下小学校,7058,0,2.3
veh_full_origin_0315_0053,private_car,origin_0315,5439173622,7184#2,,shelter_2,石下小学校,7058,0,2.3
veh_full_origin_0315_0054,private_car,origin_0315,5439173622,7184#2,,shelter_2,石下小学校,7058,0,2.3
veh_full_origin_0315_0055,private_car,origin_0315,5439173622,7184#2,,shelter_2,石下小学校,7058,0,2.3
veh_full_origin_0315_0056,private_car,origin_0315,5439173622,7184#2,,shelter_2,石下小学校,7058,0,2.3
veh_full_origin_0315_0057,private_car,origin_0315,5439173622,7184#2,,shelter_2,石下小学校,7058,0,2.3
veh_full_origin_0315_0058,private_car,origin_0315,5439173622,7184#2,,shelter_2,石下小学校,7058,0,2.3
veh_full_origin_0315_0059,private_car,origin_0315,5439173622,7184#2,,shelter_2,石下小学校,7058,0,2.3
veh_full_origin_0315_0060,private_car,origin_0315,5439173622,7184#2,,shelter_2,石下小学校,7058,0,2.3
veh_full_origin_0316_0001,private_car,origin_0316,5439173623,3157#3,,shelter_2,石下小学校,7058,0,2.3
veh_full_origin_0316_0002,private_car,origin_0316,5439173623,3157#3,,shelter_2,石下小学校,7058,0,2.3
veh_full_origin_0316_0003,private_car,origin_0316,5439173623,3157#3,,shelter_2,石下小学校,7058,0,2.3
veh_full_origin_0316_0004,private_car,origin_0316,5439173623,3157#3,,shelter_2,石下小学校,7058,0,2.3
veh_full_origin_0316_0005,private_car,origin_0316,5439173623,3157#3,,shelter_2,石下小学校,7058,0,2.3
veh_full_origin_0316_0006,private_car,origin_0316,5439173623,3157#3,,shelter_2,石下小学校,7058,0,2.3
veh_full_origin_0316_0007,private_car,origin_0316,5439173623,3157#3,,shelter_2,石下小学校,7058,0,2.3
veh_full_origin_0316_0008,private_car,origin_0316,5439173623,3157#3,,shelter_2,石下小学校,7058,0,2.3
veh_full_origin_0316_0009,private_car,origin_0316,5439173623,3157#3,,shelter_2,石下小学校,7058,0,2.3
veh_full_origin_0316_0010,private_car,origin_0316,5439173623,3157#3,,shelter_2,石下小学校,7058,0,2.3
veh_full_origin_0316_0011,private_car,origin_0316,5439173623,3157#3,,shelter_2,石下小学校,7058,0,2.3
veh_full_origin_0316_0012,private_car,origin_0316,5439173623,3157#3,,shelter_2,石下小学校,7058,0,2.3
veh_full_origin_0316_0013,private_car,origin_0316,5439173623,3157#3,,shelter_2,石下小学校,7058,0,2.3
veh_full_origin_0316_0014,private_car,origin_0316,5439173623,3157#3,,shelter_2,石下小学校,7058,0,2.3
veh_full_origin_0317_0001,private_car,origin_0317,5439173624,12421#1,,shelter_2,石下小学校,7058,0,2.3
veh_full_origin_0317_0002,private_car,origin_0317,5439173624,12421#1,,shelter_2,石下小学校,7058,0,2.3
veh_full_origin_0317_0003,private_car,origin_0317,5439173624,12421#1,,shelter_2,石下小学校,7058,0,2.3
veh_full_origin_0317_0004,private_car,origin_0317,5439173624,12421#1,,shelter_2,石下小学校,7058,0,2.3
veh_full_origin_0317_0005,private_car,origin_0317,5439173624,12421#1,,shelter_2,石下小学校,7058,0,2.3
veh_full_origin_0317_0006,private_car,origin_0317,5439173624,12421#1,,shelter_2,石下小学校,7058,0,2.3
veh_full_origin_0317_0007,private_car,origin_0317,5439173624,12421#1,,shelter_2,石下小学校,7058,0,2.3
veh_full_origin_0317_0008,private_car,origin_0317,5439173624,12421#1,,shelter_2,石下小学校,7058,0,2.3
veh_full_origin_0317_0009,private_car,origin_0317,5439173624,12421#1,,shelter_2,石下小学校,7058,0,2.3
veh_full_origin_0317_0010,private_car,origin_0317,5439173624,12421#1,,shelter_2,石下小学校,7058,0,2.3
veh_full_origin_0317_0011,private_car,origin_0317,5439173624,12421#1,,shelter_2,石下小学校,7058,0,2.3
veh_full_origin_0317_0012,private_car,origin_0317,5439173624,12421#1,,shelter_2,石下小学校,7058,0,2.3
veh_full_origin_0318_0001,private_car,origin_0318,5439173631,4992#3,,shelter_0,飯沼小学校,3270#3,0,2.3
veh_full_origin_0318_0002,private_car,origin_0318,5439173631,4992#3,,shelter_0,飯沼小学校,3270#3,0,2.3
veh_full_origin_0318_0003,private_car,origin_0318,5439173631,4992#3,,shelter_0,飯沼小学校,3270#3,0,2.3
veh_full_origin_0318_0004,private_car,origin_0318,5439173631,4992#3,,shelter_0,飯沼小学校,3270#3,0,2.3
veh_full_origin_0318_0005,private_car,origin_0318,5439173631,4992#3,,shelter_0,飯沼小学校,3270#3,0,2.3
veh_full_origin_0318_0006,private_car,origin_0318,5439173631,4992#3,,shelter_0,飯沼小学校,3270#3,0,2.3
veh_full_origin_0318_0007,private_car,origin_0318,5439173631,4992#3,,shelter_0,飯沼小学校,3270#3,0,2.3
veh_full_origin_0318_0008,private_car,origin_0318,5439173631,4992#3,,shelter_0,飯沼小学校,3270#3,0,2.3
veh_full_origin_0318_0009,private_car,origin_0318,5439173631,4992#3,,shelter_0,飯沼小学校,3270#3,0,2.3
veh_full_origin_0318_0010,private_car,origin_0318,5439173631,4992#3,,shelter_0,飯沼小学校,3270#3,0,2.3
veh_full_origin_0318_0011,private_car,origin_0318,5439173631,4992#3,,shelter_0,飯沼小学校,3270#3,0,2.3
veh_full_origin_0318_0012,private_car,origin_0318,5439173631,4992#3,,shelter_0,飯沼小学校,3270#3,0,2.3
veh_full_origin_0318_0013,private_car,origin_0318,5439173631,4992#3,,shelter_0,飯沼小学校,3270#3,0,2.3
veh_full_origin_0318_0014,private_car,origin_0318,5439173631,4992#3,,shelter_0,飯沼小学校,3270#3,0,2.3
veh_full_origin_0318_0015,private_car,origin_0318,5439173631,4992#3,,shelter_0,飯沼小学校,3270#3,0,2.3
veh_full_origin_0318_0016,private_car,origin_0318,5439173631,4992#3,,shelter_0,飯沼小学校,3270#3,0,2.3
veh_full_origin_0318_0017,private_car,origin_0318,5439173631,4992#3,,shelter_0,飯沼小学校,3270#3,0,2.3
veh_full_origin_0318_0018,private_car,origin_0318,5439173631,4992#3,,shelter_0,飯沼小学校,3270#3,0,2.3
veh_full_origin_0318_0019,private_car,origin_0318,5439173631,4992#3,,shelter_0,飯沼小学校,3270#3,0,2.3
veh_full_origin_0318_0020,private_car,origin_0318,5439173631,4992#3,,shelter_0,飯沼小学校,3270#3,0,2.3
veh_full_origin_0318_0021,private_car,origin_0318,5439173631,4992#3,,shelter_0,飯沼小学校,3270#3,0,2.3
veh_full_origin_0318_0022,private_car,origin_0318,5439173631,4992#3,,shelter_0,飯沼小学校,3270#3,0,2.3
veh_full_origin_0318_0023,private_car,origin_0318,5439173631,4992#3,,shelter_0,飯沼小学校,3270#3,0,2.3
veh_full_origin_0318_0024,private_car,origin_0318,5439173631,4992#3,,shelter_0,飯沼小学校,3270#3,0,2.3
veh_full_origin_0318_0025,private_car,origin_0318,5439173631,4992#3,,shelter_0,飯沼小学校,3270#3,0,2.3
veh_full_origin_0318_0026,private_car,origin_0318,5439173631,4992#3,,shelter_0,飯沼小学校,3270#3,0,2.3
veh_full_origin_0319_0001,private_car,origin_0319,5439173632,3340#2,,shelter_2,石下小学校,7058,0,2.3
veh_full_origin_0319_0002,private_car,origin_0319,5439173632,3340#2,,shelter_2,石下小学校,7058,0,2.3
veh_full_origin_0319_0003,private_car,origin_0319,5439173632,3340#2,,shelter_2,石下小学校,7058,0,2.3
veh_full_origin_0319_0004,private_car,origin_0319,5439173632,3340#2,,shelter_2,石下小学校,7058,0,2.3
veh_full_origin_0319_0005,private_car,origin_0319,5439173632,3340#2,,shelter_2,石下小学校,7058,0,2.3
veh_full_origin_0319_0006,private_car,origin_0319,5439173632,3340#2,,shelter_2,石下小学校,7058,0,2.3
veh_full_origin_0319_0007,private_car,origin_0319,5439173632,3340#2,,shelter_2,石下小学校,7058,0,2.3
veh_full_origin_0319_0008,private_car,origin_0319,5439173632,3340#2,,shelter_2,石下小学校,7058,0,2.3
veh_full_origin_0319_0009,private_car,origin_0319,5439173632,3340#2,,shelter_2,石下小学校,7058,0,2.3
veh_full_origin_0319_0010,private_car,origin_0319,5439173632,3340#2,,shelter_2,石下小学校,7058,0,2.3
veh_full_origin_0319_0011,private_car,origin_0319,5439173632,3340#2,,shelter_2,石下小学校,7058,0,2.3
veh_full_origin_0319_0012,private_car,origin_0319,5439173632,3340#2,,shelter_2,石下小学校,7058,0,2.3
veh_full_origin_0319_0013,private_car,origin_0319,5439173632,3340#2,,shelter_2,石下小学校,7058,0,2.3
veh_full_origin_0319_0014,private_car,origin_0319,5439173632,3340#2,,shelter_2,石下小学校,7058,0,2.3
veh_full_origin_0319_0015,private_car,origin_0319,5439173632,3340#2,,shelter_2,石下小学校,7058,0,2.3
veh_full_origin_0319_0016,private_car,origin_0319,5439173632,3340#2,,shelter_2,石下小学校,7058,0,2.3
veh_full_origin_0319_0017,private_car,origin_0319,5439173632,3340#2,,shelter_2,石下小学校,7058,0,2.3
veh_full_origin_0319_0018,private_car,origin_0319,5439173632,3340#2,,shelter_2,石下小学校,7058,0,2.3
veh_full_origin_0319_0019,private_car,origin_0319,5439173632,3340#2,,shelter_2,石下小学校,7058,0,2.3
veh_full_origin_0319_0020,private_car,origin_0319,5439173632,3340#2,,shelter_2,石下小学校,7058,0,2.3
veh_full_origin_0319_0021,private_car,origin_0319,5439173632,3340#2,,shelter_2,石下小学校,7058,0,2.3
veh_full_origin_0319_0022,private_car,origin_0319,5439173632,3340#2,,shelter_2,石下小学校,7058,0,2.3
veh_full_origin_0319_0023,private_car,origin_0319,5439173632,3340#2,,shelter_2,石下小学校,7058,0,2.3
veh_full_origin_0319_0024,private_car,origin_0319,5439173632,3340#2,,shelter_2,石下小学校,7058,0,2.3
veh_full_origin_0319_0025,private_car,origin_0319,5439173632,3340#2,,shelter_2,石下小学校,7058,0,2.3
veh_full_origin_0319_0026,private_car,origin_0319,5439173632,3340#2,,shelter_2,石下小学校,7058,0,2.3
veh_full_origin_0319_0027,private_car,origin_0319,5439173632,3340#2,,shelter_2,石下小学校,7058,0,2.3
veh_full_origin_0319_0028,private_car,origin_0319,5439173632,3340#2,,shelter_2,石下小学校,7058,0,2.3
veh_full_origin_0319_0029,private_car,origin_0319,5439173632,3340#2,,shelter_2,石下小学校,7058,0,2.3
veh_full_origin_0319_0030,private_car,origin_0319,5439173632,3340#2,,shelter_2,石下小学校,7058,0,2.3
veh_full_origin_0319_0031,private_car,origin_0319,5439173632,3340#2,,shelter_2,石下小学校,7058,0,2.3
veh_full_origin_0319_0032,private_car,origin_0319,5439173632,3340#2,,shelter_2,石下小学校,7058,0,2.3
veh_full_origin_0319_0033,private_car,origin_0319,5439173632,3340#2,,shelter_2,石下小学校,7058,0,2.3
veh_full_origin_0319_0034,private_car,origin_0319,5439173632,3340#2,,shelter_2,石下小学校,7058,0,2.3
veh_full_origin_0319_0035,private_car,origin_0319,5439173632,3340#2,,shelter_2,石下小学校,7058,0,2.3
veh_full_origin_0319_0036,private_car,origin_0319,5439173632,3340#2,,shelter_2,石下小学校,7058,0,2.3
veh_full_origin_0319_0037,private_car,origin_0319,5439173632,3340#2,,shelter_2,石下小学校,7058,0,2.3
veh_full_origin_0319_0038,private_car,origin_0319,5439173632,3340#2,,shelter_2,石下小学校,7058,0,2.3
veh_full_origin_0319_0039,private_car,origin_0319,5439173632,3340#2,,shelter_2,石下小学校,7058,0,2.3
veh_full_origin_0319_0040,private_car,origin_0319,5439173632,3340#2,,shelter_2,石下小学校,7058,0,2.3
veh_full_origin_0319_0041,private_car,origin_0319,5439173632,3340#2,,shelter_2,石下小学校,7058,0,2.3
veh_full_origin_0319_0042,private_car,origin_0319,5439173632,3340#2,,shelter_2,石下小学校,7058,0,2.3
veh_full_origin_0319_0043,private_car,origin_0319,5439173632,3340#2,,shelter_2,石下小学校,7058,0,2.3
veh_full_origin_0320_0001,private_car,origin_0320,5439173633,3334#5,,shelter_2,石下小学校,7058,0,2.3
veh_full_origin_0320_0002,private_car,origin_0320,5439173633,3334#5,,shelter_2,石下小学校,7058,0,2.3
veh_full_origin_0320_0003,private_car,origin_0320,5439173633,3334#5,,shelter_2,石下小学校,7058,0,2.3
veh_full_origin_0320_0004,private_car,origin_0320,5439173633,3334#5,,shelter_2,石下小学校,7058,0,2.3
veh_full_origin_0320_0005,private_car,origin_0320,5439173633,3334#5,,shelter_2,石下小学校,7058,0,2.3
veh_full_origin_0320_0006,private_car,origin_0320,5439173633,3334#5,,shelter_2,石下小学校,7058,0,2.3
veh_full_origin_0320_0007,private_car,origin_0320,5439173633,3334#5,,shelter_2,石下小学校,7058,0,2.3
veh_full_origin_0320_0008,private_car,origin_0320,5439173633,3334#5,,shelter_2,石下小学校,7058,0,2.3
veh_full_origin_0320_0009,private_car,origin_0320,5439173633,3334#5,,shelter_2,石下小学校,7058,0,2.3
veh_full_origin_0320_0010,private_car,origin_0320,5439173633,3334#5,,shelter_2,石下小学校,7058,0,2.3
veh_full_origin_0320_0011,private_car,origin_0320,5439173633,3334#5,,shelter_2,石下小学校,7058,0,2.3
veh_full_origin_0320_0012,private_car,origin_0320,5439173633,3334#5,,shelter_2,石下小学校,7058,0,2.3
veh_full_origin_0320_0013,private_car,origin_0320,5439173633,3334#5,,shelter_2,石下小学校,7058,0,2.3
veh_full_origin_0320_0014,private_car,origin_0320,5439173633,3334#5,,shelter_2,石下小学校,7058,0,2.3
veh_full_origin_0320_0015,private_car,origin_0320,5439173633,3334#5,,shelter_2,石下小学校,7058,0,2.3
veh_full_origin_0320_0016,private_car,origin_0320,5439173633,3334#5,,shelter_2,石下小学校,7058,0,2.3
veh_full_origin_0320_0017,private_car,origin_0320,5439173633,3334#5,,shelter_2,石下小学校,7058,0,2.3
veh_full_origin_0320_0018,private_car,origin_0320,5439173633,3334#5,,shelter_2,石下小学校,7058,0,2.3
veh_full_origin_0320_0019,private_car,origin_0320,5439173633,3334#5,,shelter_2,石下小学校,7058,0,2.3
veh_full_origin_0320_0020,private_car,origin_0320,5439173633,3334#5,,shelter_2,石下小学校,7058,0,2.3
veh_full_origin_0320_0021,private_car,origin_0320,5439173633,3334#5,,shelter_2,石下小学校,7058,0,2.3
veh_full_origin_0320_0022,private_car,origin_0320,5439173633,3334#5,,shelter_2,石下小学校,7058,0,2.3
veh_full_origin_0320_0023,private_car,origin_0320,5439173633,3334#5,,shelter_2,石下小学校,7058,0,2.3
veh_full_origin_0320_0024,private_car,origin_0320,5439173633,3334#5,,shelter_2,石下小学校,7058,0,2.3
veh_full_origin_0320_0025,private_car,origin_0320,5439173633,3334#5,,shelter_2,石下小学校,7058,0,2.3
veh_full_origin_0320_0026,private_car,origin_0320,5439173633,3334#5,,shelter_2,石下小学校,7058,0,2.3
veh_full_origin_0320_0027,private_car,origin_0320,5439173633,3334#5,,shelter_2,石下小学校,7058,0,2.3
veh_full_origin_0320_0028,private_car,origin_0320,5439173633,3334#5,,shelter_2,石下小学校,7058,0,2.3
veh_full_origin_0320_0029,private_car,origin_0320,5439173633,3334#5,,shelter_2,石下小学校,7058,0,2.3
veh_full_origin_0320_0030,private_car,origin_0320,5439173633,3334#5,,shelter_2,石下小学校,7058,0,2.3
veh_full_origin_0320_0031,private_car,origin_0320,5439173633,3334#5,,shelter_2,石下小学校,7058,0,2.3
veh_full_origin_0320_0032,private_car,origin_0320,5439173633,3334#5,,shelter_2,石下小学校,7058,0,2.3
veh_full_origin_0320_0033,private_car,origin_0320,5439173633,3334#5,,shelter_2,石下小学校,7058,0,2.3
veh_full_origin_0320_0034,private_car,origin_0320,5439173633,3334#5,,shelter_2,石下小学校,7058,0,2.3
veh_full_origin_0320_0035,private_car,origin_0320,5439173633,3334#5,,shelter_2,石下小学校,7058,0,2.3
veh_full_origin_0320_0036,private_car,origin_0320,5439173633,3334#5,,shelter_2,石下小学校,7058,0,2.3
veh_full_origin_0320_0037,private_car,origin_0320,5439173633,3334#5,,shelter_2,石下小学校,7058,0,2.3
veh_full_origin_0320_0038,private_car,origin_0320,5439173633,3334#5,,shelter_2,石下小学校,7058,0,2.3
veh_full_origin_0320_0039,private_car,origin_0320,5439173633,3334#5,,shelter_2,石下小学校,7058,0,2.3
veh_full_origin_0320_0040,private_car,origin_0320,5439173633,3334#5,,shelter_2,石下小学校,7058,0,2.3
veh_full_origin_0320_0041,private_car,origin_0320,5439173633,3334#5,,shelter_2,石下小学校,7058,0,2.3
veh_full_origin_0320_0042,private_car,origin_0320,5439173633,3334#5,,shelter_2,石下小学校,7058,0,2.3
veh_full_origin_0320_0043,private_car,origin_0320,5439173633,3334#5,,shelter_2,石下小学校,7058,0,2.3
veh_full_origin_0321_0001,private_car,origin_0321,5439173641,7240#0,,shelter_0,飯沼小学校,3270#3,0,2.3
veh_full_origin_0321_0002,private_car,origin_0321,5439173641,7240#0,,shelter_0,飯沼小学校,3270#3,0,2.3
veh_full_origin_0321_0003,private_car,origin_0321,5439173641,7240#0,,shelter_0,飯沼小学校,3270#3,0,2.3
veh_full_origin_0321_0004,private_car,origin_0321,5439173641,7240#0,,shelter_0,飯沼小学校,3270#3,0,2.3
veh_full_origin_0321_0005,private_car,origin_0321,5439173641,7240#0,,shelter_0,飯沼小学校,3270#3,0,2.3
veh_full_origin_0321_0006,private_car,origin_0321,5439173641,7240#0,,shelter_0,飯沼小学校,3270#3,0,2.3
veh_full_origin_0321_0007,private_car,origin_0321,5439173641,7240#0,,shelter_0,飯沼小学校,3270#3,0,2.3
veh_full_origin_0321_0008,private_car,origin_0321,5439173641,7240#0,,shelter_0,飯沼小学校,3270#3,0,2.3
veh_full_origin_0321_0009,private_car,origin_0321,5439173641,7240#0,,shelter_0,飯沼小学校,3270#3,0,2.3
veh_full_origin_0321_0010,private_car,origin_0321,5439173641,7240#0,,shelter_0,飯沼小学校,3270#3,0,2.3
veh_full_origin_0321_0011,private_car,origin_0321,5439173641,7240#0,,shelter_0,飯沼小学校,3270#3,0,2.3
veh_full_origin_0321_0012,private_car,origin_0321,5439173641,7240#0,,shelter_0,飯沼小学校,3270#3,0,2.3
veh_full_origin_0321_0013,private_car,origin_0321,5439173641,7240#0,,shelter_0,飯沼小学校,3270#3,0,2.3
veh_full_origin_0321_0014,private_car,origin_0321,5439173641,7240#0,,shelter_0,飯沼小学校,3270#3,0,2.3
veh_full_origin_0321_0015,private_car,origin_0321,5439173641,7240#0,,shelter_0,飯沼小学校,3270#3,0,2.3
veh_full_origin_0321_0016,private_car,origin_0321,5439173641,7240#0,,shelter_0,飯沼小学校,3270#3,0,2.3
veh_full_origin_0321_0017,private_car,origin_0321,5439173641,7240#0,,shelter_0,飯沼小学校,3270#3,0,2.3
veh_full_origin_0321_0018,private_car,origin_0321,5439173641,7240#0,,shelter_0,飯沼小学校,3270#3,0,2.3
veh_full_origin_0322_0001,private_car,origin_0322,5439173744,3459,,shelter_2,石下小学校,7058,0,2.3
veh_full_origin_0322_0002,private_car,origin_0322,5439173744,3459,,shelter_2,石下小学校,7058,0,2.3
veh_full_origin_0322_0003,private_car,origin_0322,5439173744,3459,,shelter_2,石下小学校,7058,0,2.3
veh_full_origin_0322_0004,private_car,origin_0322,5439173744,3459,,shelter_2,石下小学校,7058,0,2.3
veh_full_origin_0322_0005,private_car,origin_0322,5439173744,3459,,shelter_2,石下小学校,7058,0,2.3
veh_full_origin_0322_0006,private_car,origin_0322,5439173744,3459,,shelter_2,石下小学校,7058,0,2.3
veh_full_origin_0322_0007,private_car,origin_0322,5439173744,3459,,shelter_2,石下小学校,7058,0,2.3
veh_full_origin_0322_0008,private_car,origin_0322,5439173744,3459,,shelter_2,石下小学校,7058,0,2.3
veh_full_origin_0322_0009,private_car,origin_0322,5439173744,3459,,shelter_2,石下小学校,7058,0,2.3
veh_full_origin_0322_0010,private_car,origin_0322,5439173744,3459,,shelter_2,石下小学校,7058,0,2.3
veh_full_origin_0322_0011,private_car,origin_0322,5439173744,3459,,shelter_2,石下小学校,7058,0,2.3
veh_full_origin_0322_0012,private_car,origin_0322,5439173744,3459,,shelter_2,石下小学校,7058,0,2.3
veh_full_origin_0322_0013,private_car,origin_0322,5439173744,3459,,shelter_2,石下小学校,7058,0,2.3
veh_full_origin_0322_0014,private_car,origin_0322,5439173744,3459,,shelter_2,石下小学校,7058,0,2.3
veh_full_origin_0322_0015,private_car,origin_0322,5439173744,3459,,shelter_2,石下小学校,7058,0,2.3
veh_full_origin_0322_0016,private_car,origin_0322,5439173744,3459,,shelter_2,石下小学校,7058,0,2.3
veh_full_origin_0322_0017,private_car,origin_0322,5439173744,3459,,shelter_2,石下小学校,7058,0,2.3
veh_full_origin_0322_0018,private_car,origin_0322,5439173744,3459,,shelter_2,石下小学校,7058,0,2.3
veh_full_origin_0322_0019,private_car,origin_0322,5439173744,3459,,shelter_2,石下小学校,7058,0,2.3
veh_full_origin_0322_0020,private_car,origin_0322,5439173744,3459,,shelter_2,石下小学校,7058,0,2.3
veh_full_origin_0322_0021,private_car,origin_0322,5439173744,3459,,shelter_2,石下小学校,7058,0,2.3
veh_full_origin_0322_0022,private_car,origin_0322,5439173744,3459,,shelter_2,石下小学校,7058,0,2.3
veh_full_origin_0322_0023,private_car,origin_0322,5439173744,3459,,shelter_2,石下小学校,7058,0,2.3
veh_full_origin_0322_0024,private_car,origin_0322,5439173744,3459,,shelter_2,石下小学校,7058,0,2.3
veh_full_origin_0322_0025,private_car,origin_0322,5439173744,3459,,shelter_2,石下小学校,7058,0,2.3
veh_full_origin_0322_0026,private_car,origin_0322,5439173744,3459,,shelter_2,石下小学校,7058,0,2.3
veh_full_origin_0322_0027,private_car,origin_0322,5439173744,3459,,shelter_2,石下小学校,7058,0,2.3
veh_full_origin_0322_0028,private_car,origin_0322,5439173744,3459,,shelter_2,石下小学校,7058,0,2.3
veh_full_origin_0322_0029,private_car,origin_0322,5439173744,3459,,shelter_2,石下小学校,7058,0,2.3
veh_full_origin_0322_0030,private_car,origin_0322,5439173744,3459,,shelter_2,石下小学校,7058,0,2.3
veh_full_origin_0322_0031,private_car,origin_0322,5439173744,3459,,shelter_2,石下小学校,7058,0,2.3
veh_full_origin_0322_0032,private_car,origin_0322,5439173744,3459,,shelter_2,石下小学校,7058,0,2.3
veh_full_origin_0322_0033,private_car,origin_0322,5439173744,3459,,shelter_2,石下小学校,7058,0,2.3
veh_full_origin_0322_0034,private_car,origin_0322,5439173744,3459,,shelter_2,石下小学校,7058,0,2.3
veh_full_origin_0322_0035,private_car,origin_0322,5439173744,3459,,shelter_2,石下小学校,7058,0,2.3
veh_full_origin_0322_0036,private_car,origin_0322,5439173744,3459,,shelter_2,石下小学校,7058,0,2.3
veh_full_origin_0322_0037,private_car,origin_0322,5439173744,3459,,shelter_2,石下小学校,7058,0,2.3
veh_full_origin_0322_0038,private_car,origin_0322,5439173744,3459,,shelter_2,石下小学校,7058,0,2.3
veh_full_origin_0322_0039,private_car,origin_0322,5439173744,3459,,shelter_2,石下小学校,7058,0,2.3
veh_full_origin_0322_0040,private_car,origin_0322,5439173744,3459,,shelter_2,石下小学校,7058,0,2.3
veh_full_origin_0322_0041,private_car,origin_0322,5439173744,3459,,shelter_2,石下小学校,7058,0,2.3
veh_full_origin_0322_0042,private_car,origin_0322,5439173744,3459,,shelter_2,石下小学校,7058,0,2.3
veh_full_origin_0322_0043,private_car,origin_0322,5439173744,3459,,shelter_2,石下小学校,7058,0,2.3
veh_full_origin_0322_0044,private_car,origin_0322,5439173744,3459,,shelter_2,石下小学校,7058,0,2.3
veh_full_origin_0322_0045,private_car,origin_0322,5439173744,3459,,shelter_2,石下小学校,7058,0,2.3
veh_full_origin_0322_0046,private_car,origin_0322,5439173744,3459,,shelter_2,石下小学校,7058,0,2.3
veh_full_origin_0322_0047,private_car,origin_0322,5439173744,3459,,shelter_2,石下小学校,7058,0,2.3
veh_full_origin_0322_0048,private_car,origin_0322,5439173744,3459,,shelter_2,石下小学校,7058,0,2.3
veh_full_origin_0322_0049,private_car,origin_0322,5439173744,3459,,shelter_2,石下小学校,7058,0,2.3
veh_full_origin_0322_0050,private_car,origin_0322,5439173744,3459,,shelter_2,石下小学校,7058,0,2.3
veh_full_origin_0322_0051,private_car,origin_0322,5439173744,3459,,shelter_2,石下小学校,7058,0,2.3
veh_full_origin_0322_0052,private_car,origin_0322,5439173744,3459,,shelter_2,石下小学校,7058,0,2.3
veh_full_origin_0322_0053,private_car,origin_0322,5439173744,3459,,shelter_2,石下小学校,7058,0,2.3
veh_full_origin_0322_0054,private_car,origin_0322,5439173744,3459,,shelter_2,石下小学校,7058,0,2.3
veh_full_origin_0322_0055,private_car,origin_0322,5439173744,3459,,shelter_2,石下小学校,7058,0,2.3
veh_full_origin_0322_0056,private_car,origin_0322,5439173744,3459,,shelter_2,石下小学校,7058,0,2.3
veh_full_origin_0322_0057,private_car,origin_0322,5439173744,3459,,shelter_2,石下小学校,7058,0,2.3
veh_full_origin_0322_0058,private_car,origin_0322,5439173744,3459,,shelter_2,石下小学校,7058,0,2.3
veh_full_origin_0322_0059,private_car,origin_0322,5439173744,3459,,shelter_2,石下小学校,7058,0,2.3
veh_full_origin_0322_0060,private_car,origin_0322,5439173744,3459,,shelter_2,石下小学校,7058,0,2.3
veh_full_origin_0322_0061,private_car,origin_0322,5439173744,3459,,shelter_2,石下小学校,7058,0,2.3
veh_full_origin_0323_0001,private_car,origin_0323,5439173812,7050,,shelter_2,石下小学校,7058,0,2.3
veh_full_origin_0323_0002,private_car,origin_0323,5439173812,7050,,shelter_2,石下小学校,7058,0,2.3
veh_full_origin_0323_0003,private_car,origin_0323,5439173812,7050,,shelter_2,石下小学校,7058,0,2.3
veh_full_origin_0323_0004,private_car,origin_0323,5439173812,7050,,shelter_2,石下小学校,7058,0,2.3
veh_full_origin_0323_0005,private_car,origin_0323,5439173812,7050,,shelter_2,石下小学校,7058,0,2.3
veh_full_origin_0323_0006,private_car,origin_0323,5439173812,7050,,shelter_2,石下小学校,7058,0,2.3
veh_full_origin_0323_0007,private_car,origin_0323,5439173812,7050,,shelter_2,石下小学校,7058,0,2.3
veh_full_origin_0323_0008,private_car,origin_0323,5439173812,7050,,shelter_2,石下小学校,7058,0,2.3
veh_full_origin_0323_0009,private_car,origin_0323,5439173812,7050,,shelter_2,石下小学校,7058,0,2.3
veh_full_origin_0324_0001,private_car,origin_0324,5439173814,114#8,,shelter_2,石下小学校,7058,0,2.3
veh_full_origin_0324_0002,private_car,origin_0324,5439173814,114#8,,shelter_2,石下小学校,7058,0,2.3
veh_full_origin_0324_0003,private_car,origin_0324,5439173814,114#8,,shelter_2,石下小学校,7058,0,2.3
veh_full_origin_0324_0004,private_car,origin_0324,5439173814,114#8,,shelter_2,石下小学校,7058,0,2.3
veh_full_origin_0324_0005,private_car,origin_0324,5439173814,114#8,,shelter_2,石下小学校,7058,0,2.3
veh_full_origin_0324_0006,private_car,origin_0324,5439173814,114#8,,shelter_2,石下小学校,7058,0,2.3
veh_full_origin_0324_0007,private_car,origin_0324,5439173814,114#8,,shelter_2,石下小学校,7058,0,2.3
veh_full_origin_0324_0008,private_car,origin_0324,5439173814,114#8,,shelter_2,石下小学校,7058,0,2.3
veh_full_origin_0324_0009,private_car,origin_0324,5439173814,114#8,,shelter_2,石下小学校,7058,0,2.3
veh_full_origin_0324_0010,private_car,origin_0324,5439173814,114#8,,shelter_2,石下小学校,7058,0,2.3
veh_full_origin_0324_0011,private_car,origin_0324,5439173814,114#8,,shelter_2,石下小学校,7058,0,2.3
veh_full_origin_0324_0012,private_car,origin_0324,5439173814,114#8,,shelter_2,石下小学校,7058,0,2.3
veh_full_origin_0324_0013,private_car,origin_0324,5439173814,114#8,,shelter_2,石下小学校,7058,0,2.3
veh_full_origin_0324_0014,private_car,origin_0324,5439173814,114#8,,shelter_2,石下小学校,7058,0,2.3
veh_full_origin_0324_0015,private_car,origin_0324,5439173814,114#8,,shelter_2,石下小学校,7058,0,2.3
veh_full_origin_0324_0016,private_car,origin_0324,5439173814,114#8,,shelter_2,石下小学校,7058,0,2.3
veh_full_origin_0324_0017,private_car,origin_0324,5439173814,114#8,,shelter_2,石下小学校,7058,0,2.3
veh_full_origin_0324_0018,private_car,origin_0324,5439173814,114#8,,shelter_2,石下小学校,7058,0,2.3
veh_full_origin_0324_0019,private_car,origin_0324,5439173814,114#8,,shelter_2,石下小学校,7058,0,2.3
veh_full_origin_0324_0020,private_car,origin_0324,5439173814,114#8,,shelter_2,石下小学校,7058,0,2.3
veh_full_origin_0324_0021,private_car,origin_0324,5439173814,114#8,,shelter_2,石下小学校,7058,0,2.3
veh_full_origin_0324_0022,private_car,origin_0324,5439173814,114#8,,shelter_2,石下小学校,7058,0,2.3
veh_full_origin_0324_0023,private_car,origin_0324,5439173814,114#8,,shelter_2,石下小学校,7058,0,2.3
veh_full_origin_0324_0024,private_car,origin_0324,5439173814,114#8,,shelter_2,石下小学校,7058,0,2.3
veh_full_origin_0324_0025,private_car,origin_0324,5439173814,114#8,,shelter_2,石下小学校,7058,0,2.3
veh_full_origin_0324_0026,private_car,origin_0324,5439173814,114#8,,shelter_2,石下小学校,7058,0,2.3
veh_full_origin_0324_0027,private_car,origin_0324,5439173814,114#8,,shelter_2,石下小学校,7058,0,2.3
veh_full_origin_0324_0028,private_car,origin_0324,5439173814,114#8,,shelter_2,石下小学校,7058,0,2.3
veh_full_origin_0324_0029,private_car,origin_0324,5439173814,114#8,,shelter_2,石下小学校,7058,0,2.3
veh_full_origin_0324_0030,private_car,origin_0324,5439173814,114#8,,shelter_2,石下小学校,7058,0,2.3
veh_full_origin_0324_0031,private_car,origin_0324,5439173814,114#8,,shelter_2,石下小学校,7058,0,2.3
veh_full_origin_0324_0032,private_car,origin_0324,5439173814,114#8,,shelter_2,石下小学校,7058,0,2.3
veh_full_origin_0324_0033,private_car,origin_0324,5439173814,114#8,,shelter_2,石下小学校,7058,0,2.3
veh_full_origin_0324_0034,private_car,origin_0324,5439173814,114#8,,shelter_2,石下小学校,7058,0,2.3
veh_full_origin_0324_0035,private_car,origin_0324,5439173814,114#8,,shelter_2,石下小学校,7058,0,2.3
veh_full_origin_0324_0036,private_car,origin_0324,5439173814,114#8,,shelter_2,石下小学校,7058,0,2.3
veh_full_origin_0324_0037,private_car,origin_0324,5439173814,114#8,,shelter_2,石下小学校,7058,0,2.3
veh_full_origin_0324_0038,private_car,origin_0324,5439173814,114#8,,shelter_2,石下小学校,7058,0,2.3
veh_full_origin_0324_0039,private_car,origin_0324,5439173814,114#8,,shelter_2,石下小学校,7058,0,2.3
veh_full_origin_0324_0040,private_car,origin_0324,5439173814,114#8,,shelter_2,石下小学校,7058,0,2.3
veh_full_origin_0324_0041,private_car,origin_0324,5439173814,114#8,,shelter_2,石下小学校,7058,0,2.3
veh_full_origin_0324_0042,private_car,origin_0324,5439173814,114#8,,shelter_2,石下小学校,7058,0,2.3
veh_full_origin_0324_0043,private_car,origin_0324,5439173814,114#8,,shelter_2,石下小学校,7058,0,2.3
veh_full_origin_0324_0044,private_car,origin_0324,5439173814,114#8,,shelter_2,石下小学校,7058,0,2.3
veh_full_origin_0324_0045,private_car,origin_0324,5439173814,114#8,,shelter_2,石下小学校,7058,0,2.3
veh_full_origin_0324_0046,private_car,origin_0324,5439173814,114#8,,shelter_2,石下小学校,7058,0,2.3
veh_full_origin_0324_0047,private_car,origin_0324,5439173814,114#8,,shelter_2,石下小学校,7058,0,2.3
veh_full_origin_0324_0048,private_car,origin_0324,5439173814,114#8,,shelter_2,石下小学校,7058,0,2.3
veh_full_origin_0324_0049,private_car,origin_0324,5439173814,114#8,,shelter_2,石下小学校,7058,0,2.3
veh_full_origin_0324_0050,private_car,origin_0324,5439173814,114#8,,shelter_2,石下小学校,7058,0,2.3
veh_full_origin_0324_0051,private_car,origin_0324,5439173814,114#8,,shelter_2,石下小学校,7058,0,2.3
veh_full_origin_0324_0052,private_car,origin_0324,5439173814,114#8,,shelter_2,石下小学校,7058,0,2.3
veh_full_origin_0324_0053,private_car,origin_0324,5439173814,114#8,,shelter_2,石下小学校,7058,0,2.3
veh_full_origin_0324_0054,private_car,origin_0324,5439173814,114#8,,shelter_2,石下小学校,7058,0,2.3
veh_full_origin_0324_0055,private_car,origin_0324,5439173814,114#8,,shelter_2,石下小学校,7058,0,2.3
veh_full_origin_0324_0056,private_car,origin_0324,5439173814,114#8,,shelter_2,石下小学校,7058,0,2.3
veh_full_origin_0324_0057,private_car,origin_0324,5439173814,114#8,,shelter_2,石下小学校,7058,0,2.3
veh_full_origin_0324_0058,private_car,origin_0324,5439173814,114#8,,shelter_2,石下小学校,7058,0,2.3
veh_full_origin_0324_0059,private_car,origin_0324,5439173814,114#8,,shelter_2,石下小学校,7058,0,2.3
veh_full_origin_0324_0060,private_car,origin_0324,5439173814,114#8,,shelter_2,石下小学校,7058,0,2.3
veh_full_origin_0324_0061,private_car,origin_0324,5439173814,114#8,,shelter_2,石下小学校,7058,0,2.3
veh_full_origin_0324_0062,private_car,origin_0324,5439173814,114#8,,shelter_2,石下小学校,7058,0,2.3
veh_full_origin_0324_0063,private_car,origin_0324,5439173814,114#8,,shelter_2,石下小学校,7058,0,2.3
veh_full_origin_0324_0064,private_car,origin_0324,5439173814,114#8,,shelter_2,石下小学校,7058,0,2.3
veh_full_origin_0324_0065,private_car,origin_0324,5439173814,114#8,,shelter_2,石下小学校,7058,0,2.3
veh_full_origin_0324_0066,private_car,origin_0324,5439173814,114#8,,shelter_2,石下小学校,7058,0,2.3
veh_full_origin_0324_0067,private_car,origin_0324,5439173814,114#8,,shelter_2,石下小学校,7058,0,2.3
veh_full_origin_0324_0068,private_car,origin_0324,5439173814,114#8,,shelter_2,石下小学校,7058,0,2.3
veh_full_origin_0324_0069,private_car,origin_0324,5439173814,114#8,,shelter_2,石下小学校,7058,0,2.3
veh_full_origin_0324_0070,private_car,origin_0324,5439173814,114#8,,shelter_2,石下小学校,7058,0,2.3
veh_full_origin_0324_0071,private_car,origin_0324,5439173814,114#8,,shelter_2,石下小学校,7058,0,2.3
veh_full_origin_0324_0072,private_car,origin_0324,5439173814,114#8,,shelter_2,石下小学校,7058,0,2.3
veh_full_origin_0324_0073,private_car,origin_0324,5439173814,114#8,,shelter_2,石下小学校,7058,0,2.3
veh_full_origin_0324_0074,private_car,origin_0324,5439173814,114#8,,shelter_2,石下小学校,7058,0,2.3
veh_full_origin_0324_0075,private_car,origin_0324,5439173814,114#8,,shelter_2,石下小学校,7058,0,2.3
veh_full_origin_0324_0076,private_car,origin_0324,5439173814,114#8,,shelter_2,石下小学校,7058,0,2.3
veh_full_origin_0324_0077,private_car,origin_0324,5439173814,114#8,,shelter_2,石下小学校,7058,0,2.3
veh_full_origin_0324_0078,private_car,origin_0324,5439173814,114#8,,shelter_2,石下小学校,7058,0,2.3
veh_full_origin_0324_0079,private_car,origin_0324,5439173814,114#8,,shelter_2,石下小学校,7058,0,2.3
veh_full_origin_0324_0080,private_car,origin_0324,5439173814,114#8,,shelter_2,石下小学校,7058,0,2.3
veh_full_origin_0324_0081,private_car,origin_0324,5439173814,114#8,,shelter_2,石下小学校,7058,0,2.3
veh_full_origin_0324_0082,private_car,origin_0324,5439173814,114#8,,shelter_2,石下小学校,7058,0,2.3
veh_full_origin_0324_0083,private_car,origin_0324,5439173814,114#8,,shelter_2,石下小学校,7058,0,2.3
veh_full_origin_0324_0084,private_car,origin_0324,5439173814,114#8,,shelter_2,石下小学校,7058,0,2.3
veh_full_origin_0325_0001,private_car,origin_0325,5439173821,3175#1,,shelter_2,石下小学校,7058,0,2.3
veh_full_origin_0325_0002,private_car,origin_0325,5439173821,3175#1,,shelter_2,石下小学校,7058,0,2.3
veh_full_origin_0325_0003,private_car,origin_0325,5439173821,3175#1,,shelter_2,石下小学校,7058,0,2.3
veh_full_origin_0325_0004,private_car,origin_0325,5439173821,3175#1,,shelter_2,石下小学校,7058,0,2.3
veh_full_origin_0325_0005,private_car,origin_0325,5439173821,3175#1,,shelter_2,石下小学校,7058,0,2.3
veh_full_origin_0325_0006,private_car,origin_0325,5439173821,3175#1,,shelter_2,石下小学校,7058,0,2.3
veh_full_origin_0326_0001,private_car,origin_0326,5439173822,6504,,shelter_2,石下小学校,7058,0,2.3
veh_full_origin_0326_0002,private_car,origin_0326,5439173822,6504,,shelter_2,石下小学校,7058,0,2.3
veh_full_origin_0327_0001,private_car,origin_0327,5439173831,3178#4,,shelter_2,石下小学校,7058,0,2.3
veh_full_origin_0327_0002,private_car,origin_0327,5439173831,3178#4,,shelter_2,石下小学校,7058,0,2.3
veh_full_origin_0327_0003,private_car,origin_0327,5439173831,3178#4,,shelter_2,石下小学校,7058,0,2.3
veh_full_origin_0327_0004,private_car,origin_0327,5439173831,3178#4,,shelter_2,石下小学校,7058,0,2.3
veh_full_origin_0327_0005,private_car,origin_0327,5439173831,3178#4,,shelter_2,石下小学校,7058,0,2.3
veh_full_origin_0327_0006,private_car,origin_0327,5439173831,3178#4,,shelter_2,石下小学校,7058,0,2.3
veh_full_origin_0327_0007,private_car,origin_0327,5439173831,3178#4,,shelter_2,石下小学校,7058,0,2.3
veh_full_origin_0327_0008,private_car,origin_0327,5439173831,3178#4,,shelter_2,石下小学校,7058,0,2.3
veh_full_origin_0327_0009,private_car,origin_0327,5439173831,3178#4,,shelter_2,石下小学校,7058,0,2.3
veh_full_origin_0327_0010,private_car,origin_0327,5439173831,3178#4,,shelter_2,石下小学校,7058,0,2.3
veh_full_origin_0327_0011,private_car,origin_0327,5439173831,3178#4,,shelter_2,石下小学校,7058,0,2.3
veh_full_origin_0327_0012,private_car,origin_0327,5439173831,3178#4,,shelter_2,石下小学校,7058,0,2.3
veh_full_origin_0327_0013,private_car,origin_0327,5439173831,3178#4,,shelter_2,石下小学校,7058,0,2.3
veh_full_origin_0327_0014,private_car,origin_0327,5439173831,3178#4,,shelter_2,石下小学校,7058,0,2.3
veh_full_origin_0327_0015,private_car,origin_0327,5439173831,3178#4,,shelter_2,石下小学校,7058,0,2.3
veh_full_origin_0327_0016,private_car,origin_0327,5439173831,3178#4,,shelter_2,石下小学校,7058,0,2.3
veh_full_origin_0327_0017,private_car,origin_0327,5439173831,3178#4,,shelter_2,石下小学校,7058,0,2.3
veh_full_origin_0327_0018,private_car,origin_0327,5439173831,3178#4,,shelter_2,石下小学校,7058,0,2.3
veh_full_origin_0327_0019,private_car,origin_0327,5439173831,3178#4,,shelter_2,石下小学校,7058,0,2.3
veh_full_origin_0327_0020,private_car,origin_0327,5439173831,3178#4,,shelter_2,石下小学校,7058,0,2.3
veh_full_origin_0327_0021,private_car,origin_0327,5439173831,3178#4,,shelter_2,石下小学校,7058,0,2.3
veh_full_origin_0327_0022,private_car,origin_0327,5439173831,3178#4,,shelter_2,石下小学校,7058,0,2.3
veh_full_origin_0327_0023,private_car,origin_0327,5439173831,3178#4,,shelter_2,石下小学校,7058,0,2.3
veh_full_origin_0327_0024,private_car,origin_0327,5439173831,3178#4,,shelter_2,石下小学校,7058,0,2.3
veh_full_origin_0327_0025,private_car,origin_0327,5439173831,3178#4,,shelter_2,石下小学校,7058,0,2.3
veh_full_origin_0327_0026,private_car,origin_0327,5439173831,3178#4,,shelter_2,石下小学校,7058,0,2.3
veh_full_origin_0327_0027,private_car,origin_0327,5439173831,3178#4,,shelter_2,石下小学校,7058,0,2.3
veh_full_origin_0327_0028,private_car,origin_0327,5439173831,3178#4,,shelter_2,石下小学校,7058,0,2.3
veh_full_origin_0327_0029,private_car,origin_0327,5439173831,3178#4,,shelter_2,石下小学校,7058,0,2.3
veh_full_origin_0327_0030,private_car,origin_0327,5439173831,3178#4,,shelter_2,石下小学校,7058,0,2.3
veh_full_origin_0327_0031,private_car,origin_0327,5439173831,3178#4,,shelter_2,石下小学校,7058,0,2.3
veh_full_origin_0327_0032,private_car,origin_0327,5439173831,3178#4,,shelter_2,石下小学校,7058,0,2.3
veh_full_origin_0327_0033,private_car,origin_0327,5439173831,3178#4,,shelter_2,石下小学校,7058,0,2.3
veh_full_origin_0327_0034,private_car,origin_0327,5439173831,3178#4,,shelter_2,石下小学校,7058,0,2.3
veh_full_origin_0327_0035,private_car,origin_0327,5439173831,3178#4,,shelter_2,石下小学校,7058,0,2.3
veh_full_origin_0327_0036,private_car,origin_0327,5439173831,3178#4,,shelter_2,石下小学校,7058,0,2.3
veh_full_origin_0327_0037,private_car,origin_0327,5439173831,3178#4,,shelter_2,石下小学校,7058,0,2.3
veh_full_origin_0327_0038,private_car,origin_0327,5439173831,3178#4,,shelter_2,石下小学校,7058,0,2.3
veh_full_origin_0327_0039,private_car,origin_0327,5439173831,3178#4,,shelter_2,石下小学校,7058,0,2.3
veh_full_origin_0327_0040,private_car,origin_0327,5439173831,3178#4,,shelter_2,石下小学校,7058,0,2.3
veh_full_origin_0328_0001,private_car,origin_0328,5439173832,6418,,shelter_2,石下小学校,7058,0,2.3
veh_full_origin_0328_0002,private_car,origin_0328,5439173832,6418,,shelter_2,石下小学校,7058,0,2.3
veh_full_origin_0328_0003,private_car,origin_0328,5439173832,6418,,shelter_2,石下小学校,7058,0,2.3
veh_full_origin_0328_0004,private_car,origin_0328,5439173832,6418,,shelter_2,石下小学校,7058,0,2.3
veh_full_origin_0328_0005,private_car,origin_0328,5439173832,6418,,shelter_2,石下小学校,7058,0,2.3
veh_full_origin_0328_0006,private_car,origin_0328,5439173832,6418,,shelter_2,石下小学校,7058,0,2.3
veh_full_origin_0328_0007,private_car,origin_0328,5439173832,6418,,shelter_2,石下小学校,7058,0,2.3
veh_full_origin_0328_0008,private_car,origin_0328,5439173832,6418,,shelter_2,石下小学校,7058,0,2.3
veh_full_origin_0328_0009,private_car,origin_0328,5439173832,6418,,shelter_2,石下小学校,7058,0,2.3
veh_full_origin_0328_0010,private_car,origin_0328,5439173832,6418,,shelter_2,石下小学校,7058,0,2.3
veh_full_origin_0328_0011,private_car,origin_0328,5439173832,6418,,shelter_2,石下小学校,7058,0,2.3
veh_full_origin_0328_0012,private_car,origin_0328,5439173832,6418,,shelter_2,石下小学校,7058,0,2.3
veh_full_origin_0328_0013,private_car,origin_0328,5439173832,6418,,shelter_2,石下小学校,7058,0,2.3
veh_full_origin_0328_0014,private_car,origin_0328,5439173832,6418,,shelter_2,石下小学校,7058,0,2.3
veh_full_origin_0328_0015,private_car,origin_0328,5439173832,6418,,shelter_2,石下小学校,7058,0,2.3
veh_full_origin_0328_0016,private_car,origin_0328,5439173832,6418,,shelter_2,石下小学校,7058,0,2.3
veh_full_origin_0328_0017,private_car,origin_0328,5439173832,6418,,shelter_2,石下小学校,7058,0,2.3
veh_full_origin_0329_0001,private_car,origin_0329,5439173912,4636#2,,shelter_8,豊田小学校,168#4,0,2.3
veh_full_origin_0329_0002,private_car,origin_0329,5439173912,4636#2,,shelter_8,豊田小学校,168#4,0,2.3
veh_full_origin_0330_0001,private_car,origin_0330,5439173921,4681#6,,shelter_8,豊田小学校,168#4,0,2.3
veh_full_origin_0330_0002,private_car,origin_0330,5439173921,4681#6,,shelter_8,豊田小学校,168#4,0,2.3
veh_full_origin_0330_0003,private_car,origin_0330,5439173921,4681#6,,shelter_8,豊田小学校,168#4,0,2.3
veh_full_origin_0330_0004,private_car,origin_0330,5439173921,4681#6,,shelter_8,豊田小学校,168#4,0,2.3
veh_full_origin_0330_0005,private_car,origin_0330,5439173921,4681#6,,shelter_8,豊田小学校,168#4,0,2.3
veh_full_origin_0330_0006,private_car,origin_0330,5439173921,4681#6,,shelter_8,豊田小学校,168#4,0,2.3
veh_full_origin_0330_0007,private_car,origin_0330,5439173921,4681#6,,shelter_8,豊田小学校,168#4,0,2.3
veh_full_origin_0330_0008,private_car,origin_0330,5439173921,4681#6,,shelter_8,豊田小学校,168#4,0,2.3
veh_full_origin_0330_0009,private_car,origin_0330,5439173921,4681#6,,shelter_8,豊田小学校,168#4,0,2.3
veh_full_origin_0330_0010,private_car,origin_0330,5439173921,4681#6,,shelter_8,豊田小学校,168#4,0,2.3
veh_full_origin_0330_0011,private_car,origin_0330,5439173921,4681#6,,shelter_8,豊田小学校,168#4,0,2.3
veh_full_origin_0330_0012,private_car,origin_0330,5439173921,4681#6,,shelter_8,豊田小学校,168#4,0,2.3
veh_full_origin_0330_0013,private_car,origin_0330,5439173921,4681#6,,shelter_8,豊田小学校,168#4,0,2.3
veh_full_origin_0330_0014,private_car,origin_0330,5439173921,4681#6,,shelter_8,豊田小学校,168#4,0,2.3
veh_full_origin_0330_0015,private_car,origin_0330,5439173921,4681#6,,shelter_8,豊田小学校,168#4,0,2.3
veh_full_origin_0330_0016,private_car,origin_0330,5439173921,4681#6,,shelter_8,豊田小学校,168#4,0,2.3
veh_full_origin_0330_0017,private_car,origin_0330,5439173921,4681#6,,shelter_8,豊田小学校,168#4,0,2.3
veh_full_origin_0330_0018,private_car,origin_0330,5439173921,4681#6,,shelter_8,豊田小学校,168#4,0,2.3
veh_full_origin_0330_0019,private_car,origin_0330,5439173921,4681#6,,shelter_8,豊田小学校,168#4,0,2.3
veh_full_origin_0330_0020,private_car,origin_0330,5439173921,4681#6,,shelter_8,豊田小学校,168#4,0,2.3
veh_full_origin_0330_0021,private_car,origin_0330,5439173921,4681#6,,shelter_8,豊田小学校,168#4,0,2.3
veh_full_origin_0330_0022,private_car,origin_0330,5439173921,4681#6,,shelter_8,豊田小学校,168#4,0,2.3
veh_full_origin_0330_0023,private_car,origin_0330,5439173921,4681#6,,shelter_8,豊田小学校,168#4,0,2.3
veh_full_origin_0330_0024,private_car,origin_0330,5439173921,4681#6,,shelter_8,豊田小学校,168#4,0,2.3
veh_full_origin_0330_0025,private_car,origin_0330,5439173921,4681#6,,shelter_8,豊田小学校,168#4,0,2.3
veh_full_origin_0330_0026,private_car,origin_0330,5439173921,4681#6,,shelter_8,豊田小学校,168#4,0,2.3
veh_full_origin_0330_0027,private_car,origin_0330,5439173921,4681#6,,shelter_8,豊田小学校,168#4,0,2.3
veh_full_origin_0330_0028,private_car,origin_0330,5439173921,4681#6,,shelter_8,豊田小学校,168#4,0,2.3
veh_full_origin_0330_0029,private_car,origin_0330,5439173921,4681#6,,shelter_8,豊田小学校,168#4,0,2.3
veh_full_origin_0330_0030,private_car,origin_0330,5439173921,4681#6,,shelter_8,豊田小学校,168#4,0,2.3
veh_full_origin_0330_0031,private_car,origin_0330,5439173921,4681#6,,shelter_8,豊田小学校,168#4,0,2.3
veh_full_origin_0330_0032,private_car,origin_0330,5439173921,4681#6,,shelter_8,豊田小学校,168#4,0,2.3
veh_full_origin_0330_0033,private_car,origin_0330,5439173921,4681#6,,shelter_8,豊田小学校,168#4,0,2.3
veh_full_origin_0330_0034,private_car,origin_0330,5439173921,4681#6,,shelter_8,豊田小学校,168#4,0,2.3
veh_full_origin_0330_0035,private_car,origin_0330,5439173921,4681#6,,shelter_8,豊田小学校,168#4,0,2.3
veh_full_origin_0330_0036,private_car,origin_0330,5439173921,4681#6,,shelter_8,豊田小学校,168#4,0,2.3
veh_full_origin_0330_0037,private_car,origin_0330,5439173921,4681#6,,shelter_8,豊田小学校,168#4,0,2.3
veh_full_origin_0330_0038,private_car,origin_0330,5439173921,4681#6,,shelter_8,豊田小学校,168#4,0,2.3
veh_full_origin_0330_0039,private_car,origin_0330,5439173921,4681#6,,shelter_8,豊田小学校,168#4,0,2.3
veh_full_origin_0330_0040,private_car,origin_0330,5439173921,4681#6,,shelter_8,豊田小学校,168#4,0,2.3
veh_full_origin_0330_0041,private_car,origin_0330,5439173921,4681#6,,shelter_8,豊田小学校,168#4,0,2.3
veh_full_origin_0330_0042,private_car,origin_0330,5439173921,4681#6,,shelter_8,豊田小学校,168#4,0,2.3
veh_full_origin_0330_0043,private_car,origin_0330,5439173921,4681#6,,shelter_8,豊田小学校,168#4,0,2.3
veh_full_origin_0330_0044,private_car,origin_0330,5439173921,4681#6,,shelter_8,豊田小学校,168#4,0,2.3
veh_full_origin_0331_0001,private_car,origin_0331,5439173922,11348,,shelter_8,豊田小学校,168#4,0,2.3
veh_full_origin_0331_0002,private_car,origin_0331,5439173922,11348,,shelter_8,豊田小学校,168#4,0,2.3
veh_full_origin_0331_0003,private_car,origin_0331,5439173922,11348,,shelter_8,豊田小学校,168#4,0,2.3
veh_full_origin_0332_0001,private_car,origin_0332,5439174112,12019#0,,shelter_0,飯沼小学校,3270#3,0,2.3
veh_full_origin_0332_0002,private_car,origin_0332,5439174112,12019#0,,shelter_0,飯沼小学校,3270#3,0,2.3
veh_full_origin_0332_0003,private_car,origin_0332,5439174112,12019#0,,shelter_0,飯沼小学校,3270#3,0,2.3
veh_full_origin_0332_0004,private_car,origin_0332,5439174112,12019#0,,shelter_0,飯沼小学校,3270#3,0,2.3
veh_full_origin_0332_0005,private_car,origin_0332,5439174112,12019#0,,shelter_0,飯沼小学校,3270#3,0,2.3
veh_full_origin_0332_0006,private_car,origin_0332,5439174112,12019#0,,shelter_0,飯沼小学校,3270#3,0,2.3
veh_full_origin_0332_0007,private_car,origin_0332,5439174112,12019#0,,shelter_0,飯沼小学校,3270#3,0,2.3
veh_full_origin_0332_0008,private_car,origin_0332,5439174112,12019#0,,shelter_0,飯沼小学校,3270#3,0,2.3
veh_full_origin_0332_0009,private_car,origin_0332,5439174112,12019#0,,shelter_0,飯沼小学校,3270#3,0,2.3
veh_full_origin_0332_0010,private_car,origin_0332,5439174112,12019#0,,shelter_0,飯沼小学校,3270#3,0,2.3
veh_full_origin_0332_0011,private_car,origin_0332,5439174112,12019#0,,shelter_0,飯沼小学校,3270#3,0,2.3
veh_full_origin_0332_0012,private_car,origin_0332,5439174112,12019#0,,shelter_0,飯沼小学校,3270#3,0,2.3
veh_full_origin_0332_0013,private_car,origin_0332,5439174112,12019#0,,shelter_0,飯沼小学校,3270#3,0,2.3
veh_full_origin_0332_0014,private_car,origin_0332,5439174112,12019#0,,shelter_0,飯沼小学校,3270#3,0,2.3
veh_full_origin_0332_0015,private_car,origin_0332,5439174112,12019#0,,shelter_0,飯沼小学校,3270#3,0,2.3
veh_full_origin_0332_0016,private_car,origin_0332,5439174112,12019#0,,shelter_0,飯沼小学校,3270#3,0,2.3
veh_full_origin_0332_0017,private_car,origin_0332,5439174112,12019#0,,shelter_0,飯沼小学校,3270#3,0,2.3
veh_full_origin_0332_0018,private_car,origin_0332,5439174112,12019#0,,shelter_0,飯沼小学校,3270#3,0,2.3
veh_full_origin_0332_0019,private_car,origin_0332,5439174112,12019#0,,shelter_0,飯沼小学校,3270#3,0,2.3
veh_full_origin_0333_0001,private_car,origin_0333,5439174113,12019#0,,shelter_0,飯沼小学校,3270#3,0,2.3
veh_full_origin_0333_0002,private_car,origin_0333,5439174113,12019#0,,shelter_0,飯沼小学校,3270#3,0,2.3
veh_full_origin_0333_0003,private_car,origin_0333,5439174113,12019#0,,shelter_0,飯沼小学校,3270#3,0,2.3
veh_full_origin_0333_0004,private_car,origin_0333,5439174113,12019#0,,shelter_0,飯沼小学校,3270#3,0,2.3
veh_full_origin_0333_0005,private_car,origin_0333,5439174113,12019#0,,shelter_0,飯沼小学校,3270#3,0,2.3
veh_full_origin_0333_0006,private_car,origin_0333,5439174113,12019#0,,shelter_0,飯沼小学校,3270#3,0,2.3
veh_full_origin_0333_0007,private_car,origin_0333,5439174113,12019#0,,shelter_0,飯沼小学校,3270#3,0,2.3
veh_full_origin_0333_0008,private_car,origin_0333,5439174113,12019#0,,shelter_0,飯沼小学校,3270#3,0,2.3
veh_full_origin_0333_0009,private_car,origin_0333,5439174113,12019#0,,shelter_0,飯沼小学校,3270#3,0,2.3
veh_full_origin_0333_0010,private_car,origin_0333,5439174113,12019#0,,shelter_0,飯沼小学校,3270#3,0,2.3
veh_full_origin_0333_0011,private_car,origin_0333,5439174113,12019#0,,shelter_0,飯沼小学校,3270#3,0,2.3
veh_full_origin_0333_0012,private_car,origin_0333,5439174113,12019#0,,shelter_0,飯沼小学校,3270#3,0,2.3
veh_full_origin_0333_0013,private_car,origin_0333,5439174113,12019#0,,shelter_0,飯沼小学校,3270#3,0,2.3
veh_full_origin_0334_0001,private_car,origin_0334,5439174143,12002#1,,shelter_0,飯沼小学校,3270#3,0,2.3
veh_full_origin_0334_0002,private_car,origin_0334,5439174143,12002#1,,shelter_0,飯沼小学校,3270#3,0,2.3
veh_full_origin_0334_0003,private_car,origin_0334,5439174143,12002#1,,shelter_0,飯沼小学校,3270#3,0,2.3
veh_full_origin_0334_0004,private_car,origin_0334,5439174143,12002#1,,shelter_0,飯沼小学校,3270#3,0,2.3
veh_full_origin_0334_0005,private_car,origin_0334,5439174143,12002#1,,shelter_0,飯沼小学校,3270#3,0,2.3
veh_full_origin_0334_0006,private_car,origin_0334,5439174143,12002#1,,shelter_0,飯沼小学校,3270#3,0,2.3
veh_full_origin_0334_0007,private_car,origin_0334,5439174143,12002#1,,shelter_0,飯沼小学校,3270#3,0,2.3
veh_full_origin_0334_0008,private_car,origin_0334,5439174143,12002#1,,shelter_0,飯沼小学校,3270#3,0,2.3
veh_full_origin_0334_0009,private_car,origin_0334,5439174143,12002#1,,shelter_0,飯沼小学校,3270#3,0,2.3
veh_full_origin_0334_0010,private_car,origin_0334,5439174143,12002#1,,shelter_0,飯沼小学校,3270#3,0,2.3
veh_full_origin_0334_0011,private_car,origin_0334,5439174143,12002#1,,shelter_0,飯沼小学校,3270#3,0,2.3
veh_full_origin_0334_0012,private_car,origin_0334,5439174143,12002#1,,shelter_0,飯沼小学校,3270#3,0,2.3
veh_full_origin_0335_0001,private_car,origin_0335,5439174144,11994#7,,shelter_0,飯沼小学校,3270#3,0,2.3
veh_full_origin_0335_0002,private_car,origin_0335,5439174144,11994#7,,shelter_0,飯沼小学校,3270#3,0,2.3
veh_full_origin_0335_0003,private_car,origin_0335,5439174144,11994#7,,shelter_0,飯沼小学校,3270#3,0,2.3
veh_full_origin_0335_0004,private_car,origin_0335,5439174144,11994#7,,shelter_0,飯沼小学校,3270#3,0,2.3
veh_full_origin_0335_0005,private_car,origin_0335,5439174144,11994#7,,shelter_0,飯沼小学校,3270#3,0,2.3
veh_full_origin_0335_0006,private_car,origin_0335,5439174144,11994#7,,shelter_0,飯沼小学校,3270#3,0,2.3
veh_full_origin_0335_0007,private_car,origin_0335,5439174144,11994#7,,shelter_0,飯沼小学校,3270#3,0,2.3
veh_full_origin_0335_0008,private_car,origin_0335,5439174144,11994#7,,shelter_0,飯沼小学校,3270#3,0,2.3
veh_full_origin_0335_0009,private_car,origin_0335,5439174144,11994#7,,shelter_0,飯沼小学校,3270#3,0,2.3
veh_full_origin_0336_0001,private_car,origin_0336,5439174221,12061#3,,shelter_0,飯沼小学校,3270#3,0,2.3
veh_full_origin_0336_0002,private_car,origin_0336,5439174221,12061#3,,shelter_0,飯沼小学校,3270#3,0,2.3
veh_full_origin_0336_0003,private_car,origin_0336,5439174221,12061#3,,shelter_0,飯沼小学校,3270#3,0,2.3
veh_full_origin_0336_0004,private_car,origin_0336,5439174221,12061#3,,shelter_0,飯沼小学校,3270#3,0,2.3
veh_full_origin_0336_0005,private_car,origin_0336,5439174221,12061#3,,shelter_0,飯沼小学校,3270#3,0,2.3
veh_full_origin_0337_0001,private_car,origin_0337,5439174232,11969#9,,shelter_0,飯沼小学校,3270#3,0,2.3
veh_full_origin_0337_0002,private_car,origin_0337,5439174232,11969#9,,shelter_0,飯沼小学校,3270#3,0,2.3
veh_full_origin_0337_0003,private_car,origin_0337,5439174232,11969#9,,shelter_0,飯沼小学校,3270#3,0,2.3
veh_full_origin_0337_0004,private_car,origin_0337,5439174232,11969#9,,shelter_0,飯沼小学校,3270#3,0,2.3
veh_full_origin_0337_0005,private_car,origin_0337,5439174232,11969#9,,shelter_0,飯沼小学校,3270#3,0,2.3
veh_full_origin_0337_0006,private_car,origin_0337,5439174232,11969#9,,shelter_0,飯沼小学校,3270#3,0,2.3
veh_full_origin_0337_0007,private_car,origin_0337,5439174232,11969#9,,shelter_0,飯沼小学校,3270#3,0,2.3
veh_full_origin_0337_0008,private_car,origin_0337,5439174232,11969#9,,shelter_0,飯沼小学校,3270#3,0,2.3
veh_full_origin_0338_0001,private_car,origin_0338,5439174311,11735#10,,shelter_0,飯沼小学校,3270#3,0,2.3
veh_full_origin_0338_0002,private_car,origin_0338,5439174311,11735#10,,shelter_0,飯沼小学校,3270#3,0,2.3
veh_full_origin_0338_0003,private_car,origin_0338,5439174311,11735#10,,shelter_0,飯沼小学校,3270#3,0,2.3
veh_full_origin_0338_0004,private_car,origin_0338,5439174311,11735#10,,shelter_0,飯沼小学校,3270#3,0,2.3
veh_full_origin_0338_0005,private_car,origin_0338,5439174311,11735#10,,shelter_0,飯沼小学校,3270#3,0,2.3
veh_full_origin_0338_0006,private_car,origin_0338,5439174311,11735#10,,shelter_0,飯沼小学校,3270#3,0,2.3
veh_full_origin_0338_0007,private_car,origin_0338,5439174311,11735#10,,shelter_0,飯沼小学校,3270#3,0,2.3
veh_full_origin_0338_0008,private_car,origin_0338,5439174311,11735#10,,shelter_0,飯沼小学校,3270#3,0,2.3
veh_full_origin_0338_0009,private_car,origin_0338,5439174311,11735#10,,shelter_0,飯沼小学校,3270#3,0,2.3
veh_full_origin_0338_0010,private_car,origin_0338,5439174311,11735#10,,shelter_0,飯沼小学校,3270#3,0,2.3
veh_full_origin_0338_0011,private_car,origin_0338,5439174311,11735#10,,shelter_0,飯沼小学校,3270#3,0,2.3
veh_full_origin_0338_0012,private_car,origin_0338,5439174311,11735#10,,shelter_0,飯沼小学校,3270#3,0,2.3
veh_full_origin_0338_0013,private_car,origin_0338,5439174311,11735#10,,shelter_0,飯沼小学校,3270#3,0,2.3
veh_full_origin_0338_0014,private_car,origin_0338,5439174311,11735#10,,shelter_0,飯沼小学校,3270#3,0,2.3
veh_full_origin_0338_0015,private_car,origin_0338,5439174311,11735#10,,shelter_0,飯沼小学校,3270#3,0,2.3
veh_full_origin_0338_0016,private_car,origin_0338,5439174311,11735#10,,shelter_0,飯沼小学校,3270#3,0,2.3
veh_full_origin_0338_0017,private_car,origin_0338,5439174311,11735#10,,shelter_0,飯沼小学校,3270#3,0,2.3
veh_full_origin_0338_0018,private_car,origin_0338,5439174311,11735#10,,shelter_0,飯沼小学校,3270#3,0,2.3
veh_full_origin_0338_0019,private_car,origin_0338,5439174311,11735#10,,shelter_0,飯沼小学校,3270#3,0,2.3
veh_full_origin_0338_0020,private_car,origin_0338,5439174311,11735#10,,shelter_0,飯沼小学校,3270#3,0,2.3
veh_full_origin_0338_0021,private_car,origin_0338,5439174311,11735#10,,shelter_0,飯沼小学校,3270#3,0,2.3
veh_full_origin_0338_0022,private_car,origin_0338,5439174311,11735#10,,shelter_0,飯沼小学校,3270#3,0,2.3
veh_full_origin_0338_0023,private_car,origin_0338,5439174311,11735#10,,shelter_0,飯沼小学校,3270#3,0,2.3
veh_full_origin_0338_0024,private_car,origin_0338,5439174311,11735#10,,shelter_0,飯沼小学校,3270#3,0,2.3
veh_full_origin_0338_0025,private_car,origin_0338,5439174311,11735#10,,shelter_0,飯沼小学校,3270#3,0,2.3
veh_full_origin_0338_0026,private_car,origin_0338,5439174311,11735#10,,shelter_0,飯沼小学校,3270#3,0,2.3
veh_full_origin_0338_0027,private_car,origin_0338,5439174311,11735#10,,shelter_0,飯沼小学校,3270#3,0,2.3
veh_full_origin_0338_0028,private_car,origin_0338,5439174311,11735#10,,shelter_0,飯沼小学校,3270#3,0,2.3
veh_full_origin_0338_0029,private_car,origin_0338,5439174311,11735#10,,shelter_0,飯沼小学校,3270#3,0,2.3
veh_full_origin_0338_0030,private_car,origin_0338,5439174311,11735#10,,shelter_0,飯沼小学校,3270#3,0,2.3
veh_full_origin_0339_0001,private_car,origin_0339,5439174312,3798#10,,shelter_0,飯沼小学校,3270#3,0,2.3
veh_full_origin_0339_0002,private_car,origin_0339,5439174312,3798#10,,shelter_0,飯沼小学校,3270#3,0,2.3
veh_full_origin_0339_0003,private_car,origin_0339,5439174312,3798#10,,shelter_0,飯沼小学校,3270#3,0,2.3
veh_full_origin_0339_0004,private_car,origin_0339,5439174312,3798#10,,shelter_0,飯沼小学校,3270#3,0,2.3
veh_full_origin_0339_0005,private_car,origin_0339,5439174312,3798#10,,shelter_0,飯沼小学校,3270#3,0,2.3
veh_full_origin_0339_0006,private_car,origin_0339,5439174312,3798#10,,shelter_0,飯沼小学校,3270#3,0,2.3
veh_full_origin_0339_0007,private_car,origin_0339,5439174312,3798#10,,shelter_0,飯沼小学校,3270#3,0,2.3
veh_full_origin_0339_0008,private_car,origin_0339,5439174312,3798#10,,shelter_0,飯沼小学校,3270#3,0,2.3
veh_full_origin_0339_0009,private_car,origin_0339,5439174312,3798#10,,shelter_0,飯沼小学校,3270#3,0,2.3
veh_full_origin_0339_0010,private_car,origin_0339,5439174312,3798#10,,shelter_0,飯沼小学校,3270#3,0,2.3
veh_full_origin_0339_0011,private_car,origin_0339,5439174312,3798#10,,shelter_0,飯沼小学校,3270#3,0,2.3
veh_full_origin_0339_0012,private_car,origin_0339,5439174312,3798#10,,shelter_0,飯沼小学校,3270#3,0,2.3
veh_full_origin_0339_0013,private_car,origin_0339,5439174312,3798#10,,shelter_0,飯沼小学校,3270#3,0,2.3
veh_full_origin_0339_0014,private_car,origin_0339,5439174312,3798#10,,shelter_0,飯沼小学校,3270#3,0,2.3
veh_full_origin_0339_0015,private_car,origin_0339,5439174312,3798#10,,shelter_0,飯沼小学校,3270#3,0,2.3
veh_full_origin_0339_0016,private_car,origin_0339,5439174312,3798#10,,shelter_0,飯沼小学校,3270#3,0,2.3
veh_full_origin_0339_0017,private_car,origin_0339,5439174312,3798#10,,shelter_0,飯沼小学校,3270#3,0,2.3
veh_full_origin_0339_0018,private_car,origin_0339,5439174312,3798#10,,shelter_0,飯沼小学校,3270#3,0,2.3
veh_full_origin_0339_0019,private_car,origin_0339,5439174312,3798#10,,shelter_0,飯沼小学校,3270#3,0,2.3
veh_full_origin_0339_0020,private_car,origin_0339,5439174312,3798#10,,shelter_0,飯沼小学校,3270#3,0,2.3
veh_full_origin_0339_0021,private_car,origin_0339,5439174312,3798#10,,shelter_0,飯沼小学校,3270#3,0,2.3
veh_full_origin_0339_0022,private_car,origin_0339,5439174312,3798#10,,shelter_0,飯沼小学校,3270#3,0,2.3
veh_full_origin_0339_0023,private_car,origin_0339,5439174312,3798#10,,shelter_0,飯沼小学校,3270#3,0,2.3
veh_full_origin_0339_0024,private_car,origin_0339,5439174312,3798#10,,shelter_0,飯沼小学校,3270#3,0,2.3
veh_full_origin_0339_0025,private_car,origin_0339,5439174312,3798#10,,shelter_0,飯沼小学校,3270#3,0,2.3
veh_full_origin_0340_0001,private_car,origin_0340,5439174321,11988#4,,shelter_0,飯沼小学校,3270#3,0,2.3
veh_full_origin_0340_0002,private_car,origin_0340,5439174321,11988#4,,shelter_0,飯沼小学校,3270#3,0,2.3
veh_full_origin_0340_0003,private_car,origin_0340,5439174321,11988#4,,shelter_0,飯沼小学校,3270#3,0,2.3
veh_full_origin_0340_0004,private_car,origin_0340,5439174321,11988#4,,shelter_0,飯沼小学校,3270#3,0,2.3
veh_full_origin_0340_0005,private_car,origin_0340,5439174321,11988#4,,shelter_0,飯沼小学校,3270#3,0,2.3
veh_full_origin_0340_0006,private_car,origin_0340,5439174321,11988#4,,shelter_0,飯沼小学校,3270#3,0,2.3
veh_full_origin_0340_0007,private_car,origin_0340,5439174321,11988#4,,shelter_0,飯沼小学校,3270#3,0,2.3
veh_full_origin_0340_0008,private_car,origin_0340,5439174321,11988#4,,shelter_0,飯沼小学校,3270#3,0,2.3
veh_full_origin_0340_0009,private_car,origin_0340,5439174321,11988#4,,shelter_0,飯沼小学校,3270#3,0,2.3
veh_full_origin_0340_0010,private_car,origin_0340,5439174321,11988#4,,shelter_0,飯沼小学校,3270#3,0,2.3
veh_full_origin_0340_0011,private_car,origin_0340,5439174321,11988#4,,shelter_0,飯沼小学校,3270#3,0,2.3
veh_full_origin_0340_0012,private_car,origin_0340,5439174321,11988#4,,shelter_0,飯沼小学校,3270#3,0,2.3
veh_full_origin_0340_0013,private_car,origin_0340,5439174321,11988#4,,shelter_0,飯沼小学校,3270#3,0,2.3
veh_full_origin_0340_0014,private_car,origin_0340,5439174321,11988#4,,shelter_0,飯沼小学校,3270#3,0,2.3
veh_full_origin_0340_0015,private_car,origin_0340,5439174321,11988#4,,shelter_0,飯沼小学校,3270#3,0,2.3
veh_full_origin_0340_0016,private_car,origin_0340,5439174321,11988#4,,shelter_0,飯沼小学校,3270#3,0,2.3
veh_full_origin_0340_0017,private_car,origin_0340,5439174321,11988#4,,shelter_0,飯沼小学校,3270#3,0,2.3
veh_full_origin_0340_0018,private_car,origin_0340,5439174321,11988#4,,shelter_0,飯沼小学校,3270#3,0,2.3
veh_full_origin_0340_0019,private_car,origin_0340,5439174321,11988#4,,shelter_0,飯沼小学校,3270#3,0,2.3
veh_full_origin_0340_0020,private_car,origin_0340,5439174321,11988#4,,shelter_0,飯沼小学校,3270#3,0,2.3
veh_full_origin_0340_0021,private_car,origin_0340,5439174321,11988#4,,shelter_0,飯沼小学校,3270#3,0,2.3
veh_full_origin_0340_0022,private_car,origin_0340,5439174321,11988#4,,shelter_0,飯沼小学校,3270#3,0,2.3
veh_full_origin_0340_0023,private_car,origin_0340,5439174321,11988#4,,shelter_0,飯沼小学校,3270#3,0,2.3
veh_full_origin_0340_0024,private_car,origin_0340,5439174321,11988#4,,shelter_0,飯沼小学校,3270#3,0,2.3
veh_full_origin_0340_0025,private_car,origin_0340,5439174321,11988#4,,shelter_0,飯沼小学校,3270#3,0,2.3
veh_full_origin_0340_0026,private_car,origin_0340,5439174321,11988#4,,shelter_0,飯沼小学校,3270#3,0,2.3
veh_full_origin_0340_0027,private_car,origin_0340,5439174321,11988#4,,shelter_0,飯沼小学校,3270#3,0,2.3
veh_full_origin_0340_0028,private_car,origin_0340,5439174321,11988#4,,shelter_0,飯沼小学校,3270#3,0,2.3
veh_full_origin_0340_0029,private_car,origin_0340,5439174321,11988#4,,shelter_0,飯沼小学校,3270#3,0,2.3
veh_full_origin_0340_0030,private_car,origin_0340,5439174321,11988#4,,shelter_0,飯沼小学校,3270#3,0,2.3
veh_full_origin_0340_0031,private_car,origin_0340,5439174321,11988#4,,shelter_0,飯沼小学校,3270#3,0,2.3
veh_full_origin_0340_0032,private_car,origin_0340,5439174321,11988#4,,shelter_0,飯沼小学校,3270#3,0,2.3
veh_full_origin_0341_0001,private_car,origin_0341,5439174512,8593#2,,shelter_0,飯沼小学校,3270#3,0,2.3
veh_full_origin_0341_0002,private_car,origin_0341,5439174512,8593#2,,shelter_0,飯沼小学校,3270#3,0,2.3
veh_full_origin_0341_0003,private_car,origin_0341,5439174512,8593#2,,shelter_0,飯沼小学校,3270#3,0,2.3
veh_full_origin_0341_0004,private_car,origin_0341,5439174512,8593#2,,shelter_0,飯沼小学校,3270#3,0,2.3
veh_full_origin_0341_0005,private_car,origin_0341,5439174512,8593#2,,shelter_0,飯沼小学校,3270#3,0,2.3
veh_full_origin_0341_0006,private_car,origin_0341,5439174512,8593#2,,shelter_0,飯沼小学校,3270#3,0,2.3
veh_full_origin_0341_0007,private_car,origin_0341,5439174512,8593#2,,shelter_0,飯沼小学校,3270#3,0,2.3
veh_full_origin_0341_0008,private_car,origin_0341,5439174512,8593#2,,shelter_0,飯沼小学校,3270#3,0,2.3
veh_full_origin_0341_0009,private_car,origin_0341,5439174512,8593#2,,shelter_0,飯沼小学校,3270#3,0,2.3
veh_full_origin_0341_0010,private_car,origin_0341,5439174512,8593#2,,shelter_0,飯沼小学校,3270#3,0,2.3
veh_full_origin_0342_0001,private_car,origin_0342,5439174513,8590#9,,shelter_0,飯沼小学校,3270#3,0,2.3
veh_full_origin_0342_0002,private_car,origin_0342,5439174513,8590#9,,shelter_0,飯沼小学校,3270#3,0,2.3
veh_full_origin_0342_0003,private_car,origin_0342,5439174513,8590#9,,shelter_0,飯沼小学校,3270#3,0,2.3
veh_full_origin_0342_0004,private_car,origin_0342,5439174513,8590#9,,shelter_0,飯沼小学校,3270#3,0,2.3
veh_full_origin_0342_0005,private_car,origin_0342,5439174513,8590#9,,shelter_0,飯沼小学校,3270#3,0,2.3
veh_full_origin_0342_0006,private_car,origin_0342,5439174513,8590#9,,shelter_0,飯沼小学校,3270#3,0,2.3
veh_full_origin_0342_0007,private_car,origin_0342,5439174513,8590#9,,shelter_0,飯沼小学校,3270#3,0,2.3
veh_full_origin_0342_0008,private_car,origin_0342,5439174513,8590#9,,shelter_0,飯沼小学校,3270#3,0,2.3
veh_full_origin_0342_0009,private_car,origin_0342,5439174513,8590#9,,shelter_0,飯沼小学校,3270#3,0,2.3
veh_full_origin_0342_0010,private_car,origin_0342,5439174513,8590#9,,shelter_0,飯沼小学校,3270#3,0,2.3
veh_full_origin_0342_0011,private_car,origin_0342,5439174513,8590#9,,shelter_0,飯沼小学校,3270#3,0,2.3
veh_full_origin_0342_0012,private_car,origin_0342,5439174513,8590#9,,shelter_0,飯沼小学校,3270#3,0,2.3
veh_full_origin_0342_0013,private_car,origin_0342,5439174513,8590#9,,shelter_0,飯沼小学校,3270#3,0,2.3
veh_full_origin_0342_0014,private_car,origin_0342,5439174513,8590#9,,shelter_0,飯沼小学校,3270#3,0,2.3
veh_full_origin_0342_0015,private_car,origin_0342,5439174513,8590#9,,shelter_0,飯沼小学校,3270#3,0,2.3
veh_full_origin_0342_0016,private_car,origin_0342,5439174513,8590#9,,shelter_0,飯沼小学校,3270#3,0,2.3
veh_full_origin_0342_0017,private_car,origin_0342,5439174513,8590#9,,shelter_0,飯沼小学校,3270#3,0,2.3
veh_full_origin_0342_0018,private_car,origin_0342,5439174513,8590#9,,shelter_0,飯沼小学校,3270#3,0,2.3
veh_full_origin_0342_0019,private_car,origin_0342,5439174513,8590#9,,shelter_0,飯沼小学校,3270#3,0,2.3
veh_full_origin_0342_0020,private_car,origin_0342,5439174513,8590#9,,shelter_0,飯沼小学校,3270#3,0,2.3
veh_full_origin_0342_0021,private_car,origin_0342,5439174513,8590#9,,shelter_0,飯沼小学校,3270#3,0,2.3
veh_full_origin_0342_0022,private_car,origin_0342,5439174513,8590#9,,shelter_0,飯沼小学校,3270#3,0,2.3
veh_full_origin_0342_0023,private_car,origin_0342,5439174513,8590#9,,shelter_0,飯沼小学校,3270#3,0,2.3
veh_full_origin_0342_0024,private_car,origin_0342,5439174513,8590#9,,shelter_0,飯沼小学校,3270#3,0,2.3
veh_full_origin_0342_0025,private_car,origin_0342,5439174513,8590#9,,shelter_0,飯沼小学校,3270#3,0,2.3
veh_full_origin_0343_0001,private_car,origin_0343,5439174514,7283#1,,shelter_0,飯沼小学校,3270#3,0,2.3
veh_full_origin_0343_0002,private_car,origin_0343,5439174514,7283#1,,shelter_0,飯沼小学校,3270#3,0,2.3
veh_full_origin_0343_0003,private_car,origin_0343,5439174514,7283#1,,shelter_0,飯沼小学校,3270#3,0,2.3
veh_full_origin_0343_0004,private_car,origin_0343,5439174514,7283#1,,shelter_0,飯沼小学校,3270#3,0,2.3
veh_full_origin_0343_0005,private_car,origin_0343,5439174514,7283#1,,shelter_0,飯沼小学校,3270#3,0,2.3
veh_full_origin_0343_0006,private_car,origin_0343,5439174514,7283#1,,shelter_0,飯沼小学校,3270#3,0,2.3
veh_full_origin_0343_0007,private_car,origin_0343,5439174514,7283#1,,shelter_0,飯沼小学校,3270#3,0,2.3
veh_full_origin_0343_0008,private_car,origin_0343,5439174514,7283#1,,shelter_0,飯沼小学校,3270#3,0,2.3
veh_full_origin_0343_0009,private_car,origin_0343,5439174514,7283#1,,shelter_0,飯沼小学校,3270#3,0,2.3
veh_full_origin_0343_0010,private_car,origin_0343,5439174514,7283#1,,shelter_0,飯沼小学校,3270#3,0,2.3
veh_full_origin_0343_0011,private_car,origin_0343,5439174514,7283#1,,shelter_0,飯沼小学校,3270#3,0,2.3
veh_full_origin_0344_0001,private_car,origin_0344,5439174522,3928#8,,shelter_0,飯沼小学校,3270#3,0,2.3
veh_full_origin_0344_0002,private_car,origin_0344,5439174522,3928#8,,shelter_0,飯沼小学校,3270#3,0,2.3
veh_full_origin_0344_0003,private_car,origin_0344,5439174522,3928#8,,shelter_0,飯沼小学校,3270#3,0,2.3
veh_full_origin_0344_0004,private_car,origin_0344,5439174522,3928#8,,shelter_0,飯沼小学校,3270#3,0,2.3
veh_full_origin_0344_0005,private_car,origin_0344,5439174522,3928#8,,shelter_0,飯沼小学校,3270#3,0,2.3
veh_full_origin_0344_0006,private_car,origin_0344,5439174522,3928#8,,shelter_0,飯沼小学校,3270#3,0,2.3
veh_full_origin_0344_0007,private_car,origin_0344,5439174522,3928#8,,shelter_0,飯沼小学校,3270#3,0,2.3
veh_full_origin_0344_0008,private_car,origin_0344,5439174522,3928#8,,shelter_0,飯沼小学校,3270#3,0,2.3
veh_full_origin_0344_0009,private_car,origin_0344,5439174522,3928#8,,shelter_0,飯沼小学校,3270#3,0,2.3
veh_full_origin_0344_0010,private_car,origin_0344,5439174522,3928#8,,shelter_0,飯沼小学校,3270#3,0,2.3
veh_full_origin_0344_0011,private_car,origin_0344,5439174522,3928#8,,shelter_0,飯沼小学校,3270#3,0,2.3
veh_full_origin_0344_0012,private_car,origin_0344,5439174522,3928#8,,shelter_0,飯沼小学校,3270#3,0,2.3
veh_full_origin_0344_0013,private_car,origin_0344,5439174522,3928#8,,shelter_0,飯沼小学校,3270#3,0,2.3
veh_full_origin_0344_0014,private_car,origin_0344,5439174522,3928#8,,shelter_0,飯沼小学校,3270#3,0,2.3
veh_full_origin_0344_0015,private_car,origin_0344,5439174522,3928#8,,shelter_0,飯沼小学校,3270#3,0,2.3
veh_full_origin_0344_0016,private_car,origin_0344,5439174522,3928#8,,shelter_0,飯沼小学校,3270#3,0,2.3
veh_full_origin_0344_0017,private_car,origin_0344,5439174522,3928#8,,shelter_0,飯沼小学校,3270#3,0,2.3
veh_full_origin_0344_0018,private_car,origin_0344,5439174522,3928#8,,shelter_0,飯沼小学校,3270#3,0,2.3
veh_full_origin_0344_0019,private_car,origin_0344,5439174522,3928#8,,shelter_0,飯沼小学校,3270#3,0,2.3
veh_full_origin_0344_0020,private_car,origin_0344,5439174522,3928#8,,shelter_0,飯沼小学校,3270#3,0,2.3
veh_full_origin_0344_0021,private_car,origin_0344,5439174522,3928#8,,shelter_0,飯沼小学校,3270#3,0,2.3
veh_full_origin_0344_0022,private_car,origin_0344,5439174522,3928#8,,shelter_0,飯沼小学校,3270#3,0,2.3
veh_full_origin_0344_0023,private_car,origin_0344,5439174522,3928#8,,shelter_0,飯沼小学校,3270#3,0,2.3
veh_full_origin_0344_0024,private_car,origin_0344,5439174522,3928#8,,shelter_0,飯沼小学校,3270#3,0,2.3
veh_full_origin_0344_0025,private_car,origin_0344,5439174522,3928#8,,shelter_0,飯沼小学校,3270#3,0,2.3
veh_full_origin_0344_0026,private_car,origin_0344,5439174522,3928#8,,shelter_0,飯沼小学校,3270#3,0,2.3
veh_full_origin_0344_0027,private_car,origin_0344,5439174522,3928#8,,shelter_0,飯沼小学校,3270#3,0,2.3
veh_full_origin_0344_0028,private_car,origin_0344,5439174522,3928#8,,shelter_0,飯沼小学校,3270#3,0,2.3
veh_full_origin_0344_0029,private_car,origin_0344,5439174522,3928#8,,shelter_0,飯沼小学校,3270#3,0,2.3
veh_full_origin_0344_0030,private_car,origin_0344,5439174522,3928#8,,shelter_0,飯沼小学校,3270#3,0,2.3
veh_full_origin_0344_0031,private_car,origin_0344,5439174522,3928#8,,shelter_0,飯沼小学校,3270#3,0,2.3
veh_full_origin_0344_0032,private_car,origin_0344,5439174522,3928#8,,shelter_0,飯沼小学校,3270#3,0,2.3
veh_full_origin_0344_0033,private_car,origin_0344,5439174522,3928#8,,shelter_0,飯沼小学校,3270#3,0,2.3
veh_full_origin_0344_0034,private_car,origin_0344,5439174522,3928#8,,shelter_0,飯沼小学校,3270#3,0,2.3
veh_full_origin_0344_0035,private_car,origin_0344,5439174522,3928#8,,shelter_0,飯沼小学校,3270#3,0,2.3
veh_full_origin_0344_0036,private_car,origin_0344,5439174522,3928#8,,shelter_0,飯沼小学校,3270#3,0,2.3
veh_full_origin_0344_0037,private_car,origin_0344,5439174522,3928#8,,shelter_0,飯沼小学校,3270#3,0,2.3
veh_full_origin_0344_0038,private_car,origin_0344,5439174522,3928#8,,shelter_0,飯沼小学校,3270#3,0,2.3
veh_full_origin_0344_0039,private_car,origin_0344,5439174522,3928#8,,shelter_0,飯沼小学校,3270#3,0,2.3
veh_full_origin_0344_0040,private_car,origin_0344,5439174522,3928#8,,shelter_0,飯沼小学校,3270#3,0,2.3
veh_full_origin_0344_0041,private_car,origin_0344,5439174522,3928#8,,shelter_0,飯沼小学校,3270#3,0,2.3
veh_full_origin_0344_0042,private_car,origin_0344,5439174522,3928#8,,shelter_0,飯沼小学校,3270#3,0,2.3
veh_full_origin_0344_0043,private_car,origin_0344,5439174522,3928#8,,shelter_0,飯沼小学校,3270#3,0,2.3
veh_full_origin_0344_0044,private_car,origin_0344,5439174522,3928#8,,shelter_0,飯沼小学校,3270#3,0,2.3
veh_full_origin_0344_0045,private_car,origin_0344,5439174522,3928#8,,shelter_0,飯沼小学校,3270#3,0,2.3
veh_full_origin_0344_0046,private_car,origin_0344,5439174522,3928#8,,shelter_0,飯沼小学校,3270#3,0,2.3
veh_full_origin_0344_0047,private_car,origin_0344,5439174522,3928#8,,shelter_0,飯沼小学校,3270#3,0,2.3
veh_full_origin_0344_0048,private_car,origin_0344,5439174522,3928#8,,shelter_0,飯沼小学校,3270#3,0,2.3
veh_full_origin_0344_0049,private_car,origin_0344,5439174522,3928#8,,shelter_0,飯沼小学校,3270#3,0,2.3
veh_full_origin_0344_0050,private_car,origin_0344,5439174522,3928#8,,shelter_0,飯沼小学校,3270#3,0,2.3
veh_full_origin_0344_0051,private_car,origin_0344,5439174522,3928#8,,shelter_0,飯沼小学校,3270#3,0,2.3
veh_full_origin_0344_0052,private_car,origin_0344,5439174522,3928#8,,shelter_0,飯沼小学校,3270#3,0,2.3
veh_full_origin_0344_0053,private_car,origin_0344,5439174522,3928#8,,shelter_0,飯沼小学校,3270#3,0,2.3
veh_full_origin_0344_0054,private_car,origin_0344,5439174522,3928#8,,shelter_0,飯沼小学校,3270#3,0,2.3
veh_full_origin_0344_0055,private_car,origin_0344,5439174522,3928#8,,shelter_0,飯沼小学校,3270#3,0,2.3
veh_full_origin_0344_0056,private_car,origin_0344,5439174522,3928#8,,shelter_0,飯沼小学校,3270#3,0,2.3
veh_full_origin_0344_0057,private_car,origin_0344,5439174522,3928#8,,shelter_0,飯沼小学校,3270#3,0,2.3
veh_full_origin_0344_0058,private_car,origin_0344,5439174522,3928#8,,shelter_0,飯沼小学校,3270#3,0,2.3
veh_full_origin_0344_0059,private_car,origin_0344,5439174522,3928#8,,shelter_0,飯沼小学校,3270#3,0,2.3
veh_full_origin_0344_0060,private_car,origin_0344,5439174522,3928#8,,shelter_0,飯沼小学校,3270#3,0,2.3
veh_full_origin_0344_0061,private_car,origin_0344,5439174522,3928#8,,shelter_0,飯沼小学校,3270#3,0,2.3
veh_full_origin_0344_0062,private_car,origin_0344,5439174522,3928#8,,shelter_0,飯沼小学校,3270#3,0,2.3
veh_full_origin_0344_0063,private_car,origin_0344,5439174522,3928#8,,shelter_0,飯沼小学校,3270#3,0,2.3
veh_full_origin_0344_0064,private_car,origin_0344,5439174522,3928#8,,shelter_0,飯沼小学校,3270#3,0,2.3
veh_full_origin_0344_0065,private_car,origin_0344,5439174522,3928#8,,shelter_0,飯沼小学校,3270#3,0,2.3
veh_full_origin_0344_0066,private_car,origin_0344,5439174522,3928#8,,shelter_0,飯沼小学校,3270#3,0,2.3
veh_full_origin_0344_0067,private_car,origin_0344,5439174522,3928#8,,shelter_0,飯沼小学校,3270#3,0,2.3
veh_full_origin_0344_0068,private_car,origin_0344,5439174522,3928#8,,shelter_0,飯沼小学校,3270#3,0,2.3
veh_full_origin_0344_0069,private_car,origin_0344,5439174522,3928#8,,shelter_0,飯沼小学校,3270#3,0,2.3
veh_full_origin_0345_0001,private_car,origin_0345,5439174523,12482#6,,shelter_0,飯沼小学校,3270#3,0,2.3
veh_full_origin_0345_0002,private_car,origin_0345,5439174523,12482#6,,shelter_0,飯沼小学校,3270#3,0,2.3
veh_full_origin_0345_0003,private_car,origin_0345,5439174523,12482#6,,shelter_0,飯沼小学校,3270#3,0,2.3
veh_full_origin_0345_0004,private_car,origin_0345,5439174523,12482#6,,shelter_0,飯沼小学校,3270#3,0,2.3
veh_full_origin_0345_0005,private_car,origin_0345,5439174523,12482#6,,shelter_0,飯沼小学校,3270#3,0,2.3
veh_full_origin_0345_0006,private_car,origin_0345,5439174523,12482#6,,shelter_0,飯沼小学校,3270#3,0,2.3
veh_full_origin_0345_0007,private_car,origin_0345,5439174523,12482#6,,shelter_0,飯沼小学校,3270#3,0,2.3
veh_full_origin_0345_0008,private_car,origin_0345,5439174523,12482#6,,shelter_0,飯沼小学校,3270#3,0,2.3
veh_full_origin_0345_0009,private_car,origin_0345,5439174523,12482#6,,shelter_0,飯沼小学校,3270#3,0,2.3
veh_full_origin_0345_0010,private_car,origin_0345,5439174523,12482#6,,shelter_0,飯沼小学校,3270#3,0,2.3
veh_full_origin_0345_0011,private_car,origin_0345,5439174523,12482#6,,shelter_0,飯沼小学校,3270#3,0,2.3
veh_full_origin_0345_0012,private_car,origin_0345,5439174523,12482#6,,shelter_0,飯沼小学校,3270#3,0,2.3
veh_full_origin_0345_0013,private_car,origin_0345,5439174523,12482#6,,shelter_0,飯沼小学校,3270#3,0,2.3
veh_full_origin_0345_0014,private_car,origin_0345,5439174523,12482#6,,shelter_0,飯沼小学校,3270#3,0,2.3
veh_full_origin_0345_0015,private_car,origin_0345,5439174523,12482#6,,shelter_0,飯沼小学校,3270#3,0,2.3
veh_full_origin_0345_0016,private_car,origin_0345,5439174523,12482#6,,shelter_0,飯沼小学校,3270#3,0,2.3
veh_full_origin_0345_0017,private_car,origin_0345,5439174523,12482#6,,shelter_0,飯沼小学校,3270#3,0,2.3
veh_full_origin_0345_0018,private_car,origin_0345,5439174523,12482#6,,shelter_0,飯沼小学校,3270#3,0,2.3
veh_full_origin_0345_0019,private_car,origin_0345,5439174523,12482#6,,shelter_0,飯沼小学校,3270#3,0,2.3
veh_full_origin_0345_0020,private_car,origin_0345,5439174523,12482#6,,shelter_0,飯沼小学校,3270#3,0,2.3
veh_full_origin_0346_0001,private_car,origin_0346,5439174524,12484#1,,shelter_0,飯沼小学校,3270#3,0,2.3
veh_full_origin_0346_0002,private_car,origin_0346,5439174524,12484#1,,shelter_0,飯沼小学校,3270#3,0,2.3
veh_full_origin_0346_0003,private_car,origin_0346,5439174524,12484#1,,shelter_0,飯沼小学校,3270#3,0,2.3
veh_full_origin_0346_0004,private_car,origin_0346,5439174524,12484#1,,shelter_0,飯沼小学校,3270#3,0,2.3
veh_full_origin_0346_0005,private_car,origin_0346,5439174524,12484#1,,shelter_0,飯沼小学校,3270#3,0,2.3
veh_full_origin_0346_0006,private_car,origin_0346,5439174524,12484#1,,shelter_0,飯沼小学校,3270#3,0,2.3
veh_full_origin_0346_0007,private_car,origin_0346,5439174524,12484#1,,shelter_0,飯沼小学校,3270#3,0,2.3
veh_full_origin_0346_0008,private_car,origin_0346,5439174524,12484#1,,shelter_0,飯沼小学校,3270#3,0,2.3
veh_full_origin_0346_0009,private_car,origin_0346,5439174524,12484#1,,shelter_0,飯沼小学校,3270#3,0,2.3
veh_full_origin_0346_0010,private_car,origin_0346,5439174524,12484#1,,shelter_0,飯沼小学校,3270#3,0,2.3
veh_full_origin_0346_0011,private_car,origin_0346,5439174524,12484#1,,shelter_0,飯沼小学校,3270#3,0,2.3
veh_full_origin_0346_0012,private_car,origin_0346,5439174524,12484#1,,shelter_0,飯沼小学校,3270#3,0,2.3
veh_full_origin_0346_0013,private_car,origin_0346,5439174524,12484#1,,shelter_0,飯沼小学校,3270#3,0,2.3
veh_full_origin_0346_0014,private_car,origin_0346,5439174524,12484#1,,shelter_0,飯沼小学校,3270#3,0,2.3
veh_full_origin_0346_0015,private_car,origin_0346,5439174524,12484#1,,shelter_0,飯沼小学校,3270#3,0,2.3
veh_full_origin_0346_0016,private_car,origin_0346,5439174524,12484#1,,shelter_0,飯沼小学校,3270#3,0,2.3
veh_full_origin_0346_0017,private_car,origin_0346,5439174524,12484#1,,shelter_0,飯沼小学校,3270#3,0,2.3
veh_full_origin_0346_0018,private_car,origin_0346,5439174524,12484#1,,shelter_0,飯沼小学校,3270#3,0,2.3
veh_full_origin_0346_0019,private_car,origin_0346,5439174524,12484#1,,shelter_0,飯沼小学校,3270#3,0,2.3
veh_full_origin_0346_0020,private_car,origin_0346,5439174524,12484#1,,shelter_0,飯沼小学校,3270#3,0,2.3
veh_full_origin_0346_0021,private_car,origin_0346,5439174524,12484#1,,shelter_0,飯沼小学校,3270#3,0,2.3
veh_full_origin_0346_0022,private_car,origin_0346,5439174524,12484#1,,shelter_0,飯沼小学校,3270#3,0,2.3
veh_full_origin_0346_0023,private_car,origin_0346,5439174524,12484#1,,shelter_0,飯沼小学校,3270#3,0,2.3
veh_full_origin_0346_0024,private_car,origin_0346,5439174524,12484#1,,shelter_0,飯沼小学校,3270#3,0,2.3
veh_full_origin_0346_0025,private_car,origin_0346,5439174524,12484#1,,shelter_0,飯沼小学校,3270#3,0,2.3
veh_full_origin_0346_0026,private_car,origin_0346,5439174524,12484#1,,shelter_0,飯沼小学校,3270#3,0,2.3
veh_full_origin_0346_0027,private_car,origin_0346,5439174524,12484#1,,shelter_0,飯沼小学校,3270#3,0,2.3
veh_full_origin_0346_0028,private_car,origin_0346,5439174524,12484#1,,shelter_0,飯沼小学校,3270#3,0,2.3
veh_full_origin_0346_0029,private_car,origin_0346,5439174524,12484#1,,shelter_0,飯沼小学校,3270#3,0,2.3
veh_full_origin_0346_0030,private_car,origin_0346,5439174524,12484#1,,shelter_0,飯沼小学校,3270#3,0,2.3
veh_full_origin_0346_0031,private_car,origin_0346,5439174524,12484#1,,shelter_0,飯沼小学校,3270#3,0,2.3
veh_full_origin_0346_0032,private_car,origin_0346,5439174524,12484#1,,shelter_0,飯沼小学校,3270#3,0,2.3
veh_full_origin_0346_0033,private_car,origin_0346,5439174524,12484#1,,shelter_0,飯沼小学校,3270#3,0,2.3
veh_full_origin_0346_0034,private_car,origin_0346,5439174524,12484#1,,shelter_0,飯沼小学校,3270#3,0,2.3
veh_full_origin_0346_0035,private_car,origin_0346,5439174524,12484#1,,shelter_0,飯沼小学校,3270#3,0,2.3
veh_full_origin_0346_0036,private_car,origin_0346,5439174524,12484#1,,shelter_0,飯沼小学校,3270#3,0,2.3
veh_full_origin_0347_0001,private_car,origin_0347,5439174532,3930#0,,shelter_0,飯沼小学校,3270#3,0,2.3
veh_full_origin_0347_0002,private_car,origin_0347,5439174532,3930#0,,shelter_0,飯沼小学校,3270#3,0,2.3
veh_full_origin_0347_0003,private_car,origin_0347,5439174532,3930#0,,shelter_0,飯沼小学校,3270#3,0,2.3
veh_full_origin_0347_0004,private_car,origin_0347,5439174532,3930#0,,shelter_0,飯沼小学校,3270#3,0,2.3
veh_full_origin_0347_0005,private_car,origin_0347,5439174532,3930#0,,shelter_0,飯沼小学校,3270#3,0,2.3
veh_full_origin_0347_0006,private_car,origin_0347,5439174532,3930#0,,shelter_0,飯沼小学校,3270#3,0,2.3
veh_full_origin_0347_0007,private_car,origin_0347,5439174532,3930#0,,shelter_0,飯沼小学校,3270#3,0,2.3
veh_full_origin_0347_0008,private_car,origin_0347,5439174532,3930#0,,shelter_0,飯沼小学校,3270#3,0,2.3
veh_full_origin_0347_0009,private_car,origin_0347,5439174532,3930#0,,shelter_0,飯沼小学校,3270#3,0,2.3
veh_full_origin_0347_0010,private_car,origin_0347,5439174532,3930#0,,shelter_0,飯沼小学校,3270#3,0,2.3
veh_full_origin_0347_0011,private_car,origin_0347,5439174532,3930#0,,shelter_0,飯沼小学校,3270#3,0,2.3
veh_full_origin_0347_0012,private_car,origin_0347,5439174532,3930#0,,shelter_0,飯沼小学校,3270#3,0,2.3
veh_full_origin_0347_0013,private_car,origin_0347,5439174532,3930#0,,shelter_0,飯沼小学校,3270#3,0,2.3
veh_full_origin_0347_0014,private_car,origin_0347,5439174532,3930#0,,shelter_0,飯沼小学校,3270#3,0,2.3
veh_full_origin_0347_0015,private_car,origin_0347,5439174532,3930#0,,shelter_0,飯沼小学校,3270#3,0,2.3
veh_full_origin_0347_0016,private_car,origin_0347,5439174532,3930#0,,shelter_0,飯沼小学校,3270#3,0,2.3
veh_full_origin_0347_0017,private_car,origin_0347,5439174532,3930#0,,shelter_0,飯沼小学校,3270#3,0,2.3
veh_full_origin_0347_0018,private_car,origin_0347,5439174532,3930#0,,shelter_0,飯沼小学校,3270#3,0,2.3
veh_full_origin_0347_0019,private_car,origin_0347,5439174532,3930#0,,shelter_0,飯沼小学校,3270#3,0,2.3
veh_full_origin_0347_0020,private_car,origin_0347,5439174532,3930#0,,shelter_0,飯沼小学校,3270#3,0,2.3
veh_full_origin_0347_0021,private_car,origin_0347,5439174532,3930#0,,shelter_0,飯沼小学校,3270#3,0,2.3
veh_full_origin_0347_0022,private_car,origin_0347,5439174532,3930#0,,shelter_0,飯沼小学校,3270#3,0,2.3
veh_full_origin_0347_0023,private_car,origin_0347,5439174532,3930#0,,shelter_0,飯沼小学校,3270#3,0,2.3
veh_full_origin_0347_0024,private_car,origin_0347,5439174532,3930#0,,shelter_0,飯沼小学校,3270#3,0,2.3
veh_full_origin_0347_0025,private_car,origin_0347,5439174532,3930#0,,shelter_0,飯沼小学校,3270#3,0,2.3
veh_full_origin_0347_0026,private_car,origin_0347,5439174532,3930#0,,shelter_0,飯沼小学校,3270#3,0,2.3
veh_full_origin_0347_0027,private_car,origin_0347,5439174532,3930#0,,shelter_0,飯沼小学校,3270#3,0,2.3
veh_full_origin_0347_0028,private_car,origin_0347,5439174532,3930#0,,shelter_0,飯沼小学校,3270#3,0,2.3
veh_full_origin_0347_0029,private_car,origin_0347,5439174532,3930#0,,shelter_0,飯沼小学校,3270#3,0,2.3
veh_full_origin_0347_0030,private_car,origin_0347,5439174532,3930#0,,shelter_0,飯沼小学校,3270#3,0,2.3
veh_full_origin_0347_0031,private_car,origin_0347,5439174532,3930#0,,shelter_0,飯沼小学校,3270#3,0,2.3
veh_full_origin_0347_0032,private_car,origin_0347,5439174532,3930#0,,shelter_0,飯沼小学校,3270#3,0,2.3
veh_full_origin_0347_0033,private_car,origin_0347,5439174532,3930#0,,shelter_0,飯沼小学校,3270#3,0,2.3
veh_full_origin_0347_0034,private_car,origin_0347,5439174532,3930#0,,shelter_0,飯沼小学校,3270#3,0,2.3
veh_full_origin_0347_0035,private_car,origin_0347,5439174532,3930#0,,shelter_0,飯沼小学校,3270#3,0,2.3
veh_full_origin_0347_0036,private_car,origin_0347,5439174532,3930#0,,shelter_0,飯沼小学校,3270#3,0,2.3
veh_full_origin_0347_0037,private_car,origin_0347,5439174532,3930#0,,shelter_0,飯沼小学校,3270#3,0,2.3
veh_full_origin_0347_0038,private_car,origin_0347,5439174532,3930#0,,shelter_0,飯沼小学校,3270#3,0,2.3
veh_full_origin_0347_0039,private_car,origin_0347,5439174532,3930#0,,shelter_0,飯沼小学校,3270#3,0,2.3
veh_full_origin_0347_0040,private_car,origin_0347,5439174532,3930#0,,shelter_0,飯沼小学校,3270#3,0,2.3
veh_full_origin_0347_0041,private_car,origin_0347,5439174532,3930#0,,shelter_0,飯沼小学校,3270#3,0,2.3
veh_full_origin_0347_0042,private_car,origin_0347,5439174532,3930#0,,shelter_0,飯沼小学校,3270#3,0,2.3
veh_full_origin_0347_0043,private_car,origin_0347,5439174532,3930#0,,shelter_0,飯沼小学校,3270#3,0,2.3
veh_full_origin_0348_0001,private_car,origin_0348,5439174533,3912#0,,shelter_0,飯沼小学校,3270#3,0,2.3
veh_full_origin_0348_0002,private_car,origin_0348,5439174533,3912#0,,shelter_0,飯沼小学校,3270#3,0,2.3
veh_full_origin_0348_0003,private_car,origin_0348,5439174533,3912#0,,shelter_0,飯沼小学校,3270#3,0,2.3
veh_full_origin_0348_0004,private_car,origin_0348,5439174533,3912#0,,shelter_0,飯沼小学校,3270#3,0,2.3
veh_full_origin_0348_0005,private_car,origin_0348,5439174533,3912#0,,shelter_0,飯沼小学校,3270#3,0,2.3
veh_full_origin_0348_0006,private_car,origin_0348,5439174533,3912#0,,shelter_0,飯沼小学校,3270#3,0,2.3
veh_full_origin_0348_0007,private_car,origin_0348,5439174533,3912#0,,shelter_0,飯沼小学校,3270#3,0,2.3
veh_full_origin_0348_0008,private_car,origin_0348,5439174533,3912#0,,shelter_0,飯沼小学校,3270#3,0,2.3
veh_full_origin_0348_0009,private_car,origin_0348,5439174533,3912#0,,shelter_0,飯沼小学校,3270#3,0,2.3
veh_full_origin_0348_0010,private_car,origin_0348,5439174533,3912#0,,shelter_0,飯沼小学校,3270#3,0,2.3
veh_full_origin_0348_0011,private_car,origin_0348,5439174533,3912#0,,shelter_0,飯沼小学校,3270#3,0,2.3
veh_full_origin_0348_0012,private_car,origin_0348,5439174533,3912#0,,shelter_0,飯沼小学校,3270#3,0,2.3
veh_full_origin_0349_0001,private_car,origin_0349,5439174543,7310#8,,shelter_0,飯沼小学校,3270#3,0,2.3
veh_full_origin_0349_0002,private_car,origin_0349,5439174543,7310#8,,shelter_0,飯沼小学校,3270#3,0,2.3
veh_full_origin_0349_0003,private_car,origin_0349,5439174543,7310#8,,shelter_0,飯沼小学校,3270#3,0,2.3
veh_full_origin_0349_0004,private_car,origin_0349,5439174543,7310#8,,shelter_0,飯沼小学校,3270#3,0,2.3
veh_full_origin_0349_0005,private_car,origin_0349,5439174543,7310#8,,shelter_0,飯沼小学校,3270#3,0,2.3
veh_full_origin_0349_0006,private_car,origin_0349,5439174543,7310#8,,shelter_0,飯沼小学校,3270#3,0,2.3
veh_full_origin_0349_0007,private_car,origin_0349,5439174543,7310#8,,shelter_0,飯沼小学校,3270#3,0,2.3
veh_full_origin_0349_0008,private_car,origin_0349,5439174543,7310#8,,shelter_0,飯沼小学校,3270#3,0,2.3
veh_full_origin_0349_0009,private_car,origin_0349,5439174543,7310#8,,shelter_0,飯沼小学校,3270#3,0,2.3
veh_full_origin_0349_0010,private_car,origin_0349,5439174543,7310#8,,shelter_0,飯沼小学校,3270#3,0,2.3
veh_full_origin_0349_0011,private_car,origin_0349,5439174543,7310#8,,shelter_0,飯沼小学校,3270#3,0,2.3
veh_full_origin_0349_0012,private_car,origin_0349,5439174543,7310#8,,shelter_0,飯沼小学校,3270#3,0,2.3
veh_full_origin_0349_0013,private_car,origin_0349,5439174543,7310#8,,shelter_0,飯沼小学校,3270#3,0,2.3
veh_full_origin_0349_0014,private_car,origin_0349,5439174543,7310#8,,shelter_0,飯沼小学校,3270#3,0,2.3
veh_full_origin_0349_0015,private_car,origin_0349,5439174543,7310#8,,shelter_0,飯沼小学校,3270#3,0,2.3
veh_full_origin_0349_0016,private_car,origin_0349,5439174543,7310#8,,shelter_0,飯沼小学校,3270#3,0,2.3
veh_full_origin_0349_0017,private_car,origin_0349,5439174543,7310#8,,shelter_0,飯沼小学校,3270#3,0,2.3
veh_full_origin_0349_0018,private_car,origin_0349,5439174543,7310#8,,shelter_0,飯沼小学校,3270#3,0,2.3
veh_full_origin_0349_0019,private_car,origin_0349,5439174543,7310#8,,shelter_0,飯沼小学校,3270#3,0,2.3
veh_full_origin_0349_0020,private_car,origin_0349,5439174543,7310#8,,shelter_0,飯沼小学校,3270#3,0,2.3
veh_full_origin_0349_0021,private_car,origin_0349,5439174543,7310#8,,shelter_0,飯沼小学校,3270#3,0,2.3
veh_full_origin_0349_0022,private_car,origin_0349,5439174543,7310#8,,shelter_0,飯沼小学校,3270#3,0,2.3
veh_full_origin_0349_0023,private_car,origin_0349,5439174543,7310#8,,shelter_0,飯沼小学校,3270#3,0,2.3
veh_full_origin_0349_0024,private_car,origin_0349,5439174543,7310#8,,shelter_0,飯沼小学校,3270#3,0,2.3
veh_full_origin_0349_0025,private_car,origin_0349,5439174543,7310#8,,shelter_0,飯沼小学校,3270#3,0,2.3
veh_full_origin_0349_0026,private_car,origin_0349,5439174543,7310#8,,shelter_0,飯沼小学校,3270#3,0,2.3
veh_full_origin_0350_0001,private_car,origin_0350,5439174544,7309#1,,shelter_0,飯沼小学校,3270#3,0,2.3
veh_full_origin_0350_0002,private_car,origin_0350,5439174544,7309#1,,shelter_0,飯沼小学校,3270#3,0,2.3
veh_full_origin_0350_0003,private_car,origin_0350,5439174544,7309#1,,shelter_0,飯沼小学校,3270#3,0,2.3
veh_full_origin_0350_0004,private_car,origin_0350,5439174544,7309#1,,shelter_0,飯沼小学校,3270#3,0,2.3
veh_full_origin_0350_0005,private_car,origin_0350,5439174544,7309#1,,shelter_0,飯沼小学校,3270#3,0,2.3
veh_full_origin_0350_0006,private_car,origin_0350,5439174544,7309#1,,shelter_0,飯沼小学校,3270#3,0,2.3
veh_full_origin_0350_0007,private_car,origin_0350,5439174544,7309#1,,shelter_0,飯沼小学校,3270#3,0,2.3
veh_full_origin_0350_0008,private_car,origin_0350,5439174544,7309#1,,shelter_0,飯沼小学校,3270#3,0,2.3
veh_full_origin_0350_0009,private_car,origin_0350,5439174544,7309#1,,shelter_0,飯沼小学校,3270#3,0,2.3
veh_full_origin_0351_0001,private_car,origin_0351,5439174611,3687#3,,shelter_0,飯沼小学校,3270#3,0,2.3
veh_full_origin_0351_0002,private_car,origin_0351,5439174611,3687#3,,shelter_0,飯沼小学校,3270#3,0,2.3
veh_full_origin_0351_0003,private_car,origin_0351,5439174611,3687#3,,shelter_0,飯沼小学校,3270#3,0,2.3
veh_full_origin_0351_0004,private_car,origin_0351,5439174611,3687#3,,shelter_0,飯沼小学校,3270#3,0,2.3
veh_full_origin_0351_0005,private_car,origin_0351,5439174611,3687#3,,shelter_0,飯沼小学校,3270#3,0,2.3
veh_full_origin_0351_0006,private_car,origin_0351,5439174611,3687#3,,shelter_0,飯沼小学校,3270#3,0,2.3
veh_full_origin_0351_0007,private_car,origin_0351,5439174611,3687#3,,shelter_0,飯沼小学校,3270#3,0,2.3
veh_full_origin_0351_0008,private_car,origin_0351,5439174611,3687#3,,shelter_0,飯沼小学校,3270#3,0,2.3
veh_full_origin_0351_0009,private_car,origin_0351,5439174611,3687#3,,shelter_0,飯沼小学校,3270#3,0,2.3
veh_full_origin_0351_0010,private_car,origin_0351,5439174611,3687#3,,shelter_0,飯沼小学校,3270#3,0,2.3
veh_full_origin_0351_0011,private_car,origin_0351,5439174611,3687#3,,shelter_0,飯沼小学校,3270#3,0,2.3
veh_full_origin_0351_0012,private_car,origin_0351,5439174611,3687#3,,shelter_0,飯沼小学校,3270#3,0,2.3
veh_full_origin_0351_0013,private_car,origin_0351,5439174611,3687#3,,shelter_0,飯沼小学校,3270#3,0,2.3
veh_full_origin_0351_0014,private_car,origin_0351,5439174611,3687#3,,shelter_0,飯沼小学校,3270#3,0,2.3
veh_full_origin_0351_0015,private_car,origin_0351,5439174611,3687#3,,shelter_0,飯沼小学校,3270#3,0,2.3
veh_full_origin_0351_0016,private_car,origin_0351,5439174611,3687#3,,shelter_0,飯沼小学校,3270#3,0,2.3
veh_full_origin_0351_0017,private_car,origin_0351,5439174611,3687#3,,shelter_0,飯沼小学校,3270#3,0,2.3
veh_full_origin_0351_0018,private_car,origin_0351,5439174611,3687#3,,shelter_0,飯沼小学校,3270#3,0,2.3
veh_full_origin_0351_0019,private_car,origin_0351,5439174611,3687#3,,shelter_0,飯沼小学校,3270#3,0,2.3
veh_full_origin_0351_0020,private_car,origin_0351,5439174611,3687#3,,shelter_0,飯沼小学校,3270#3,0,2.3
veh_full_origin_0351_0021,private_car,origin_0351,5439174611,3687#3,,shelter_0,飯沼小学校,3270#3,0,2.3
veh_full_origin_0351_0022,private_car,origin_0351,5439174611,3687#3,,shelter_0,飯沼小学校,3270#3,0,2.3
veh_full_origin_0351_0023,private_car,origin_0351,5439174611,3687#3,,shelter_0,飯沼小学校,3270#3,0,2.3
veh_full_origin_0351_0024,private_car,origin_0351,5439174611,3687#3,,shelter_0,飯沼小学校,3270#3,0,2.3
veh_full_origin_0351_0025,private_car,origin_0351,5439174611,3687#3,,shelter_0,飯沼小学校,3270#3,0,2.3
veh_full_origin_0351_0026,private_car,origin_0351,5439174611,3687#3,,shelter_0,飯沼小学校,3270#3,0,2.3
veh_full_origin_0351_0027,private_car,origin_0351,5439174611,3687#3,,shelter_0,飯沼小学校,3270#3,0,2.3
veh_full_origin_0351_0028,private_car,origin_0351,5439174611,3687#3,,shelter_0,飯沼小学校,3270#3,0,2.3
veh_full_origin_0351_0029,private_car,origin_0351,5439174611,3687#3,,shelter_0,飯沼小学校,3270#3,0,2.3
veh_full_origin_0351_0030,private_car,origin_0351,5439174611,3687#3,,shelter_0,飯沼小学校,3270#3,0,2.3
veh_full_origin_0351_0031,private_car,origin_0351,5439174611,3687#3,,shelter_0,飯沼小学校,3270#3,0,2.3
veh_full_origin_0351_0032,private_car,origin_0351,5439174611,3687#3,,shelter_0,飯沼小学校,3270#3,0,2.3
veh_full_origin_0351_0033,private_car,origin_0351,5439174611,3687#3,,shelter_0,飯沼小学校,3270#3,0,2.3
veh_full_origin_0351_0034,private_car,origin_0351,5439174611,3687#3,,shelter_0,飯沼小学校,3270#3,0,2.3
veh_full_origin_0351_0035,private_car,origin_0351,5439174611,3687#3,,shelter_0,飯沼小学校,3270#3,0,2.3
veh_full_origin_0351_0036,private_car,origin_0351,5439174611,3687#3,,shelter_0,飯沼小学校,3270#3,0,2.3
veh_full_origin_0351_0037,private_car,origin_0351,5439174611,3687#3,,shelter_0,飯沼小学校,3270#3,0,2.3
veh_full_origin_0351_0038,private_car,origin_0351,5439174611,3687#3,,shelter_0,飯沼小学校,3270#3,0,2.3
veh_full_origin_0351_0039,private_car,origin_0351,5439174611,3687#3,,shelter_0,飯沼小学校,3270#3,0,2.3
veh_full_origin_0351_0040,private_car,origin_0351,5439174611,3687#3,,shelter_0,飯沼小学校,3270#3,0,2.3
veh_full_origin_0351_0041,private_car,origin_0351,5439174611,3687#3,,shelter_0,飯沼小学校,3270#3,0,2.3
veh_full_origin_0351_0042,private_car,origin_0351,5439174611,3687#3,,shelter_0,飯沼小学校,3270#3,0,2.3
veh_full_origin_0351_0043,private_car,origin_0351,5439174611,3687#3,,shelter_0,飯沼小学校,3270#3,0,2.3
veh_full_origin_0351_0044,private_car,origin_0351,5439174611,3687#3,,shelter_0,飯沼小学校,3270#3,0,2.3
veh_full_origin_0351_0045,private_car,origin_0351,5439174611,3687#3,,shelter_0,飯沼小学校,3270#3,0,2.3
veh_full_origin_0351_0046,private_car,origin_0351,5439174611,3687#3,,shelter_0,飯沼小学校,3270#3,0,2.3
veh_full_origin_0351_0047,private_car,origin_0351,5439174611,3687#3,,shelter_0,飯沼小学校,3270#3,0,2.3
veh_full_origin_0351_0048,private_car,origin_0351,5439174611,3687#3,,shelter_0,飯沼小学校,3270#3,0,2.3
veh_full_origin_0351_0049,private_car,origin_0351,5439174611,3687#3,,shelter_0,飯沼小学校,3270#3,0,2.3
veh_full_origin_0351_0050,private_car,origin_0351,5439174611,3687#3,,shelter_0,飯沼小学校,3270#3,0,2.3
veh_full_origin_0351_0051,private_car,origin_0351,5439174611,3687#3,,shelter_0,飯沼小学校,3270#3,0,2.3
veh_full_origin_0351_0052,private_car,origin_0351,5439174611,3687#3,,shelter_0,飯沼小学校,3270#3,0,2.3
veh_full_origin_0351_0053,private_car,origin_0351,5439174611,3687#3,,shelter_0,飯沼小学校,3270#3,0,2.3
veh_full_origin_0352_0001,private_car,origin_0352,5439174612,3638#6,,shelter_2,石下小学校,7058,0,2.3
veh_full_origin_0352_0002,private_car,origin_0352,5439174612,3638#6,,shelter_2,石下小学校,7058,0,2.3
veh_full_origin_0352_0003,private_car,origin_0352,5439174612,3638#6,,shelter_2,石下小学校,7058,0,2.3
veh_full_origin_0352_0004,private_car,origin_0352,5439174612,3638#6,,shelter_2,石下小学校,7058,0,2.3
veh_full_origin_0352_0005,private_car,origin_0352,5439174612,3638#6,,shelter_2,石下小学校,7058,0,2.3
veh_full_origin_0352_0006,private_car,origin_0352,5439174612,3638#6,,shelter_2,石下小学校,7058,0,2.3
veh_full_origin_0352_0007,private_car,origin_0352,5439174612,3638#6,,shelter_2,石下小学校,7058,0,2.3
veh_full_origin_0352_0008,private_car,origin_0352,5439174612,3638#6,,shelter_2,石下小学校,7058,0,2.3
veh_full_origin_0352_0009,private_car,origin_0352,5439174612,3638#6,,shelter_2,石下小学校,7058,0,2.3
veh_full_origin_0352_0010,private_car,origin_0352,5439174612,3638#6,,shelter_2,石下小学校,7058,0,2.3
veh_full_origin_0352_0011,private_car,origin_0352,5439174612,3638#6,,shelter_2,石下小学校,7058,0,2.3
veh_full_origin_0352_0012,private_car,origin_0352,5439174612,3638#6,,shelter_2,石下小学校,7058,0,2.3
veh_full_origin_0352_0013,private_car,origin_0352,5439174612,3638#6,,shelter_2,石下小学校,7058,0,2.3
veh_full_origin_0352_0014,private_car,origin_0352,5439174612,3638#6,,shelter_2,石下小学校,7058,0,2.3
veh_full_origin_0352_0015,private_car,origin_0352,5439174612,3638#6,,shelter_2,石下小学校,7058,0,2.3
veh_full_origin_0352_0016,private_car,origin_0352,5439174612,3638#6,,shelter_2,石下小学校,7058,0,2.3
veh_full_origin_0352_0017,private_car,origin_0352,5439174612,3638#6,,shelter_2,石下小学校,7058,0,2.3
veh_full_origin_0352_0018,private_car,origin_0352,5439174612,3638#6,,shelter_2,石下小学校,7058,0,2.3
veh_full_origin_0352_0019,private_car,origin_0352,5439174612,3638#6,,shelter_2,石下小学校,7058,0,2.3
veh_full_origin_0352_0020,private_car,origin_0352,5439174612,3638#6,,shelter_2,石下小学校,7058,0,2.3
veh_full_origin_0352_0021,private_car,origin_0352,5439174612,3638#6,,shelter_2,石下小学校,7058,0,2.3
veh_full_origin_0352_0022,private_car,origin_0352,5439174612,3638#6,,shelter_2,石下小学校,7058,0,2.3
veh_full_origin_0352_0023,private_car,origin_0352,5439174612,3638#6,,shelter_2,石下小学校,7058,0,2.3
veh_full_origin_0352_0024,private_car,origin_0352,5439174612,3638#6,,shelter_2,石下小学校,7058,0,2.3
veh_full_origin_0352_0025,private_car,origin_0352,5439174612,3638#6,,shelter_2,石下小学校,7058,0,2.3
veh_full_origin_0352_0026,private_car,origin_0352,5439174612,3638#6,,shelter_2,石下小学校,7058,0,2.3
veh_full_origin_0352_0027,private_car,origin_0352,5439174612,3638#6,,shelter_2,石下小学校,7058,0,2.3
veh_full_origin_0352_0028,private_car,origin_0352,5439174612,3638#6,,shelter_2,石下小学校,7058,0,2.3
veh_full_origin_0352_0029,private_car,origin_0352,5439174612,3638#6,,shelter_2,石下小学校,7058,0,2.3
veh_full_origin_0352_0030,private_car,origin_0352,5439174612,3638#6,,shelter_2,石下小学校,7058,0,2.3
veh_full_origin_0352_0031,private_car,origin_0352,5439174612,3638#6,,shelter_2,石下小学校,7058,0,2.3
veh_full_origin_0352_0032,private_car,origin_0352,5439174612,3638#6,,shelter_2,石下小学校,7058,0,2.3
veh_full_origin_0352_0033,private_car,origin_0352,5439174612,3638#6,,shelter_2,石下小学校,7058,0,2.3
veh_full_origin_0352_0034,private_car,origin_0352,5439174612,3638#6,,shelter_2,石下小学校,7058,0,2.3
veh_full_origin_0352_0035,private_car,origin_0352,5439174612,3638#6,,shelter_2,石下小学校,7058,0,2.3
veh_full_origin_0352_0036,private_car,origin_0352,5439174612,3638#6,,shelter_2,石下小学校,7058,0,2.3
veh_full_origin_0352_0037,private_car,origin_0352,5439174612,3638#6,,shelter_2,石下小学校,7058,0,2.3
veh_full_origin_0352_0038,private_car,origin_0352,5439174612,3638#6,,shelter_2,石下小学校,7058,0,2.3
veh_full_origin_0352_0039,private_car,origin_0352,5439174612,3638#6,,shelter_2,石下小学校,7058,0,2.3
veh_full_origin_0352_0040,private_car,origin_0352,5439174612,3638#6,,shelter_2,石下小学校,7058,0,2.3
veh_full_origin_0352_0041,private_car,origin_0352,5439174612,3638#6,,shelter_2,石下小学校,7058,0,2.3
veh_full_origin_0352_0042,private_car,origin_0352,5439174612,3638#6,,shelter_2,石下小学校,7058,0,2.3
veh_full_origin_0352_0043,private_car,origin_0352,5439174612,3638#6,,shelter_2,石下小学校,7058,0,2.3
veh_full_origin_0352_0044,private_car,origin_0352,5439174612,3638#6,,shelter_2,石下小学校,7058,0,2.3
veh_full_origin_0352_0045,private_car,origin_0352,5439174612,3638#6,,shelter_2,石下小学校,7058,0,2.3
veh_full_origin_0352_0046,private_car,origin_0352,5439174612,3638#6,,shelter_2,石下小学校,7058,0,2.3
veh_full_origin_0353_0001,private_car,origin_0353,5439174621,3779#0,,shelter_0,飯沼小学校,3270#3,0,2.3
veh_full_origin_0353_0002,private_car,origin_0353,5439174621,3779#0,,shelter_0,飯沼小学校,3270#3,0,2.3
veh_full_origin_0353_0003,private_car,origin_0353,5439174621,3779#0,,shelter_0,飯沼小学校,3270#3,0,2.3
veh_full_origin_0353_0004,private_car,origin_0353,5439174621,3779#0,,shelter_0,飯沼小学校,3270#3,0,2.3
veh_full_origin_0353_0005,private_car,origin_0353,5439174621,3779#0,,shelter_0,飯沼小学校,3270#3,0,2.3
veh_full_origin_0353_0006,private_car,origin_0353,5439174621,3779#0,,shelter_0,飯沼小学校,3270#3,0,2.3
veh_full_origin_0353_0007,private_car,origin_0353,5439174621,3779#0,,shelter_0,飯沼小学校,3270#3,0,2.3
veh_full_origin_0353_0008,private_car,origin_0353,5439174621,3779#0,,shelter_0,飯沼小学校,3270#3,0,2.3
veh_full_origin_0353_0009,private_car,origin_0353,5439174621,3779#0,,shelter_0,飯沼小学校,3270#3,0,2.3
veh_full_origin_0353_0010,private_car,origin_0353,5439174621,3779#0,,shelter_0,飯沼小学校,3270#3,0,2.3
veh_full_origin_0353_0011,private_car,origin_0353,5439174621,3779#0,,shelter_0,飯沼小学校,3270#3,0,2.3
veh_full_origin_0354_0001,private_car,origin_0354,5439174622,3679#3,,shelter_0,飯沼小学校,3270#3,0,2.3
veh_full_origin_0354_0002,private_car,origin_0354,5439174622,3679#3,,shelter_0,飯沼小学校,3270#3,0,2.3
veh_full_origin_0354_0003,private_car,origin_0354,5439174622,3679#3,,shelter_0,飯沼小学校,3270#3,0,2.3
veh_full_origin_0354_0004,private_car,origin_0354,5439174622,3679#3,,shelter_0,飯沼小学校,3270#3,0,2.3
veh_full_origin_0354_0005,private_car,origin_0354,5439174622,3679#3,,shelter_0,飯沼小学校,3270#3,0,2.3
veh_full_origin_0354_0006,private_car,origin_0354,5439174622,3679#3,,shelter_0,飯沼小学校,3270#3,0,2.3
veh_full_origin_0354_0007,private_car,origin_0354,5439174622,3679#3,,shelter_0,飯沼小学校,3270#3,0,2.3
veh_full_origin_0354_0008,private_car,origin_0354,5439174622,3679#3,,shelter_0,飯沼小学校,3270#3,0,2.3
veh_full_origin_0354_0009,private_car,origin_0354,5439174622,3679#3,,shelter_0,飯沼小学校,3270#3,0,2.3
veh_full_origin_0354_0010,private_car,origin_0354,5439174622,3679#3,,shelter_0,飯沼小学校,3270#3,0,2.3
veh_full_origin_0354_0011,private_car,origin_0354,5439174622,3679#3,,shelter_0,飯沼小学校,3270#3,0,2.3
veh_full_origin_0354_0012,private_car,origin_0354,5439174622,3679#3,,shelter_0,飯沼小学校,3270#3,0,2.3
veh_full_origin_0354_0013,private_car,origin_0354,5439174622,3679#3,,shelter_0,飯沼小学校,3270#3,0,2.3
veh_full_origin_0354_0014,private_car,origin_0354,5439174622,3679#3,,shelter_0,飯沼小学校,3270#3,0,2.3
veh_full_origin_0354_0015,private_car,origin_0354,5439174622,3679#3,,shelter_0,飯沼小学校,3270#3,0,2.3
veh_full_origin_0354_0016,private_car,origin_0354,5439174622,3679#3,,shelter_0,飯沼小学校,3270#3,0,2.3
veh_full_origin_0354_0017,private_car,origin_0354,5439174622,3679#3,,shelter_0,飯沼小学校,3270#3,0,2.3
veh_full_origin_0354_0018,private_car,origin_0354,5439174622,3679#3,,shelter_0,飯沼小学校,3270#3,0,2.3
veh_full_origin_0354_0019,private_car,origin_0354,5439174622,3679#3,,shelter_0,飯沼小学校,3270#3,0,2.3
veh_full_origin_0354_0020,private_car,origin_0354,5439174622,3679#3,,shelter_0,飯沼小学校,3270#3,0,2.3
veh_full_origin_0354_0021,private_car,origin_0354,5439174622,3679#3,,shelter_0,飯沼小学校,3270#3,0,2.3
veh_full_origin_0354_0022,private_car,origin_0354,5439174622,3679#3,,shelter_0,飯沼小学校,3270#3,0,2.3
veh_full_origin_0354_0023,private_car,origin_0354,5439174622,3679#3,,shelter_0,飯沼小学校,3270#3,0,2.3
veh_full_origin_0354_0024,private_car,origin_0354,5439174622,3679#3,,shelter_0,飯沼小学校,3270#3,0,2.3
veh_full_origin_0354_0025,private_car,origin_0354,5439174622,3679#3,,shelter_0,飯沼小学校,3270#3,0,2.3
veh_full_origin_0354_0026,private_car,origin_0354,5439174622,3679#3,,shelter_0,飯沼小学校,3270#3,0,2.3
veh_full_origin_0354_0027,private_car,origin_0354,5439174622,3679#3,,shelter_0,飯沼小学校,3270#3,0,2.3
veh_full_origin_0354_0028,private_car,origin_0354,5439174622,3679#3,,shelter_0,飯沼小学校,3270#3,0,2.3
veh_full_origin_0354_0029,private_car,origin_0354,5439174622,3679#3,,shelter_0,飯沼小学校,3270#3,0,2.3
veh_full_origin_0354_0030,private_car,origin_0354,5439174622,3679#3,,shelter_0,飯沼小学校,3270#3,0,2.3
veh_full_origin_0354_0031,private_car,origin_0354,5439174622,3679#3,,shelter_0,飯沼小学校,3270#3,0,2.3
veh_full_origin_0354_0032,private_car,origin_0354,5439174622,3679#3,,shelter_0,飯沼小学校,3270#3,0,2.3
veh_full_origin_0354_0033,private_car,origin_0354,5439174622,3679#3,,shelter_0,飯沼小学校,3270#3,0,2.3
veh_full_origin_0354_0034,private_car,origin_0354,5439174622,3679#3,,shelter_0,飯沼小学校,3270#3,0,2.3
veh_full_origin_0354_0035,private_car,origin_0354,5439174622,3679#3,,shelter_0,飯沼小学校,3270#3,0,2.3
veh_full_origin_0354_0036,private_car,origin_0354,5439174622,3679#3,,shelter_0,飯沼小学校,3270#3,0,2.3
veh_full_origin_0354_0037,private_car,origin_0354,5439174622,3679#3,,shelter_0,飯沼小学校,3270#3,0,2.3
veh_full_origin_0354_0038,private_car,origin_0354,5439174622,3679#3,,shelter_0,飯沼小学校,3270#3,0,2.3
veh_full_origin_0354_0039,private_car,origin_0354,5439174622,3679#3,,shelter_0,飯沼小学校,3270#3,0,2.3
veh_full_origin_0354_0040,private_car,origin_0354,5439174622,3679#3,,shelter_0,飯沼小学校,3270#3,0,2.3
veh_full_origin_0354_0041,private_car,origin_0354,5439174622,3679#3,,shelter_0,飯沼小学校,3270#3,0,2.3
veh_full_origin_0354_0042,private_car,origin_0354,5439174622,3679#3,,shelter_0,飯沼小学校,3270#3,0,2.3
veh_full_origin_0354_0043,private_car,origin_0354,5439174622,3679#3,,shelter_0,飯沼小学校,3270#3,0,2.3
veh_full_origin_0354_0044,private_car,origin_0354,5439174622,3679#3,,shelter_0,飯沼小学校,3270#3,0,2.3
veh_full_origin_0354_0045,private_car,origin_0354,5439174622,3679#3,,shelter_0,飯沼小学校,3270#3,0,2.3
veh_full_origin_0354_0046,private_car,origin_0354,5439174622,3679#3,,shelter_0,飯沼小学校,3270#3,0,2.3
veh_full_origin_0354_0047,private_car,origin_0354,5439174622,3679#3,,shelter_0,飯沼小学校,3270#3,0,2.3
veh_full_origin_0354_0048,private_car,origin_0354,5439174622,3679#3,,shelter_0,飯沼小学校,3270#3,0,2.3
veh_full_origin_0354_0049,private_car,origin_0354,5439174622,3679#3,,shelter_0,飯沼小学校,3270#3,0,2.3
veh_full_origin_0354_0050,private_car,origin_0354,5439174622,3679#3,,shelter_0,飯沼小学校,3270#3,0,2.3
veh_full_origin_0354_0051,private_car,origin_0354,5439174622,3679#3,,shelter_0,飯沼小学校,3270#3,0,2.3
veh_full_origin_0354_0052,private_car,origin_0354,5439174622,3679#3,,shelter_0,飯沼小学校,3270#3,0,2.3
veh_full_origin_0354_0053,private_car,origin_0354,5439174622,3679#3,,shelter_0,飯沼小学校,3270#3,0,2.3
veh_full_origin_0354_0054,private_car,origin_0354,5439174622,3679#3,,shelter_0,飯沼小学校,3270#3,0,2.3
veh_full_origin_0354_0055,private_car,origin_0354,5439174622,3679#3,,shelter_0,飯沼小学校,3270#3,0,2.3
veh_full_origin_0354_0056,private_car,origin_0354,5439174622,3679#3,,shelter_0,飯沼小学校,3270#3,0,2.3
veh_full_origin_0354_0057,private_car,origin_0354,5439174622,3679#3,,shelter_0,飯沼小学校,3270#3,0,2.3
veh_full_origin_0354_0058,private_car,origin_0354,5439174622,3679#3,,shelter_0,飯沼小学校,3270#3,0,2.3
veh_full_origin_0354_0059,private_car,origin_0354,5439174622,3679#3,,shelter_0,飯沼小学校,3270#3,0,2.3
veh_full_origin_0354_0060,private_car,origin_0354,5439174622,3679#3,,shelter_0,飯沼小学校,3270#3,0,2.3
veh_full_origin_0354_0061,private_car,origin_0354,5439174622,3679#3,,shelter_0,飯沼小学校,3270#3,0,2.3
veh_full_origin_0354_0062,private_car,origin_0354,5439174622,3679#3,,shelter_0,飯沼小学校,3270#3,0,2.3
veh_full_origin_0354_0063,private_car,origin_0354,5439174622,3679#3,,shelter_0,飯沼小学校,3270#3,0,2.3
veh_full_origin_0354_0064,private_car,origin_0354,5439174622,3679#3,,shelter_0,飯沼小学校,3270#3,0,2.3
veh_full_origin_0354_0065,private_car,origin_0354,5439174622,3679#3,,shelter_0,飯沼小学校,3270#3,0,2.3
veh_full_origin_0354_0066,private_car,origin_0354,5439174622,3679#3,,shelter_0,飯沼小学校,3270#3,0,2.3
veh_full_origin_0354_0067,private_car,origin_0354,5439174622,3679#3,,shelter_0,飯沼小学校,3270#3,0,2.3
veh_full_origin_0354_0068,private_car,origin_0354,5439174622,3679#3,,shelter_0,飯沼小学校,3270#3,0,2.3
veh_full_origin_0354_0069,private_car,origin_0354,5439174622,3679#3,,shelter_0,飯沼小学校,3270#3,0,2.3
veh_full_origin_0354_0070,private_car,origin_0354,5439174622,3679#3,,shelter_0,飯沼小学校,3270#3,0,2.3
veh_full_origin_0354_0071,private_car,origin_0354,5439174622,3679#3,,shelter_0,飯沼小学校,3270#3,0,2.3
veh_full_origin_0354_0072,private_car,origin_0354,5439174622,3679#3,,shelter_0,飯沼小学校,3270#3,0,2.3
veh_full_origin_0355_0001,private_car,origin_0355,5439174632,7407#1,,shelter_0,飯沼小学校,3270#3,0,2.3
veh_full_origin_0355_0002,private_car,origin_0355,5439174632,7407#1,,shelter_0,飯沼小学校,3270#3,0,2.3
veh_full_origin_0355_0003,private_car,origin_0355,5439174632,7407#1,,shelter_0,飯沼小学校,3270#3,0,2.3
veh_full_origin_0355_0004,private_car,origin_0355,5439174632,7407#1,,shelter_0,飯沼小学校,3270#3,0,2.3
veh_full_origin_0355_0005,private_car,origin_0355,5439174632,7407#1,,shelter_0,飯沼小学校,3270#3,0,2.3
veh_full_origin_0355_0006,private_car,origin_0355,5439174632,7407#1,,shelter_0,飯沼小学校,3270#3,0,2.3
veh_full_origin_0355_0007,private_car,origin_0355,5439174632,7407#1,,shelter_0,飯沼小学校,3270#3,0,2.3
veh_full_origin_0355_0008,private_car,origin_0355,5439174632,7407#1,,shelter_0,飯沼小学校,3270#3,0,2.3
veh_full_origin_0355_0009,private_car,origin_0355,5439174632,7407#1,,shelter_0,飯沼小学校,3270#3,0,2.3
veh_full_origin_0355_0010,private_car,origin_0355,5439174632,7407#1,,shelter_0,飯沼小学校,3270#3,0,2.3
veh_full_origin_0355_0011,private_car,origin_0355,5439174632,7407#1,,shelter_0,飯沼小学校,3270#3,0,2.3
veh_full_origin_0355_0012,private_car,origin_0355,5439174632,7407#1,,shelter_0,飯沼小学校,3270#3,0,2.3
veh_full_origin_0355_0013,private_car,origin_0355,5439174632,7407#1,,shelter_0,飯沼小学校,3270#3,0,2.3
veh_full_origin_0355_0014,private_car,origin_0355,5439174632,7407#1,,shelter_0,飯沼小学校,3270#3,0,2.3
veh_full_origin_0355_0015,private_car,origin_0355,5439174632,7407#1,,shelter_0,飯沼小学校,3270#3,0,2.3
veh_full_origin_0355_0016,private_car,origin_0355,5439174632,7407#1,,shelter_0,飯沼小学校,3270#3,0,2.3
veh_full_origin_0355_0017,private_car,origin_0355,5439174632,7407#1,,shelter_0,飯沼小学校,3270#3,0,2.3
veh_full_origin_0355_0018,private_car,origin_0355,5439174632,7407#1,,shelter_0,飯沼小学校,3270#3,0,2.3
veh_full_origin_0355_0019,private_car,origin_0355,5439174632,7407#1,,shelter_0,飯沼小学校,3270#3,0,2.3
veh_full_origin_0355_0020,private_car,origin_0355,5439174632,7407#1,,shelter_0,飯沼小学校,3270#3,0,2.3
veh_full_origin_0355_0021,private_car,origin_0355,5439174632,7407#1,,shelter_0,飯沼小学校,3270#3,0,2.3
veh_full_origin_0355_0022,private_car,origin_0355,5439174632,7407#1,,shelter_0,飯沼小学校,3270#3,0,2.3
veh_full_origin_0355_0023,private_car,origin_0355,5439174632,7407#1,,shelter_0,飯沼小学校,3270#3,0,2.3
veh_full_origin_0355_0024,private_car,origin_0355,5439174632,7407#1,,shelter_0,飯沼小学校,3270#3,0,2.3
veh_full_origin_0355_0025,private_car,origin_0355,5439174632,7407#1,,shelter_0,飯沼小学校,3270#3,0,2.3
veh_full_origin_0355_0026,private_car,origin_0355,5439174632,7407#1,,shelter_0,飯沼小学校,3270#3,0,2.3
veh_full_origin_0355_0027,private_car,origin_0355,5439174632,7407#1,,shelter_0,飯沼小学校,3270#3,0,2.3
veh_full_origin_0355_0028,private_car,origin_0355,5439174632,7407#1,,shelter_0,飯沼小学校,3270#3,0,2.3
veh_full_origin_0355_0029,private_car,origin_0355,5439174632,7407#1,,shelter_0,飯沼小学校,3270#3,0,2.3
veh_full_origin_0355_0030,private_car,origin_0355,5439174632,7407#1,,shelter_0,飯沼小学校,3270#3,0,2.3
veh_full_origin_0355_0031,private_car,origin_0355,5439174632,7407#1,,shelter_0,飯沼小学校,3270#3,0,2.3
veh_full_origin_0355_0032,private_car,origin_0355,5439174632,7407#1,,shelter_0,飯沼小学校,3270#3,0,2.3
veh_full_origin_0355_0033,private_car,origin_0355,5439174632,7407#1,,shelter_0,飯沼小学校,3270#3,0,2.3
veh_full_origin_0355_0034,private_car,origin_0355,5439174632,7407#1,,shelter_0,飯沼小学校,3270#3,0,2.3
veh_full_origin_0355_0035,private_car,origin_0355,5439174632,7407#1,,shelter_0,飯沼小学校,3270#3,0,2.3
veh_full_origin_0355_0036,private_car,origin_0355,5439174632,7407#1,,shelter_0,飯沼小学校,3270#3,0,2.3
veh_full_origin_0355_0037,private_car,origin_0355,5439174632,7407#1,,shelter_0,飯沼小学校,3270#3,0,2.3
veh_full_origin_0355_0038,private_car,origin_0355,5439174632,7407#1,,shelter_0,飯沼小学校,3270#3,0,2.3
veh_full_origin_0355_0039,private_car,origin_0355,5439174632,7407#1,,shelter_0,飯沼小学校,3270#3,0,2.3
veh_full_origin_0355_0040,private_car,origin_0355,5439174632,7407#1,,shelter_0,飯沼小学校,3270#3,0,2.3
veh_full_origin_0355_0041,private_car,origin_0355,5439174632,7407#1,,shelter_0,飯沼小学校,3270#3,0,2.3
veh_full_origin_0355_0042,private_car,origin_0355,5439174632,7407#1,,shelter_0,飯沼小学校,3270#3,0,2.3
veh_full_origin_0355_0043,private_car,origin_0355,5439174632,7407#1,,shelter_0,飯沼小学校,3270#3,0,2.3
veh_full_origin_0356_0001,private_car,origin_0356,5439174641,4055#0,,shelter_0,飯沼小学校,3270#3,0,2.3
veh_full_origin_0356_0002,private_car,origin_0356,5439174641,4055#0,,shelter_0,飯沼小学校,3270#3,0,2.3
veh_full_origin_0356_0003,private_car,origin_0356,5439174641,4055#0,,shelter_0,飯沼小学校,3270#3,0,2.3
veh_full_origin_0356_0004,private_car,origin_0356,5439174641,4055#0,,shelter_0,飯沼小学校,3270#3,0,2.3
veh_full_origin_0356_0005,private_car,origin_0356,5439174641,4055#0,,shelter_0,飯沼小学校,3270#3,0,2.3
veh_full_origin_0356_0006,private_car,origin_0356,5439174641,4055#0,,shelter_0,飯沼小学校,3270#3,0,2.3
veh_full_origin_0356_0007,private_car,origin_0356,5439174641,4055#0,,shelter_0,飯沼小学校,3270#3,0,2.3
veh_full_origin_0356_0008,private_car,origin_0356,5439174641,4055#0,,shelter_0,飯沼小学校,3270#3,0,2.3
veh_full_origin_0356_0009,private_car,origin_0356,5439174641,4055#0,,shelter_0,飯沼小学校,3270#3,0,2.3
veh_full_origin_0356_0010,private_car,origin_0356,5439174641,4055#0,,shelter_0,飯沼小学校,3270#3,0,2.3
veh_full_origin_0356_0011,private_car,origin_0356,5439174641,4055#0,,shelter_0,飯沼小学校,3270#3,0,2.3
veh_full_origin_0356_0012,private_car,origin_0356,5439174641,4055#0,,shelter_0,飯沼小学校,3270#3,0,2.3
veh_full_origin_0356_0013,private_car,origin_0356,5439174641,4055#0,,shelter_0,飯沼小学校,3270#3,0,2.3
veh_full_origin_0356_0014,private_car,origin_0356,5439174641,4055#0,,shelter_0,飯沼小学校,3270#3,0,2.3
veh_full_origin_0356_0015,private_car,origin_0356,5439174641,4055#0,,shelter_0,飯沼小学校,3270#3,0,2.3
veh_full_origin_0356_0016,private_car,origin_0356,5439174641,4055#0,,shelter_0,飯沼小学校,3270#3,0,2.3
veh_full_origin_0356_0017,private_car,origin_0356,5439174641,4055#0,,shelter_0,飯沼小学校,3270#3,0,2.3
veh_full_origin_0356_0018,private_car,origin_0356,5439174641,4055#0,,shelter_0,飯沼小学校,3270#3,0,2.3
veh_full_origin_0356_0019,private_car,origin_0356,5439174641,4055#0,,shelter_0,飯沼小学校,3270#3,0,2.3
veh_full_origin_0356_0020,private_car,origin_0356,5439174641,4055#0,,shelter_0,飯沼小学校,3270#3,0,2.3
veh_full_origin_0356_0021,private_car,origin_0356,5439174641,4055#0,,shelter_0,飯沼小学校,3270#3,0,2.3
veh_full_origin_0357_0001,private_car,origin_0357,5439174642,7409#0,,shelter_0,飯沼小学校,3270#3,0,2.3
veh_full_origin_0357_0002,private_car,origin_0357,5439174642,7409#0,,shelter_0,飯沼小学校,3270#3,0,2.3
veh_full_origin_0357_0003,private_car,origin_0357,5439174642,7409#0,,shelter_0,飯沼小学校,3270#3,0,2.3
veh_full_origin_0357_0004,private_car,origin_0357,5439174642,7409#0,,shelter_0,飯沼小学校,3270#3,0,2.3
veh_full_origin_0357_0005,private_car,origin_0357,5439174642,7409#0,,shelter_0,飯沼小学校,3270#3,0,2.3
veh_full_origin_0357_0006,private_car,origin_0357,5439174642,7409#0,,shelter_0,飯沼小学校,3270#3,0,2.3
veh_full_origin_0357_0007,private_car,origin_0357,5439174642,7409#0,,shelter_0,飯沼小学校,3270#3,0,2.3
veh_full_origin_0357_0008,private_car,origin_0357,5439174642,7409#0,,shelter_0,飯沼小学校,3270#3,0,2.3
veh_full_origin_0357_0009,private_car,origin_0357,5439174642,7409#0,,shelter_0,飯沼小学校,3270#3,0,2.3
veh_full_origin_0358_0001,private_car,origin_0358,5439174714,3593#1,,shelter_2,石下小学校,7058,0,2.3
veh_full_origin_0358_0002,private_car,origin_0358,5439174714,3593#1,,shelter_2,石下小学校,7058,0,2.3
veh_full_origin_0358_0003,private_car,origin_0358,5439174714,3593#1,,shelter_2,石下小学校,7058,0,2.3
veh_full_origin_0358_0004,private_car,origin_0358,5439174714,3593#1,,shelter_2,石下小学校,7058,0,2.3
veh_full_origin_0358_0005,private_car,origin_0358,5439174714,3593#1,,shelter_2,石下小学校,7058,0,2.3
veh_full_origin_0358_0006,private_car,origin_0358,5439174714,3593#1,,shelter_2,石下小学校,7058,0,2.3
veh_full_origin_0358_0007,private_car,origin_0358,5439174714,3593#1,,shelter_2,石下小学校,7058,0,2.3
veh_full_origin_0358_0008,private_car,origin_0358,5439174714,3593#1,,shelter_2,石下小学校,7058,0,2.3
veh_full_origin_0358_0009,private_car,origin_0358,5439174714,3593#1,,shelter_2,石下小学校,7058,0,2.3
veh_full_origin_0358_0010,private_car,origin_0358,5439174714,3593#1,,shelter_2,石下小学校,7058,0,2.3
veh_full_origin_0358_0011,private_car,origin_0358,5439174714,3593#1,,shelter_2,石下小学校,7058,0,2.3
veh_full_origin_0358_0012,private_car,origin_0358,5439174714,3593#1,,shelter_2,石下小学校,7058,0,2.3
veh_full_origin_0358_0013,private_car,origin_0358,5439174714,3593#1,,shelter_2,石下小学校,7058,0,2.3
veh_full_origin_0358_0014,private_car,origin_0358,5439174714,3593#1,,shelter_2,石下小学校,7058,0,2.3
veh_full_origin_0358_0015,private_car,origin_0358,5439174714,3593#1,,shelter_2,石下小学校,7058,0,2.3
veh_full_origin_0358_0016,private_car,origin_0358,5439174714,3593#1,,shelter_2,石下小学校,7058,0,2.3
veh_full_origin_0358_0017,private_car,origin_0358,5439174714,3593#1,,shelter_2,石下小学校,7058,0,2.3
veh_full_origin_0358_0018,private_car,origin_0358,5439174714,3593#1,,shelter_2,石下小学校,7058,0,2.3
veh_full_origin_0359_0001,private_car,origin_0359,5439174724,3730#0,,shelter_2,石下小学校,7058,0,2.3
veh_full_origin_0359_0002,private_car,origin_0359,5439174724,3730#0,,shelter_2,石下小学校,7058,0,2.3
veh_full_origin_0359_0003,private_car,origin_0359,5439174724,3730#0,,shelter_2,石下小学校,7058,0,2.3
veh_full_origin_0359_0004,private_car,origin_0359,5439174724,3730#0,,shelter_2,石下小学校,7058,0,2.3
veh_full_origin_0359_0005,private_car,origin_0359,5439174724,3730#0,,shelter_2,石下小学校,7058,0,2.3
veh_full_origin_0359_0006,private_car,origin_0359,5439174724,3730#0,,shelter_2,石下小学校,7058,0,2.3
veh_full_origin_0359_0007,private_car,origin_0359,5439174724,3730#0,,shelter_2,石下小学校,7058,0,2.3
veh_full_origin_0359_0008,private_car,origin_0359,5439174724,3730#0,,shelter_2,石下小学校,7058,0,2.3
veh_full_origin_0359_0009,private_car,origin_0359,5439174724,3730#0,,shelter_2,石下小学校,7058,0,2.3
veh_full_origin_0359_0010,private_car,origin_0359,5439174724,3730#0,,shelter_2,石下小学校,7058,0,2.3
veh_full_origin_0359_0011,private_car,origin_0359,5439174724,3730#0,,shelter_2,石下小学校,7058,0,2.3
veh_full_origin_0359_0012,private_car,origin_0359,5439174724,3730#0,,shelter_2,石下小学校,7058,0,2.3
veh_full_origin_0359_0013,private_car,origin_0359,5439174724,3730#0,,shelter_2,石下小学校,7058,0,2.3
veh_full_origin_0359_0014,private_car,origin_0359,5439174724,3730#0,,shelter_2,石下小学校,7058,0,2.3
veh_full_origin_0359_0015,private_car,origin_0359,5439174724,3730#0,,shelter_2,石下小学校,7058,0,2.3
veh_full_origin_0359_0016,private_car,origin_0359,5439174724,3730#0,,shelter_2,石下小学校,7058,0,2.3
veh_full_origin_0359_0017,private_car,origin_0359,5439174724,3730#0,,shelter_2,石下小学校,7058,0,2.3
veh_full_origin_0359_0018,private_car,origin_0359,5439174724,3730#0,,shelter_2,石下小学校,7058,0,2.3
veh_full_origin_0359_0019,private_car,origin_0359,5439174724,3730#0,,shelter_2,石下小学校,7058,0,2.3
veh_full_origin_0359_0020,private_car,origin_0359,5439174724,3730#0,,shelter_2,石下小学校,7058,0,2.3
veh_full_origin_0359_0021,private_car,origin_0359,5439174724,3730#0,,shelter_2,石下小学校,7058,0,2.3
veh_full_origin_0359_0022,private_car,origin_0359,5439174724,3730#0,,shelter_2,石下小学校,7058,0,2.3
veh_full_origin_0359_0023,private_car,origin_0359,5439174724,3730#0,,shelter_2,石下小学校,7058,0,2.3
veh_full_origin_0359_0024,private_car,origin_0359,5439174724,3730#0,,shelter_2,石下小学校,7058,0,2.3
veh_full_origin_0359_0025,private_car,origin_0359,5439174724,3730#0,,shelter_2,石下小学校,7058,0,2.3
veh_full_origin_0359_0026,private_car,origin_0359,5439174724,3730#0,,shelter_2,石下小学校,7058,0,2.3
veh_full_origin_0359_0027,private_car,origin_0359,5439174724,3730#0,,shelter_2,石下小学校,7058,0,2.3
veh_full_origin_0359_0028,private_car,origin_0359,5439174724,3730#0,,shelter_2,石下小学校,7058,0,2.3
veh_full_origin_0359_0029,private_car,origin_0359,5439174724,3730#0,,shelter_2,石下小学校,7058,0,2.3
veh_full_origin_0359_0030,private_car,origin_0359,5439174724,3730#0,,shelter_2,石下小学校,7058,0,2.3
veh_full_origin_0359_0031,private_car,origin_0359,5439174724,3730#0,,shelter_2,石下小学校,7058,0,2.3
veh_full_origin_0359_0032,private_car,origin_0359,5439174724,3730#0,,shelter_2,石下小学校,7058,0,2.3
veh_full_origin_0359_0033,private_car,origin_0359,5439174724,3730#0,,shelter_2,石下小学校,7058,0,2.3
veh_full_origin_0359_0034,private_car,origin_0359,5439174724,3730#0,,shelter_2,石下小学校,7058,0,2.3
veh_full_origin_0360_0001,private_car,origin_0360,5439174813,3564#6,,shelter_2,石下小学校,7058,0,2.3
veh_full_origin_0360_0002,private_car,origin_0360,5439174813,3564#6,,shelter_2,石下小学校,7058,0,2.3
veh_full_origin_0360_0003,private_car,origin_0360,5439174813,3564#6,,shelter_2,石下小学校,7058,0,2.3
veh_full_origin_0360_0004,private_car,origin_0360,5439174813,3564#6,,shelter_2,石下小学校,7058,0,2.3
veh_full_origin_0360_0005,private_car,origin_0360,5439174813,3564#6,,shelter_2,石下小学校,7058,0,2.3
veh_full_origin_0360_0006,private_car,origin_0360,5439174813,3564#6,,shelter_2,石下小学校,7058,0,2.3
veh_full_origin_0360_0007,private_car,origin_0360,5439174813,3564#6,,shelter_2,石下小学校,7058,0,2.3
veh_full_origin_0360_0008,private_car,origin_0360,5439174813,3564#6,,shelter_2,石下小学校,7058,0,2.3
veh_full_origin_0360_0009,private_car,origin_0360,5439174813,3564#6,,shelter_2,石下小学校,7058,0,2.3
veh_full_origin_0360_0010,private_car,origin_0360,5439174813,3564#6,,shelter_2,石下小学校,7058,0,2.3
veh_full_origin_0360_0011,private_car,origin_0360,5439174813,3564#6,,shelter_2,石下小学校,7058,0,2.3
veh_full_origin_0360_0012,private_car,origin_0360,5439174813,3564#6,,shelter_2,石下小学校,7058,0,2.3
veh_full_origin_0360_0013,private_car,origin_0360,5439174813,3564#6,,shelter_2,石下小学校,7058,0,2.3
veh_full_origin_0360_0014,private_car,origin_0360,5439174813,3564#6,,shelter_2,石下小学校,7058,0,2.3
veh_full_origin_0361_0001,private_car,origin_0361,5439174941,3915#9,,shelter_8,豊田小学校,168#4,0,2.3
veh_full_origin_0361_0002,private_car,origin_0361,5439174941,3915#9,,shelter_8,豊田小学校,168#4,0,2.3
veh_full_origin_0361_0003,private_car,origin_0361,5439174941,3915#9,,shelter_8,豊田小学校,168#4,0,2.3
veh_full_origin_0361_0004,private_car,origin_0361,5439174941,3915#9,,shelter_8,豊田小学校,168#4,0,2.3
veh_full_origin_0361_0005,private_car,origin_0361,5439174941,3915#9,,shelter_8,豊田小学校,168#4,0,2.3
veh_full_origin_0361_0006,private_car,origin_0361,5439174941,3915#9,,shelter_8,豊田小学校,168#4,0,2.3
veh_full_origin_0361_0007,private_car,origin_0361,5439174941,3915#9,,shelter_8,豊田小学校,168#4,0,2.3
veh_full_origin_0361_0008,private_car,origin_0361,5439174941,3915#9,,shelter_8,豊田小学校,168#4,0,2.3
veh_full_origin_0361_0009,private_car,origin_0361,5439174941,3915#9,,shelter_8,豊田小学校,168#4,0,2.3
veh_full_origin_0361_0010,private_car,origin_0361,5439174941,3915#9,,shelter_8,豊田小学校,168#4,0,2.3
veh_full_origin_0361_0011,private_car,origin_0361,5439174941,3915#9,,shelter_8,豊田小学校,168#4,0,2.3
veh_full_origin_0361_0012,private_car,origin_0361,5439174941,3915#9,,shelter_8,豊田小学校,168#4,0,2.3
veh_full_origin_0361_0013,private_car,origin_0361,5439174941,3915#9,,shelter_8,豊田小学校,168#4,0,2.3
veh_full_origin_0361_0014,private_car,origin_0361,5439174941,3915#9,,shelter_8,豊田小学校,168#4,0,2.3
veh_full_origin_0361_0015,private_car,origin_0361,5439174941,3915#9,,shelter_8,豊田小学校,168#4,0,2.3
veh_full_origin_0361_0016,private_car,origin_0361,5439174941,3915#9,,shelter_8,豊田小学校,168#4,0,2.3
veh_full_origin_0361_0017,private_car,origin_0361,5439174941,3915#9,,shelter_8,豊田小学校,168#4,0,2.3
veh_full_origin_0361_0018,private_car,origin_0361,5439174941,3915#9,,shelter_8,豊田小学校,168#4,0,2.3
veh_full_origin_0361_0019,private_car,origin_0361,5439174941,3915#9,,shelter_8,豊田小学校,168#4,0,2.3
veh_full_origin_0361_0020,private_car,origin_0361,5439174941,3915#9,,shelter_8,豊田小学校,168#4,0,2.3
veh_full_origin_0361_0021,private_car,origin_0361,5439174941,3915#9,,shelter_8,豊田小学校,168#4,0,2.3
veh_full_origin_0361_0022,private_car,origin_0361,5439174941,3915#9,,shelter_8,豊田小学校,168#4,0,2.3
veh_full_origin_0361_0023,private_car,origin_0361,5439174941,3915#9,,shelter_8,豊田小学校,168#4,0,2.3
veh_full_origin_0361_0024,private_car,origin_0361,5439174941,3915#9,,shelter_8,豊田小学校,168#4,0,2.3
veh_full_origin_0361_0025,private_car,origin_0361,5439174941,3915#9,,shelter_8,豊田小学校,168#4,0,2.3
veh_full_origin_0361_0026,private_car,origin_0361,5439174941,3915#9,,shelter_8,豊田小学校,168#4,0,2.3
veh_full_origin_0361_0027,private_car,origin_0361,5439174941,3915#9,,shelter_8,豊田小学校,168#4,0,2.3
veh_full_origin_0361_0028,private_car,origin_0361,5439174941,3915#9,,shelter_8,豊田小学校,168#4,0,2.3
veh_full_origin_0361_0029,private_car,origin_0361,5439174941,3915#9,,shelter_8,豊田小学校,168#4,0,2.3
veh_full_origin_0361_0030,private_car,origin_0361,5439174941,3915#9,,shelter_8,豊田小学校,168#4,0,2.3
veh_full_origin_0361_0031,private_car,origin_0361,5439174941,3915#9,,shelter_8,豊田小学校,168#4,0,2.3
veh_full_origin_0361_0032,private_car,origin_0361,5439174941,3915#9,,shelter_8,豊田小学校,168#4,0,2.3
veh_full_origin_0361_0033,private_car,origin_0361,5439174941,3915#9,,shelter_8,豊田小学校,168#4,0,2.3
veh_full_origin_0361_0034,private_car,origin_0361,5439174941,3915#9,,shelter_8,豊田小学校,168#4,0,2.3
veh_full_origin_0361_0035,private_car,origin_0361,5439174941,3915#9,,shelter_8,豊田小学校,168#4,0,2.3
veh_full_origin_0361_0036,private_car,origin_0361,5439174941,3915#9,,shelter_8,豊田小学校,168#4,0,2.3
veh_full_origin_0361_0037,private_car,origin_0361,5439174941,3915#9,,shelter_8,豊田小学校,168#4,0,2.3
veh_full_origin_0361_0038,private_car,origin_0361,5439174941,3915#9,,shelter_8,豊田小学校,168#4,0,2.3
veh_full_origin_0361_0039,private_car,origin_0361,5439174941,3915#9,,shelter_8,豊田小学校,168#4,0,2.3
veh_full_origin_0361_0040,private_car,origin_0361,5439174941,3915#9,,shelter_8,豊田小学校,168#4,0,2.3
veh_full_origin_0361_0041,private_car,origin_0361,5439174941,3915#9,,shelter_8,豊田小学校,168#4,0,2.3
veh_full_origin_0361_0042,private_car,origin_0361,5439174941,3915#9,,shelter_8,豊田小学校,168#4,0,2.3
veh_full_origin_0361_0043,private_car,origin_0361,5439174941,3915#9,,shelter_8,豊田小学校,168#4,0,2.3
veh_full_origin_0361_0044,private_car,origin_0361,5439174941,3915#9,,shelter_8,豊田小学校,168#4,0,2.3
veh_full_origin_0361_0045,private_car,origin_0361,5439174941,3915#9,,shelter_8,豊田小学校,168#4,0,2.3
veh_full_origin_0361_0046,private_car,origin_0361,5439174941,3915#9,,shelter_8,豊田小学校,168#4,0,2.3
veh_full_origin_0361_0047,private_car,origin_0361,5439174941,3915#9,,shelter_8,豊田小学校,168#4,0,2.3
veh_full_origin_0361_0048,private_car,origin_0361,5439174941,3915#9,,shelter_8,豊田小学校,168#4,0,2.3
veh_full_origin_0361_0049,private_car,origin_0361,5439174941,3915#9,,shelter_8,豊田小学校,168#4,0,2.3
veh_full_origin_0361_0050,private_car,origin_0361,5439174941,3915#9,,shelter_8,豊田小学校,168#4,0,2.3
veh_full_origin_0361_0051,private_car,origin_0361,5439174941,3915#9,,shelter_8,豊田小学校,168#4,0,2.3
veh_full_origin_0361_0052,private_car,origin_0361,5439174941,3915#9,,shelter_8,豊田小学校,168#4,0,2.3
veh_full_origin_0361_0053,private_car,origin_0361,5439174941,3915#9,,shelter_8,豊田小学校,168#4,0,2.3
veh_full_origin_0361_0054,private_car,origin_0361,5439174941,3915#9,,shelter_8,豊田小学校,168#4,0,2.3
veh_full_origin_0361_0055,private_car,origin_0361,5439174941,3915#9,,shelter_8,豊田小学校,168#4,0,2.3
veh_full_origin_0361_0056,private_car,origin_0361,5439174941,3915#9,,shelter_8,豊田小学校,168#4,0,2.3
veh_full_origin_0361_0057,private_car,origin_0361,5439174941,3915#9,,shelter_8,豊田小学校,168#4,0,2.3
veh_full_origin_0361_0058,private_car,origin_0361,5439174941,3915#9,,shelter_8,豊田小学校,168#4,0,2.3
veh_full_origin_0361_0059,private_car,origin_0361,5439174941,3915#9,,shelter_8,豊田小学校,168#4,0,2.3
veh_full_origin_0361_0060,private_car,origin_0361,5439174941,3915#9,,shelter_8,豊田小学校,168#4,0,2.3
veh_full_origin_0361_0061,private_car,origin_0361,5439174941,3915#9,,shelter_8,豊田小学校,168#4,0,2.3
veh_full_origin_0361_0062,private_car,origin_0361,5439174941,3915#9,,shelter_8,豊田小学校,168#4,0,2.3
veh_full_origin_0361_0063,private_car,origin_0361,5439174941,3915#9,,shelter_8,豊田小学校,168#4,0,2.3
veh_full_origin_0361_0064,private_car,origin_0361,5439174941,3915#9,,shelter_8,豊田小学校,168#4,0,2.3
veh_full_origin_0361_0065,private_car,origin_0361,5439174941,3915#9,,shelter_8,豊田小学校,168#4,0,2.3
veh_full_origin_0361_0066,private_car,origin_0361,5439174941,3915#9,,shelter_8,豊田小学校,168#4,0,2.3
veh_full_origin_0361_0067,private_car,origin_0361,5439174941,3915#9,,shelter_8,豊田小学校,168#4,0,2.3
veh_full_origin_0361_0068,private_car,origin_0361,5439174941,3915#9,,shelter_8,豊田小学校,168#4,0,2.3
veh_full_origin_0361_0069,private_car,origin_0361,5439174941,3915#9,,shelter_8,豊田小学校,168#4,0,2.3
veh_full_origin_0361_0070,private_car,origin_0361,5439174941,3915#9,,shelter_8,豊田小学校,168#4,0,2.3
veh_full_origin_0361_0071,private_car,origin_0361,5439174941,3915#9,,shelter_8,豊田小学校,168#4,0,2.3
veh_full_origin_0361_0072,private_car,origin_0361,5439174941,3915#9,,shelter_8,豊田小学校,168#4,0,2.3
veh_full_origin_0361_0073,private_car,origin_0361,5439174941,3915#9,,shelter_8,豊田小学校,168#4,0,2.3
veh_full_origin_0361_0074,private_car,origin_0361,5439174941,3915#9,,shelter_8,豊田小学校,168#4,0,2.3
veh_full_origin_0361_0075,private_car,origin_0361,5439174941,3915#9,,shelter_8,豊田小学校,168#4,0,2.3
veh_full_origin_0361_0076,private_car,origin_0361,5439174941,3915#9,,shelter_8,豊田小学校,168#4,0,2.3
veh_full_origin_0361_0077,private_car,origin_0361,5439174941,3915#9,,shelter_8,豊田小学校,168#4,0,2.3
veh_full_origin_0361_0078,private_car,origin_0361,5439174941,3915#9,,shelter_8,豊田小学校,168#4,0,2.3
veh_full_origin_0361_0079,private_car,origin_0361,5439174941,3915#9,,shelter_8,豊田小学校,168#4,0,2.3
veh_full_origin_0361_0080,private_car,origin_0361,5439174941,3915#9,,shelter_8,豊田小学校,168#4,0,2.3
veh_full_origin_0361_0081,private_car,origin_0361,5439174941,3915#9,,shelter_8,豊田小学校,168#4,0,2.3
veh_full_origin_0361_0082,private_car,origin_0361,5439174941,3915#9,,shelter_8,豊田小学校,168#4,0,2.3
veh_full_origin_0362_0001,private_car,origin_0362,5439175114,12004#10,,shelter_0,飯沼小学校,3270#3,0,2.3
veh_full_origin_0362_0002,private_car,origin_0362,5439175114,12004#10,,shelter_0,飯沼小学校,3270#3,0,2.3
veh_full_origin_0362_0003,private_car,origin_0362,5439175114,12004#10,,shelter_0,飯沼小学校,3270#3,0,2.3
veh_full_origin_0363_0001,private_car,origin_0363,5439175311,4259#9,,shelter_0,飯沼小学校,3270#3,0,2.3
veh_full_origin_0363_0002,private_car,origin_0363,5439175311,4259#9,,shelter_0,飯沼小学校,3270#3,0,2.3
veh_full_origin_0363_0003,private_car,origin_0363,5439175311,4259#9,,shelter_0,飯沼小学校,3270#3,0,2.3
veh_full_origin_0363_0004,private_car,origin_0363,5439175311,4259#9,,shelter_0,飯沼小学校,3270#3,0,2.3
veh_full_origin_0364_0001,private_car,origin_0364,5439175321,4259#5,,shelter_0,飯沼小学校,3270#3,0,2.3
veh_full_origin_0364_0002,private_car,origin_0364,5439175321,4259#5,,shelter_0,飯沼小学校,3270#3,0,2.3
veh_full_origin_0364_0003,private_car,origin_0364,5439175321,4259#5,,shelter_0,飯沼小学校,3270#3,0,2.3
veh_full_origin_0365_0001,private_car,origin_0365,5439175513,4206#5,,shelter_0,飯沼小学校,3270#3,0,2.3
veh_full_origin_0365_0002,private_car,origin_0365,5439175513,4206#5,,shelter_0,飯沼小学校,3270#3,0,2.3
veh_full_origin_0365_0003,private_car,origin_0365,5439175513,4206#5,,shelter_0,飯沼小学校,3270#3,0,2.3
veh_full_origin_0365_0004,private_car,origin_0365,5439175513,4206#5,,shelter_0,飯沼小学校,3270#3,0,2.3
veh_full_origin_0365_0005,private_car,origin_0365,5439175513,4206#5,,shelter_0,飯沼小学校,3270#3,0,2.3
veh_full_origin_0365_0006,private_car,origin_0365,5439175513,4206#5,,shelter_0,飯沼小学校,3270#3,0,2.3
veh_full_origin_0365_0007,private_car,origin_0365,5439175513,4206#5,,shelter_0,飯沼小学校,3270#3,0,2.3
veh_full_origin_0365_0008,private_car,origin_0365,5439175513,4206#5,,shelter_0,飯沼小学校,3270#3,0,2.3
veh_full_origin_0365_0009,private_car,origin_0365,5439175513,4206#5,,shelter_0,飯沼小学校,3270#3,0,2.3
veh_full_origin_0365_0010,private_car,origin_0365,5439175513,4206#5,,shelter_0,飯沼小学校,3270#3,0,2.3
veh_full_origin_0365_0011,private_car,origin_0365,5439175513,4206#5,,shelter_0,飯沼小学校,3270#3,0,2.3
veh_full_origin_0365_0012,private_car,origin_0365,5439175513,4206#5,,shelter_0,飯沼小学校,3270#3,0,2.3
veh_full_origin_0365_0013,private_car,origin_0365,5439175513,4206#5,,shelter_0,飯沼小学校,3270#3,0,2.3
veh_full_origin_0365_0014,private_car,origin_0365,5439175513,4206#5,,shelter_0,飯沼小学校,3270#3,0,2.3
veh_full_origin_0365_0015,private_car,origin_0365,5439175513,4206#5,,shelter_0,飯沼小学校,3270#3,0,2.3
veh_full_origin_0365_0016,private_car,origin_0365,5439175513,4206#5,,shelter_0,飯沼小学校,3270#3,0,2.3
veh_full_origin_0365_0017,private_car,origin_0365,5439175513,4206#5,,shelter_0,飯沼小学校,3270#3,0,2.3
veh_full_origin_0365_0018,private_car,origin_0365,5439175513,4206#5,,shelter_0,飯沼小学校,3270#3,0,2.3
veh_full_origin_0365_0019,private_car,origin_0365,5439175513,4206#5,,shelter_0,飯沼小学校,3270#3,0,2.3
veh_full_origin_0365_0020,private_car,origin_0365,5439175513,4206#5,,shelter_0,飯沼小学校,3270#3,0,2.3
veh_full_origin_0365_0021,private_car,origin_0365,5439175513,4206#5,,shelter_0,飯沼小学校,3270#3,0,2.3
veh_full_origin_0365_0022,private_car,origin_0365,5439175513,4206#5,,shelter_0,飯沼小学校,3270#3,0,2.3
veh_full_origin_0365_0023,private_car,origin_0365,5439175513,4206#5,,shelter_0,飯沼小学校,3270#3,0,2.3
veh_full_origin_0365_0024,private_car,origin_0365,5439175513,4206#5,,shelter_0,飯沼小学校,3270#3,0,2.3
veh_full_origin_0365_0025,private_car,origin_0365,5439175513,4206#5,,shelter_0,飯沼小学校,3270#3,0,2.3
veh_full_origin_0365_0026,private_car,origin_0365,5439175513,4206#5,,shelter_0,飯沼小学校,3270#3,0,2.3
veh_full_origin_0365_0027,private_car,origin_0365,5439175513,4206#5,,shelter_0,飯沼小学校,3270#3,0,2.3
veh_full_origin_0365_0028,private_car,origin_0365,5439175513,4206#5,,shelter_0,飯沼小学校,3270#3,0,2.3
veh_full_origin_0365_0029,private_car,origin_0365,5439175513,4206#5,,shelter_0,飯沼小学校,3270#3,0,2.3
veh_full_origin_0365_0030,private_car,origin_0365,5439175513,4206#5,,shelter_0,飯沼小学校,3270#3,0,2.3
veh_full_origin_0365_0031,private_car,origin_0365,5439175513,4206#5,,shelter_0,飯沼小学校,3270#3,0,2.3
veh_full_origin_0365_0032,private_car,origin_0365,5439175513,4206#5,,shelter_0,飯沼小学校,3270#3,0,2.3
veh_full_origin_0365_0033,private_car,origin_0365,5439175513,4206#5,,shelter_0,飯沼小学校,3270#3,0,2.3
veh_full_origin_0365_0034,private_car,origin_0365,5439175513,4206#5,,shelter_0,飯沼小学校,3270#3,0,2.3
veh_full_origin_0365_0035,private_car,origin_0365,5439175513,4206#5,,shelter_0,飯沼小学校,3270#3,0,2.3
veh_full_origin_0365_0036,private_car,origin_0365,5439175513,4206#5,,shelter_0,飯沼小学校,3270#3,0,2.3
veh_full_origin_0365_0037,private_car,origin_0365,5439175513,4206#5,,shelter_0,飯沼小学校,3270#3,0,2.3
veh_full_origin_0365_0038,private_car,origin_0365,5439175513,4206#5,,shelter_0,飯沼小学校,3270#3,0,2.3
veh_full_origin_0365_0039,private_car,origin_0365,5439175513,4206#5,,shelter_0,飯沼小学校,3270#3,0,2.3
veh_full_origin_0366_0001,private_car,origin_0366,5439175514,4165#2,,shelter_0,飯沼小学校,3270#3,0,2.3
veh_full_origin_0366_0002,private_car,origin_0366,5439175514,4165#2,,shelter_0,飯沼小学校,3270#3,0,2.3
veh_full_origin_0366_0003,private_car,origin_0366,5439175514,4165#2,,shelter_0,飯沼小学校,3270#3,0,2.3
veh_full_origin_0366_0004,private_car,origin_0366,5439175514,4165#2,,shelter_0,飯沼小学校,3270#3,0,2.3
veh_full_origin_0366_0005,private_car,origin_0366,5439175514,4165#2,,shelter_0,飯沼小学校,3270#3,0,2.3
veh_full_origin_0366_0006,private_car,origin_0366,5439175514,4165#2,,shelter_0,飯沼小学校,3270#3,0,2.3
veh_full_origin_0366_0007,private_car,origin_0366,5439175514,4165#2,,shelter_0,飯沼小学校,3270#3,0,2.3
veh_full_origin_0366_0008,private_car,origin_0366,5439175514,4165#2,,shelter_0,飯沼小学校,3270#3,0,2.3
veh_full_origin_0366_0009,private_car,origin_0366,5439175514,4165#2,,shelter_0,飯沼小学校,3270#3,0,2.3
veh_full_origin_0366_0010,private_car,origin_0366,5439175514,4165#2,,shelter_0,飯沼小学校,3270#3,0,2.3
veh_full_origin_0366_0011,private_car,origin_0366,5439175514,4165#2,,shelter_0,飯沼小学校,3270#3,0,2.3
veh_full_origin_0366_0012,private_car,origin_0366,5439175514,4165#2,,shelter_0,飯沼小学校,3270#3,0,2.3
veh_full_origin_0366_0013,private_car,origin_0366,5439175514,4165#2,,shelter_0,飯沼小学校,3270#3,0,2.3
veh_full_origin_0366_0014,private_car,origin_0366,5439175514,4165#2,,shelter_0,飯沼小学校,3270#3,0,2.3
veh_full_origin_0366_0015,private_car,origin_0366,5439175514,4165#2,,shelter_0,飯沼小学校,3270#3,0,2.3
veh_full_origin_0366_0016,private_car,origin_0366,5439175514,4165#2,,shelter_0,飯沼小学校,3270#3,0,2.3
veh_full_origin_0366_0017,private_car,origin_0366,5439175514,4165#2,,shelter_0,飯沼小学校,3270#3,0,2.3
veh_full_origin_0367_0001,private_car,origin_0367,5439175522,4216#2,,shelter_0,飯沼小学校,3270#3,0,2.3
veh_full_origin_0367_0002,private_car,origin_0367,5439175522,4216#2,,shelter_0,飯沼小学校,3270#3,0,2.3
veh_full_origin_0367_0003,private_car,origin_0367,5439175522,4216#2,,shelter_0,飯沼小学校,3270#3,0,2.3
veh_full_origin_0367_0004,private_car,origin_0367,5439175522,4216#2,,shelter_0,飯沼小学校,3270#3,0,2.3
veh_full_origin_0367_0005,private_car,origin_0367,5439175522,4216#2,,shelter_0,飯沼小学校,3270#3,0,2.3
veh_full_origin_0367_0006,private_car,origin_0367,5439175522,4216#2,,shelter_0,飯沼小学校,3270#3,0,2.3
veh_full_origin_0367_0007,private_car,origin_0367,5439175522,4216#2,,shelter_0,飯沼小学校,3270#3,0,2.3
veh_full_origin_0367_0008,private_car,origin_0367,5439175522,4216#2,,shelter_0,飯沼小学校,3270#3,0,2.3
veh_full_origin_0367_0009,private_car,origin_0367,5439175522,4216#2,,shelter_0,飯沼小学校,3270#3,0,2.3
veh_full_origin_0368_0001,private_car,origin_0368,5439175541,8667#0,,shelter_0,飯沼小学校,3270#3,0,2.3
veh_full_origin_0368_0002,private_car,origin_0368,5439175541,8667#0,,shelter_0,飯沼小学校,3270#3,0,2.3
veh_full_origin_0368_0003,private_car,origin_0368,5439175541,8667#0,,shelter_0,飯沼小学校,3270#3,0,2.3
veh_full_origin_0368_0004,private_car,origin_0368,5439175541,8667#0,,shelter_0,飯沼小学校,3270#3,0,2.3
veh_full_origin_0368_0005,private_car,origin_0368,5439175541,8667#0,,shelter_0,飯沼小学校,3270#3,0,2.3
veh_full_origin_0368_0006,private_car,origin_0368,5439175541,8667#0,,shelter_0,飯沼小学校,3270#3,0,2.3
veh_full_origin_0368_0007,private_car,origin_0368,5439175541,8667#0,,shelter_0,飯沼小学校,3270#3,0,2.3
veh_full_origin_0368_0008,private_car,origin_0368,5439175541,8667#0,,shelter_0,飯沼小学校,3270#3,0,2.3
veh_full_origin_0369_0001,private_car,origin_0369,5439175611,4123#0,,shelter_0,飯沼小学校,3270#3,0,2.3
veh_full_origin_0369_0002,private_car,origin_0369,5439175611,4123#0,,shelter_0,飯沼小学校,3270#3,0,2.3
veh_full_origin_0369_0003,private_car,origin_0369,5439175611,4123#0,,shelter_0,飯沼小学校,3270#3,0,2.3
veh_full_origin_0369_0004,private_car,origin_0369,5439175611,4123#0,,shelter_0,飯沼小学校,3270#3,0,2.3
veh_full_origin_0369_0005,private_car,origin_0369,5439175611,4123#0,,shelter_0,飯沼小学校,3270#3,0,2.3
veh_full_origin_0369_0006,private_car,origin_0369,5439175611,4123#0,,shelter_0,飯沼小学校,3270#3,0,2.3
veh_full_origin_0369_0007,private_car,origin_0369,5439175611,4123#0,,shelter_0,飯沼小学校,3270#3,0,2.3
veh_full_origin_0369_0008,private_car,origin_0369,5439175611,4123#0,,shelter_0,飯沼小学校,3270#3,0,2.3
veh_full_origin_0369_0009,private_car,origin_0369,5439175611,4123#0,,shelter_0,飯沼小学校,3270#3,0,2.3
veh_full_origin_0369_0010,private_car,origin_0369,5439175611,4123#0,,shelter_0,飯沼小学校,3270#3,0,2.3
veh_full_origin_0369_0011,private_car,origin_0369,5439175611,4123#0,,shelter_0,飯沼小学校,3270#3,0,2.3
veh_full_origin_0369_0012,private_car,origin_0369,5439175611,4123#0,,shelter_0,飯沼小学校,3270#3,0,2.3
veh_full_origin_0369_0013,private_car,origin_0369,5439175611,4123#0,,shelter_0,飯沼小学校,3270#3,0,2.3
veh_full_origin_0369_0014,private_car,origin_0369,5439175611,4123#0,,shelter_0,飯沼小学校,3270#3,0,2.3
veh_full_origin_0370_0001,private_car,origin_0370,5439175821,6421,,shelter_2,石下小学校,7058,0,2.3
veh_full_origin_0371_0001,private_car,origin_0371,5439175921,4242#3,,shelter_8,豊田小学校,168#4,0,2.3
veh_full_origin_0371_0002,private_car,origin_0371,5439175921,4242#3,,shelter_8,豊田小学校,168#4,0,2.3
veh_full_origin_0372_0001,private_car,origin_0372,5439176813,4241#7,,shelter_8,豊田小学校,168#4,0,2.3
veh_full_origin_0372_0002,private_car,origin_0372,5439176813,4241#7,,shelter_8,豊田小学校,168#4,0,2.3
veh_full_origin_0372_0003,private_car,origin_0372,5439176813,4241#7,,shelter_8,豊田小学校,168#4,0,2.3
veh_full_origin_0372_0004,private_car,origin_0372,5439176813,4241#7,,shelter_8,豊田小学校,168#4,0,2.3
veh_full_origin_0373_0001,private_car,origin_0373,5439176912,182#0,,shelter_8,豊田小学校,168#4,0,2.3
veh_full_origin_0373_0002,private_car,origin_0373,5439176912,182#0,,shelter_8,豊田小学校,168#4,0,2.3
veh_full_origin_0374_0001,private_car,origin_0374,5440002021,9352#3,,shelter_3,水海道第一高等学校,11531#5,0,2.3
veh_full_origin_0375_0001,private_car,origin_0375,5440002031,9384#0,,shelter_3,水海道第一高等学校,11531#5,0,2.3
veh_full_origin_0375_0002,private_car,origin_0375,5440002031,9384#0,,shelter_3,水海道第一高等学校,11531#5,0,2.3
veh_full_origin_0375_0003,private_car,origin_0375,5440002031,9384#0,,shelter_3,水海道第一高等学校,11531#5,0,2.3
veh_full_origin_0375_0004,private_car,origin_0375,5440002031,9384#0,,shelter_3,水海道第一高等学校,11531#5,0,2.3
veh_full_origin_0375_0005,private_car,origin_0375,5440002031,9384#0,,shelter_3,水海道第一高等学校,11531#5,0,2.3
veh_full_origin_0375_0006,private_car,origin_0375,5440002031,9384#0,,shelter_3,水海道第一高等学校,11531#5,0,2.3
veh_full_origin_0375_0007,private_car,origin_0375,5440002031,9384#0,,shelter_3,水海道第一高等学校,11531#5,0,2.3
veh_full_origin_0375_0008,private_car,origin_0375,5440002031,9384#0,,shelter_3,水海道第一高等学校,11531#5,0,2.3
veh_full_origin_0375_0009,private_car,origin_0375,5440002031,9384#0,,shelter_3,水海道第一高等学校,11531#5,0,2.3
veh_full_origin_0375_0010,private_car,origin_0375,5440002031,9384#0,,shelter_3,水海道第一高等学校,11531#5,0,2.3
veh_full_origin_0375_0011,private_car,origin_0375,5440002031,9384#0,,shelter_3,水海道第一高等学校,11531#5,0,2.3
veh_full_origin_0375_0012,private_car,origin_0375,5440002031,9384#0,,shelter_3,水海道第一高等学校,11531#5,0,2.3
veh_full_origin_0375_0013,private_car,origin_0375,5440002031,9384#0,,shelter_3,水海道第一高等学校,11531#5,0,2.3
veh_full_origin_0375_0014,private_car,origin_0375,5440002031,9384#0,,shelter_3,水海道第一高等学校,11531#5,0,2.3
veh_full_origin_0375_0015,private_car,origin_0375,5440002031,9384#0,,shelter_3,水海道第一高等学校,11531#5,0,2.3
veh_full_origin_0375_0016,private_car,origin_0375,5440002031,9384#0,,shelter_3,水海道第一高等学校,11531#5,0,2.3
veh_full_origin_0375_0017,private_car,origin_0375,5440002031,9384#0,,shelter_3,水海道第一高等学校,11531#5,0,2.3
veh_full_origin_0375_0018,private_car,origin_0375,5440002031,9384#0,,shelter_3,水海道第一高等学校,11531#5,0,2.3
veh_full_origin_0375_0019,private_car,origin_0375,5440002031,9384#0,,shelter_3,水海道第一高等学校,11531#5,0,2.3
veh_full_origin_0375_0020,private_car,origin_0375,5440002031,9384#0,,shelter_3,水海道第一高等学校,11531#5,0,2.3
veh_full_origin_0375_0021,private_car,origin_0375,5440002031,9384#0,,shelter_3,水海道第一高等学校,11531#5,0,2.3
veh_full_origin_0376_0001,private_car,origin_0376,5440002032,9389#0,,shelter_3,水海道第一高等学校,11531#5,0,2.3
veh_full_origin_0376_0002,private_car,origin_0376,5440002032,9389#0,,shelter_3,水海道第一高等学校,11531#5,0,2.3
veh_full_origin_0376_0003,private_car,origin_0376,5440002032,9389#0,,shelter_3,水海道第一高等学校,11531#5,0,2.3
veh_full_origin_0376_0004,private_car,origin_0376,5440002032,9389#0,,shelter_3,水海道第一高等学校,11531#5,0,2.3
veh_full_origin_0376_0005,private_car,origin_0376,5440002032,9389#0,,shelter_3,水海道第一高等学校,11531#5,0,2.3
veh_full_origin_0376_0006,private_car,origin_0376,5440002032,9389#0,,shelter_3,水海道第一高等学校,11531#5,0,2.3
veh_full_origin_0376_0007,private_car,origin_0376,5440002032,9389#0,,shelter_3,水海道第一高等学校,11531#5,0,2.3
veh_full_origin_0376_0008,private_car,origin_0376,5440002032,9389#0,,shelter_3,水海道第一高等学校,11531#5,0,2.3
veh_full_origin_0376_0009,private_car,origin_0376,5440002032,9389#0,,shelter_3,水海道第一高等学校,11531#5,0,2.3
veh_full_origin_0376_0010,private_car,origin_0376,5440002032,9389#0,,shelter_3,水海道第一高等学校,11531#5,0,2.3
veh_full_origin_0376_0011,private_car,origin_0376,5440002032,9389#0,,shelter_3,水海道第一高等学校,11531#5,0,2.3
veh_full_origin_0376_0012,private_car,origin_0376,5440002032,9389#0,,shelter_3,水海道第一高等学校,11531#5,0,2.3
veh_full_origin_0376_0013,private_car,origin_0376,5440002032,9389#0,,shelter_3,水海道第一高等学校,11531#5,0,2.3
veh_full_origin_0376_0014,private_car,origin_0376,5440002032,9389#0,,shelter_3,水海道第一高等学校,11531#5,0,2.3
veh_full_origin_0376_0015,private_car,origin_0376,5440002032,9389#0,,shelter_3,水海道第一高等学校,11531#5,0,2.3
veh_full_origin_0376_0016,private_car,origin_0376,5440002032,9389#0,,shelter_3,水海道第一高等学校,11531#5,0,2.3
veh_full_origin_0376_0017,private_car,origin_0376,5440002032,9389#0,,shelter_3,水海道第一高等学校,11531#5,0,2.3
veh_full_origin_0376_0018,private_car,origin_0376,5440002032,9389#0,,shelter_3,水海道第一高等学校,11531#5,0,2.3
veh_full_origin_0376_0019,private_car,origin_0376,5440002032,9389#0,,shelter_3,水海道第一高等学校,11531#5,0,2.3
veh_full_origin_0376_0020,private_car,origin_0376,5440002032,9389#0,,shelter_3,水海道第一高等学校,11531#5,0,2.3
veh_full_origin_0376_0021,private_car,origin_0376,5440002032,9389#0,,shelter_3,水海道第一高等学校,11531#5,0,2.3
veh_full_origin_0376_0022,private_car,origin_0376,5440002032,9389#0,,shelter_3,水海道第一高等学校,11531#5,0,2.3
veh_full_origin_0376_0023,private_car,origin_0376,5440002032,9389#0,,shelter_3,水海道第一高等学校,11531#5,0,2.3
veh_full_origin_0376_0024,private_car,origin_0376,5440002032,9389#0,,shelter_3,水海道第一高等学校,11531#5,0,2.3
veh_full_origin_0376_0025,private_car,origin_0376,5440002032,9389#0,,shelter_3,水海道第一高等学校,11531#5,0,2.3
veh_full_origin_0377_0001,private_car,origin_0377,5440002041,9381#10,,shelter_3,水海道第一高等学校,11531#5,0,2.3
veh_full_origin_0377_0002,private_car,origin_0377,5440002041,9381#10,,shelter_3,水海道第一高等学校,11531#5,0,2.3
veh_full_origin_0378_0001,private_car,origin_0378,5440002042,9404#2,,shelter_3,水海道第一高等学校,11531#5,0,2.3
veh_full_origin_0378_0002,private_car,origin_0378,5440002042,9404#2,,shelter_3,水海道第一高等学校,11531#5,0,2.3
veh_full_origin_0378_0003,private_car,origin_0378,5440002042,9404#2,,shelter_3,水海道第一高等学校,11531#5,0,2.3
veh_full_origin_0378_0004,private_car,origin_0378,5440002042,9404#2,,shelter_3,水海道第一高等学校,11531#5,0,2.3
veh_full_origin_0378_0005,private_car,origin_0378,5440002042,9404#2,,shelter_3,水海道第一高等学校,11531#5,0,2.3
veh_full_origin_0379_0001,private_car,origin_0379,5440003011,9709#16,,shelter_3,水海道第一高等学校,11531#5,0,2.3
veh_full_origin_0379_0002,private_car,origin_0379,5440003011,9709#16,,shelter_3,水海道第一高等学校,11531#5,0,2.3
veh_full_origin_0379_0003,private_car,origin_0379,5440003011,9709#16,,shelter_3,水海道第一高等学校,11531#5,0,2.3
veh_full_origin_0380_0001,private_car,origin_0380,5440003013,9416#1,,shelter_3,水海道第一高等学校,11531#5,0,2.3
veh_full_origin_0380_0002,private_car,origin_0380,5440003013,9416#1,,shelter_3,水海道第一高等学校,11531#5,0,2.3
veh_full_origin_0380_0003,private_car,origin_0380,5440003013,9416#1,,shelter_3,水海道第一高等学校,11531#5,0,2.3
veh_full_origin_0380_0004,private_car,origin_0380,5440003013,9416#1,,shelter_3,水海道第一高等学校,11531#5,0,2.3
veh_full_origin_0380_0005,private_car,origin_0380,5440003013,9416#1,,shelter_3,水海道第一高等学校,11531#5,0,2.3
veh_full_origin_0380_0006,private_car,origin_0380,5440003013,9416#1,,shelter_3,水海道第一高等学校,11531#5,0,2.3
veh_full_origin_0380_0007,private_car,origin_0380,5440003013,9416#1,,shelter_3,水海道第一高等学校,11531#5,0,2.3
veh_full_origin_0380_0008,private_car,origin_0380,5440003013,9416#1,,shelter_3,水海道第一高等学校,11531#5,0,2.3
veh_full_origin_0381_0001,private_car,origin_0381,5440003021,9720#4,,shelter_3,水海道第一高等学校,11531#5,0,2.3
veh_full_origin_0381_0002,private_car,origin_0381,5440003021,9720#4,,shelter_3,水海道第一高等学校,11531#5,0,2.3
veh_full_origin_0381_0003,private_car,origin_0381,5440003021,9720#4,,shelter_3,水海道第一高等学校,11531#5,0,2.3
veh_full_origin_0381_0004,private_car,origin_0381,5440003021,9720#4,,shelter_3,水海道第一高等学校,11531#5,0,2.3
veh_full_origin_0381_0005,private_car,origin_0381,5440003021,9720#4,,shelter_3,水海道第一高等学校,11531#5,0,2.3
veh_full_origin_0381_0006,private_car,origin_0381,5440003021,9720#4,,shelter_3,水海道第一高等学校,11531#5,0,2.3
veh_full_origin_0381_0007,private_car,origin_0381,5440003021,9720#4,,shelter_3,水海道第一高等学校,11531#5,0,2.3
veh_full_origin_0381_0008,private_car,origin_0381,5440003021,9720#4,,shelter_3,水海道第一高等学校,11531#5,0,2.3
veh_full_origin_0381_0009,private_car,origin_0381,5440003021,9720#4,,shelter_3,水海道第一高等学校,11531#5,0,2.3
veh_full_origin_0381_0010,private_car,origin_0381,5440003021,9720#4,,shelter_3,水海道第一高等学校,11531#5,0,2.3
veh_full_origin_0381_0011,private_car,origin_0381,5440003021,9720#4,,shelter_3,水海道第一高等学校,11531#5,0,2.3
veh_full_origin_0381_0012,private_car,origin_0381,5440003021,9720#4,,shelter_3,水海道第一高等学校,11531#5,0,2.3
veh_full_origin_0381_0013,private_car,origin_0381,5440003021,9720#4,,shelter_3,水海道第一高等学校,11531#5,0,2.3
veh_full_origin_0381_0014,private_car,origin_0381,5440003021,9720#4,,shelter_3,水海道第一高等学校,11531#5,0,2.3
veh_full_origin_0381_0015,private_car,origin_0381,5440003021,9720#4,,shelter_3,水海道第一高等学校,11531#5,0,2.3
veh_full_origin_0381_0016,private_car,origin_0381,5440003021,9720#4,,shelter_3,水海道第一高等学校,11531#5,0,2.3
veh_full_origin_0381_0017,private_car,origin_0381,5440003021,9720#4,,shelter_3,水海道第一高等学校,11531#5,0,2.3
veh_full_origin_0381_0018,private_car,origin_0381,5440003021,9720#4,,shelter_3,水海道第一高等学校,11531#5,0,2.3
veh_full_origin_0381_0019,private_car,origin_0381,5440003021,9720#4,,shelter_3,水海道第一高等学校,11531#5,0,2.3
veh_full_origin_0381_0020,private_car,origin_0381,5440003021,9720#4,,shelter_3,水海道第一高等学校,11531#5,0,2.3
veh_full_origin_0381_0021,private_car,origin_0381,5440003021,9720#4,,shelter_3,水海道第一高等学校,11531#5,0,2.3
veh_full_origin_0381_0022,private_car,origin_0381,5440003021,9720#4,,shelter_3,水海道第一高等学校,11531#5,0,2.3
veh_full_origin_0381_0023,private_car,origin_0381,5440003021,9720#4,,shelter_3,水海道第一高等学校,11531#5,0,2.3
veh_full_origin_0381_0024,private_car,origin_0381,5440003021,9720#4,,shelter_3,水海道第一高等学校,11531#5,0,2.3
veh_full_origin_0381_0025,private_car,origin_0381,5440003021,9720#4,,shelter_3,水海道第一高等学校,11531#5,0,2.3
veh_full_origin_0381_0026,private_car,origin_0381,5440003021,9720#4,,shelter_3,水海道第一高等学校,11531#5,0,2.3
veh_full_origin_0381_0027,private_car,origin_0381,5440003021,9720#4,,shelter_3,水海道第一高等学校,11531#5,0,2.3
veh_full_origin_0381_0028,private_car,origin_0381,5440003021,9720#4,,shelter_3,水海道第一高等学校,11531#5,0,2.3
veh_full_origin_0381_0029,private_car,origin_0381,5440003021,9720#4,,shelter_3,水海道第一高等学校,11531#5,0,2.3
veh_full_origin_0382_0001,private_car,origin_0382,5440003022,9396#1,,shelter_3,水海道第一高等学校,11531#5,0,2.3
veh_full_origin_0382_0002,private_car,origin_0382,5440003022,9396#1,,shelter_3,水海道第一高等学校,11531#5,0,2.3
veh_full_origin_0382_0003,private_car,origin_0382,5440003022,9396#1,,shelter_3,水海道第一高等学校,11531#5,0,2.3
veh_full_origin_0382_0004,private_car,origin_0382,5440003022,9396#1,,shelter_3,水海道第一高等学校,11531#5,0,2.3
veh_full_origin_0382_0005,private_car,origin_0382,5440003022,9396#1,,shelter_3,水海道第一高等学校,11531#5,0,2.3
veh_full_origin_0382_0006,private_car,origin_0382,5440003022,9396#1,,shelter_3,水海道第一高等学校,11531#5,0,2.3
veh_full_origin_0383_0001,private_car,origin_0383,5440003023,9438#1,,shelter_3,水海道第一高等学校,11531#5,0,2.3
veh_full_origin_0384_0001,private_car,origin_0384,5440003024,9427#2,,shelter_3,水海道第一高等学校,11531#5,0,2.3
veh_full_origin_0384_0002,private_car,origin_0384,5440003024,9427#2,,shelter_3,水海道第一高等学校,11531#5,0,2.3
veh_full_origin_0384_0003,private_car,origin_0384,5440003024,9427#2,,shelter_3,水海道第一高等学校,11531#5,0,2.3
veh_full_origin_0384_0004,private_car,origin_0384,5440003024,9427#2,,shelter_3,水海道第一高等学校,11531#5,0,2.3
veh_full_origin_0384_0005,private_car,origin_0384,5440003024,9427#2,,shelter_3,水海道第一高等学校,11531#5,0,2.3
veh_full_origin_0384_0006,private_car,origin_0384,5440003024,9427#2,,shelter_3,水海道第一高等学校,11531#5,0,2.3
veh_full_origin_0384_0007,private_car,origin_0384,5440003024,9427#2,,shelter_3,水海道第一高等学校,11531#5,0,2.3
veh_full_origin_0384_0008,private_car,origin_0384,5440003024,9427#2,,shelter_3,水海道第一高等学校,11531#5,0,2.3
veh_full_origin_0384_0009,private_car,origin_0384,5440003024,9427#2,,shelter_3,水海道第一高等学校,11531#5,0,2.3
veh_full_origin_0384_0010,private_car,origin_0384,5440003024,9427#2,,shelter_3,水海道第一高等学校,11531#5,0,2.3
veh_full_origin_0384_0011,private_car,origin_0384,5440003024,9427#2,,shelter_3,水海道第一高等学校,11531#5,0,2.3
veh_full_origin_0384_0012,private_car,origin_0384,5440003024,9427#2,,shelter_3,水海道第一高等学校,11531#5,0,2.3
veh_full_origin_0384_0013,private_car,origin_0384,5440003024,9427#2,,shelter_3,水海道第一高等学校,11531#5,0,2.3
veh_full_origin_0384_0014,private_car,origin_0384,5440003024,9427#2,,shelter_3,水海道第一高等学校,11531#5,0,2.3
veh_full_origin_0384_0015,private_car,origin_0384,5440003024,9427#2,,shelter_3,水海道第一高等学校,11531#5,0,2.3
veh_full_origin_0384_0016,private_car,origin_0384,5440003024,9427#2,,shelter_3,水海道第一高等学校,11531#5,0,2.3
veh_full_origin_0384_0017,private_car,origin_0384,5440003024,9427#2,,shelter_3,水海道第一高等学校,11531#5,0,2.3
veh_full_origin_0384_0018,private_car,origin_0384,5440003024,9427#2,,shelter_3,水海道第一高等学校,11531#5,0,2.3
veh_full_origin_0384_0019,private_car,origin_0384,5440003024,9427#2,,shelter_3,水海道第一高等学校,11531#5,0,2.3
veh_full_origin_0384_0020,private_car,origin_0384,5440003024,9427#2,,shelter_3,水海道第一高等学校,11531#5,0,2.3
veh_full_origin_0384_0021,private_car,origin_0384,5440003024,9427#2,,shelter_3,水海道第一高等学校,11531#5,0,2.3
veh_full_origin_0384_0022,private_car,origin_0384,5440003024,9427#2,,shelter_3,水海道第一高等学校,11531#5,0,2.3
veh_full_origin_0385_0001,private_car,origin_0385,5440003043,9436#0,,shelter_3,水海道第一高等学校,11531#5,0,2.3
veh_full_origin_0385_0002,private_car,origin_0385,5440003043,9436#0,,shelter_3,水海道第一高等学校,11531#5,0,2.3
veh_full_origin_0385_0003,private_car,origin_0385,5440003043,9436#0,,shelter_3,水海道第一高等学校,11531#5,0,2.3
veh_full_origin_0386_0001,private_car,origin_0386,5440003121,9434#9,,shelter_3,水海道第一高等学校,11531#5,0,2.3
veh_full_origin_0387_0001,private_car,origin_0387,5440003122,9434#0,,shelter_3,水海道第一高等学校,11531#5,0,2.3
veh_full_origin_0387_0002,private_car,origin_0387,5440003122,9434#0,,shelter_3,水海道第一高等学校,11531#5,0,2.3
veh_full_origin_0387_0003,private_car,origin_0387,5440003122,9434#0,,shelter_3,水海道第一高等学校,11531#5,0,2.3
veh_full_origin_0387_0004,private_car,origin_0387,5440003122,9434#0,,shelter_3,水海道第一高等学校,11531#5,0,2.3
veh_full_origin_0387_0005,private_car,origin_0387,5440003122,9434#0,,shelter_3,水海道第一高等学校,11531#5,0,2.3
veh_full_origin_0387_0006,private_car,origin_0387,5440003122,9434#0,,shelter_3,水海道第一高等学校,11531#5,0,2.3
veh_full_origin_0387_0007,private_car,origin_0387,5440003122,9434#0,,shelter_3,水海道第一高等学校,11531#5,0,2.3
veh_full_origin_0387_0008,private_car,origin_0387,5440003122,9434#0,,shelter_3,水海道第一高等学校,11531#5,0,2.3
veh_full_origin_0388_0001,private_car,origin_0388,5440003131,9425#1,,shelter_3,水海道第一高等学校,11531#5,0,2.3
veh_full_origin_0388_0002,private_car,origin_0388,5440003131,9425#1,,shelter_3,水海道第一高等学校,11531#5,0,2.3
veh_full_origin_0388_0003,private_car,origin_0388,5440003131,9425#1,,shelter_3,水海道第一高等学校,11531#5,0,2.3
veh_full_origin_0389_0001,private_car,origin_0389,5440003141,9439#0,,shelter_3,水海道第一高等学校,11531#5,0,2.3
veh_full_origin_0389_0002,private_car,origin_0389,5440003141,9439#0,,shelter_3,水海道第一高等学校,11531#5,0,2.3
veh_full_origin_0389_0003,private_car,origin_0389,5440003141,9439#0,,shelter_3,水海道第一高等学校,11531#5,0,2.3
veh_full_origin_0389_0004,private_car,origin_0389,5440003141,9439#0,,shelter_3,水海道第一高等学校,11531#5,0,2.3
veh_full_origin_0389_0005,private_car,origin_0389,5440003141,9439#0,,shelter_3,水海道第一高等学校,11531#5,0,2.3
veh_full_origin_0390_0001,private_car,origin_0390,5440003142,9439#5,,shelter_3,水海道第一高等学校,11531#5,0,2.3
veh_full_origin_0390_0002,private_car,origin_0390,5440003142,9439#5,,shelter_3,水海道第一高等学校,11531#5,0,2.3
veh_full_origin_0390_0003,private_car,origin_0390,5440003142,9439#5,,shelter_3,水海道第一高等学校,11531#5,0,2.3
veh_full_origin_0390_0004,private_car,origin_0390,5440003142,9439#5,,shelter_3,水海道第一高等学校,11531#5,0,2.3
veh_full_origin_0390_0005,private_car,origin_0390,5440003142,9439#5,,shelter_3,水海道第一高等学校,11531#5,0,2.3
veh_full_origin_0390_0006,private_car,origin_0390,5440003142,9439#5,,shelter_3,水海道第一高等学校,11531#5,0,2.3
veh_full_origin_0390_0007,private_car,origin_0390,5440003142,9439#5,,shelter_3,水海道第一高等学校,11531#5,0,2.3
veh_full_origin_0390_0008,private_car,origin_0390,5440003142,9439#5,,shelter_3,水海道第一高等学校,11531#5,0,2.3
veh_full_origin_0390_0009,private_car,origin_0390,5440003142,9439#5,,shelter_3,水海道第一高等学校,11531#5,0,2.3
veh_full_origin_0390_0010,private_car,origin_0390,5440003142,9439#5,,shelter_3,水海道第一高等学校,11531#5,0,2.3
veh_full_origin_0390_0011,private_car,origin_0390,5440003142,9439#5,,shelter_3,水海道第一高等学校,11531#5,0,2.3
veh_full_origin_0390_0012,private_car,origin_0390,5440003142,9439#5,,shelter_3,水海道第一高等学校,11531#5,0,2.3
veh_full_origin_0390_0013,private_car,origin_0390,5440003142,9439#5,,shelter_3,水海道第一高等学校,11531#5,0,2.3
veh_full_origin_0390_0014,private_car,origin_0390,5440003142,9439#5,,shelter_3,水海道第一高等学校,11531#5,0,2.3
veh_full_origin_0390_0015,private_car,origin_0390,5440003142,9439#5,,shelter_3,水海道第一高等学校,11531#5,0,2.3
veh_full_origin_0390_0016,private_car,origin_0390,5440003142,9439#5,,shelter_3,水海道第一高等学校,11531#5,0,2.3
veh_full_origin_0390_0017,private_car,origin_0390,5440003142,9439#5,,shelter_3,水海道第一高等学校,11531#5,0,2.3
veh_full_origin_0391_0001,private_car,origin_0391,5440004012,11111#1,,shelter_3,水海道第一高等学校,11531#5,0,2.3
veh_full_origin_0391_0002,private_car,origin_0391,5440004012,11111#1,,shelter_3,水海道第一高等学校,11531#5,0,2.3
veh_full_origin_0391_0003,private_car,origin_0391,5440004012,11111#1,,shelter_3,水海道第一高等学校,11531#5,0,2.3
veh_full_origin_0392_0001,private_car,origin_0392,5440004021,11488,,shelter_3,水海道第一高等学校,11531#5,0,2.3
veh_full_origin_0392_0002,private_car,origin_0392,5440004021,11488,,shelter_3,水海道第一高等学校,11531#5,0,2.3
veh_full_origin_0392_0003,private_car,origin_0392,5440004021,11488,,shelter_3,水海道第一高等学校,11531#5,0,2.3
veh_full_origin_0392_0004,private_car,origin_0392,5440004021,11488,,shelter_3,水海道第一高等学校,11531#5,0,2.3
veh_full_origin_0392_0005,private_car,origin_0392,5440004021,11488,,shelter_3,水海道第一高等学校,11531#5,0,2.3
veh_full_origin_0392_0006,private_car,origin_0392,5440004021,11488,,shelter_3,水海道第一高等学校,11531#5,0,2.3
veh_full_origin_0392_0007,private_car,origin_0392,5440004021,11488,,shelter_3,水海道第一高等学校,11531#5,0,2.3
veh_full_origin_0392_0008,private_car,origin_0392,5440004021,11488,,shelter_3,水海道第一高等学校,11531#5,0,2.3
veh_full_origin_0392_0009,private_car,origin_0392,5440004021,11488,,shelter_3,水海道第一高等学校,11531#5,0,2.3
veh_full_origin_0392_0010,private_car,origin_0392,5440004021,11488,,shelter_3,水海道第一高等学校,11531#5,0,2.3
veh_full_origin_0393_0001,private_car,origin_0393,5440004023,5477#0,,shelter_3,水海道第一高等学校,11531#5,0,2.3
veh_full_origin_0393_0002,private_car,origin_0393,5440004023,5477#0,,shelter_3,水海道第一高等学校,11531#5,0,2.3
veh_full_origin_0393_0003,private_car,origin_0393,5440004023,5477#0,,shelter_3,水海道第一高等学校,11531#5,0,2.3
veh_full_origin_0393_0004,private_car,origin_0393,5440004023,5477#0,,shelter_3,水海道第一高等学校,11531#5,0,2.3
veh_full_origin_0393_0005,private_car,origin_0393,5440004023,5477#0,,shelter_3,水海道第一高等学校,11531#5,0,2.3
veh_full_origin_0393_0006,private_car,origin_0393,5440004023,5477#0,,shelter_3,水海道第一高等学校,11531#5,0,2.3
veh_full_origin_0393_0007,private_car,origin_0393,5440004023,5477#0,,shelter_3,水海道第一高等学校,11531#5,0,2.3
veh_full_origin_0393_0008,private_car,origin_0393,5440004023,5477#0,,shelter_3,水海道第一高等学校,11531#5,0,2.3
veh_full_origin_0393_0009,private_car,origin_0393,5440004023,5477#0,,shelter_3,水海道第一高等学校,11531#5,0,2.3
veh_full_origin_0393_0010,private_car,origin_0393,5440004023,5477#0,,shelter_3,水海道第一高等学校,11531#5,0,2.3
veh_full_origin_0393_0011,private_car,origin_0393,5440004023,5477#0,,shelter_3,水海道第一高等学校,11531#5,0,2.3
veh_full_origin_0393_0012,private_car,origin_0393,5440004023,5477#0,,shelter_3,水海道第一高等学校,11531#5,0,2.3
veh_full_origin_0394_0001,private_car,origin_0394,5440004031,5468#2,,shelter_3,水海道第一高等学校,11531#5,0,2.3
veh_full_origin_0394_0002,private_car,origin_0394,5440004031,5468#2,,shelter_3,水海道第一高等学校,11531#5,0,2.3
veh_full_origin_0394_0003,private_car,origin_0394,5440004031,5468#2,,shelter_3,水海道第一高等学校,11531#5,0,2.3
veh_full_origin_0394_0004,private_car,origin_0394,5440004031,5468#2,,shelter_3,水海道第一高等学校,11531#5,0,2.3
veh_full_origin_0394_0005,private_car,origin_0394,5440004031,5468#2,,shelter_3,水海道第一高等学校,11531#5,0,2.3
veh_full_origin_0394_0006,private_car,origin_0394,5440004031,5468#2,,shelter_3,水海道第一高等学校,11531#5,0,2.3
veh_full_origin_0394_0007,private_car,origin_0394,5440004031,5468#2,,shelter_3,水海道第一高等学校,11531#5,0,2.3
veh_full_origin_0395_0001,private_car,origin_0395,5440004034,5480#0,,shelter_3,水海道第一高等学校,11531#5,0,2.3
veh_full_origin_0395_0002,private_car,origin_0395,5440004034,5480#0,,shelter_3,水海道第一高等学校,11531#5,0,2.3
veh_full_origin_0395_0003,private_car,origin_0395,5440004034,5480#0,,shelter_3,水海道第一高等学校,11531#5,0,2.3
veh_full_origin_0396_0001,private_car,origin_0396,5440004043,5476#0,,shelter_3,水海道第一高等学校,11531#5,0,2.3
veh_full_origin_0396_0002,private_car,origin_0396,5440004043,5476#0,,shelter_3,水海道第一高等学校,11531#5,0,2.3
veh_full_origin_0396_0003,private_car,origin_0396,5440004043,5476#0,,shelter_3,水海道第一高等学校,11531#5,0,2.3
veh_full_origin_0396_0004,private_car,origin_0396,5440004043,5476#0,,shelter_3,水海道第一高等学校,11531#5,0,2.3
veh_full_origin_0396_0005,private_car,origin_0396,5440004043,5476#0,,shelter_3,水海道第一高等学校,11531#5,0,2.3
veh_full_origin_0396_0006,private_car,origin_0396,5440004043,5476#0,,shelter_3,水海道第一高等学校,11531#5,0,2.3
veh_full_origin_0396_0007,private_car,origin_0396,5440004043,5476#0,,shelter_3,水海道第一高等学校,11531#5,0,2.3
veh_full_origin_0396_0008,private_car,origin_0396,5440004043,5476#0,,shelter_3,水海道第一高等学校,11531#5,0,2.3
veh_full_origin_0397_0001,private_car,origin_0397,5440005023,11143#1,,shelter_7,豊岡小学校,12727#0,0,2.3
veh_full_origin_0397_0002,private_car,origin_0397,5440005023,11143#1,,shelter_7,豊岡小学校,12727#0,0,2.3
veh_full_origin_0397_0003,private_car,origin_0397,5440005023,11143#1,,shelter_7,豊岡小学校,12727#0,0,2.3
veh_full_origin_0398_0001,private_car,origin_0398,5440005032,5704#1,,shelter_7,豊岡小学校,12727#0,0,2.3
veh_full_origin_0398_0002,private_car,origin_0398,5440005032,5704#1,,shelter_7,豊岡小学校,12727#0,0,2.3
veh_full_origin_0398_0003,private_car,origin_0398,5440005032,5704#1,,shelter_7,豊岡小学校,12727#0,0,2.3
veh_full_origin_0398_0004,private_car,origin_0398,5440005032,5704#1,,shelter_7,豊岡小学校,12727#0,0,2.3
veh_full_origin_0398_0005,private_car,origin_0398,5440005032,5704#1,,shelter_7,豊岡小学校,12727#0,0,2.3
veh_full_origin_0398_0006,private_car,origin_0398,5440005032,5704#1,,shelter_7,豊岡小学校,12727#0,0,2.3
veh_full_origin_0398_0007,private_car,origin_0398,5440005032,5704#1,,shelter_7,豊岡小学校,12727#0,0,2.3
veh_full_origin_0399_0001,private_car,origin_0399,5440005033,124#1,,shelter_7,豊岡小学校,12727#0,0,2.3
veh_full_origin_0399_0002,private_car,origin_0399,5440005033,124#1,,shelter_7,豊岡小学校,12727#0,0,2.3
veh_full_origin_0399_0003,private_car,origin_0399,5440005033,124#1,,shelter_7,豊岡小学校,12727#0,0,2.3
veh_full_origin_0399_0004,private_car,origin_0399,5440005033,124#1,,shelter_7,豊岡小学校,12727#0,0,2.3
veh_full_origin_0399_0005,private_car,origin_0399,5440005033,124#1,,shelter_7,豊岡小学校,12727#0,0,2.3
veh_full_origin_0399_0006,private_car,origin_0399,5440005033,124#1,,shelter_7,豊岡小学校,12727#0,0,2.3
veh_full_origin_0399_0007,private_car,origin_0399,5440005033,124#1,,shelter_7,豊岡小学校,12727#0,0,2.3
veh_full_origin_0399_0008,private_car,origin_0399,5440005033,124#1,,shelter_7,豊岡小学校,12727#0,0,2.3
veh_full_origin_0399_0009,private_car,origin_0399,5440005033,124#1,,shelter_7,豊岡小学校,12727#0,0,2.3
veh_full_origin_0399_0010,private_car,origin_0399,5440005033,124#1,,shelter_7,豊岡小学校,12727#0,0,2.3
veh_full_origin_0399_0011,private_car,origin_0399,5440005033,124#1,,shelter_7,豊岡小学校,12727#0,0,2.3
veh_full_origin_0399_0012,private_car,origin_0399,5440005033,124#1,,shelter_7,豊岡小学校,12727#0,0,2.3
veh_full_origin_0400_0001,private_car,origin_0400,5440005042,5869#7,,shelter_7,豊岡小学校,12727#0,0,2.3
veh_full_origin_0400_0002,private_car,origin_0400,5440005042,5869#7,,shelter_7,豊岡小学校,12727#0,0,2.3
veh_full_origin_0400_0003,private_car,origin_0400,5440005042,5869#7,,shelter_7,豊岡小学校,12727#0,0,2.3
veh_full_origin_0400_0004,private_car,origin_0400,5440005042,5869#7,,shelter_7,豊岡小学校,12727#0,0,2.3
veh_full_origin_0400_0005,private_car,origin_0400,5440005042,5869#7,,shelter_7,豊岡小学校,12727#0,0,2.3
veh_full_origin_0400_0006,private_car,origin_0400,5440005042,5869#7,,shelter_7,豊岡小学校,12727#0,0,2.3
veh_full_origin_0401_0001,private_car,origin_0401,5440006011,9457#0,,shelter_7,豊岡小学校,12727#0,0,2.3
veh_full_origin_0401_0002,private_car,origin_0401,5440006011,9457#0,,shelter_7,豊岡小学校,12727#0,0,2.3
veh_full_origin_0401_0003,private_car,origin_0401,5440006011,9457#0,,shelter_7,豊岡小学校,12727#0,0,2.3
veh_full_origin_0401_0004,private_car,origin_0401,5440006011,9457#0,,shelter_7,豊岡小学校,12727#0,0,2.3
veh_full_origin_0401_0005,private_car,origin_0401,5440006011,9457#0,,shelter_7,豊岡小学校,12727#0,0,2.3
veh_full_origin_0401_0006,private_car,origin_0401,5440006011,9457#0,,shelter_7,豊岡小学校,12727#0,0,2.3
veh_full_origin_0401_0007,private_car,origin_0401,5440006011,9457#0,,shelter_7,豊岡小学校,12727#0,0,2.3
veh_full_origin_0401_0008,private_car,origin_0401,5440006011,9457#0,,shelter_7,豊岡小学校,12727#0,0,2.3
veh_full_origin_0402_0001,private_car,origin_0402,5440006022,5869#2,,shelter_7,豊岡小学校,12727#0,0,2.3
veh_full_origin_0402_0002,private_car,origin_0402,5440006022,5869#2,,shelter_7,豊岡小学校,12727#0,0,2.3
veh_full_origin_0402_0003,private_car,origin_0402,5440006022,5869#2,,shelter_7,豊岡小学校,12727#0,0,2.3
veh_full_origin_0402_0004,private_car,origin_0402,5440006022,5869#2,,shelter_7,豊岡小学校,12727#0,0,2.3
veh_full_origin_0402_0005,private_car,origin_0402,5440006022,5869#2,,shelter_7,豊岡小学校,12727#0,0,2.3
veh_full_origin_0402_0006,private_car,origin_0402,5440006022,5869#2,,shelter_7,豊岡小学校,12727#0,0,2.3
veh_full_origin_0402_0007,private_car,origin_0402,5440006022,5869#2,,shelter_7,豊岡小学校,12727#0,0,2.3
veh_full_origin_0402_0008,private_car,origin_0402,5440006022,5869#2,,shelter_7,豊岡小学校,12727#0,0,2.3
veh_full_origin_0402_0009,private_car,origin_0402,5440006022,5869#2,,shelter_7,豊岡小学校,12727#0,0,2.3
veh_full_origin_0402_0010,private_car,origin_0402,5440006022,5869#2,,shelter_7,豊岡小学校,12727#0,0,2.3
veh_full_origin_0403_0001,private_car,origin_0403,5440007011,127,,shelter_7,豊岡小学校,12727#0,0,2.3
veh_full_origin_0403_0002,private_car,origin_0403,5440007011,127,,shelter_7,豊岡小学校,12727#0,0,2.3
veh_full_origin_0403_0003,private_car,origin_0403,5440007011,127,,shelter_7,豊岡小学校,12727#0,0,2.3
veh_full_origin_0403_0004,private_car,origin_0403,5440007011,127,,shelter_7,豊岡小学校,12727#0,0,2.3
veh_full_origin_0403_0005,private_car,origin_0403,5440007011,127,,shelter_7,豊岡小学校,12727#0,0,2.3
veh_full_origin_0403_0006,private_car,origin_0403,5440007011,127,,shelter_7,豊岡小学校,12727#0,0,2.3
veh_full_origin_0403_0007,private_car,origin_0403,5440007011,127,,shelter_7,豊岡小学校,12727#0,0,2.3
veh_full_origin_0403_0008,private_car,origin_0403,5440007011,127,,shelter_7,豊岡小学校,12727#0,0,2.3
veh_full_origin_0403_0009,private_car,origin_0403,5440007011,127,,shelter_7,豊岡小学校,12727#0,0,2.3
veh_full_origin_0403_0010,private_car,origin_0403,5440007011,127,,shelter_7,豊岡小学校,12727#0,0,2.3
veh_full_origin_0403_0011,private_car,origin_0403,5440007011,127,,shelter_7,豊岡小学校,12727#0,0,2.3
veh_full_origin_0404_0001,private_car,origin_0404,5440007021,129#6,,shelter_7,豊岡小学校,12727#0,0,2.3
veh_full_origin_0404_0002,private_car,origin_0404,5440007021,129#6,,shelter_7,豊岡小学校,12727#0,0,2.3
veh_full_origin_0404_0003,private_car,origin_0404,5440007021,129#6,,shelter_7,豊岡小学校,12727#0,0,2.3
veh_full_origin_0404_0004,private_car,origin_0404,5440007021,129#6,,shelter_7,豊岡小学校,12727#0,0,2.3
veh_full_origin_0404_0005,private_car,origin_0404,5440007021,129#6,,shelter_7,豊岡小学校,12727#0,0,2.3
veh_full_origin_0404_0006,private_car,origin_0404,5440007021,129#6,,shelter_7,豊岡小学校,12727#0,0,2.3
veh_full_origin_0404_0007,private_car,origin_0404,5440007021,129#6,,shelter_7,豊岡小学校,12727#0,0,2.3
veh_full_origin_0404_0008,private_car,origin_0404,5440007021,129#6,,shelter_7,豊岡小学校,12727#0,0,2.3
veh_full_origin_0404_0009,private_car,origin_0404,5440007021,129#6,,shelter_7,豊岡小学校,12727#0,0,2.3
veh_full_origin_0404_0010,private_car,origin_0404,5440007021,129#6,,shelter_7,豊岡小学校,12727#0,0,2.3
veh_full_origin_0404_0011,private_car,origin_0404,5440007021,129#6,,shelter_7,豊岡小学校,12727#0,0,2.3
veh_full_origin_0404_0012,private_car,origin_0404,5440007021,129#6,,shelter_7,豊岡小学校,12727#0,0,2.3
veh_full_origin_0404_0013,private_car,origin_0404,5440007021,129#6,,shelter_7,豊岡小学校,12727#0,0,2.3
veh_full_origin_0404_0014,private_car,origin_0404,5440007021,129#6,,shelter_7,豊岡小学校,12727#0,0,2.3
veh_full_origin_0405_0001,private_car,origin_0405,5440007031,184#1,,shelter_7,豊岡小学校,12727#0,0,2.3
veh_full_origin_0405_0002,private_car,origin_0405,5440007031,184#1,,shelter_7,豊岡小学校,12727#0,0,2.3
veh_full_origin_0405_0003,private_car,origin_0405,5440007031,184#1,,shelter_7,豊岡小学校,12727#0,0,2.3
rescue_origin_0001_0001,rescue_car,origin_0001,5339777442,551#5,551#5,shelter_5,菅生小学校,928#4,0,2.3
rescue_origin_0001_0002,rescue_car,origin_0001,5339777442,551#5,551#5,shelter_5,菅生小学校,928#4,0,2.3
rescue_origin_0001_0003,rescue_car,origin_0001,5339777442,551#5,551#5,shelter_5,菅生小学校,928#4,0,2.3
rescue_origin_0002_0001,rescue_car,origin_0002,5339778343,791#0,791#0,shelter_5,菅生小学校,928#4,0,2.3
rescue_origin_0002_0002,rescue_car,origin_0002,5339778343,791#0,791#0,shelter_5,菅生小学校,928#4,0,2.3
rescue_origin_0002_0003,rescue_car,origin_0002,5339778343,791#0,791#0,shelter_5,菅生小学校,928#4,0,2.3
rescue_origin_0002_0004,rescue_car,origin_0002,5339778343,791#0,791#0,shelter_5,菅生小学校,928#4,0,2.3
rescue_origin_0003_0001,rescue_car,origin_0003,5339779313,792#4,792#4,shelter_5,菅生小学校,928#4,0,2.3
rescue_origin_0003_0002,rescue_car,origin_0003,5339779313,792#4,792#4,shelter_5,菅生小学校,928#4,0,2.3
rescue_origin_0003_0003,rescue_car,origin_0003,5339779313,792#4,792#4,shelter_5,菅生小学校,928#4,0,2.3
rescue_origin_0004_0001,rescue_car,origin_0004,5339779333,912#7,912#7,shelter_5,菅生小学校,928#4,0,2.3
rescue_origin_0004_0002,rescue_car,origin_0004,5339779333,912#7,912#7,shelter_5,菅生小学校,928#4,0,2.3
rescue_origin_0006_0001,rescue_car,origin_0006,5339779823,8754#15,8754#15,shelter_4,水海道小学校,6656#8,0,2.3
rescue_origin_0007_0001,rescue_car,origin_0007,5339779824,8756#5,8756#5,shelter_4,水海道小学校,6656#8,0,2.3
rescue_origin_0008_0001,rescue_car,origin_0008,5339779833,8754#16,8754#16,shelter_4,水海道小学校,6656#8,0,2.3
rescue_origin_0008_0002,rescue_car,origin_0008,5339779833,8754#16,8754#16,shelter_4,水海道小学校,6656#8,0,2.3
rescue_origin_0008_0003,rescue_car,origin_0008,5339779833,8754#16,8754#16,shelter_4,水海道小学校,6656#8,0,2.3
rescue_origin_0008_0004,rescue_car,origin_0008,5339779833,8754#16,8754#16,shelter_4,水海道小学校,6656#8,0,2.3
rescue_origin_0008_0005,rescue_car,origin_0008,5339779833,8754#16,8754#16,shelter_4,水海道小学校,6656#8,0,2.3
rescue_origin_0010_0001,rescue_car,origin_0010,5339779844,12742#8,12742#8,shelter_4,水海道小学校,6656#8,0,2.3
rescue_origin_0011_0001,rescue_car,origin_0011,5339779941,12742#16,12742#16,shelter_4,水海道小学校,6656#8,0,2.3
rescue_origin_0012_0001,rescue_car,origin_0012,5439070313,1003#15,1003#15,shelter_5,菅生小学校,928#4,0,2.3
rescue_origin_0013_0001,rescue_car,origin_0013,5439070411,1018#8,1018#8,shelter_5,菅生小学校,928#4,0,2.3
rescue_origin_0013_0002,rescue_car,origin_0013,5439070411,1018#8,1018#8,shelter_5,菅生小学校,928#4,0,2.3
rescue_origin_0014_0001,rescue_car,origin_0014,5439070424,1038#5,1038#5,shelter_5,菅生小学校,928#4,0,2.3
rescue_origin_0014_0002,rescue_car,origin_0014,5439070424,1038#5,1038#5,shelter_5,菅生小学校,928#4,0,2.3
rescue_origin_0015_0001,rescue_car,origin_0015,5439070433,1602#3,1602#3,shelter_5,菅生小学校,928#4,0,2.3
rescue_origin_0015_0002,rescue_car,origin_0015,5439070433,1602#3,1602#3,shelter_5,菅生小学校,928#4,0,2.3
rescue_origin_0016_0001,rescue_car,origin_0016,5439070434,1093#0,1093#0,shelter_5,菅生小学校,928#4,0,2.3
rescue_origin_0016_0002,rescue_car,origin_0016,5439070434,1093#0,1093#0,shelter_5,菅生小学校,928#4,0,2.3
rescue_origin_0018_0001,rescue_car,origin_0018,5439070541,1160#6,1160#6,shelter_5,菅生小学校,928#4,0,2.3
rescue_origin_0019_0001,rescue_car,origin_0019,5439070714,309#0,309#0,shelter_1,絹西小学校,1072#20,0,2.3
rescue_origin_0019_0002,rescue_car,origin_0019,5439070714,309#0,309#0,shelter_1,絹西小学校,1072#20,0,2.3
rescue_origin_0019_0003,rescue_car,origin_0019,5439070714,309#0,309#0,shelter_1,絹西小学校,1072#20,0,2.3
rescue_origin_0021_0001,rescue_car,origin_0021,5439070734,1133#1,1133#1,shelter_4,水海道小学校,6656#8,0,2.3
rescue_origin_0021_0002,rescue_car,origin_0021,5439070734,1133#1,1133#1,shelter_4,水海道小学校,6656#8,0,2.3
rescue_origin_0021_0003,rescue_car,origin_0021,5439070734,1133#1,1133#1,shelter_4,水海道小学校,6656#8,0,2.3
rescue_origin_0021_0004,rescue_car,origin_0021,5439070734,1133#1,1133#1,shelter_4,水海道小学校,6656#8,0,2.3
rescue_origin_0021_0005,rescue_car,origin_0021,5439070734,1133#1,1133#1,shelter_4,水海道小学校,6656#8,0,2.3
rescue_origin_0021_0006,rescue_car,origin_0021,5439070734,1133#1,1133#1,shelter_4,水海道小学校,6656#8,0,2.3
rescue_origin_0021_0007,rescue_car,origin_0021,5439070734,1133#1,1133#1,shelter_4,水海道小学校,6656#8,0,2.3
rescue_origin_0022_0001,rescue_car,origin_0022,5439070811,309#0,309#0,shelter_4,水海道小学校,6656#8,0,2.3
rescue_origin_0022_0002,rescue_car,origin_0022,5439070811,309#0,309#0,shelter_4,水海道小学校,6656#8,0,2.3
rescue_origin_0022_0003,rescue_car,origin_0022,5439070811,309#0,309#0,shelter_4,水海道小学校,6656#8,0,2.3
rescue_origin_0022_0004,rescue_car,origin_0022,5439070811,309#0,309#0,shelter_4,水海道小学校,6656#8,0,2.3
rescue_origin_0024_0001,rescue_car,origin_0024,5439070821,1129#2,1129#2,shelter_4,水海道小学校,6656#8,0,2.3
rescue_origin_0024_0002,rescue_car,origin_0024,5439070821,1129#2,1129#2,shelter_4,水海道小学校,6656#8,0,2.3
rescue_origin_0025_0001,rescue_car,origin_0025,5439070822,6650#9,6650#9,shelter_4,水海道小学校,6656#8,0,2.3
rescue_origin_0025_0002,rescue_car,origin_0025,5439070822,6650#9,6650#9,shelter_4,水海道小学校,6656#8,0,2.3
rescue_origin_0025_0003,rescue_car,origin_0025,5439070822,6650#9,6650#9,shelter_4,水海道小学校,6656#8,0,2.3
rescue_origin_0025_0004,rescue_car,origin_0025,5439070822,6650#9,6650#9,shelter_4,水海道小学校,6656#8,0,2.3
rescue_origin_0027_0001,rescue_car,origin_0027,5439070824,8785,8785,shelter_4,水海道小学校,6656#8,0,2.3
rescue_origin_0028_0001,rescue_car,origin_0028,5439070831,1129#0,1129#0,shelter_4,水海道小学校,6656#8,0,2.3
rescue_origin_0030_0001,rescue_car,origin_0030,5439070833,6652#2,6652#2,shelter_4,水海道小学校,6656#8,0,2.3
rescue_origin_0030_0002,rescue_car,origin_0030,5439070833,6652#2,6652#2,shelter_4,水海道小学校,6656#8,0,2.3
rescue_origin_0030_0003,rescue_car,origin_0030,5439070833,6652#2,6652#2,shelter_4,水海道小学校,6656#8,0,2.3
rescue_origin_0030_0004,rescue_car,origin_0030,5439070833,6652#2,6652#2,shelter_4,水海道小学校,6656#8,0,2.3
rescue_origin_0030_0005,rescue_car,origin_0030,5439070833,6652#2,6652#2,shelter_4,水海道小学校,6656#8,0,2.3
rescue_origin_0030_0006,rescue_car,origin_0030,5439070833,6652#2,6652#2,shelter_4,水海道小学校,6656#8,0,2.3
rescue_origin_0031_0001,rescue_car,origin_0031,5439070834,1101#2,1101#2,shelter_4,水海道小学校,6656#8,0,2.3
rescue_origin_0031_0002,rescue_car,origin_0031,5439070834,1101#2,1101#2,shelter_4,水海道小学校,6656#8,0,2.3
rescue_origin_0033_0001,rescue_car,origin_0033,5439070844,8810#3,8810#3,shelter_4,水海道小学校,6656#8,0,2.3
rescue_origin_0033_0002,rescue_car,origin_0033,5439070844,8810#3,8810#3,shelter_4,水海道小学校,6656#8,0,2.3
rescue_origin_0033_0003,rescue_car,origin_0033,5439070844,8810#3,8810#3,shelter_4,水海道小学校,6656#8,0,2.3
rescue_origin_0033_0004,rescue_car,origin_0033,5439070844,8810#3,8810#3,shelter_4,水海道小学校,6656#8,0,2.3
rescue_origin_0033_0005,rescue_car,origin_0033,5439070844,8810#3,8810#3,shelter_4,水海道小学校,6656#8,0,2.3
rescue_origin_0033_0006,rescue_car,origin_0033,5439070844,8810#3,8810#3,shelter_4,水海道小学校,6656#8,0,2.3
rescue_origin_0034_0001,rescue_car,origin_0034,5439070911,9465#1,9465#1,shelter_4,水海道小学校,6656#8,0,2.3
rescue_origin_0035_0001,rescue_car,origin_0035,5439070913,1044#14,1044#14,shelter_4,水海道小学校,6656#8,0,2.3
rescue_origin_0035_0002,rescue_car,origin_0035,5439070913,1044#14,1044#14,shelter_4,水海道小学校,6656#8,0,2.3
rescue_origin_0037_0001,rescue_car,origin_0037,5439070931,8786#10,8786#10,shelter_4,水海道小学校,6656#8,0,2.3
rescue_origin_0037_0002,rescue_car,origin_0037,5439070931,8786#10,8786#10,shelter_4,水海道小学校,6656#8,0,2.3
rescue_origin_0038_0001,rescue_car,origin_0038,5439071414,11291#5,11291#5,shelter_5,菅生小学校,928#4,0,2.3
rescue_origin_0040_0001,rescue_car,origin_0040,5439071433,1253#0,1253#0,shelter_5,菅生小学校,928#4,0,2.3
rescue_origin_0041_0001,rescue_car,origin_0041,5439071434,1312,1312,shelter_5,菅生小学校,928#4,0,2.3
rescue_origin_0041_0002,rescue_car,origin_0041,5439071434,1312,1312,shelter_5,菅生小学校,928#4,0,2.3
rescue_origin_0041_0003,rescue_car,origin_0041,5439071434,1312,1312,shelter_5,菅生小学校,928#4,0,2.3
rescue_origin_0041_0004,rescue_car,origin_0041,5439071434,1312,1312,shelter_5,菅生小学校,928#4,0,2.3
rescue_origin_0041_0005,rescue_car,origin_0041,5439071434,1312,1312,shelter_5,菅生小学校,928#4,0,2.3
rescue_origin_0041_0006,rescue_car,origin_0041,5439071434,1312,1312,shelter_5,菅生小学校,928#4,0,2.3
rescue_origin_0041_0007,rescue_car,origin_0041,5439071434,1312,1312,shelter_5,菅生小学校,928#4,0,2.3
rescue_origin_0042_0001,rescue_car,origin_0042,5439071442,1317#1,1317#1,shelter_5,菅生小学校,928#4,0,2.3
rescue_origin_0043_0001,rescue_car,origin_0043,5439071443,12327#10,12327#10,shelter_5,菅生小学校,928#4,0,2.3
rescue_origin_0044_0001,rescue_car,origin_0044,5439071511,1192#16,1192#16,shelter_5,菅生小学校,928#4,0,2.3
rescue_origin_0045_0001,rescue_car,origin_0045,5439071624,9666#5,9666#5,shelter_1,絹西小学校,1072#20,0,2.3
rescue_origin_0045_0002,rescue_car,origin_0045,5439071624,9666#5,9666#5,shelter_1,絹西小学校,1072#20,0,2.3
rescue_origin_0045_0003,rescue_car,origin_0045,5439071624,9666#5,9666#5,shelter_1,絹西小学校,1072#20,0,2.3
rescue_origin_0045_0004,rescue_car,origin_0045,5439071624,9666#5,9666#5,shelter_1,絹西小学校,1072#20,0,2.3
rescue_origin_0046_0001,rescue_car,origin_0046,5439071644,10621#0,10621#0,shelter_1,絹西小学校,1072#20,0,2.3
rescue_origin_0047_0001,rescue_car,origin_0047,5439071721,10563#10,10563#10,shelter_1,絹西小学校,1072#20,0,2.3
rescue_origin_0047_0002,rescue_car,origin_0047,5439071721,10563#10,10563#10,shelter_1,絹西小学校,1072#20,0,2.3
rescue_origin_0047_0003,rescue_car,origin_0047,5439071721,10563#10,10563#10,shelter_1,絹西小学校,1072#20,0,2.3
rescue_origin_0048_0001,rescue_car,origin_0048,5439071722,9688#11,9688#11,shelter_4,水海道小学校,6656#8,0,2.3
rescue_origin_0049_0001,rescue_car,origin_0049,5439071731,10586#0,10586#0,shelter_4,水海道小学校,6656#8,0,2.3
rescue_origin_0049_0002,rescue_car,origin_0049,5439071731,10586#0,10586#0,shelter_4,水海道小学校,6656#8,0,2.3
rescue_origin_0049_0003,rescue_car,origin_0049,5439071731,10586#0,10586#0,shelter_4,水海道小学校,6656#8,0,2.3
rescue_origin_0049_0004,rescue_car,origin_0049,5439071731,10586#0,10586#0,shelter_4,水海道小学校,6656#8,0,2.3
rescue_origin_0050_0001,rescue_car,origin_0050,5439071732,9765,9765,shelter_4,水海道小学校,6656#8,0,2.3
rescue_origin_0051_0001,rescue_car,origin_0051,5439071741,9784#0,9784#0,shelter_4,水海道小学校,6656#8,0,2.3
rescue_origin_0051_0002,rescue_car,origin_0051,5439071741,9784#0,9784#0,shelter_4,水海道小学校,6656#8,0,2.3
rescue_origin_0051_0003,rescue_car,origin_0051,5439071741,9784#0,9784#0,shelter_4,水海道小学校,6656#8,0,2.3
rescue_origin_0051_0004,rescue_car,origin_0051,5439071741,9784#0,9784#0,shelter_4,水海道小学校,6656#8,0,2.3
rescue_origin_0051_0005,rescue_car,origin_0051,5439071741,9784#0,9784#0,shelter_4,水海道小学校,6656#8,0,2.3
rescue_origin_0052_0001,rescue_car,origin_0052,5439071742,9785#1,9785#1,shelter_4,水海道小学校,6656#8,0,2.3
rescue_origin_0052_0002,rescue_car,origin_0052,5439071742,9785#1,9785#1,shelter_4,水海道小学校,6656#8,0,2.3
rescue_origin_0053_0001,rescue_car,origin_0053,5439071743,9776#1,9776#1,shelter_4,水海道小学校,6656#8,0,2.3
rescue_origin_0053_0002,rescue_car,origin_0053,5439071743,9776#1,9776#1,shelter_4,水海道小学校,6656#8,0,2.3
rescue_origin_0053_0003,rescue_car,origin_0053,5439071743,9776#1,9776#1,shelter_4,水海道小学校,6656#8,0,2.3
rescue_origin_0053_0004,rescue_car,origin_0053,5439071743,9776#1,9776#1,shelter_4,水海道小学校,6656#8,0,2.3
rescue_origin_0054_0001,rescue_car,origin_0054,5439071812,8771#1,8771#1,shelter_4,水海道小学校,6656#8,0,2.3
rescue_origin_0054_0002,rescue_car,origin_0054,5439071812,8771#1,8771#1,shelter_4,水海道小学校,6656#8,0,2.3
rescue_origin_0054_0003,rescue_car,origin_0054,5439071812,8771#1,8771#1,shelter_4,水海道小学校,6656#8,0,2.3
rescue_origin_0054_0004,rescue_car,origin_0054,5439071812,8771#1,8771#1,shelter_4,水海道小学校,6656#8,0,2.3
rescue_origin_0055_0001,rescue_car,origin_0055,5439071814,8835,8835,shelter_4,水海道小学校,6656#8,0,2.3
rescue_origin_0055_0002,rescue_car,origin_0055,5439071814,8835,8835,shelter_4,水海道小学校,6656#8,0,2.3
rescue_origin_0055_0003,rescue_car,origin_0055,5439071814,8835,8835,shelter_4,水海道小学校,6656#8,0,2.3
rescue_origin_0056_0001,rescue_car,origin_0056,5439071823,8927,8927,shelter_4,水海道小学校,6656#8,0,2.3
rescue_origin_0056_0002,rescue_car,origin_0056,5439071823,8927,8927,shelter_4,水海道小学校,6656#8,0,2.3
rescue_origin_0056_0003,rescue_car,origin_0056,5439071823,8927,8927,shelter_4,水海道小学校,6656#8,0,2.3
rescue_origin_0056_0004,rescue_car,origin_0056,5439071823,8927,8927,shelter_4,水海道小学校,6656#8,0,2.3
rescue_origin_0056_0005,rescue_car,origin_0056,5439071823,8927,8927,shelter_4,水海道小学校,6656#8,0,2.3
rescue_origin_0056_0006,rescue_car,origin_0056,5439071823,8927,8927,shelter_4,水海道小学校,6656#8,0,2.3
rescue_origin_0056_0007,rescue_car,origin_0056,5439071823,8927,8927,shelter_4,水海道小学校,6656#8,0,2.3
rescue_origin_0058_0001,rescue_car,origin_0058,5439071843,1469#5,1469#5,shelter_3,水海道第一高等学校,11531#5,0,2.3
rescue_origin_0058_0002,rescue_car,origin_0058,5439071843,1469#5,1469#5,shelter_3,水海道第一高等学校,11531#5,0,2.3
rescue_origin_0058_0003,rescue_car,origin_0058,5439071843,1469#5,1469#5,shelter_3,水海道第一高等学校,11531#5,0,2.3
rescue_origin_0058_0004,rescue_car,origin_0058,5439071843,1469#5,1469#5,shelter_3,水海道第一高等学校,11531#5,0,2.3
rescue_origin_0058_0005,rescue_car,origin_0058,5439071843,1469#5,1469#5,shelter_3,水海道第一高等学校,11531#5,0,2.3
rescue_origin_0058_0006,rescue_car,origin_0058,5439071843,1469#5,1469#5,shelter_3,水海道第一高等学校,11531#5,0,2.3
rescue_origin_0059_0001,rescue_car,origin_0059,5439071844,323,323,shelter_3,水海道第一高等学校,11531#5,0,2.3
rescue_origin_0059_0002,rescue_car,origin_0059,5439071844,323,323,shelter_3,水海道第一高等学校,11531#5,0,2.3
rescue_origin_0059_0003,rescue_car,origin_0059,5439071844,323,323,shelter_3,水海道第一高等学校,11531#5,0,2.3
rescue_origin_0059_0004,rescue_car,origin_0059,5439071844,323,323,shelter_3,水海道第一高等学校,11531#5,0,2.3
rescue_origin_0059_0005,rescue_car,origin_0059,5439071844,323,323,shelter_3,水海道第一高等学校,11531#5,0,2.3
rescue_origin_0059_0006,rescue_car,origin_0059,5439071844,323,323,shelter_3,水海道第一高等学校,11531#5,0,2.3
rescue_origin_0059_0007,rescue_car,origin_0059,5439071844,323,323,shelter_3,水海道第一高等学校,11531#5,0,2.3
rescue_origin_0059_0008,rescue_car,origin_0059,5439071844,323,323,shelter_3,水海道第一高等学校,11531#5,0,2.3
rescue_origin_0059_0009,rescue_car,origin_0059,5439071844,323,323,shelter_3,水海道第一高等学校,11531#5,0,2.3
rescue_origin_0059_0010,rescue_car,origin_0059,5439071844,323,323,shelter_3,水海道第一高等学校,11531#5,0,2.3
rescue_origin_0059_0011,rescue_car,origin_0059,5439071844,323,323,shelter_3,水海道第一高等学校,11531#5,0,2.3
rescue_origin_0059_0012,rescue_car,origin_0059,5439071844,323,323,shelter_3,水海道第一高等学校,11531#5,0,2.3
rescue_origin_0059_0013,rescue_car,origin_0059,5439071844,323,323,shelter_3,水海道第一高等学校,11531#5,0,2.3
rescue_origin_0059_0014,rescue_car,origin_0059,5439071844,323,323,shelter_3,水海道第一高等学校,11531#5,0,2.3
rescue_origin_0060_0001,rescue_car,origin_0060,5439071911,9471#4,9471#4,shelter_4,水海道小学校,6656#8,0,2.3
rescue_origin_0061_0001,rescue_car,origin_0061,5439071931,1462#3,1462#3,shelter_3,水海道第一高等学校,11531#5,0,2.3
rescue_origin_0061_0002,rescue_car,origin_0061,5439071931,1462#3,1462#3,shelter_3,水海道第一高等学校,11531#5,0,2.3
rescue_origin_0061_0003,rescue_car,origin_0061,5439071931,1462#3,1462#3,shelter_3,水海道第一高等学校,11531#5,0,2.3
rescue_origin_0061_0004,rescue_car,origin_0061,5439071931,1462#3,1462#3,shelter_3,水海道第一高等学校,11531#5,0,2.3
rescue_origin_0061_0005,rescue_car,origin_0061,5439071931,1462#3,1462#3,shelter_3,水海道第一高等学校,11531#5,0,2.3
rescue_origin_0061_0006,rescue_car,origin_0061,5439071931,1462#3,1462#3,shelter_3,水海道第一高等学校,11531#5,0,2.3
rescue_origin_0061_0007,rescue_car,origin_0061,5439071931,1462#3,1462#3,shelter_3,水海道第一高等学校,11531#5,0,2.3
rescue_origin_0061_0008,rescue_car,origin_0061,5439071931,1462#3,1462#3,shelter_3,水海道第一高等学校,11531#5,0,2.3
rescue_origin_0061_0009,rescue_car,origin_0061,5439071931,1462#3,1462#3,shelter_3,水海道第一高等学校,11531#5,0,2.3
rescue_origin_0061_0010,rescue_car,origin_0061,5439071931,1462#3,1462#3,shelter_3,水海道第一高等学校,11531#5,0,2.3
rescue_origin_0061_0011,rescue_car,origin_0061,5439071931,1462#3,1462#3,shelter_3,水海道第一高等学校,11531#5,0,2.3
rescue_origin_0061_0012,rescue_car,origin_0061,5439071931,1462#3,1462#3,shelter_3,水海道第一高等学校,11531#5,0,2.3
rescue_origin_0061_0013,rescue_car,origin_0061,5439071931,1462#3,1462#3,shelter_3,水海道第一高等学校,11531#5,0,2.3
rescue_origin_0061_0014,rescue_car,origin_0061,5439071931,1462#3,1462#3,shelter_3,水海道第一高等学校,11531#5,0,2.3
rescue_origin_0061_0015,rescue_car,origin_0061,5439071931,1462#3,1462#3,shelter_3,水海道第一高等学校,11531#5,0,2.3
rescue_origin_0063_0001,rescue_car,origin_0063,5439071942,9043#0,9043#0,shelter_3,水海道第一高等学校,11531#5,0,2.3
rescue_origin_0063_0002,rescue_car,origin_0063,5439071942,9043#0,9043#0,shelter_3,水海道第一高等学校,11531#5,0,2.3
rescue_origin_0063_0003,rescue_car,origin_0063,5439071942,9043#0,9043#0,shelter_3,水海道第一高等学校,11531#5,0,2.3
rescue_origin_0064_0001,rescue_car,origin_0064,5439072412,1318#6,1318#6,shelter_5,菅生小学校,928#4,0,2.3
rescue_origin_0064_0002,rescue_car,origin_0064,5439072412,1318#6,1318#6,shelter_5,菅生小学校,928#4,0,2.3
rescue_origin_0064_0003,rescue_car,origin_0064,5439072412,1318#6,1318#6,shelter_5,菅生小学校,928#4,0,2.3
rescue_origin_0065_0001,rescue_car,origin_0065,5439072413,1412#7,1412#7,shelter_5,菅生小学校,928#4,0,2.3
rescue_origin_0065_0002,rescue_car,origin_0065,5439072413,1412#7,1412#7,shelter_5,菅生小学校,928#4,0,2.3
rescue_origin_0065_0003,rescue_car,origin_0065,5439072413,1412#7,1412#7,shelter_5,菅生小学校,928#4,0,2.3
rescue_origin_0068_0001,rescue_car,origin_0068,5439072541,1370#26,1370#26,shelter_7,豊岡小学校,12727#0,0,2.3
rescue_origin_0069_0001,rescue_car,origin_0069,5439072542,10334#10,10334#10,shelter_7,豊岡小学校,12727#0,0,2.3
rescue_origin_0069_0002,rescue_car,origin_0069,5439072542,10334#10,10334#10,shelter_7,豊岡小学校,12727#0,0,2.3
rescue_origin_0069_0003,rescue_car,origin_0069,5439072542,10334#10,10334#10,shelter_7,豊岡小学校,12727#0,0,2.3
rescue_origin_0071_0001,rescue_car,origin_0071,5439072544,10321#0,10321#0,shelter_7,豊岡小学校,12727#0,0,2.3
rescue_origin_0072_0001,rescue_car,origin_0072,5439072614,10624#2,10624#2,shelter_7,豊岡小学校,12727#0,0,2.3
rescue_origin_0072_0002,rescue_car,origin_0072,5439072614,10624#2,10624#2,shelter_7,豊岡小学校,12727#0,0,2.3
rescue_origin_0072_0003,rescue_car,origin_0072,5439072614,10624#2,10624#2,shelter_7,豊岡小学校,12727#0,0,2.3
rescue_origin_0072_0004,rescue_car,origin_0072,5439072614,10624#2,10624#2,shelter_7,豊岡小学校,12727#0,0,2.3
rescue_origin_0072_0005,rescue_car,origin_0072,5439072614,10624#2,10624#2,shelter_7,豊岡小学校,12727#0,0,2.3
rescue_origin_0073_0001,rescue_car,origin_0073,5439072623,1428,1428,shelter_7,豊岡小学校,12727#0,0,2.3
rescue_origin_0073_0002,rescue_car,origin_0073,5439072623,1428,1428,shelter_7,豊岡小学校,12727#0,0,2.3
rescue_origin_0073_0003,rescue_car,origin_0073,5439072623,1428,1428,shelter_7,豊岡小学校,12727#0,0,2.3
rescue_origin_0073_0004,rescue_car,origin_0073,5439072623,1428,1428,shelter_7,豊岡小学校,12727#0,0,2.3
rescue_origin_0074_0001,rescue_car,origin_0074,5439072624,10638#2,10638#2,shelter_7,豊岡小学校,12727#0,0,2.3
rescue_origin_0076_0001,rescue_car,origin_0076,5439072641,12684#1,12684#1,shelter_7,豊岡小学校,12727#0,0,2.3
rescue_origin_0076_0002,rescue_car,origin_0076,5439072641,12684#1,12684#1,shelter_7,豊岡小学校,12727#0,0,2.3
rescue_origin_0079_0001,rescue_car,origin_0079,5439072644,10837#1,10837#1,shelter_7,豊岡小学校,12727#0,0,2.3
rescue_origin_0079_0002,rescue_car,origin_0079,5439072644,10837#1,10837#1,shelter_7,豊岡小学校,12727#0,0,2.3
rescue_origin_0080_0001,rescue_car,origin_0080,5439072834,5188#1,5188#1,shelter_3,水海道第一高等学校,11531#5,0,2.3
rescue_origin_0080_0002,rescue_car,origin_0080,5439072834,5188#1,5188#1,shelter_3,水海道第一高等学校,11531#5,0,2.3
rescue_origin_0080_0003,rescue_car,origin_0080,5439072834,5188#1,5188#1,shelter_3,水海道第一高等学校,11531#5,0,2.3
rescue_origin_0080_0004,rescue_car,origin_0080,5439072834,5188#1,5188#1,shelter_3,水海道第一高等学校,11531#5,0,2.3
rescue_origin_0080_0005,rescue_car,origin_0080,5439072834,5188#1,5188#1,shelter_3,水海道第一高等学校,11531#5,0,2.3
rescue_origin_0080_0006,rescue_car,origin_0080,5439072834,5188#1,5188#1,shelter_3,水海道第一高等学校,11531#5,0,2.3
rescue_origin_0080_0007,rescue_car,origin_0080,5439072834,5188#1,5188#1,shelter_3,水海道第一高等学校,11531#5,0,2.3
rescue_origin_0080_0008,rescue_car,origin_0080,5439072834,5188#1,5188#1,shelter_3,水海道第一高等学校,11531#5,0,2.3
rescue_origin_0080_0009,rescue_car,origin_0080,5439072834,5188#1,5188#1,shelter_3,水海道第一高等学校,11531#5,0,2.3
rescue_origin_0080_0010,rescue_car,origin_0080,5439072834,5188#1,5188#1,shelter_3,水海道第一高等学校,11531#5,0,2.3
rescue_origin_0080_0011,rescue_car,origin_0080,5439072834,5188#1,5188#1,shelter_3,水海道第一高等学校,11531#5,0,2.3
rescue_origin_0080_0012,rescue_car,origin_0080,5439072834,5188#1,5188#1,shelter_3,水海道第一高等学校,11531#5,0,2.3
rescue_origin_0080_0013,rescue_car,origin_0080,5439072834,5188#1,5188#1,shelter_3,水海道第一高等学校,11531#5,0,2.3
rescue_origin_0080_0014,rescue_car,origin_0080,5439072834,5188#1,5188#1,shelter_3,水海道第一高等学校,11531#5,0,2.3
rescue_origin_0080_0015,rescue_car,origin_0080,5439072834,5188#1,5188#1,shelter_3,水海道第一高等学校,11531#5,0,2.3
rescue_origin_0080_0016,rescue_car,origin_0080,5439072834,5188#1,5188#1,shelter_3,水海道第一高等学校,11531#5,0,2.3
rescue_origin_0080_0017,rescue_car,origin_0080,5439072834,5188#1,5188#1,shelter_3,水海道第一高等学校,11531#5,0,2.3
rescue_origin_0080_0018,rescue_car,origin_0080,5439072834,5188#1,5188#1,shelter_3,水海道第一高等学校,11531#5,0,2.3
rescue_origin_0081_0001,rescue_car,origin_0081,5439072844,5200#0,5200#0,shelter_3,水海道第一高等学校,11531#5,0,2.3
rescue_origin_0081_0002,rescue_car,origin_0081,5439072844,5200#0,5200#0,shelter_3,水海道第一高等学校,11531#5,0,2.3
rescue_origin_0081_0003,rescue_car,origin_0081,5439072844,5200#0,5200#0,shelter_3,水海道第一高等学校,11531#5,0,2.3
rescue_origin_0082_0001,rescue_car,origin_0082,5439072911,1470#1,1470#1,shelter_3,水海道第一高等学校,11531#5,0,2.3
rescue_origin_0082_0002,rescue_car,origin_0082,5439072911,1470#1,1470#1,shelter_3,水海道第一高等学校,11531#5,0,2.3
rescue_origin_0082_0003,rescue_car,origin_0082,5439072911,1470#1,1470#1,shelter_3,水海道第一高等学校,11531#5,0,2.3
rescue_origin_0082_0004,rescue_car,origin_0082,5439072911,1470#1,1470#1,shelter_3,水海道第一高等学校,11531#5,0,2.3
rescue_origin_0082_0005,rescue_car,origin_0082,5439072911,1470#1,1470#1,shelter_3,水海道第一高等学校,11531#5,0,2.3
rescue_origin_0082_0006,rescue_car,origin_0082,5439072911,1470#1,1470#1,shelter_3,水海道第一高等学校,11531#5,0,2.3
rescue_origin_0082_0007,rescue_car,origin_0082,5439072911,1470#1,1470#1,shelter_3,水海道第一高等学校,11531#5,0,2.3
rescue_origin_0082_0008,rescue_car,origin_0082,5439072911,1470#1,1470#1,shelter_3,水海道第一高等学校,11531#5,0,2.3
rescue_origin_0082_0009,rescue_car,origin_0082,5439072911,1470#1,1470#1,shelter_3,水海道第一高等学校,11531#5,0,2.3
rescue_origin_0082_0010,rescue_car,origin_0082,5439072911,1470#1,1470#1,shelter_3,水海道第一高等学校,11531#5,0,2.3
rescue_origin_0082_0011,rescue_car,origin_0082,5439072911,1470#1,1470#1,shelter_3,水海道第一高等学校,11531#5,0,2.3
rescue_origin_0082_0012,rescue_car,origin_0082,5439072911,1470#1,1470#1,shelter_3,水海道第一高等学校,11531#5,0,2.3
rescue_origin_0082_0013,rescue_car,origin_0082,5439072911,1470#1,1470#1,shelter_3,水海道第一高等学校,11531#5,0,2.3
rescue_origin_0082_0014,rescue_car,origin_0082,5439072911,1470#1,1470#1,shelter_3,水海道第一高等学校,11531#5,0,2.3
rescue_origin_0083_0001,rescue_car,origin_0083,5439072912,9063,9063,shelter_3,水海道第一高等学校,11531#5,0,2.3
rescue_origin_0083_0002,rescue_car,origin_0083,5439072912,9063,9063,shelter_3,水海道第一高等学校,11531#5,0,2.3
rescue_origin_0083_0003,rescue_car,origin_0083,5439072912,9063,9063,shelter_3,水海道第一高等学校,11531#5,0,2.3
rescue_origin_0083_0004,rescue_car,origin_0083,5439072912,9063,9063,shelter_3,水海道第一高等学校,11531#5,0,2.3
rescue_origin_0083_0005,rescue_car,origin_0083,5439072912,9063,9063,shelter_3,水海道第一高等学校,11531#5,0,2.3
rescue_origin_0083_0006,rescue_car,origin_0083,5439072912,9063,9063,shelter_3,水海道第一高等学校,11531#5,0,2.3
rescue_origin_0084_0001,rescue_car,origin_0084,5439072913,1483,1483,shelter_3,水海道第一高等学校,11531#5,0,2.3
rescue_origin_0084_0002,rescue_car,origin_0084,5439072913,1483,1483,shelter_3,水海道第一高等学校,11531#5,0,2.3
rescue_origin_0084_0003,rescue_car,origin_0084,5439072913,1483,1483,shelter_3,水海道第一高等学校,11531#5,0,2.3
rescue_origin_0084_0004,rescue_car,origin_0084,5439072913,1483,1483,shelter_3,水海道第一高等学校,11531#5,0,2.3
rescue_origin_0084_0005,rescue_car,origin_0084,5439072913,1483,1483,shelter_3,水海道第一高等学校,11531#5,0,2.3
rescue_origin_0084_0006,rescue_car,origin_0084,5439072913,1483,1483,shelter_3,水海道第一高等学校,11531#5,0,2.3
rescue_origin_0084_0007,rescue_car,origin_0084,5439072913,1483,1483,shelter_3,水海道第一高等学校,11531#5,0,2.3
rescue_origin_0084_0008,rescue_car,origin_0084,5439072913,1483,1483,shelter_3,水海道第一高等学校,11531#5,0,2.3
rescue_origin_0084_0009,rescue_car,origin_0084,5439072913,1483,1483,shelter_3,水海道第一高等学校,11531#5,0,2.3
rescue_origin_0084_0010,rescue_car,origin_0084,5439072913,1483,1483,shelter_3,水海道第一高等学校,11531#5,0,2.3
rescue_origin_0084_0011,rescue_car,origin_0084,5439072913,1483,1483,shelter_3,水海道第一高等学校,11531#5,0,2.3
rescue_origin_0084_0012,rescue_car,origin_0084,5439072913,1483,1483,shelter_3,水海道第一高等学校,11531#5,0,2.3
rescue_origin_0084_0013,rescue_car,origin_0084,5439072913,1483,1483,shelter_3,水海道第一高等学校,11531#5,0,2.3
rescue_origin_0084_0014,rescue_car,origin_0084,5439072913,1483,1483,shelter_3,水海道第一高等学校,11531#5,0,2.3
rescue_origin_0084_0015,rescue_car,origin_0084,5439072913,1483,1483,shelter_3,水海道第一高等学校,11531#5,0,2.3
rescue_origin_0084_0016,rescue_car,origin_0084,5439072913,1483,1483,shelter_3,水海道第一高等学校,11531#5,0,2.3
rescue_origin_0084_0017,rescue_car,origin_0084,5439072913,1483,1483,shelter_3,水海道第一高等学校,11531#5,0,2.3
rescue_origin_0084_0018,rescue_car,origin_0084,5439072913,1483,1483,shelter_3,水海道第一高等学校,11531#5,0,2.3
rescue_origin_0084_0019,rescue_car,origin_0084,5439072913,1483,1483,shelter_3,水海道第一高等学校,11531#5,0,2.3
rescue_origin_0084_0020,rescue_car,origin_0084,5439072913,1483,1483,shelter_3,水海道第一高等学校,11531#5,0,2.3
rescue_origin_0084_0021,rescue_car,origin_0084,5439072913,1483,1483,shelter_3,水海道第一高等学校,11531#5,0,2.3
rescue_origin_0084_0022,rescue_car,origin_0084,5439072913,1483,1483,shelter_3,水海道第一高等学校,11531#5,0,2.3
rescue_origin_0085_0004,rescue_car,origin_0085,5439072914,9337#1,9337#1,shelter_3,水海道第一高等学校,11531#5,0,2.3
rescue_origin_0085_0005,rescue_car,origin_0085,5439072914,9337#1,9337#1,shelter_3,水海道第一高等学校,11531#5,0,2.3
rescue_origin_0085_0006,rescue_car,origin_0085,5439072914,9337#1,9337#1,shelter_3,水海道第一高等学校,11531#5,0,2.3
rescue_origin_0085_0007,rescue_car,origin_0085,5439072914,9337#1,9337#1,shelter_3,水海道第一高等学校,11531#5,0,2.3
rescue_origin_0085_0008,rescue_car,origin_0085,5439072914,9337#1,9337#1,shelter_3,水海道第一高等学校,11531#5,0,2.3
rescue_origin_0085_0009,rescue_car,origin_0085,5439072914,9337#1,9337#1,shelter_3,水海道第一高等学校,11531#5,0,2.3
rescue_origin_0085_0010,rescue_car,origin_0085,5439072914,9337#1,9337#1,shelter_3,水海道第一高等学校,11531#5,0,2.3
rescue_origin_0085_0011,rescue_car,origin_0085,5439072914,9337#1,9337#1,shelter_3,水海道第一高等学校,11531#5,0,2.3
rescue_origin_0085_0012,rescue_car,origin_0085,5439072914,9337#1,9337#1,shelter_3,水海道第一高等学校,11531#5,0,2.3
rescue_origin_0085_0013,rescue_car,origin_0085,5439072914,9337#1,9337#1,shelter_3,水海道第一高等学校,11531#5,0,2.3
rescue_origin_0085_0014,rescue_car,origin_0085,5439072914,9337#1,9337#1,shelter_3,水海道第一高等学校,11531#5,0,2.3
rescue_origin_0085_0015,rescue_car,origin_0085,5439072914,9337#1,9337#1,shelter_3,水海道第一高等学校,11531#5,0,2.3
rescue_origin_0085_0016,rescue_car,origin_0085,5439072914,9337#1,9337#1,shelter_3,水海道第一高等学校,11531#5,0,2.3
rescue_origin_0085_0017,rescue_car,origin_0085,5439072914,9337#1,9337#1,shelter_3,水海道第一高等学校,11531#5,0,2.3
rescue_origin_0086_0001,rescue_car,origin_0086,5439072923,11525#21,11525#21,shelter_3,水海道第一高等学校,11531#5,0,2.3
rescue_origin_0086_0002,rescue_car,origin_0086,5439072923,11525#21,11525#21,shelter_3,水海道第一高等学校,11531#5,0,2.3
rescue_origin_0086_0003,rescue_car,origin_0086,5439072923,11525#21,11525#21,shelter_3,水海道第一高等学校,11531#5,0,2.3
rescue_origin_0086_0004,rescue_car,origin_0086,5439072923,11525#21,11525#21,shelter_3,水海道第一高等学校,11531#5,0,2.3
rescue_origin_0086_0005,rescue_car,origin_0086,5439072923,11525#21,11525#21,shelter_3,水海道第一高等学校,11531#5,0,2.3
rescue_origin_0086_0006,rescue_car,origin_0086,5439072923,11525#21,11525#21,shelter_3,水海道第一高等学校,11531#5,0,2.3
rescue_origin_0086_0007,rescue_car,origin_0086,5439072923,11525#21,11525#21,shelter_3,水海道第一高等学校,11531#5,0,2.3
rescue_origin_0086_0008,rescue_car,origin_0086,5439072923,11525#21,11525#21,shelter_3,水海道第一高等学校,11531#5,0,2.3
rescue_origin_0086_0009,rescue_car,origin_0086,5439072923,11525#21,11525#21,shelter_3,水海道第一高等学校,11531#5,0,2.3
rescue_origin_0086_0010,rescue_car,origin_0086,5439072923,11525#21,11525#21,shelter_3,水海道第一高等学校,11531#5,0,2.3
rescue_origin_0086_0011,rescue_car,origin_0086,5439072923,11525#21,11525#21,shelter_3,水海道第一高等学校,11531#5,0,2.3
rescue_origin_0087_0001,rescue_car,origin_0087,5439072924,9371#5,9371#5,shelter_3,水海道第一高等学校,11531#5,0,2.3
rescue_origin_0088_0001,rescue_car,origin_0088,5439072931,1639#3,1639#3,shelter_3,水海道第一高等学校,11531#5,0,2.3
rescue_origin_0088_0002,rescue_car,origin_0088,5439072931,1639#3,1639#3,shelter_3,水海道第一高等学校,11531#5,0,2.3
rescue_origin_0088_0003,rescue_car,origin_0088,5439072931,1639#3,1639#3,shelter_3,水海道第一高等学校,11531#5,0,2.3
rescue_origin_0088_0004,rescue_car,origin_0088,5439072931,1639#3,1639#3,shelter_3,水海道第一高等学校,11531#5,0,2.3
rescue_origin_0088_0005,rescue_car,origin_0088,5439072931,1639#3,1639#3,shelter_3,水海道第一高等学校,11531#5,0,2.3
rescue_origin_0088_0006,rescue_car,origin_0088,5439072931,1639#3,1639#3,shelter_3,水海道第一高等学校,11531#5,0,2.3
rescue_origin_0088_0007,rescue_car,origin_0088,5439072931,1639#3,1639#3,shelter_3,水海道第一高等学校,11531#5,0,2.3
rescue_origin_0088_0008,rescue_car,origin_0088,5439072931,1639#3,1639#3,shelter_3,水海道第一高等学校,11531#5,0,2.3
rescue_origin_0088_0009,rescue_car,origin_0088,5439072931,1639#3,1639#3,shelter_3,水海道第一高等学校,11531#5,0,2.3
rescue_origin_0088_0010,rescue_car,origin_0088,5439072931,1639#3,1639#3,shelter_3,水海道第一高等学校,11531#5,0,2.3
rescue_origin_0088_0011,rescue_car,origin_0088,5439072931,1639#3,1639#3,shelter_3,水海道第一高等学校,11531#5,0,2.3
rescue_origin_0088_0012,rescue_car,origin_0088,5439072931,1639#3,1639#3,shelter_3,水海道第一高等学校,11531#5,0,2.3
rescue_origin_0088_0013,rescue_car,origin_0088,5439072931,1639#3,1639#3,shelter_3,水海道第一高等学校,11531#5,0,2.3
rescue_origin_0088_0014,rescue_car,origin_0088,5439072931,1639#3,1639#3,shelter_3,水海道第一高等学校,11531#5,0,2.3
rescue_origin_0088_0015,rescue_car,origin_0088,5439072931,1639#3,1639#3,shelter_3,水海道第一高等学校,11531#5,0,2.3
rescue_origin_0088_0016,rescue_car,origin_0088,5439072931,1639#3,1639#3,shelter_3,水海道第一高等学校,11531#5,0,2.3
rescue_origin_0090_0001,rescue_car,origin_0090,5439072941,9168#3,9168#3,shelter_3,水海道第一高等学校,11531#5,0,2.3
rescue_origin_0090_0002,rescue_car,origin_0090,5439072941,9168#3,9168#3,shelter_3,水海道第一高等学校,11531#5,0,2.3
rescue_origin_0090_0003,rescue_car,origin_0090,5439072941,9168#3,9168#3,shelter_3,水海道第一高等学校,11531#5,0,2.3
rescue_origin_0090_0004,rescue_car,origin_0090,5439072941,9168#3,9168#3,shelter_3,水海道第一高等学校,11531#5,0,2.3
rescue_origin_0090_0005,rescue_car,origin_0090,5439072941,9168#3,9168#3,shelter_3,水海道第一高等学校,11531#5,0,2.3
rescue_origin_0090_0006,rescue_car,origin_0090,5439072941,9168#3,9168#3,shelter_3,水海道第一高等学校,11531#5,0,2.3
rescue_origin_0090_0007,rescue_car,origin_0090,5439072941,9168#3,9168#3,shelter_3,水海道第一高等学校,11531#5,0,2.3
rescue_origin_0090_0008,rescue_car,origin_0090,5439072941,9168#3,9168#3,shelter_3,水海道第一高等学校,11531#5,0,2.3
rescue_origin_0090_0009,rescue_car,origin_0090,5439072941,9168#3,9168#3,shelter_3,水海道第一高等学校,11531#5,0,2.3
rescue_origin_0090_0010,rescue_car,origin_0090,5439072941,9168#3,9168#3,shelter_3,水海道第一高等学校,11531#5,0,2.3
rescue_origin_0090_0011,rescue_car,origin_0090,5439072941,9168#3,9168#3,shelter_3,水海道第一高等学校,11531#5,0,2.3
rescue_origin_0090_0012,rescue_car,origin_0090,5439072941,9168#3,9168#3,shelter_3,水海道第一高等学校,11531#5,0,2.3
rescue_origin_0090_0013,rescue_car,origin_0090,5439072941,9168#3,9168#3,shelter_3,水海道第一高等学校,11531#5,0,2.3
rescue_origin_0090_0014,rescue_car,origin_0090,5439072941,9168#3,9168#3,shelter_3,水海道第一高等学校,11531#5,0,2.3
rescue_origin_0091_0001,rescue_car,origin_0091,5439072942,9224#1,9224#1,shelter_3,水海道第一高等学校,11531#5,0,2.3
rescue_origin_0091_0002,rescue_car,origin_0091,5439072942,9224#1,9224#1,shelter_3,水海道第一高等学校,11531#5,0,2.3
rescue_origin_0091_0003,rescue_car,origin_0091,5439072942,9224#1,9224#1,shelter_3,水海道第一高等学校,11531#5,0,2.3
rescue_origin_0091_0004,rescue_car,origin_0091,5439072942,9224#1,9224#1,shelter_3,水海道第一高等学校,11531#5,0,2.3
rescue_origin_0091_0005,rescue_car,origin_0091,5439072942,9224#1,9224#1,shelter_3,水海道第一高等学校,11531#5,0,2.3
rescue_origin_0091_0006,rescue_car,origin_0091,5439072942,9224#1,9224#1,shelter_3,水海道第一高等学校,11531#5,0,2.3
rescue_origin_0092_0001,rescue_car,origin_0092,5439072943,9163#0,9163#0,shelter_3,水海道第一高等学校,11531#5,0,2.3
rescue_origin_0092_0002,rescue_car,origin_0092,5439072943,9163#0,9163#0,shelter_3,水海道第一高等学校,11531#5,0,2.3
rescue_origin_0092_0003,rescue_car,origin_0092,5439072943,9163#0,9163#0,shelter_3,水海道第一高等学校,11531#5,0,2.3
rescue_origin_0092_0004,rescue_car,origin_0092,5439072943,9163#0,9163#0,shelter_3,水海道第一高等学校,11531#5,0,2.3
rescue_origin_0092_0005,rescue_car,origin_0092,5439072943,9163#0,9163#0,shelter_3,水海道第一高等学校,11531#5,0,2.3
rescue_origin_0092_0006,rescue_car,origin_0092,5439072943,9163#0,9163#0,shelter_3,水海道第一高等学校,11531#5,0,2.3
rescue_origin_0092_0007,rescue_car,origin_0092,5439072943,9163#0,9163#0,shelter_3,水海道第一高等学校,11531#5,0,2.3
rescue_origin_0092_0008,rescue_car,origin_0092,5439072943,9163#0,9163#0,shelter_3,水海道第一高等学校,11531#5,0,2.3
rescue_origin_0092_0009,rescue_car,origin_0092,5439072943,9163#0,9163#0,shelter_3,水海道第一高等学校,11531#5,0,2.3
rescue_origin_0092_0010,rescue_car,origin_0092,5439072943,9163#0,9163#0,shelter_3,水海道第一高等学校,11531#5,0,2.3
rescue_origin_0092_0011,rescue_car,origin_0092,5439072943,9163#0,9163#0,shelter_3,水海道第一高等学校,11531#5,0,2.3
rescue_origin_0093_0001,rescue_car,origin_0093,5439072944,9377#4,9377#4,shelter_3,水海道第一高等学校,11531#5,0,2.3
rescue_origin_0093_0002,rescue_car,origin_0093,5439072944,9377#4,9377#4,shelter_3,水海道第一高等学校,11531#5,0,2.3
rescue_origin_0093_0003,rescue_car,origin_0093,5439072944,9377#4,9377#4,shelter_3,水海道第一高等学校,11531#5,0,2.3
rescue_origin_0094_0001,rescue_car,origin_0094,5439073514,10388#12,10388#12,shelter_7,豊岡小学校,12727#0,0,2.3
rescue_origin_0095_0001,rescue_car,origin_0095,5439073524,10375#0,10375#0,shelter_7,豊岡小学校,12727#0,0,2.3
rescue_origin_0095_0002,rescue_car,origin_0095,5439073524,10375#0,10375#0,shelter_7,豊岡小学校,12727#0,0,2.3
rescue_origin_0096_0001,rescue_car,origin_0096,5439073532,5302#1,5302#1,shelter_7,豊岡小学校,12727#0,0,2.3
rescue_origin_0096_0002,rescue_car,origin_0096,5439073532,5302#1,5302#1,shelter_7,豊岡小学校,12727#0,0,2.3
rescue_origin_0096_0003,rescue_car,origin_0096,5439073532,5302#1,5302#1,shelter_7,豊岡小学校,12727#0,0,2.3
rescue_origin_0096_0004,rescue_car,origin_0096,5439073532,5302#1,5302#1,shelter_7,豊岡小学校,12727#0,0,2.3
rescue_origin_0096_0005,rescue_car,origin_0096,5439073532,5302#1,5302#1,shelter_7,豊岡小学校,12727#0,0,2.3
rescue_origin_0097_0001,rescue_car,origin_0097,5439073533,5269#10,5269#10,shelter_7,豊岡小学校,12727#0,0,2.3
rescue_origin_0098_0001,rescue_car,origin_0098,5439073534,5284#1,5284#1,shelter_7,豊岡小学校,12727#0,0,2.3
rescue_origin_0098_0002,rescue_car,origin_0098,5439073534,5284#1,5284#1,shelter_7,豊岡小学校,12727#0,0,2.3
rescue_origin_0098_0003,rescue_car,origin_0098,5439073534,5284#1,5284#1,shelter_7,豊岡小学校,12727#0,0,2.3
rescue_origin_0098_0004,rescue_car,origin_0098,5439073534,5284#1,5284#1,shelter_7,豊岡小学校,12727#0,0,2.3
rescue_origin_0098_0005,rescue_car,origin_0098,5439073534,5284#1,5284#1,shelter_7,豊岡小学校,12727#0,0,2.3
rescue_origin_0099_0001,rescue_car,origin_0099,5439073542,5343#22,5343#22,shelter_7,豊岡小学校,12727#0,0,2.3
rescue_origin_0099_0002,rescue_car,origin_0099,5439073542,5343#22,5343#22,shelter_7,豊岡小学校,12727#0,0,2.3
rescue_origin_0100_0001,rescue_car,origin_0100,5439073543,5343#16,5343#16,shelter_7,豊岡小学校,12727#0,0,2.3
rescue_origin_0100_0002,rescue_car,origin_0100,5439073543,5343#16,5343#16,shelter_7,豊岡小学校,12727#0,0,2.3
rescue_origin_0100_0003,rescue_car,origin_0100,5439073543,5343#16,5343#16,shelter_7,豊岡小学校,12727#0,0,2.3
rescue_origin_0100_0004,rescue_car,origin_0100,5439073543,5343#16,5343#16,shelter_7,豊岡小学校,12727#0,0,2.3
rescue_origin_0101_0001,rescue_car,origin_0101,5439073544,5303#19,5303#19,shelter_7,豊岡小学校,12727#0,0,2.3
rescue_origin_0101_0002,rescue_car,origin_0101,5439073544,5303#19,5303#19,shelter_7,豊岡小学校,12727#0,0,2.3
rescue_origin_0101_0003,rescue_car,origin_0101,5439073544,5303#19,5303#19,shelter_7,豊岡小学校,12727#0,0,2.3
rescue_origin_0101_0004,rescue_car,origin_0101,5439073544,5303#19,5303#19,shelter_7,豊岡小学校,12727#0,0,2.3
rescue_origin_0101_0005,rescue_car,origin_0101,5439073544,5303#19,5303#19,shelter_7,豊岡小学校,12727#0,0,2.3
rescue_origin_0102_0001,rescue_car,origin_0102,5439073621,6672,6672,shelter_7,豊岡小学校,12727#0,0,2.3
rescue_origin_0102_0002,rescue_car,origin_0102,5439073621,6672,6672,shelter_7,豊岡小学校,12727#0,0,2.3
rescue_origin_0102_0003,rescue_car,origin_0102,5439073621,6672,6672,shelter_7,豊岡小学校,12727#0,0,2.3
rescue_origin_0102_0004,rescue_car,origin_0102,5439073621,6672,6672,shelter_7,豊岡小学校,12727#0,0,2.3
rescue_origin_0102_0005,rescue_car,origin_0102,5439073621,6672,6672,shelter_7,豊岡小学校,12727#0,0,2.3
rescue_origin_0102_0006,rescue_car,origin_0102,5439073621,6672,6672,shelter_7,豊岡小学校,12727#0,0,2.3
rescue_origin_0103_0001,rescue_car,origin_0103,5439073623,5325#15,5325#15,shelter_7,豊岡小学校,12727#0,0,2.3
rescue_origin_0103_0002,rescue_car,origin_0103,5439073623,5325#15,5325#15,shelter_7,豊岡小学校,12727#0,0,2.3
rescue_origin_0104_0001,rescue_car,origin_0104,5439073633,5325#14,5325#14,shelter_7,豊岡小学校,12727#0,0,2.3
rescue_origin_0104_0002,rescue_car,origin_0104,5439073633,5325#14,5325#14,shelter_7,豊岡小学校,12727#0,0,2.3
rescue_origin_0104_0003,rescue_car,origin_0104,5439073633,5325#14,5325#14,shelter_7,豊岡小学校,12727#0,0,2.3
rescue_origin_0104_0004,rescue_car,origin_0104,5439073633,5325#14,5325#14,shelter_7,豊岡小学校,12727#0,0,2.3
rescue_origin_0105_0001,rescue_car,origin_0105,5439073644,10517#0,10517#0,shelter_7,豊岡小学校,12727#0,0,2.3
rescue_origin_0105_0002,rescue_car,origin_0105,5439073644,10517#0,10517#0,shelter_7,豊岡小学校,12727#0,0,2.3
rescue_origin_0106_0001,rescue_car,origin_0106,5439073741,5359#9,5359#9,shelter_7,豊岡小学校,12727#0,0,2.3
rescue_origin_0106_0002,rescue_car,origin_0106,5439073741,5359#9,5359#9,shelter_7,豊岡小学校,12727#0,0,2.3
rescue_origin_0106_0003,rescue_car,origin_0106,5439073741,5359#9,5359#9,shelter_7,豊岡小学校,12727#0,0,2.3
rescue_origin_0106_0004,rescue_car,origin_0106,5439073741,5359#9,5359#9,shelter_7,豊岡小学校,12727#0,0,2.3
rescue_origin_0106_0005,rescue_car,origin_0106,5439073741,5359#9,5359#9,shelter_7,豊岡小学校,12727#0,0,2.3
rescue_origin_0106_0006,rescue_car,origin_0106,5439073741,5359#9,5359#9,shelter_7,豊岡小学校,12727#0,0,2.3
rescue_origin_0107_0001,rescue_car,origin_0107,5439073911,9241#0,9241#0,shelter_3,水海道第一高等学校,11531#5,0,2.3
rescue_origin_0107_0002,rescue_car,origin_0107,5439073911,9241#0,9241#0,shelter_3,水海道第一高等学校,11531#5,0,2.3
rescue_origin_0107_0003,rescue_car,origin_0107,5439073911,9241#0,9241#0,shelter_3,水海道第一高等学校,11531#5,0,2.3
rescue_origin_0107_0004,rescue_car,origin_0107,5439073911,9241#0,9241#0,shelter_3,水海道第一高等学校,11531#5,0,2.3
rescue_origin_0107_0005,rescue_car,origin_0107,5439073911,9241#0,9241#0,shelter_3,水海道第一高等学校,11531#5,0,2.3
rescue_origin_0107_0006,rescue_car,origin_0107,5439073911,9241#0,9241#0,shelter_3,水海道第一高等学校,11531#5,0,2.3
rescue_origin_0107_0007,rescue_car,origin_0107,5439073911,9241#0,9241#0,shelter_3,水海道第一高等学校,11531#5,0,2.3
rescue_origin_0107_0008,rescue_car,origin_0107,5439073911,9241#0,9241#0,shelter_3,水海道第一高等学校,11531#5,0,2.3
rescue_origin_0107_0009,rescue_car,origin_0107,5439073911,9241#0,9241#0,shelter_3,水海道第一高等学校,11531#5,0,2.3
rescue_origin_0107_0010,rescue_car,origin_0107,5439073911,9241#0,9241#0,shelter_3,水海道第一高等学校,11531#5,0,2.3
rescue_origin_0107_0011,rescue_car,origin_0107,5439073911,9241#0,9241#0,shelter_3,水海道第一高等学校,11531#5,0,2.3
rescue_origin_0107_0012,rescue_car,origin_0107,5439073911,9241#0,9241#0,shelter_3,水海道第一高等学校,11531#5,0,2.3
rescue_origin_0107_0013,rescue_car,origin_0107,5439073911,9241#0,9241#0,shelter_3,水海道第一高等学校,11531#5,0,2.3
rescue_origin_0107_0014,rescue_car,origin_0107,5439073911,9241#0,9241#0,shelter_3,水海道第一高等学校,11531#5,0,2.3
rescue_origin_0108_0001,rescue_car,origin_0108,5439073912,9183#4,9183#4,shelter_3,水海道第一高等学校,11531#5,0,2.3
rescue_origin_0108_0002,rescue_car,origin_0108,5439073912,9183#4,9183#4,shelter_3,水海道第一高等学校,11531#5,0,2.3
rescue_origin_0108_0003,rescue_car,origin_0108,5439073912,9183#4,9183#4,shelter_3,水海道第一高等学校,11531#5,0,2.3
rescue_origin_0108_0004,rescue_car,origin_0108,5439073912,9183#4,9183#4,shelter_3,水海道第一高等学校,11531#5,0,2.3
rescue_origin_0108_0005,rescue_car,origin_0108,5439073912,9183#4,9183#4,shelter_3,水海道第一高等学校,11531#5,0,2.3
rescue_origin_0108_0006,rescue_car,origin_0108,5439073912,9183#4,9183#4,shelter_3,水海道第一高等学校,11531#5,0,2.3
rescue_origin_0108_0007,rescue_car,origin_0108,5439073912,9183#4,9183#4,shelter_3,水海道第一高等学校,11531#5,0,2.3
rescue_origin_0108_0008,rescue_car,origin_0108,5439073912,9183#4,9183#4,shelter_3,水海道第一高等学校,11531#5,0,2.3
rescue_origin_0108_0009,rescue_car,origin_0108,5439073912,9183#4,9183#4,shelter_3,水海道第一高等学校,11531#5,0,2.3
rescue_origin_0108_0010,rescue_car,origin_0108,5439073912,9183#4,9183#4,shelter_3,水海道第一高等学校,11531#5,0,2.3
rescue_origin_0108_0011,rescue_car,origin_0108,5439073912,9183#4,9183#4,shelter_3,水海道第一高等学校,11531#5,0,2.3
rescue_origin_0108_0012,rescue_car,origin_0108,5439073912,9183#4,9183#4,shelter_3,水海道第一高等学校,11531#5,0,2.3
rescue_origin_0108_0013,rescue_car,origin_0108,5439073912,9183#4,9183#4,shelter_3,水海道第一高等学校,11531#5,0,2.3
rescue_origin_0108_0014,rescue_car,origin_0108,5439073912,9183#4,9183#4,shelter_3,水海道第一高等学校,11531#5,0,2.3
rescue_origin_0108_0015,rescue_car,origin_0108,5439073912,9183#4,9183#4,shelter_3,水海道第一高等学校,11531#5,0,2.3
rescue_origin_0109_0001,rescue_car,origin_0109,5439073913,5217#0,5217#0,shelter_3,水海道第一高等学校,11531#5,0,2.3
rescue_origin_0109_0002,rescue_car,origin_0109,5439073913,5217#0,5217#0,shelter_3,水海道第一高等学校,11531#5,0,2.3
rescue_origin_0109_0003,rescue_car,origin_0109,5439073913,5217#0,5217#0,shelter_3,水海道第一高等学校,11531#5,0,2.3
rescue_origin_0109_0004,rescue_car,origin_0109,5439073913,5217#0,5217#0,shelter_3,水海道第一高等学校,11531#5,0,2.3
rescue_origin_0109_0005,rescue_car,origin_0109,5439073913,5217#0,5217#0,shelter_3,水海道第一高等学校,11531#5,0,2.3
rescue_origin_0109_0006,rescue_car,origin_0109,5439073913,5217#0,5217#0,shelter_3,水海道第一高等学校,11531#5,0,2.3
rescue_origin_0109_0007,rescue_car,origin_0109,5439073913,5217#0,5217#0,shelter_3,水海道第一高等学校,11531#5,0,2.3
rescue_origin_0110_0001,rescue_car,origin_0110,5439073914,9721#21,9721#21,shelter_3,水海道第一高等学校,11531#5,0,2.3
rescue_origin_0110_0002,rescue_car,origin_0110,5439073914,9721#21,9721#21,shelter_3,水海道第一高等学校,11531#5,0,2.3
rescue_origin_0110_0003,rescue_car,origin_0110,5439073914,9721#21,9721#21,shelter_3,水海道第一高等学校,11531#5,0,2.3
rescue_origin_0110_0004,rescue_car,origin_0110,5439073914,9721#21,9721#21,shelter_3,水海道第一高等学校,11531#5,0,2.3
rescue_origin_0110_0005,rescue_car,origin_0110,5439073914,9721#21,9721#21,shelter_3,水海道第一高等学校,11531#5,0,2.3
rescue_origin_0110_0006,rescue_car,origin_0110,5439073914,9721#21,9721#21,shelter_3,水海道第一高等学校,11531#5,0,2.3
rescue_origin_0110_0007,rescue_car,origin_0110,5439073914,9721#21,9721#21,shelter_3,水海道第一高等学校,11531#5,0,2.3
rescue_origin_0110_0008,rescue_car,origin_0110,5439073914,9721#21,9721#21,shelter_3,水海道第一高等学校,11531#5,0,2.3
rescue_origin_0110_0009,rescue_car,origin_0110,5439073914,9721#21,9721#21,shelter_3,水海道第一高等学校,11531#5,0,2.3
rescue_origin_0110_0010,rescue_car,origin_0110,5439073914,9721#21,9721#21,shelter_3,水海道第一高等学校,11531#5,0,2.3
rescue_origin_0110_0011,rescue_car,origin_0110,5439073914,9721#21,9721#21,shelter_3,水海道第一高等学校,11531#5,0,2.3
rescue_origin_0110_0012,rescue_car,origin_0110,5439073914,9721#21,9721#21,shelter_3,水海道第一高等学校,11531#5,0,2.3
rescue_origin_0110_0013,rescue_car,origin_0110,5439073914,9721#21,9721#21,shelter_3,水海道第一高等学校,11531#5,0,2.3
rescue_origin_0111_0001,rescue_car,origin_0111,5439073921,9186,9186,shelter_3,水海道第一高等学校,11531#5,0,2.3
rescue_origin_0111_0002,rescue_car,origin_0111,5439073921,9186,9186,shelter_3,水海道第一高等学校,11531#5,0,2.3
rescue_origin_0111_0003,rescue_car,origin_0111,5439073921,9186,9186,shelter_3,水海道第一高等学校,11531#5,0,2.3
rescue_origin_0111_0004,rescue_car,origin_0111,5439073921,9186,9186,shelter_3,水海道第一高等学校,11531#5,0,2.3
rescue_origin_0111_0005,rescue_car,origin_0111,5439073921,9186,9186,shelter_3,水海道第一高等学校,11531#5,0,2.3
rescue_origin_0111_0006,rescue_car,origin_0111,5439073921,9186,9186,shelter_3,水海道第一高等学校,11531#5,0,2.3
rescue_origin_0111_0007,rescue_car,origin_0111,5439073921,9186,9186,shelter_3,水海道第一高等学校,11531#5,0,2.3
rescue_origin_0111_0008,rescue_car,origin_0111,5439073921,9186,9186,shelter_3,水海道第一高等学校,11531#5,0,2.3
rescue_origin_0111_0009,rescue_car,origin_0111,5439073921,9186,9186,shelter_3,水海道第一高等学校,11531#5,0,2.3
rescue_origin_0112_0001,rescue_car,origin_0112,5439073922,11012#2,11012#2,shelter_3,水海道第一高等学校,11531#5,0,2.3
rescue_origin_0112_0002,rescue_car,origin_0112,5439073922,11012#2,11012#2,shelter_3,水海道第一高等学校,11531#5,0,2.3
rescue_origin_0112_0003,rescue_car,origin_0112,5439073922,11012#2,11012#2,shelter_3,水海道第一高等学校,11531#5,0,2.3
rescue_origin_0112_0004,rescue_car,origin_0112,5439073922,11012#2,11012#2,shelter_3,水海道第一高等学校,11531#5,0,2.3
rescue_origin_0112_0005,rescue_car,origin_0112,5439073922,11012#2,11012#2,shelter_3,水海道第一高等学校,11531#5,0,2.3
rescue_origin_0112_0006,rescue_car,origin_0112,5439073922,11012#2,11012#2,shelter_3,水海道第一高等学校,11531#5,0,2.3
rescue_origin_0113_0001,rescue_car,origin_0113,5439073923,5234#5,5234#5,shelter_3,水海道第一高等学校,11531#5,0,2.3
rescue_origin_0113_0002,rescue_car,origin_0113,5439073923,5234#5,5234#5,shelter_3,水海道第一高等学校,11531#5,0,2.3
rescue_origin_0113_0003,rescue_car,origin_0113,5439073923,5234#5,5234#5,shelter_3,水海道第一高等学校,11531#5,0,2.3
rescue_origin_0113_0004,rescue_car,origin_0113,5439073923,5234#5,5234#5,shelter_3,水海道第一高等学校,11531#5,0,2.3
rescue_origin_0113_0005,rescue_car,origin_0113,5439073923,5234#5,5234#5,shelter_3,水海道第一高等学校,11531#5,0,2.3
rescue_origin_0113_0006,rescue_car,origin_0113,5439073923,5234#5,5234#5,shelter_3,水海道第一高等学校,11531#5,0,2.3
rescue_origin_0113_0007,rescue_car,origin_0113,5439073923,5234#5,5234#5,shelter_3,水海道第一高等学校,11531#5,0,2.3
rescue_origin_0114_0001,rescue_car,origin_0114,5439073924,20,20,shelter_3,水海道第一高等学校,11531#5,0,2.3
rescue_origin_0114_0002,rescue_car,origin_0114,5439073924,20,20,shelter_3,水海道第一高等学校,11531#5,0,2.3
rescue_origin_0114_0003,rescue_car,origin_0114,5439073924,20,20,shelter_3,水海道第一高等学校,11531#5,0,2.3
rescue_origin_0115_0001,rescue_car,origin_0115,5439073931,11545,11545,shelter_3,水海道第一高等学校,11531#5,0,2.3
rescue_origin_0115_0002,rescue_car,origin_0115,5439073931,11545,11545,shelter_3,水海道第一高等学校,11531#5,0,2.3
rescue_origin_0115_0003,rescue_car,origin_0115,5439073931,11545,11545,shelter_3,水海道第一高等学校,11531#5,0,2.3
rescue_origin_0115_0004,rescue_car,origin_0115,5439073931,11545,11545,shelter_3,水海道第一高等学校,11531#5,0,2.3
rescue_origin_0115_0005,rescue_car,origin_0115,5439073931,11545,11545,shelter_3,水海道第一高等学校,11531#5,0,2.3
rescue_origin_0115_0006,rescue_car,origin_0115,5439073931,11545,11545,shelter_3,水海道第一高等学校,11531#5,0,2.3
rescue_origin_0115_0007,rescue_car,origin_0115,5439073931,11545,11545,shelter_3,水海道第一高等学校,11531#5,0,2.3
rescue_origin_0115_0008,rescue_car,origin_0115,5439073931,11545,11545,shelter_3,水海道第一高等学校,11531#5,0,2.3
rescue_origin_0115_0009,rescue_car,origin_0115,5439073931,11545,11545,shelter_3,水海道第一高等学校,11531#5,0,2.3
rescue_origin_0115_0010,rescue_car,origin_0115,5439073931,11545,11545,shelter_3,水海道第一高等学校,11531#5,0,2.3
rescue_origin_0115_0011,rescue_car,origin_0115,5439073931,11545,11545,shelter_3,水海道第一高等学校,11531#5,0,2.3
rescue_origin_0115_0012,rescue_car,origin_0115,5439073931,11545,11545,shelter_3,水海道第一高等学校,11531#5,0,2.3
rescue_origin_0115_0013,rescue_car,origin_0115,5439073931,11545,11545,shelter_3,水海道第一高等学校,11531#5,0,2.3
rescue_origin_0115_0014,rescue_car,origin_0115,5439073931,11545,11545,shelter_3,水海道第一高等学校,11531#5,0,2.3
rescue_origin_0116_0001,rescue_car,origin_0116,5439073932,11033,11033,shelter_3,水海道第一高等学校,11531#5,0,2.3
rescue_origin_0116_0002,rescue_car,origin_0116,5439073932,11033,11033,shelter_3,水海道第一高等学校,11531#5,0,2.3
rescue_origin_0116_0003,rescue_car,origin_0116,5439073932,11033,11033,shelter_3,水海道第一高等学校,11531#5,0,2.3
rescue_origin_0116_0004,rescue_car,origin_0116,5439073932,11033,11033,shelter_3,水海道第一高等学校,11531#5,0,2.3
rescue_origin_0116_0005,rescue_car,origin_0116,5439073932,11033,11033,shelter_3,水海道第一高等学校,11531#5,0,2.3
rescue_origin_0116_0006,rescue_car,origin_0116,5439073932,11033,11033,shelter_3,水海道第一高等学校,11531#5,0,2.3
rescue_origin_0116_0007,rescue_car,origin_0116,5439073932,11033,11033,shelter_3,水海道第一高等学校,11531#5,0,2.3
rescue_origin_0116_0008,rescue_car,origin_0116,5439073932,11033,11033,shelter_3,水海道第一高等学校,11531#5,0,2.3
rescue_origin_0116_0009,rescue_car,origin_0116,5439073932,11033,11033,shelter_3,水海道第一高等学校,11531#5,0,2.3
rescue_origin_0116_0010,rescue_car,origin_0116,5439073932,11033,11033,shelter_3,水海道第一高等学校,11531#5,0,2.3
rescue_origin_0116_0011,rescue_car,origin_0116,5439073932,11033,11033,shelter_3,水海道第一高等学校,11531#5,0,2.3
rescue_origin_0116_0012,rescue_car,origin_0116,5439073932,11033,11033,shelter_3,水海道第一高等学校,11531#5,0,2.3
rescue_origin_0116_0013,rescue_car,origin_0116,5439073932,11033,11033,shelter_3,水海道第一高等学校,11531#5,0,2.3
rescue_origin_0116_0014,rescue_car,origin_0116,5439073932,11033,11033,shelter_3,水海道第一高等学校,11531#5,0,2.3
rescue_origin_0116_0015,rescue_car,origin_0116,5439073932,11033,11033,shelter_3,水海道第一高等学校,11531#5,0,2.3
rescue_origin_0116_0016,rescue_car,origin_0116,5439073932,11033,11033,shelter_3,水海道第一高等学校,11531#5,0,2.3
rescue_origin_0117_0001,rescue_car,origin_0117,5439073934,12104,12104,shelter_3,水海道第一高等学校,11531#5,0,2.3
rescue_origin_0117_0002,rescue_car,origin_0117,5439073934,12104,12104,shelter_3,水海道第一高等学校,11531#5,0,2.3
rescue_origin_0117_0003,rescue_car,origin_0117,5439073934,12104,12104,shelter_3,水海道第一高等学校,11531#5,0,2.3
rescue_origin_0117_0004,rescue_car,origin_0117,5439073934,12104,12104,shelter_3,水海道第一高等学校,11531#5,0,2.3
rescue_origin_0117_0005,rescue_car,origin_0117,5439073934,12104,12104,shelter_3,水海道第一高等学校,11531#5,0,2.3
rescue_origin_0117_0006,rescue_car,origin_0117,5439073934,12104,12104,shelter_3,水海道第一高等学校,11531#5,0,2.3
rescue_origin_0117_0007,rescue_car,origin_0117,5439073934,12104,12104,shelter_3,水海道第一高等学校,11531#5,0,2.3
rescue_origin_0117_0008,rescue_car,origin_0117,5439073934,12104,12104,shelter_3,水海道第一高等学校,11531#5,0,2.3
rescue_origin_0117_0009,rescue_car,origin_0117,5439073934,12104,12104,shelter_3,水海道第一高等学校,11531#5,0,2.3
rescue_origin_0117_0010,rescue_car,origin_0117,5439073934,12104,12104,shelter_3,水海道第一高等学校,11531#5,0,2.3
rescue_origin_0117_0011,rescue_car,origin_0117,5439073934,12104,12104,shelter_3,水海道第一高等学校,11531#5,0,2.3
rescue_origin_0117_0012,rescue_car,origin_0117,5439073934,12104,12104,shelter_3,水海道第一高等学校,11531#5,0,2.3
rescue_origin_0117_0013,rescue_car,origin_0117,5439073934,12104,12104,shelter_3,水海道第一高等学校,11531#5,0,2.3
rescue_origin_0117_0014,rescue_car,origin_0117,5439073934,12104,12104,shelter_3,水海道第一高等学校,11531#5,0,2.3
rescue_origin_0117_0015,rescue_car,origin_0117,5439073934,12104,12104,shelter_3,水海道第一高等学校,11531#5,0,2.3
rescue_origin_0117_0016,rescue_car,origin_0117,5439073934,12104,12104,shelter_3,水海道第一高等学校,11531#5,0,2.3
rescue_origin_0117_0017,rescue_car,origin_0117,5439073934,12104,12104,shelter_3,水海道第一高等学校,11531#5,0,2.3
rescue_origin_0117_0018,rescue_car,origin_0117,5439073934,12104,12104,shelter_3,水海道第一高等学校,11531#5,0,2.3
rescue_origin_0118_0001,rescue_car,origin_0118,5439073941,5338,5338,shelter_7,豊岡小学校,12727#0,0,2.3
rescue_origin_0118_0002,rescue_car,origin_0118,5439073941,5338,5338,shelter_7,豊岡小学校,12727#0,0,2.3
rescue_origin_0120_0001,rescue_car,origin_0120,5439074513,5343#10,5343#10,shelter_7,豊岡小学校,12727#0,0,2.3
rescue_origin_0121_0001,rescue_car,origin_0121,5439074611,10459#3,10459#3,shelter_7,豊岡小学校,12727#0,0,2.3
rescue_origin_0121_0002,rescue_car,origin_0121,5439074611,10459#3,10459#3,shelter_7,豊岡小学校,12727#0,0,2.3
rescue_origin_0122_0001,rescue_car,origin_0122,5439074612,5331,5331,shelter_7,豊岡小学校,12727#0,0,2.3
rescue_origin_0122_0002,rescue_car,origin_0122,5439074612,5331,5331,shelter_7,豊岡小学校,12727#0,0,2.3
rescue_origin_0123_0001,rescue_car,origin_0123,5439074632,5594#13,5594#13,shelter_7,豊岡小学校,12727#0,0,2.3
rescue_origin_0123_0002,rescue_car,origin_0123,5439074632,5594#13,5594#13,shelter_7,豊岡小学校,12727#0,0,2.3
rescue_origin_0124_0001,rescue_car,origin_0124,5439074633,5508#3,5508#3,shelter_7,豊岡小学校,12727#0,0,2.3
rescue_origin_0124_0002,rescue_car,origin_0124,5439074633,5508#3,5508#3,shelter_7,豊岡小学校,12727#0,0,2.3
rescue_origin_0124_0003,rescue_car,origin_0124,5439074633,5508#3,5508#3,shelter_7,豊岡小学校,12727#0,0,2.3
rescue_origin_0125_0001,rescue_car,origin_0125,5439074634,5508#5,5508#5,shelter_7,豊岡小学校,12727#0,0,2.3
rescue_origin_0127_0001,rescue_car,origin_0127,5439074643,5539#0,5539#0,shelter_7,豊岡小学校,12727#0,0,2.3
rescue_origin_0127_0002,rescue_car,origin_0127,5439074643,5539#0,5539#0,shelter_7,豊岡小学校,12727#0,0,2.3
rescue_origin_0127_0003,rescue_car,origin_0127,5439074643,5539#0,5539#0,shelter_7,豊岡小学校,12727#0,0,2.3
rescue_origin_0127_0004,rescue_car,origin_0127,5439074643,5539#0,5539#0,shelter_7,豊岡小学校,12727#0,0,2.3
rescue_origin_0128_0001,rescue_car,origin_0128,5439074721,10949-AddedOnRampEdge,10949-AddedOnRampEdge,shelter_7,豊岡小学校,12727#0,0,2.3
rescue_origin_0128_0002,rescue_car,origin_0128,5439074721,10949-AddedOnRampEdge,10949-AddedOnRampEdge,shelter_7,豊岡小学校,12727#0,0,2.3
rescue_origin_0128_0003,rescue_car,origin_0128,5439074721,10949-AddedOnRampEdge,10949-AddedOnRampEdge,shelter_7,豊岡小学校,12727#0,0,2.3
rescue_origin_0129_0001,rescue_car,origin_0129,5439074722,10950,10950,shelter_7,豊岡小学校,12727#0,0,2.3
rescue_origin_0129_0002,rescue_car,origin_0129,5439074722,10950,10950,shelter_7,豊岡小学校,12727#0,0,2.3
rescue_origin_0129_0003,rescue_car,origin_0129,5439074722,10950,10950,shelter_7,豊岡小学校,12727#0,0,2.3
rescue_origin_0129_0004,rescue_car,origin_0129,5439074722,10950,10950,shelter_7,豊岡小学校,12727#0,0,2.3
rescue_origin_0129_0005,rescue_car,origin_0129,5439074722,10950,10950,shelter_7,豊岡小学校,12727#0,0,2.3
rescue_origin_0129_0006,rescue_car,origin_0129,5439074722,10950,10950,shelter_7,豊岡小学校,12727#0,0,2.3
rescue_origin_0129_0007,rescue_car,origin_0129,5439074722,10950,10950,shelter_7,豊岡小学校,12727#0,0,2.3
rescue_origin_0130_0001,rescue_car,origin_0130,5439074814,5394#8,5394#8,shelter_7,豊岡小学校,12727#0,0,2.3
rescue_origin_0131_0001,rescue_car,origin_0131,5439074824,5429#3,5429#3,shelter_7,豊岡小学校,12727#0,0,2.3
rescue_origin_0131_0002,rescue_car,origin_0131,5439074824,5429#3,5429#3,shelter_7,豊岡小学校,12727#0,0,2.3
rescue_origin_0131_0003,rescue_car,origin_0131,5439074824,5429#3,5429#3,shelter_7,豊岡小学校,12727#0,0,2.3
rescue_origin_0131_0004,rescue_car,origin_0131,5439074824,5429#3,5429#3,shelter_7,豊岡小学校,12727#0,0,2.3
rescue_origin_0132_0001,rescue_car,origin_0132,5439074911,5389#1,5389#1,shelter_7,豊岡小学校,12727#0,0,2.3
rescue_origin_0132_0002,rescue_car,origin_0132,5439074911,5389#1,5389#1,shelter_7,豊岡小学校,12727#0,0,2.3
rescue_origin_0132_0003,rescue_car,origin_0132,5439074911,5389#1,5389#1,shelter_7,豊岡小学校,12727#0,0,2.3
rescue_origin_0132_0004,rescue_car,origin_0132,5439074911,5389#1,5389#1,shelter_7,豊岡小学校,12727#0,0,2.3
rescue_origin_0132_0005,rescue_car,origin_0132,5439074911,5389#1,5389#1,shelter_7,豊岡小学校,12727#0,0,2.3
rescue_origin_0132_0006,rescue_car,origin_0132,5439074911,5389#1,5389#1,shelter_7,豊岡小学校,12727#0,0,2.3
rescue_origin_0132_0007,rescue_car,origin_0132,5439074911,5389#1,5389#1,shelter_7,豊岡小学校,12727#0,0,2.3
rescue_origin_0132_0008,rescue_car,origin_0132,5439074911,5389#1,5389#1,shelter_7,豊岡小学校,12727#0,0,2.3
rescue_origin_0132_0009,rescue_car,origin_0132,5439074911,5389#1,5389#1,shelter_7,豊岡小学校,12727#0,0,2.3
rescue_origin_0132_0010,rescue_car,origin_0132,5439074911,5389#1,5389#1,shelter_7,豊岡小学校,12727#0,0,2.3
rescue_origin_0132_0011,rescue_car,origin_0132,5439074911,5389#1,5389#1,shelter_7,豊岡小学校,12727#0,0,2.3
rescue_origin_0132_0012,rescue_car,origin_0132,5439074911,5389#1,5389#1,shelter_7,豊岡小学校,12727#0,0,2.3
rescue_origin_0132_0013,rescue_car,origin_0132,5439074911,5389#1,5389#1,shelter_7,豊岡小学校,12727#0,0,2.3
rescue_origin_0132_0014,rescue_car,origin_0132,5439074911,5389#1,5389#1,shelter_7,豊岡小学校,12727#0,0,2.3
rescue_origin_0132_0015,rescue_car,origin_0132,5439074911,5389#1,5389#1,shelter_7,豊岡小学校,12727#0,0,2.3
rescue_origin_0132_0016,rescue_car,origin_0132,5439074911,5389#1,5389#1,shelter_7,豊岡小学校,12727#0,0,2.3
rescue_origin_0132_0017,rescue_car,origin_0132,5439074911,5389#1,5389#1,shelter_7,豊岡小学校,12727#0,0,2.3
rescue_origin_0133_0001,rescue_car,origin_0133,5439074912,6579,6579,shelter_7,豊岡小学校,12727#0,0,2.3
rescue_origin_0133_0002,rescue_car,origin_0133,5439074912,6579,6579,shelter_7,豊岡小学校,12727#0,0,2.3
rescue_origin_0133_0003,rescue_car,origin_0133,5439074912,6579,6579,shelter_7,豊岡小学校,12727#0,0,2.3
rescue_origin_0133_0004,rescue_car,origin_0133,5439074912,6579,6579,shelter_7,豊岡小学校,12727#0,0,2.3
rescue_origin_0133_0005,rescue_car,origin_0133,5439074912,6579,6579,shelter_7,豊岡小学校,12727#0,0,2.3
rescue_origin_0133_0006,rescue_car,origin_0133,5439074912,6579,6579,shelter_7,豊岡小学校,12727#0,0,2.3
rescue_origin_0133_0007,rescue_car,origin_0133,5439074912,6579,6579,shelter_7,豊岡小学校,12727#0,0,2.3
rescue_origin_0133_0008,rescue_car,origin_0133,5439074912,6579,6579,shelter_7,豊岡小学校,12727#0,0,2.3
rescue_origin_0133_0009,rescue_car,origin_0133,5439074912,6579,6579,shelter_7,豊岡小学校,12727#0,0,2.3
rescue_origin_0133_0010,rescue_car,origin_0133,5439074912,6579,6579,shelter_7,豊岡小学校,12727#0,0,2.3
rescue_origin_0133_0011,rescue_car,origin_0133,5439074912,6579,6579,shelter_7,豊岡小学校,12727#0,0,2.3
rescue_origin_0133_0012,rescue_car,origin_0133,5439074912,6579,6579,shelter_7,豊岡小学校,12727#0,0,2.3
rescue_origin_0133_0013,rescue_car,origin_0133,5439074912,6579,6579,shelter_7,豊岡小学校,12727#0,0,2.3
rescue_origin_0134_0001,rescue_car,origin_0134,5439074913,5375#3,5375#3,shelter_3,水海道第一高等学校,11531#5,0,2.3
rescue_origin_0134_0002,rescue_car,origin_0134,5439074913,5375#3,5375#3,shelter_3,水海道第一高等学校,11531#5,0,2.3
rescue_origin_0134_0003,rescue_car,origin_0134,5439074913,5375#3,5375#3,shelter_3,水海道第一高等学校,11531#5,0,2.3
rescue_origin_0134_0004,rescue_car,origin_0134,5439074913,5375#3,5375#3,shelter_3,水海道第一高等学校,11531#5,0,2.3
rescue_origin_0135_0001,rescue_car,origin_0135,5439074914,6429,6429,shelter_3,水海道第一高等学校,11531#5,0,2.3
rescue_origin_0135_0002,rescue_car,origin_0135,5439074914,6429,6429,shelter_3,水海道第一高等学校,11531#5,0,2.3
rescue_origin_0135_0003,rescue_car,origin_0135,5439074914,6429,6429,shelter_3,水海道第一高等学校,11531#5,0,2.3
rescue_origin_0135_0004,rescue_car,origin_0135,5439074914,6429,6429,shelter_3,水海道第一高等学校,11531#5,0,2.3
rescue_origin_0135_0005,rescue_car,origin_0135,5439074914,6429,6429,shelter_3,水海道第一高等学校,11531#5,0,2.3
rescue_origin_0136_0001,rescue_car,origin_0136,5439074921,5430#1,5430#1,shelter_7,豊岡小学校,12727#0,0,2.3
rescue_origin_0136_0002,rescue_car,origin_0136,5439074921,5430#1,5430#1,shelter_7,豊岡小学校,12727#0,0,2.3
rescue_origin_0136_0003,rescue_car,origin_0136,5439074921,5430#1,5430#1,shelter_7,豊岡小学校,12727#0,0,2.3
rescue_origin_0136_0004,rescue_car,origin_0136,5439074921,5430#1,5430#1,shelter_7,豊岡小学校,12727#0,0,2.3
rescue_origin_0136_0005,rescue_car,origin_0136,5439074921,5430#1,5430#1,shelter_7,豊岡小学校,12727#0,0,2.3
rescue_origin_0136_0006,rescue_car,origin_0136,5439074921,5430#1,5430#1,shelter_7,豊岡小学校,12727#0,0,2.3
rescue_origin_0137_0001,rescue_car,origin_0137,5439074923,5427#1,5427#1,shelter_7,豊岡小学校,12727#0,0,2.3
rescue_origin_0138_0001,rescue_car,origin_0138,5439074924,11490,11490,shelter_3,水海道第一高等学校,11531#5,0,2.3
rescue_origin_0138_0002,rescue_car,origin_0138,5439074924,11490,11490,shelter_3,水海道第一高等学校,11531#5,0,2.3
rescue_origin_0139_0001,rescue_car,origin_0139,5439074931,5458#2,5458#2,shelter_7,豊岡小学校,12727#0,0,2.3
rescue_origin_0139_0002,rescue_car,origin_0139,5439074931,5458#2,5458#2,shelter_7,豊岡小学校,12727#0,0,2.3
rescue_origin_0139_0003,rescue_car,origin_0139,5439074931,5458#2,5458#2,shelter_7,豊岡小学校,12727#0,0,2.3
rescue_origin_0139_0004,rescue_car,origin_0139,5439074931,5458#2,5458#2,shelter_7,豊岡小学校,12727#0,0,2.3
rescue_origin_0139_0005,rescue_car,origin_0139,5439074931,5458#2,5458#2,shelter_7,豊岡小学校,12727#0,0,2.3
rescue_origin_0140_0001,rescue_car,origin_0140,5439074932,5487#1,5487#1,shelter_7,豊岡小学校,12727#0,0,2.3
rescue_origin_0140_0002,rescue_car,origin_0140,5439074932,5487#1,5487#1,shelter_7,豊岡小学校,12727#0,0,2.3
rescue_origin_0141_0001,rescue_car,origin_0141,5439074933,5493,5493,shelter_7,豊岡小学校,12727#0,0,2.3
rescue_origin_0141_0002,rescue_car,origin_0141,5439074933,5493,5493,shelter_7,豊岡小学校,12727#0,0,2.3
rescue_origin_0141_0003,rescue_car,origin_0141,5439074933,5493,5493,shelter_7,豊岡小学校,12727#0,0,2.3
rescue_origin_0142_0001,rescue_car,origin_0142,5439074941,10959#2,10959#2,shelter_7,豊岡小学校,12727#0,0,2.3
rescue_origin_0142_0002,rescue_car,origin_0142,5439074941,10959#2,10959#2,shelter_7,豊岡小学校,12727#0,0,2.3
rescue_origin_0142_0003,rescue_car,origin_0142,5439074941,10959#2,10959#2,shelter_7,豊岡小学校,12727#0,0,2.3
rescue_origin_0143_0001,rescue_car,origin_0143,5439074943,6543,6543,shelter_7,豊岡小学校,12727#0,0,2.3
rescue_origin_0143_0002,rescue_car,origin_0143,5439074943,6543,6543,shelter_7,豊岡小学校,12727#0,0,2.3
rescue_origin_0143_0003,rescue_car,origin_0143,5439074943,6543,6543,shelter_7,豊岡小学校,12727#0,0,2.3
rescue_origin_0143_0004,rescue_car,origin_0143,5439074943,6543,6543,shelter_7,豊岡小学校,12727#0,0,2.3
rescue_origin_0144_0001,rescue_car,origin_0144,5439075514,356,356,shelter_7,豊岡小学校,12727#0,0,2.3
rescue_origin_0144_0002,rescue_car,origin_0144,5439075514,356,356,shelter_7,豊岡小学校,12727#0,0,2.3
rescue_origin_0146_0001,rescue_car,origin_0146,5439075533,5657#0,5657#0,shelter_6,菅原小学校,6104#10,0,2.3
rescue_origin_0146_0002,rescue_car,origin_0146,5439075533,5657#0,5657#0,shelter_6,菅原小学校,6104#10,0,2.3
rescue_origin_0146_0003,rescue_car,origin_0146,5439075533,5657#0,5657#0,shelter_6,菅原小学校,6104#10,0,2.3
rescue_origin_0146_0004,rescue_car,origin_0146,5439075533,5657#0,5657#0,shelter_6,菅原小学校,6104#10,0,2.3
rescue_origin_0146_0005,rescue_car,origin_0146,5439075533,5657#0,5657#0,shelter_6,菅原小学校,6104#10,0,2.3
rescue_origin_0146_0006,rescue_car,origin_0146,5439075533,5657#0,5657#0,shelter_6,菅原小学校,6104#10,0,2.3
rescue_origin_0146_0007,rescue_car,origin_0146,5439075533,5657#0,5657#0,shelter_6,菅原小学校,6104#10,0,2.3
rescue_origin_0147_0001,rescue_car,origin_0147,5439075534,357#9,357#9,shelter_6,菅原小学校,6104#10,0,2.3
rescue_origin_0149_0001,rescue_car,origin_0149,5439075614,10937#6,10937#6,shelter_7,豊岡小学校,12727#0,0,2.3
rescue_origin_0149_0002,rescue_car,origin_0149,5439075614,10937#6,10937#6,shelter_7,豊岡小学校,12727#0,0,2.3
rescue_origin_0149_0003,rescue_car,origin_0149,5439075614,10937#6,10937#6,shelter_7,豊岡小学校,12727#0,0,2.3
rescue_origin_0149_0004,rescue_car,origin_0149,5439075614,10937#6,10937#6,shelter_7,豊岡小学校,12727#0,0,2.3
rescue_origin_0150_0001,rescue_car,origin_0150,5439075621,369#0,369#0,shelter_6,菅原小学校,6104#10,0,2.3
rescue_origin_0150_0002,rescue_car,origin_0150,5439075621,369#0,369#0,shelter_6,菅原小学校,6104#10,0,2.3
rescue_origin_0151_0001,rescue_car,origin_0151,5439075623,5566#6,5566#6,shelter_7,豊岡小学校,12727#0,0,2.3
rescue_origin_0151_0002,rescue_car,origin_0151,5439075623,5566#6,5566#6,shelter_7,豊岡小学校,12727#0,0,2.3
rescue_origin_0152_0001,rescue_car,origin_0152,5439075624,10937#4,10937#4,shelter_7,豊岡小学校,12727#0,0,2.3
rescue_origin_0153_0001,rescue_car,origin_0153,5439075632,355#0,355#0,shelter_6,菅原小学校,6104#10,0,2.3
rescue_origin_0153_0002,rescue_car,origin_0153,5439075632,355#0,355#0,shelter_6,菅原小学校,6104#10,0,2.3
rescue_origin_0153_0003,rescue_car,origin_0153,5439075632,355#0,355#0,shelter_6,菅原小学校,6104#10,0,2.3
rescue_origin_0154_0001,rescue_car,origin_0154,5439075633,5789#3,5789#3,shelter_7,豊岡小学校,12727#0,0,2.3
rescue_origin_0154_0002,rescue_car,origin_0154,5439075633,5789#3,5789#3,shelter_7,豊岡小学校,12727#0,0,2.3
rescue_origin_0155_0001,rescue_car,origin_0155,5439075634,5768,5768,shelter_7,豊岡小学校,12727#0,0,2.3
rescue_origin_0155_0002,rescue_car,origin_0155,5439075634,5768,5768,shelter_7,豊岡小学校,12727#0,0,2.3
rescue_origin_0157_0001,rescue_car,origin_0157,5439075741,10938#11,10938#11,shelter_7,豊岡小学校,12727#0,0,2.3
rescue_origin_0158_0001,rescue_car,origin_0158,5439075911,5595#0,5595#0,shelter_7,豊岡小学校,12727#0,0,2.3
rescue_origin_0158_0002,rescue_car,origin_0158,5439075911,5595#0,5595#0,shelter_7,豊岡小学校,12727#0,0,2.3
rescue_origin_0158_0003,rescue_car,origin_0158,5439075911,5595#0,5595#0,shelter_7,豊岡小学校,12727#0,0,2.3
rescue_origin_0158_0004,rescue_car,origin_0158,5439075911,5595#0,5595#0,shelter_7,豊岡小学校,12727#0,0,2.3
rescue_origin_0158_0005,rescue_car,origin_0158,5439075911,5595#0,5595#0,shelter_7,豊岡小学校,12727#0,0,2.3
rescue_origin_0158_0006,rescue_car,origin_0158,5439075911,5595#0,5595#0,shelter_7,豊岡小学校,12727#0,0,2.3
rescue_origin_0158_0007,rescue_car,origin_0158,5439075911,5595#0,5595#0,shelter_7,豊岡小学校,12727#0,0,2.3
rescue_origin_0158_0008,rescue_car,origin_0158,5439075911,5595#0,5595#0,shelter_7,豊岡小学校,12727#0,0,2.3
rescue_origin_0159_0001,rescue_car,origin_0159,5439075912,5617#0,5617#0,shelter_7,豊岡小学校,12727#0,0,2.3
rescue_origin_0159_0002,rescue_car,origin_0159,5439075912,5617#0,5617#0,shelter_7,豊岡小学校,12727#0,0,2.3
rescue_origin_0159_0003,rescue_car,origin_0159,5439075912,5617#0,5617#0,shelter_7,豊岡小学校,12727#0,0,2.3
rescue_origin_0159_0004,rescue_car,origin_0159,5439075912,5617#0,5617#0,shelter_7,豊岡小学校,12727#0,0,2.3
rescue_origin_0160_0001,rescue_car,origin_0160,5439075913,6543,6543,shelter_7,豊岡小学校,12727#0,0,2.3
rescue_origin_0160_0002,rescue_car,origin_0160,5439075913,6543,6543,shelter_7,豊岡小学校,12727#0,0,2.3
rescue_origin_0160_0003,rescue_car,origin_0160,5439075913,6543,6543,shelter_7,豊岡小学校,12727#0,0,2.3
rescue_origin_0160_0004,rescue_car,origin_0160,5439075913,6543,6543,shelter_7,豊岡小学校,12727#0,0,2.3
rescue_origin_0160_0005,rescue_car,origin_0160,5439075913,6543,6543,shelter_7,豊岡小学校,12727#0,0,2.3
rescue_origin_0161_0001,rescue_car,origin_0161,5439075921,10988#2,10988#2,shelter_7,豊岡小学校,12727#0,0,2.3
rescue_origin_0161_0002,rescue_car,origin_0161,5439075921,10988#2,10988#2,shelter_7,豊岡小学校,12727#0,0,2.3
rescue_origin_0161_0003,rescue_car,origin_0161,5439075921,10988#2,10988#2,shelter_7,豊岡小学校,12727#0,0,2.3
rescue_origin_0161_0004,rescue_car,origin_0161,5439075921,10988#2,10988#2,shelter_7,豊岡小学校,12727#0,0,2.3
rescue_origin_0161_0005,rescue_car,origin_0161,5439075921,10988#2,10988#2,shelter_7,豊岡小学校,12727#0,0,2.3
rescue_origin_0161_0006,rescue_car,origin_0161,5439075921,10988#2,10988#2,shelter_7,豊岡小学校,12727#0,0,2.3
rescue_origin_0162_0001,rescue_car,origin_0162,5439075931,5695#1,5695#1,shelter_7,豊岡小学校,12727#0,0,2.3
rescue_origin_0162_0002,rescue_car,origin_0162,5439075931,5695#1,5695#1,shelter_7,豊岡小学校,12727#0,0,2.3
rescue_origin_0162_0003,rescue_car,origin_0162,5439075931,5695#1,5695#1,shelter_7,豊岡小学校,12727#0,0,2.3
rescue_origin_0162_0004,rescue_car,origin_0162,5439075931,5695#1,5695#1,shelter_7,豊岡小学校,12727#0,0,2.3
rescue_origin_0162_0005,rescue_car,origin_0162,5439075931,5695#1,5695#1,shelter_7,豊岡小学校,12727#0,0,2.3
rescue_origin_0162_0006,rescue_car,origin_0162,5439075931,5695#1,5695#1,shelter_7,豊岡小学校,12727#0,0,2.3
rescue_origin_0162_0007,rescue_car,origin_0162,5439075931,5695#1,5695#1,shelter_7,豊岡小学校,12727#0,0,2.3
rescue_origin_0162_0008,rescue_car,origin_0162,5439075931,5695#1,5695#1,shelter_7,豊岡小学校,12727#0,0,2.3
rescue_origin_0162_0009,rescue_car,origin_0162,5439075931,5695#1,5695#1,shelter_7,豊岡小学校,12727#0,0,2.3
rescue_origin_0162_0010,rescue_car,origin_0162,5439075931,5695#1,5695#1,shelter_7,豊岡小学校,12727#0,0,2.3
rescue_origin_0162_0011,rescue_car,origin_0162,5439075931,5695#1,5695#1,shelter_7,豊岡小学校,12727#0,0,2.3
rescue_origin_0162_0012,rescue_car,origin_0162,5439075931,5695#1,5695#1,shelter_7,豊岡小学校,12727#0,0,2.3
rescue_origin_0162_0013,rescue_car,origin_0162,5439075931,5695#1,5695#1,shelter_7,豊岡小学校,12727#0,0,2.3
rescue_origin_0163_0001,rescue_car,origin_0163,5439075932,5653#1,5653#1,shelter_7,豊岡小学校,12727#0,0,2.3
rescue_origin_0163_0002,rescue_car,origin_0163,5439075932,5653#1,5653#1,shelter_7,豊岡小学校,12727#0,0,2.3
rescue_origin_0163_0003,rescue_car,origin_0163,5439075932,5653#1,5653#1,shelter_7,豊岡小学校,12727#0,0,2.3
rescue_origin_0163_0004,rescue_car,origin_0163,5439075932,5653#1,5653#1,shelter_7,豊岡小学校,12727#0,0,2.3
rescue_origin_0163_0005,rescue_car,origin_0163,5439075932,5653#1,5653#1,shelter_7,豊岡小学校,12727#0,0,2.3
rescue_origin_0163_0006,rescue_car,origin_0163,5439075932,5653#1,5653#1,shelter_7,豊岡小学校,12727#0,0,2.3
rescue_origin_0163_0007,rescue_car,origin_0163,5439075932,5653#1,5653#1,shelter_7,豊岡小学校,12727#0,0,2.3
rescue_origin_0163_0008,rescue_car,origin_0163,5439075932,5653#1,5653#1,shelter_7,豊岡小学校,12727#0,0,2.3
rescue_origin_0163_0009,rescue_car,origin_0163,5439075932,5653#1,5653#1,shelter_7,豊岡小学校,12727#0,0,2.3
rescue_origin_0163_0010,rescue_car,origin_0163,5439075932,5653#1,5653#1,shelter_7,豊岡小学校,12727#0,0,2.3
rescue_origin_0163_0011,rescue_car,origin_0163,5439075932,5653#1,5653#1,shelter_7,豊岡小学校,12727#0,0,2.3
rescue_origin_0163_0012,rescue_car,origin_0163,5439075932,5653#1,5653#1,shelter_7,豊岡小学校,12727#0,0,2.3
rescue_origin_0163_0013,rescue_car,origin_0163,5439075932,5653#1,5653#1,shelter_7,豊岡小学校,12727#0,0,2.3
rescue_origin_0163_0014,rescue_car,origin_0163,5439075932,5653#1,5653#1,shelter_7,豊岡小学校,12727#0,0,2.3
rescue_origin_0163_0015,rescue_car,origin_0163,5439075932,5653#1,5653#1,shelter_7,豊岡小学校,12727#0,0,2.3
rescue_origin_0164_0001,rescue_car,origin_0164,5439075934,5749#5,5749#5,shelter_7,豊岡小学校,12727#0,0,2.3
rescue_origin_0164_0002,rescue_car,origin_0164,5439075934,5749#5,5749#5,shelter_7,豊岡小学校,12727#0,0,2.3
rescue_origin_0164_0003,rescue_car,origin_0164,5439075934,5749#5,5749#5,shelter_7,豊岡小学校,12727#0,0,2.3
rescue_origin_0164_0004,rescue_car,origin_0164,5439075934,5749#5,5749#5,shelter_7,豊岡小学校,12727#0,0,2.3
rescue_origin_0164_0005,rescue_car,origin_0164,5439075934,5749#5,5749#5,shelter_7,豊岡小学校,12727#0,0,2.3
rescue_origin_0164_0006,rescue_car,origin_0164,5439075934,5749#5,5749#5,shelter_7,豊岡小学校,12727#0,0,2.3
rescue_origin_0164_0007,rescue_car,origin_0164,5439075934,5749#5,5749#5,shelter_7,豊岡小学校,12727#0,0,2.3
rescue_origin_0164_0008,rescue_car,origin_0164,5439075934,5749#5,5749#5,shelter_7,豊岡小学校,12727#0,0,2.3
rescue_origin_0164_0009,rescue_car,origin_0164,5439075934,5749#5,5749#5,shelter_7,豊岡小学校,12727#0,0,2.3
rescue_origin_0164_0010,rescue_car,origin_0164,5439075934,5749#5,5749#5,shelter_7,豊岡小学校,12727#0,0,2.3
rescue_origin_0165_0001,rescue_car,origin_0165,5439075941,5729#3,5729#3,shelter_7,豊岡小学校,12727#0,0,2.3
rescue_origin_0165_0002,rescue_car,origin_0165,5439075941,5729#3,5729#3,shelter_7,豊岡小学校,12727#0,0,2.3
rescue_origin_0165_0003,rescue_car,origin_0165,5439075941,5729#3,5729#3,shelter_7,豊岡小学校,12727#0,0,2.3
rescue_origin_0167_0001,rescue_car,origin_0167,5439076523,5847#4,5847#4,shelter_6,菅原小学校,6104#10,0,2.3
rescue_origin_0167_0002,rescue_car,origin_0167,5439076523,5847#4,5847#4,shelter_6,菅原小学校,6104#10,0,2.3
rescue_origin_0168_0001,rescue_car,origin_0168,5439076524,5797#6,5797#6,shelter_6,菅原小学校,6104#10,0,2.3
rescue_origin_0169_0001,rescue_car,origin_0169,5439076544,275#7,275#7,shelter_6,菅原小学校,6104#10,0,2.3
rescue_origin_0169_0002,rescue_car,origin_0169,5439076544,275#7,275#7,shelter_6,菅原小学校,6104#10,0,2.3
rescue_origin_0169_0003,rescue_car,origin_0169,5439076544,275#7,275#7,shelter_6,菅原小学校,6104#10,0,2.3
rescue_origin_0170_0001,rescue_car,origin_0170,5439076612,5818#2,5818#2,shelter_6,菅原小学校,6104#10,0,2.3
rescue_origin_0171_0001,rescue_car,origin_0171,5439076623,5836#0,5836#0,shelter_6,菅原小学校,6104#10,0,2.3
rescue_origin_0173_0001,rescue_car,origin_0173,5439076642,12720#8,12720#8,shelter_6,菅原小学校,6104#10,0,2.3
rescue_origin_0173_0002,rescue_car,origin_0173,5439076642,12720#8,12720#8,shelter_6,菅原小学校,6104#10,0,2.3
rescue_origin_0174_0001,rescue_car,origin_0174,5439076643,5946#9,5946#9,shelter_6,菅原小学校,6104#10,0,2.3
rescue_origin_0174_0002,rescue_car,origin_0174,5439076643,5946#9,5946#9,shelter_6,菅原小学校,6104#10,0,2.3
rescue_origin_0174_0003,rescue_car,origin_0174,5439076643,5946#9,5946#9,shelter_6,菅原小学校,6104#10,0,2.3
rescue_origin_0175_0001,rescue_car,origin_0175,5439076842,6316#1,6316#1,shelter_6,菅原小学校,6104#10,0,2.3
rescue_origin_0175_0002,rescue_car,origin_0175,5439076842,6316#1,6316#1,shelter_6,菅原小学校,6104#10,0,2.3
rescue_origin_0175_0003,rescue_car,origin_0175,5439076842,6316#1,6316#1,shelter_6,菅原小学校,6104#10,0,2.3
rescue_origin_0176_0008,rescue_car,origin_0176,5439076911,11836#5,11836#5,shelter_7,豊岡小学校,12727#0,0,2.3
rescue_origin_0176_0009,rescue_car,origin_0176,5439076911,11836#5,11836#5,shelter_7,豊岡小学校,12727#0,0,2.3
rescue_origin_0176_0010,rescue_car,origin_0176,5439076911,11836#5,11836#5,shelter_7,豊岡小学校,12727#0,0,2.3
rescue_origin_0176_0011,rescue_car,origin_0176,5439076911,11836#5,11836#5,shelter_7,豊岡小学校,12727#0,0,2.3
rescue_origin_0176_0012,rescue_car,origin_0176,5439076911,11836#5,11836#5,shelter_7,豊岡小学校,12727#0,0,2.3
rescue_origin_0176_0013,rescue_car,origin_0176,5439076911,11836#5,11836#5,shelter_7,豊岡小学校,12727#0,0,2.3
rescue_origin_0176_0014,rescue_car,origin_0176,5439076911,11836#5,11836#5,shelter_7,豊岡小学校,12727#0,0,2.3
rescue_origin_0176_0015,rescue_car,origin_0176,5439076911,11836#5,11836#5,shelter_7,豊岡小学校,12727#0,0,2.3
rescue_origin_0176_0016,rescue_car,origin_0176,5439076911,11836#5,11836#5,shelter_7,豊岡小学校,12727#0,0,2.3
rescue_origin_0176_0017,rescue_car,origin_0176,5439076911,11836#5,11836#5,shelter_7,豊岡小学校,12727#0,0,2.3
rescue_origin_0176_0018,rescue_car,origin_0176,5439076911,11836#5,11836#5,shelter_7,豊岡小学校,12727#0,0,2.3
rescue_origin_0176_0019,rescue_car,origin_0176,5439076911,11836#5,11836#5,shelter_7,豊岡小学校,12727#0,0,2.3
rescue_origin_0176_0020,rescue_car,origin_0176,5439076911,11836#5,11836#5,shelter_7,豊岡小学校,12727#0,0,2.3
rescue_origin_0176_0021,rescue_car,origin_0176,5439076911,11836#5,11836#5,shelter_7,豊岡小学校,12727#0,0,2.3
rescue_origin_0176_0022,rescue_car,origin_0176,5439076911,11836#5,11836#5,shelter_7,豊岡小学校,12727#0,0,2.3
rescue_origin_0176_0023,rescue_car,origin_0176,5439076911,11836#5,11836#5,shelter_7,豊岡小学校,12727#0,0,2.3
rescue_origin_0176_0024,rescue_car,origin_0176,5439076911,11836#5,11836#5,shelter_7,豊岡小学校,12727#0,0,2.3
rescue_origin_0177_0001,rescue_car,origin_0177,5439076912,6547,6547,shelter_7,豊岡小学校,12727#0,0,2.3
rescue_origin_0177_0002,rescue_car,origin_0177,5439076912,6547,6547,shelter_7,豊岡小学校,12727#0,0,2.3
rescue_origin_0177_0003,rescue_car,origin_0177,5439076912,6547,6547,shelter_7,豊岡小学校,12727#0,0,2.3
rescue_origin_0177_0004,rescue_car,origin_0177,5439076912,6547,6547,shelter_7,豊岡小学校,12727#0,0,2.3
rescue_origin_0177_0005,rescue_car,origin_0177,5439076912,6547,6547,shelter_7,豊岡小学校,12727#0,0,2.3
rescue_origin_0177_0006,rescue_car,origin_0177,5439076912,6547,6547,shelter_7,豊岡小学校,12727#0,0,2.3
rescue_origin_0178_0001,rescue_car,origin_0178,5439076913,5821#0,5821#0,shelter_7,豊岡小学校,12727#0,0,2.3
rescue_origin_0178_0002,rescue_car,origin_0178,5439076913,5821#0,5821#0,shelter_7,豊岡小学校,12727#0,0,2.3
rescue_origin_0179_0001,rescue_car,origin_0179,5439076931,11837,11837,shelter_7,豊岡小学校,12727#0,0,2.3
rescue_origin_0179_0002,rescue_car,origin_0179,5439076931,11837,11837,shelter_7,豊岡小学校,12727#0,0,2.3
rescue_origin_0180_0001,rescue_car,origin_0180,5439076942,5972#6,5972#6,shelter_7,豊岡小学校,12727#0,0,2.3
rescue_origin_0181_0001,rescue_car,origin_0181,5439076944,5950#2,5950#2,shelter_7,豊岡小学校,12727#0,0,2.3
rescue_origin_0181_0002,rescue_car,origin_0181,5439076944,5950#2,5950#2,shelter_7,豊岡小学校,12727#0,0,2.3
rescue_origin_0184_0001,rescue_car,origin_0184,5439077541,374#0,374#0,shelter_6,菅原小学校,6104#10,0,2.3
rescue_origin_0184_0002,rescue_car,origin_0184,5439077541,374#0,374#0,shelter_6,菅原小学校,6104#10,0,2.3
rescue_origin_0184_0003,rescue_car,origin_0184,5439077541,374#0,374#0,shelter_6,菅原小学校,6104#10,0,2.3
rescue_origin_0185_0001,rescue_car,origin_0185,5439077542,283#6,283#6,shelter_6,菅原小学校,6104#10,0,2.3
rescue_origin_0186_0001,rescue_car,origin_0186,5439077543,6101#1,6101#1,shelter_6,菅原小学校,6104#10,0,2.3
rescue_origin_0187_0001,rescue_car,origin_0187,5439077611,5952#0,5952#0,shelter_6,菅原小学校,6104#10,0,2.3
rescue_origin_0187_0002,rescue_car,origin_0187,5439077611,5952#0,5952#0,shelter_6,菅原小学校,6104#10,0,2.3
rescue_origin_0187_0003,rescue_car,origin_0187,5439077611,5952#0,5952#0,shelter_6,菅原小学校,6104#10,0,2.3
rescue_origin_0188_0001,rescue_car,origin_0188,5439077632,12860#0,12860#0,shelter_6,菅原小学校,6104#10,0,2.3
rescue_origin_0188_0002,rescue_car,origin_0188,5439077632,12860#0,12860#0,shelter_6,菅原小学校,6104#10,0,2.3
rescue_origin_0188_0003,rescue_car,origin_0188,5439077632,12860#0,12860#0,shelter_6,菅原小学校,6104#10,0,2.3
rescue_origin_0188_0004,rescue_car,origin_0188,5439077632,12860#0,12860#0,shelter_6,菅原小学校,6104#10,0,2.3
rescue_origin_0189_0001,rescue_car,origin_0189,5439077633,6009#5,6009#5,shelter_6,菅原小学校,6104#10,0,2.3
rescue_origin_0189_0002,rescue_car,origin_0189,5439077633,6009#5,6009#5,shelter_6,菅原小学校,6104#10,0,2.3
rescue_origin_0189_0003,rescue_car,origin_0189,5439077633,6009#5,6009#5,shelter_6,菅原小学校,6104#10,0,2.3
rescue_origin_0190_0001,rescue_car,origin_0190,5439077642,6638#4,6638#4,shelter_6,菅原小学校,6104#10,0,2.3
rescue_origin_0190_0002,rescue_car,origin_0190,5439077642,6638#4,6638#4,shelter_6,菅原小学校,6104#10,0,2.3
rescue_origin_0190_0003,rescue_car,origin_0190,5439077642,6638#4,6638#4,shelter_6,菅原小学校,6104#10,0,2.3
rescue_origin_0192_0001,rescue_car,origin_0192,5439077823,6000#1,6000#1,shelter_6,菅原小学校,6104#10,0,2.3
rescue_origin_0192_0002,rescue_car,origin_0192,5439077823,6000#1,6000#1,shelter_6,菅原小学校,6104#10,0,2.3
rescue_origin_0193_0001,rescue_car,origin_0193,5439077824,6549#7,6549#7,shelter_6,菅原小学校,6104#10,0,2.3
rescue_origin_0193_0002,rescue_car,origin_0193,5439077824,6549#7,6549#7,shelter_6,菅原小学校,6104#10,0,2.3
rescue_origin_0193_0003,rescue_car,origin_0193,5439077824,6549#7,6549#7,shelter_6,菅原小学校,6104#10,0,2.3
rescue_origin_0194_0001,rescue_car,origin_0194,5439077833,6435#4,6435#4,shelter_6,菅原小学校,6104#10,0,2.3
rescue_origin_0194_0002,rescue_car,origin_0194,5439077833,6435#4,6435#4,shelter_6,菅原小学校,6104#10,0,2.3
rescue_origin_0195_0001,rescue_car,origin_0195,5439077913,5826#24,5826#24,shelter_7,豊岡小学校,12727#0,0,2.3
rescue_origin_0195_0002,rescue_car,origin_0195,5439077913,5826#24,5826#24,shelter_7,豊岡小学校,12727#0,0,2.3
rescue_origin_0195_0003,rescue_car,origin_0195,5439077913,5826#24,5826#24,shelter_7,豊岡小学校,12727#0,0,2.3
rescue_origin_0196_0001,rescue_car,origin_0196,5439077923,6338#5,6338#5,shelter_7,豊岡小学校,12727#0,0,2.3
rescue_origin_0197_0001,rescue_car,origin_0197,5439077931,6625,6625,shelter_6,菅原小学校,6104#10,0,2.3
rescue_origin_0197_0002,rescue_car,origin_0197,5439077931,6625,6625,shelter_6,菅原小学校,6104#10,0,2.3
rescue_origin_0197_0003,rescue_car,origin_0197,5439077931,6625,6625,shelter_6,菅原小学校,6104#10,0,2.3
rescue_origin_0197_0004,rescue_car,origin_0197,5439077931,6625,6625,shelter_6,菅原小学校,6104#10,0,2.3
rescue_origin_0198_0001,rescue_car,origin_0198,5439077941,6343#4,6343#4,shelter_6,菅原小学校,6104#10,0,2.3
rescue_origin_0200_0001,rescue_car,origin_0200,5439078413,4592,4592,shelter_6,菅原小学校,6104#10,0,2.3
rescue_origin_0201_0001,rescue_car,origin_0201,5439078512,282#6,282#6,shelter_6,菅原小学校,6104#10,0,2.3
rescue_origin_0201_0002,rescue_car,origin_0201,5439078512,282#6,282#6,shelter_6,菅原小学校,6104#10,0,2.3
rescue_origin_0203_0001,rescue_car,origin_0203,5439078522,1696#1,1696#1,shelter_6,菅原小学校,6104#10,0,2.3
rescue_origin_0203_0002,rescue_car,origin_0203,5439078522,1696#1,1696#1,shelter_6,菅原小学校,6104#10,0,2.3
rescue_origin_0203_0003,rescue_car,origin_0203,5439078522,1696#1,1696#1,shelter_6,菅原小学校,6104#10,0,2.3
rescue_origin_0203_0004,rescue_car,origin_0203,5439078522,1696#1,1696#1,shelter_6,菅原小学校,6104#10,0,2.3
rescue_origin_0203_0005,rescue_car,origin_0203,5439078522,1696#1,1696#1,shelter_6,菅原小学校,6104#10,0,2.3
rescue_origin_0203_0006,rescue_car,origin_0203,5439078522,1696#1,1696#1,shelter_6,菅原小学校,6104#10,0,2.3
rescue_origin_0203_0007,rescue_car,origin_0203,5439078522,1696#1,1696#1,shelter_6,菅原小学校,6104#10,0,2.3
rescue_origin_0203_0008,rescue_car,origin_0203,5439078522,1696#1,1696#1,shelter_6,菅原小学校,6104#10,0,2.3
rescue_origin_0204_0001,rescue_car,origin_0204,5439078523,1671#6,1671#6,shelter_6,菅原小学校,6104#10,0,2.3
rescue_origin_0204_0002,rescue_car,origin_0204,5439078523,1671#6,1671#6,shelter_6,菅原小学校,6104#10,0,2.3
rescue_origin_0205_0001,rescue_car,origin_0205,5439078532,1707#0,1707#0,shelter_6,菅原小学校,6104#10,0,2.3
rescue_origin_0206_0001,rescue_car,origin_0206,5439078541,1740,1740,shelter_6,菅原小学校,6104#10,0,2.3
rescue_origin_0207_0001,rescue_car,origin_0207,5439078542,1707#1,1707#1,shelter_6,菅原小学校,6104#10,0,2.3
rescue_origin_0208_0001,rescue_car,origin_0208,5439078812,6138#0,6138#0,shelter_6,菅原小学校,6104#10,0,2.3
rescue_origin_0208_0002,rescue_car,origin_0208,5439078812,6138#0,6138#0,shelter_6,菅原小学校,6104#10,0,2.3
rescue_origin_0210_0001,rescue_car,origin_0210,5439078834,11450,11450,shelter_6,菅原小学校,6104#10,0,2.3
rescue_origin_0210_0002,rescue_car,origin_0210,5439078834,11450,11450,shelter_6,菅原小学校,6104#10,0,2.3
rescue_origin_0210_0003,rescue_car,origin_0210,5439078834,11450,11450,shelter_6,菅原小学校,6104#10,0,2.3
rescue_origin_0210_0004,rescue_car,origin_0210,5439078834,11450,11450,shelter_6,菅原小学校,6104#10,0,2.3
rescue_origin_0211_0001,rescue_car,origin_0211,5439078921,6121#10,6121#10,shelter_6,菅原小学校,6104#10,0,2.3
rescue_origin_0211_0002,rescue_car,origin_0211,5439078921,6121#10,6121#10,shelter_6,菅原小学校,6104#10,0,2.3
rescue_origin_0212_0001,rescue_car,origin_0212,5439078932,4665#7,4665#7,shelter_6,菅原小学校,6104#10,0,2.3
rescue_origin_0214_0001,rescue_car,origin_0214,5439079434,1971#3,1971#3,shelter_6,菅原小学校,6104#10,0,2.3
rescue_origin_0214_0002,rescue_car,origin_0214,5439079434,1971#3,1971#3,shelter_6,菅原小学校,6104#10,0,2.3
rescue_origin_0214_0003,rescue_car,origin_0214,5439079434,1971#3,1971#3,shelter_6,菅原小学校,6104#10,0,2.3
rescue_origin_0214_0004,rescue_car,origin_0214,5439079434,1971#3,1971#3,shelter_6,菅原小学校,6104#10,0,2.3
rescue_origin_0214_0005,rescue_car,origin_0214,5439079434,1971#3,1971#3,shelter_6,菅原小学校,6104#10,0,2.3
rescue_origin_0215_0001,rescue_car,origin_0215,5439079512,1789#3,1789#3,shelter_6,菅原小学校,6104#10,0,2.3
rescue_origin_0215_0002,rescue_car,origin_0215,5439079512,1789#3,1789#3,shelter_6,菅原小学校,6104#10,0,2.3
rescue_origin_0216_0001,rescue_car,origin_0216,5439079521,1886#1,1886#1,shelter_6,菅原小学校,6104#10,0,2.3
rescue_origin_0217_0001,rescue_car,origin_0217,5439079522,1891#1,1891#1,shelter_6,菅原小学校,6104#10,0,2.3
rescue_origin_0217_0002,rescue_car,origin_0217,5439079522,1891#1,1891#1,shelter_6,菅原小学校,6104#10,0,2.3
rescue_origin_0217_0003,rescue_car,origin_0217,5439079522,1891#1,1891#1,shelter_6,菅原小学校,6104#10,0,2.3
rescue_origin_0217_0004,rescue_car,origin_0217,5439079522,1891#1,1891#1,shelter_6,菅原小学校,6104#10,0,2.3
rescue_origin_0217_0005,rescue_car,origin_0217,5439079522,1891#1,1891#1,shelter_6,菅原小学校,6104#10,0,2.3
rescue_origin_0218_0001,rescue_car,origin_0218,5439079532,5091#3,5091#3,shelter_6,菅原小学校,6104#10,0,2.3
rescue_origin_0218_0002,rescue_car,origin_0218,5439079532,5091#3,5091#3,shelter_6,菅原小学校,6104#10,0,2.3
rescue_origin_0218_0003,rescue_car,origin_0218,5439079532,5091#3,5091#3,shelter_6,菅原小学校,6104#10,0,2.3
rescue_origin_0218_0004,rescue_car,origin_0218,5439079532,5091#3,5091#3,shelter_6,菅原小学校,6104#10,0,2.3
rescue_origin_0219_0001,rescue_car,origin_0219,5439079541,1907#10,1907#10,shelter_6,菅原小学校,6104#10,0,2.3
rescue_origin_0221_0001,rescue_car,origin_0221,5439079543,5123#0,5123#0,shelter_6,菅原小学校,6104#10,0,2.3
rescue_origin_0222_0001,rescue_car,origin_0222,5439079744,1951#0,1951#0,shelter_2,石下小学校,7058,0,2.3
rescue_origin_0222_0002,rescue_car,origin_0222,5439079744,1951#0,1951#0,shelter_2,石下小学校,7058,0,2.3
rescue_origin_0223_0001,rescue_car,origin_0223,5439079812,11729#5,11729#5,shelter_6,菅原小学校,6104#10,0,2.3
rescue_origin_0223_0002,rescue_car,origin_0223,5439079812,11729#5,11729#5,shelter_6,菅原小学校,6104#10,0,2.3
rescue_origin_0223_0003,rescue_car,origin_0223,5439079812,11729#5,11729#5,shelter_6,菅原小学校,6104#10,0,2.3
rescue_origin_0223_0004,rescue_car,origin_0223,5439079812,11729#5,11729#5,shelter_6,菅原小学校,6104#10,0,2.3
rescue_origin_0223_0005,rescue_car,origin_0223,5439079812,11729#5,11729#5,shelter_6,菅原小学校,6104#10,0,2.3
rescue_origin_0223_0006,rescue_car,origin_0223,5439079812,11729#5,11729#5,shelter_6,菅原小学校,6104#10,0,2.3
rescue_origin_0224_0001,rescue_car,origin_0224,5439079814,12319#4,12319#4,shelter_6,菅原小学校,6104#10,0,2.3
rescue_origin_0225_0001,rescue_car,origin_0225,5439079822,1914#20,1914#20,shelter_6,菅原小学校,6104#10,0,2.3
rescue_origin_0226_0001,rescue_car,origin_0226,5439079831,1976#2,1976#2,shelter_6,菅原小学校,6104#10,0,2.3
rescue_origin_0226_0002,rescue_car,origin_0226,5439079831,1976#2,1976#2,shelter_6,菅原小学校,6104#10,0,2.3
rescue_origin_0226_0003,rescue_car,origin_0226,5439079831,1976#2,1976#2,shelter_6,菅原小学校,6104#10,0,2.3
rescue_origin_0226_0004,rescue_car,origin_0226,5439079831,1976#2,1976#2,shelter_6,菅原小学校,6104#10,0,2.3
rescue_origin_0226_0005,rescue_car,origin_0226,5439079831,1976#2,1976#2,shelter_6,菅原小学校,6104#10,0,2.3
rescue_origin_0226_0006,rescue_car,origin_0226,5439079831,1976#2,1976#2,shelter_6,菅原小学校,6104#10,0,2.3
rescue_origin_0227_0001,rescue_car,origin_0227,5439079912,1866#3,1866#3,shelter_2,石下小学校,7058,0,2.3
rescue_origin_0227_0002,rescue_car,origin_0227,5439079912,1866#3,1866#3,shelter_2,石下小学校,7058,0,2.3
rescue_origin_0228_0001,rescue_car,origin_0228,5439079913,138#3,138#3,shelter_2,石下小学校,7058,0,2.3
rescue_origin_0229_0001,rescue_car,origin_0229,5439079922,1932#1,1932#1,shelter_2,石下小学校,7058,0,2.3
rescue_origin_0229_0002,rescue_car,origin_0229,5439079922,1932#1,1932#1,shelter_2,石下小学校,7058,0,2.3
rescue_origin_0229_0003,rescue_car,origin_0229,5439079922,1932#1,1932#1,shelter_2,石下小学校,7058,0,2.3
rescue_origin_0230_0001,rescue_car,origin_0230,5439079942,1931#2,1931#2,shelter_2,石下小学校,7058,0,2.3
rescue_origin_0230_0002,rescue_car,origin_0230,5439079942,1931#2,1931#2,shelter_2,石下小学校,7058,0,2.3
rescue_origin_0231_0001,rescue_car,origin_0231,5439170344,2176#1,2176#1,shelter_0,飯沼小学校,3270#3,0,2.3
rescue_origin_0231_0002,rescue_car,origin_0231,5439170344,2176#1,2176#1,shelter_0,飯沼小学校,3270#3,0,2.3
rescue_origin_0231_0003,rescue_car,origin_0231,5439170344,2176#1,2176#1,shelter_0,飯沼小学校,3270#3,0,2.3
rescue_origin_0231_0004,rescue_car,origin_0231,5439170344,2176#1,2176#1,shelter_0,飯沼小学校,3270#3,0,2.3
rescue_origin_0232_0001,rescue_car,origin_0232,5439170431,2176#5,2176#5,shelter_0,飯沼小学校,3270#3,0,2.3
rescue_origin_0232_0002,rescue_car,origin_0232,5439170431,2176#5,2176#5,shelter_0,飯沼小学校,3270#3,0,2.3
rescue_origin_0232_0003,rescue_car,origin_0232,5439170431,2176#5,2176#5,shelter_0,飯沼小学校,3270#3,0,2.3
rescue_origin_0232_0004,rescue_car,origin_0232,5439170431,2176#5,2176#5,shelter_0,飯沼小学校,3270#3,0,2.3
rescue_origin_0233_0001,rescue_car,origin_0233,5439170432,2176#8,2176#8,shelter_0,飯沼小学校,3270#3,0,2.3
rescue_origin_0233_0002,rescue_car,origin_0233,5439170432,2176#8,2176#8,shelter_0,飯沼小学校,3270#3,0,2.3
rescue_origin_0234_0001,rescue_car,origin_0234,5439170433,2083#0,2083#0,shelter_0,飯沼小学校,3270#3,0,2.3
rescue_origin_0235_0001,rescue_car,origin_0235,5439170512,2006#2,2006#2,shelter_6,菅原小学校,6104#10,0,2.3
rescue_origin_0235_0002,rescue_car,origin_0235,5439170512,2006#2,2006#2,shelter_6,菅原小学校,6104#10,0,2.3
rescue_origin_0236_0001,rescue_car,origin_0236,5439170521,1994#7,1994#7,shelter_6,菅原小学校,6104#10,0,2.3
rescue_origin_0236_0002,rescue_car,origin_0236,5439170521,1994#7,1994#7,shelter_6,菅原小学校,6104#10,0,2.3
rescue_origin_0236_0003,rescue_car,origin_0236,5439170521,1994#7,1994#7,shelter_6,菅原小学校,6104#10,0,2.3
rescue_origin_0238_0001,rescue_car,origin_0238,5439170532,2070#4,2070#4,shelter_6,菅原小学校,6104#10,0,2.3
rescue_origin_0239_0001,rescue_car,origin_0239,5439170541,201#7,201#7,shelter_0,飯沼小学校,3270#3,0,2.3
rescue_origin_0240_0001,rescue_car,origin_0240,5439170714,1956#2,1956#2,shelter_2,石下小学校,7058,0,2.3
rescue_origin_0241_0001,rescue_car,origin_0241,5439170724,1997,1997,shelter_2,石下小学校,7058,0,2.3
rescue_origin_0242_0001,rescue_car,origin_0242,5439170734,6468#4,6468#4,shelter_2,石下小学校,7058,0,2.3
rescue_origin_0242_0002,rescue_car,origin_0242,5439170734,6468#4,6468#4,shelter_2,石下小学校,7058,0,2.3
rescue_origin_0242_0003,rescue_car,origin_0242,5439170734,6468#4,6468#4,shelter_2,石下小学校,7058,0,2.3
rescue_origin_0242_0004,rescue_car,origin_0242,5439170734,6468#4,6468#4,shelter_2,石下小学校,7058,0,2.3
rescue_origin_0242_0005,rescue_car,origin_0242,5439170734,6468#4,6468#4,shelter_2,石下小学校,7058,0,2.3
rescue_origin_0243_0001,rescue_car,origin_0243,5439170922,4607#4,4607#4,shelter_2,石下小学校,7058,0,2.3
rescue_origin_0243_0002,rescue_car,origin_0243,5439170922,4607#4,4607#4,shelter_2,石下小学校,7058,0,2.3
rescue_origin_0243_0003,rescue_car,origin_0243,5439170922,4607#4,4607#4,shelter_2,石下小学校,7058,0,2.3
rescue_origin_0243_0004,rescue_car,origin_0243,5439170922,4607#4,4607#4,shelter_2,石下小学校,7058,0,2.3
rescue_origin_0244_0001,rescue_car,origin_0244,5439170941,2097#3,2097#3,shelter_2,石下小学校,7058,0,2.3
rescue_origin_0244_0002,rescue_car,origin_0244,5439170941,2097#3,2097#3,shelter_2,石下小学校,7058,0,2.3
rescue_origin_0244_0003,rescue_car,origin_0244,5439170941,2097#3,2097#3,shelter_2,石下小学校,7058,0,2.3
rescue_origin_0244_0004,rescue_car,origin_0244,5439170941,2097#3,2097#3,shelter_2,石下小学校,7058,0,2.3
rescue_origin_0244_0005,rescue_car,origin_0244,5439170941,2097#3,2097#3,shelter_2,石下小学校,7058,0,2.3
rescue_origin_0245_0001,rescue_car,origin_0245,5439171314,2176#0,2176#0,shelter_0,飯沼小学校,3270#3,0,2.3
rescue_origin_0245_0002,rescue_car,origin_0245,5439171314,2176#0,2176#0,shelter_0,飯沼小学校,3270#3,0,2.3
rescue_origin_0246_0001,rescue_car,origin_0246,5439171323,2469#4,2469#4,shelter_0,飯沼小学校,3270#3,0,2.3
rescue_origin_0246_0002,rescue_car,origin_0246,5439171323,2469#4,2469#4,shelter_0,飯沼小学校,3270#3,0,2.3
rescue_origin_0247_0001,rescue_car,origin_0247,5439171332,2756#11,2756#11,shelter_0,飯沼小学校,3270#3,0,2.3
rescue_origin_0247_0002,rescue_car,origin_0247,5439171332,2756#11,2756#11,shelter_0,飯沼小学校,3270#3,0,2.3
rescue_origin_0249_0001,rescue_car,origin_0249,5439171334,2469#3,2469#3,shelter_0,飯沼小学校,3270#3,0,2.3
rescue_origin_0249_0002,rescue_car,origin_0249,5439171334,2469#3,2469#3,shelter_0,飯沼小学校,3270#3,0,2.3
rescue_origin_0249_0003,rescue_car,origin_0249,5439171334,2469#3,2469#3,shelter_0,飯沼小学校,3270#3,0,2.3
rescue_origin_0249_0004,rescue_car,origin_0249,5439171334,2469#3,2469#3,shelter_0,飯沼小学校,3270#3,0,2.3
rescue_origin_0250_0001,rescue_car,origin_0250,5439171341,2756#10,2756#10,shelter_0,飯沼小学校,3270#3,0,2.3
rescue_origin_0251_0001,rescue_car,origin_0251,5439171422,2294#3,2294#3,shelter_0,飯沼小学校,3270#3,0,2.3
rescue_origin_0253_0001,rescue_car,origin_0253,5439171424,7964#1,7964#1,shelter_0,飯沼小学校,3270#3,0,2.3
rescue_origin_0253_0002,rescue_car,origin_0253,5439171424,7964#1,7964#1,shelter_0,飯沼小学校,3270#3,0,2.3
rescue_origin_0253_0003,rescue_car,origin_0253,5439171424,7964#1,7964#1,shelter_0,飯沼小学校,3270#3,0,2.3
rescue_origin_0255_0001,rescue_car,origin_0255,5439171442,2318#1,2318#1,shelter_0,飯沼小学校,3270#3,0,2.3
rescue_origin_0256_0001,rescue_car,origin_0256,5439171443,2346#1,2346#1,shelter_0,飯沼小学校,3270#3,0,2.3
rescue_origin_0256_0002,rescue_car,origin_0256,5439171443,2346#1,2346#1,shelter_0,飯沼小学校,3270#3,0,2.3
rescue_origin_0256_0003,rescue_car,origin_0256,5439171443,2346#1,2346#1,shelter_0,飯沼小学校,3270#3,0,2.3
rescue_origin_0257_0001,rescue_car,origin_0257,5439171511,12764#0,12764#0,shelter_0,飯沼小学校,3270#3,0,2.3
rescue_origin_0257_0002,rescue_car,origin_0257,5439171511,12764#0,12764#0,shelter_0,飯沼小学校,3270#3,0,2.3
rescue_origin_0258_0001,rescue_car,origin_0258,5439171814,11300#0,11300#0,shelter_2,石下小学校,7058,0,2.3
rescue_origin_0258_0002,rescue_car,origin_0258,5439171814,11300#0,11300#0,shelter_2,石下小学校,7058,0,2.3
rescue_origin_0259_0001,rescue_car,origin_0259,5439172214,3154#11,3154#11,shelter_0,飯沼小学校,3270#3,0,2.3
rescue_origin_0260_0001,rescue_car,origin_0260,5439172224,3183#2,3183#2,shelter_0,飯沼小学校,3270#3,0,2.3
rescue_origin_0260_0002,rescue_car,origin_0260,5439172224,3183#2,3183#2,shelter_0,飯沼小学校,3270#3,0,2.3
rescue_origin_0261_0001,rescue_car,origin_0261,5439172233,3183#0,3183#0,shelter_0,飯沼小学校,3270#3,0,2.3
rescue_origin_0261_0002,rescue_car,origin_0261,5439172233,3183#0,3183#0,shelter_0,飯沼小学校,3270#3,0,2.3
rescue_origin_0261_0003,rescue_car,origin_0261,5439172233,3183#0,3183#0,shelter_0,飯沼小学校,3270#3,0,2.3
rescue_origin_0261_0004,rescue_car,origin_0261,5439172233,3183#0,3183#0,shelter_0,飯沼小学校,3270#3,0,2.3
rescue_origin_0261_0005,rescue_car,origin_0261,5439172233,3183#0,3183#0,shelter_0,飯沼小学校,3270#3,0,2.3
rescue_origin_0261_0006,rescue_car,origin_0261,5439172233,3183#0,3183#0,shelter_0,飯沼小学校,3270#3,0,2.3
rescue_origin_0261_0007,rescue_car,origin_0261,5439172233,3183#0,3183#0,shelter_0,飯沼小学校,3270#3,0,2.3
rescue_origin_0261_0008,rescue_car,origin_0261,5439172233,3183#0,3183#0,shelter_0,飯沼小学校,3270#3,0,2.3
rescue_origin_0261_0009,rescue_car,origin_0261,5439172233,3183#0,3183#0,shelter_0,飯沼小学校,3270#3,0,2.3
rescue_origin_0261_0010,rescue_car,origin_0261,5439172233,3183#0,3183#0,shelter_0,飯沼小学校,3270#3,0,2.3
rescue_origin_0262_0001,rescue_car,origin_0262,5439172234,3183#2,3183#2,shelter_0,飯沼小学校,3270#3,0,2.3
rescue_origin_0262_0002,rescue_car,origin_0262,5439172234,3183#2,3183#2,shelter_0,飯沼小学校,3270#3,0,2.3
rescue_origin_0262_0003,rescue_car,origin_0262,5439172234,3183#2,3183#2,shelter_0,飯沼小学校,3270#3,0,2.3
rescue_origin_0262_0004,rescue_car,origin_0262,5439172234,3183#2,3183#2,shelter_0,飯沼小学校,3270#3,0,2.3
rescue_origin_0263_0001,rescue_car,origin_0263,5439172242,12019#6,12019#6,shelter_0,飯沼小学校,3270#3,0,2.3
rescue_origin_0263_0002,rescue_car,origin_0263,5439172242,12019#6,12019#6,shelter_0,飯沼小学校,3270#3,0,2.3
rescue_origin_0264_0001,rescue_car,origin_0264,5439172243,12019#6,12019#6,shelter_0,飯沼小学校,3270#3,0,2.3
rescue_origin_0265_0001,rescue_car,origin_0265,5439172244,3183#2,3183#2,shelter_0,飯沼小学校,3270#3,0,2.3
rescue_origin_0266_0001,rescue_car,origin_0266,5439172311,2924#0,2924#0,shelter_0,飯沼小学校,3270#3,0,2.3
rescue_origin_0267_0001,rescue_car,origin_0267,5439172312,2756#10,2756#10,shelter_0,飯沼小学校,3270#3,0,2.3
rescue_origin_0268_0001,rescue_car,origin_0268,5439172313,2756#10,2756#10,shelter_0,飯沼小学校,3270#3,0,2.3
rescue_origin_0269_0001,rescue_car,origin_0269,5439172421,2756#13,2756#13,shelter_0,飯沼小学校,3270#3,0,2.3
rescue_origin_0270_0001,rescue_car,origin_0270,5439172422,12373#0,12373#0,shelter_0,飯沼小学校,3270#3,0,2.3
rescue_origin_0271_0001,rescue_car,origin_0271,5439172441,5169#15,5169#15,shelter_0,飯沼小学校,3270#3,0,2.3
rescue_origin_0272_0001,rescue_car,origin_0272,5439172623,8014,8014,shelter_2,石下小学校,7058,0,2.3
rescue_origin_0272_0002,rescue_car,origin_0272,5439172623,8014,8014,shelter_2,石下小学校,7058,0,2.3
rescue_origin_0272_0003,rescue_car,origin_0272,5439172623,8014,8014,shelter_2,石下小学校,7058,0,2.3
rescue_origin_0272_0004,rescue_car,origin_0272,5439172623,8014,8014,shelter_2,石下小学校,7058,0,2.3
rescue_origin_0272_0005,rescue_car,origin_0272,5439172623,8014,8014,shelter_2,石下小学校,7058,0,2.3
rescue_origin_0273_0001,rescue_car,origin_0273,5439172632,4976#3,4976#3,shelter_2,石下小学校,7058,0,2.3
rescue_origin_0273_0002,rescue_car,origin_0273,5439172632,4976#3,4976#3,shelter_2,石下小学校,7058,0,2.3
rescue_origin_0273_0003,rescue_car,origin_0273,5439172632,4976#3,4976#3,shelter_2,石下小学校,7058,0,2.3
rescue_origin_0273_0004,rescue_car,origin_0273,5439172632,4976#3,4976#3,shelter_2,石下小学校,7058,0,2.3
rescue_origin_0274_0001,rescue_car,origin_0274,5439172633,7595#1,7595#1,shelter_2,石下小学校,7058,0,2.3
rescue_origin_0274_0002,rescue_car,origin_0274,5439172633,7595#1,7595#1,shelter_2,石下小学校,7058,0,2.3
rescue_origin_0275_0001,rescue_car,origin_0275,5439172634,2852#12,2852#12,shelter_2,石下小学校,7058,0,2.3
rescue_origin_0275_0002,rescue_car,origin_0275,5439172634,2852#12,2852#12,shelter_2,石下小学校,7058,0,2.3
rescue_origin_0276_0001,rescue_car,origin_0276,5439172642,8040#5,8040#5,shelter_2,石下小学校,7058,0,2.3
rescue_origin_0276_0002,rescue_car,origin_0276,5439172642,8040#5,8040#5,shelter_2,石下小学校,7058,0,2.3
rescue_origin_0277_0001,rescue_car,origin_0277,5439172643,2787#0,2787#0,shelter_2,石下小学校,7058,0,2.3
rescue_origin_0277_0002,rescue_car,origin_0277,5439172643,2787#0,2787#0,shelter_2,石下小学校,7058,0,2.3
rescue_origin_0277_0003,rescue_car,origin_0277,5439172643,2787#0,2787#0,shelter_2,石下小学校,7058,0,2.3
rescue_origin_0277_0004,rescue_car,origin_0277,5439172643,2787#0,2787#0,shelter_2,石下小学校,7058,0,2.3
rescue_origin_0277_0005,rescue_car,origin_0277,5439172643,2787#0,2787#0,shelter_2,石下小学校,7058,0,2.3
rescue_origin_0277_0006,rescue_car,origin_0277,5439172643,2787#0,2787#0,shelter_2,石下小学校,7058,0,2.3
rescue_origin_0277_0007,rescue_car,origin_0277,5439172643,2787#0,2787#0,shelter_2,石下小学校,7058,0,2.3
rescue_origin_0277_0008,rescue_car,origin_0277,5439172643,2787#0,2787#0,shelter_2,石下小学校,7058,0,2.3
rescue_origin_0278_0001,rescue_car,origin_0278,5439172644,2770#0,2770#0,shelter_2,石下小学校,7058,0,2.3
rescue_origin_0278_0002,rescue_car,origin_0278,5439172644,2770#0,2770#0,shelter_2,石下小学校,7058,0,2.3
rescue_origin_0279_0001,rescue_car,origin_0279,5439172823,7026#0,7026#0,shelter_2,石下小学校,7058,0,2.3
rescue_origin_0280_0001,rescue_car,origin_0280,5439172833,4676#1,4676#1,shelter_2,石下小学校,7058,0,2.3
rescue_origin_0280_0002,rescue_car,origin_0280,5439172833,4676#1,4676#1,shelter_2,石下小学校,7058,0,2.3
rescue_origin_0280_0003,rescue_car,origin_0280,5439172833,4676#1,4676#1,shelter_2,石下小学校,7058,0,2.3
rescue_origin_0280_0004,rescue_car,origin_0280,5439172833,4676#1,4676#1,shelter_2,石下小学校,7058,0,2.3
rescue_origin_0280_0005,rescue_car,origin_0280,5439172833,4676#1,4676#1,shelter_2,石下小学校,7058,0,2.3
rescue_origin_0280_0006,rescue_car,origin_0280,5439172833,4676#1,4676#1,shelter_2,石下小学校,7058,0,2.3
rescue_origin_0280_0007,rescue_car,origin_0280,5439172833,4676#1,4676#1,shelter_2,石下小学校,7058,0,2.3
rescue_origin_0280_0008,rescue_car,origin_0280,5439172833,4676#1,4676#1,shelter_2,石下小学校,7058,0,2.3
rescue_origin_0280_0009,rescue_car,origin_0280,5439172833,4676#1,4676#1,shelter_2,石下小学校,7058,0,2.3
rescue_origin_0280_0010,rescue_car,origin_0280,5439172833,4676#1,4676#1,shelter_2,石下小学校,7058,0,2.3
rescue_origin_0280_0011,rescue_car,origin_0280,5439172833,4676#1,4676#1,shelter_2,石下小学校,7058,0,2.3
rescue_origin_0281_0001,rescue_car,origin_0281,5439172834,153#4,153#4,shelter_2,石下小学校,7058,0,2.3
rescue_origin_0281_0002,rescue_car,origin_0281,5439172834,153#4,153#4,shelter_2,石下小学校,7058,0,2.3
rescue_origin_0281_0003,rescue_car,origin_0281,5439172834,153#4,153#4,shelter_2,石下小学校,7058,0,2.3
rescue_origin_0281_0004,rescue_car,origin_0281,5439172834,153#4,153#4,shelter_2,石下小学校,7058,0,2.3
rescue_origin_0281_0005,rescue_car,origin_0281,5439172834,153#4,153#4,shelter_2,石下小学校,7058,0,2.3
rescue_origin_0281_0006,rescue_car,origin_0281,5439172834,153#4,153#4,shelter_2,石下小学校,7058,0,2.3
rescue_origin_0281_0007,rescue_car,origin_0281,5439172834,153#4,153#4,shelter_2,石下小学校,7058,0,2.3
rescue_origin_0281_0008,rescue_car,origin_0281,5439172834,153#4,153#4,shelter_2,石下小学校,7058,0,2.3
rescue_origin_0281_0009,rescue_car,origin_0281,5439172834,153#4,153#4,shelter_2,石下小学校,7058,0,2.3
rescue_origin_0282_0001,rescue_car,origin_0282,5439172843,187#3,187#3,shelter_2,石下小学校,7058,0,2.3
rescue_origin_0282_0002,rescue_car,origin_0282,5439172843,187#3,187#3,shelter_2,石下小学校,7058,0,2.3
rescue_origin_0282_0003,rescue_car,origin_0282,5439172843,187#3,187#3,shelter_2,石下小学校,7058,0,2.3
rescue_origin_0282_0004,rescue_car,origin_0282,5439172843,187#3,187#3,shelter_2,石下小学校,7058,0,2.3
rescue_origin_0283_0001,rescue_car,origin_0283,5439172844,187#7,187#7,shelter_2,石下小学校,7058,0,2.3
rescue_origin_0283_0002,rescue_car,origin_0283,5439172844,187#7,187#7,shelter_2,石下小学校,7058,0,2.3
rescue_origin_0283_0003,rescue_car,origin_0283,5439172844,187#7,187#7,shelter_2,石下小学校,7058,0,2.3
rescue_origin_0284_0001,rescue_car,origin_0284,5439172921,154#1,154#1,shelter_2,石下小学校,7058,0,2.3
rescue_origin_0285_0001,rescue_car,origin_0285,5439172941,4629,4629,shelter_8,豊田小学校,168#4,0,2.3
rescue_origin_0285_0002,rescue_car,origin_0285,5439172941,4629,4629,shelter_8,豊田小学校,168#4,0,2.3
rescue_origin_0285_0003,rescue_car,origin_0285,5439172941,4629,4629,shelter_8,豊田小学校,168#4,0,2.3
rescue_origin_0285_0004,rescue_car,origin_0285,5439172941,4629,4629,shelter_8,豊田小学校,168#4,0,2.3
rescue_origin_0285_0005,rescue_car,origin_0285,5439172941,4629,4629,shelter_8,豊田小学校,168#4,0,2.3
rescue_origin_0286_0001,rescue_car,origin_0286,5439173123,12019#2,12019#2,shelter_0,飯沼小学校,3270#3,0,2.3
rescue_origin_0286_0002,rescue_car,origin_0286,5439173123,12019#2,12019#2,shelter_0,飯沼小学校,3270#3,0,2.3
rescue_origin_0287_0001,rescue_car,origin_0287,5439173124,12019#3,12019#3,shelter_0,飯沼小学校,3270#3,0,2.3
rescue_origin_0287_0002,rescue_car,origin_0287,5439173124,12019#3,12019#3,shelter_0,飯沼小学校,3270#3,0,2.3
rescue_origin_0288_0001,rescue_car,origin_0288,5439173133,12019#2,12019#2,shelter_0,飯沼小学校,3270#3,0,2.3
rescue_origin_0288_0002,rescue_car,origin_0288,5439173133,12019#2,12019#2,shelter_0,飯沼小学校,3270#3,0,2.3
rescue_origin_0289_0001,rescue_car,origin_0289,5439173134,12019#3,12019#3,shelter_0,飯沼小学校,3270#3,0,2.3
rescue_origin_0290_0001,rescue_car,origin_0290,5439173143,12019#1,12019#1,shelter_0,飯沼小学校,3270#3,0,2.3
rescue_origin_0292_0001,rescue_car,origin_0292,5439173212,12019#6,12019#6,shelter_0,飯沼小学校,3270#3,0,2.3
rescue_origin_0292_0002,rescue_car,origin_0292,5439173212,12019#6,12019#6,shelter_0,飯沼小学校,3270#3,0,2.3
rescue_origin_0293_0001,rescue_car,origin_0293,5439173213,12019#6,12019#6,shelter_0,飯沼小学校,3270#3,0,2.3
rescue_origin_0294_0001,rescue_car,origin_0294,5439173214,3183#2,3183#2,shelter_0,飯沼小学校,3270#3,0,2.3
rescue_origin_0294_0002,rescue_car,origin_0294,5439173214,3183#2,3183#2,shelter_0,飯沼小学校,3270#3,0,2.3
rescue_origin_0294_0003,rescue_car,origin_0294,5439173214,3183#2,3183#2,shelter_0,飯沼小学校,3270#3,0,2.3
rescue_origin_0294_0004,rescue_car,origin_0294,5439173214,3183#2,3183#2,shelter_0,飯沼小学校,3270#3,0,2.3
rescue_origin_0295_0001,rescue_car,origin_0295,5439173221,12019#4,12019#4,shelter_0,飯沼小学校,3270#3,0,2.3
rescue_origin_0295_0002,rescue_car,origin_0295,5439173221,12019#4,12019#4,shelter_0,飯沼小学校,3270#3,0,2.3
rescue_origin_0298_0001,rescue_car,origin_0298,5439173244,7163,7163,shelter_0,飯沼小学校,3270#3,0,2.3
rescue_origin_0298_0002,rescue_car,origin_0298,5439173244,7163,7163,shelter_0,飯沼小学校,3270#3,0,2.3
rescue_origin_0298_0003,rescue_car,origin_0298,5439173244,7163,7163,shelter_0,飯沼小学校,3270#3,0,2.3
rescue_origin_0298_0004,rescue_car,origin_0298,5439173244,7163,7163,shelter_0,飯沼小学校,3270#3,0,2.3
rescue_origin_0298_0005,rescue_car,origin_0298,5439173244,7163,7163,shelter_0,飯沼小学校,3270#3,0,2.3
rescue_origin_0298_0006,rescue_car,origin_0298,5439173244,7163,7163,shelter_0,飯沼小学校,3270#3,0,2.3
rescue_origin_0299_0001,rescue_car,origin_0299,5439173324,4730#3,4730#3,shelter_0,飯沼小学校,3270#3,0,2.3
rescue_origin_0299_0002,rescue_car,origin_0299,5439173324,4730#3,4730#3,shelter_0,飯沼小学校,3270#3,0,2.3
rescue_origin_0300_0001,rescue_car,origin_0300,5439173331,3319#4,3319#4,shelter_0,飯沼小学校,3270#3,0,2.3
rescue_origin_0301_0001,rescue_car,origin_0301,5439173333,3258,3258,shelter_0,飯沼小学校,3270#3,0,2.3
rescue_origin_0301_0002,rescue_car,origin_0301,5439173333,3258,3258,shelter_0,飯沼小学校,3270#3,0,2.3
rescue_origin_0301_0003,rescue_car,origin_0301,5439173333,3258,3258,shelter_0,飯沼小学校,3270#3,0,2.3
rescue_origin_0302_0001,rescue_car,origin_0302,5439173341,7159#9,7159#9,shelter_0,飯沼小学校,3270#3,0,2.3
rescue_origin_0303_0001,rescue_car,origin_0303,5439173342,3626#12,3626#12,shelter_0,飯沼小学校,3270#3,0,2.3
rescue_origin_0303_0002,rescue_car,origin_0303,5439173342,3626#12,3626#12,shelter_0,飯沼小学校,3270#3,0,2.3
rescue_origin_0304_0001,rescue_car,origin_0304,5439173343,3448#11,3448#11,shelter_0,飯沼小学校,3270#3,0,2.3
rescue_origin_0304_0002,rescue_car,origin_0304,5439173343,3448#11,3448#11,shelter_0,飯沼小学校,3270#3,0,2.3
rescue_origin_0305_0001,rescue_car,origin_0305,5439173344,3668#6,3668#6,shelter_0,飯沼小学校,3270#3,0,2.3
rescue_origin_0305_0002,rescue_car,origin_0305,5439173344,3668#6,3668#6,shelter_0,飯沼小学校,3270#3,0,2.3
rescue_origin_0305_0003,rescue_car,origin_0305,5439173344,3668#6,3668#6,shelter_0,飯沼小学校,3270#3,0,2.3
rescue_origin_0305_0004,rescue_car,origin_0305,5439173344,3668#6,3668#6,shelter_0,飯沼小学校,3270#3,0,2.3
rescue_origin_0305_0005,rescue_car,origin_0305,5439173344,3668#6,3668#6,shelter_0,飯沼小学校,3270#3,0,2.3
rescue_origin_0306_0001,rescue_car,origin_0306,5439173411,4722#11,4722#11,shelter_0,飯沼小学校,3270#3,0,2.3
rescue_origin_0306_0002,rescue_car,origin_0306,5439173411,4722#11,4722#11,shelter_0,飯沼小学校,3270#3,0,2.3
rescue_origin_0307_0001,rescue_car,origin_0307,5439173523,2976#17,2976#17,shelter_0,飯沼小学校,3270#3,0,2.3
rescue_origin_0307_0002,rescue_car,origin_0307,5439173523,2976#17,2976#17,shelter_0,飯沼小学校,3270#3,0,2.3
rescue_origin_0308_0001,rescue_car,origin_0308,5439173524,3077#4,3077#4,shelter_0,飯沼小学校,3270#3,0,2.3
rescue_origin_0308_0002,rescue_car,origin_0308,5439173524,3077#4,3077#4,shelter_0,飯沼小学校,3270#3,0,2.3
rescue_origin_0308_0003,rescue_car,origin_0308,5439173524,3077#4,3077#4,shelter_0,飯沼小学校,3270#3,0,2.3
rescue_origin_0308_0004,rescue_car,origin_0308,5439173524,3077#4,3077#4,shelter_0,飯沼小学校,3270#3,0,2.3
rescue_origin_0308_0005,rescue_car,origin_0308,5439173524,3077#4,3077#4,shelter_0,飯沼小学校,3270#3,0,2.3
rescue_origin_0309_0001,rescue_car,origin_0309,5439173534,7730,7730,shelter_0,飯沼小学校,3270#3,0,2.3
rescue_origin_0309_0002,rescue_car,origin_0309,5439173534,7730,7730,shelter_0,飯沼小学校,3270#3,0,2.3
rescue_origin_0310_0001,rescue_car,origin_0310,5439173543,8560#2,8560#2,shelter_0,飯沼小学校,3270#3,0,2.3
rescue_origin_0310_0002,rescue_car,origin_0310,5439173543,8560#2,8560#2,shelter_0,飯沼小学校,3270#3,0,2.3
rescue_origin_0311_0001,rescue_car,origin_0311,5439173544,7355#0,7355#0,shelter_0,飯沼小学校,3270#3,0,2.3
rescue_origin_0311_0002,rescue_car,origin_0311,5439173544,7355#0,7355#0,shelter_0,飯沼小学校,3270#3,0,2.3
rescue_origin_0311_0003,rescue_car,origin_0311,5439173544,7355#0,7355#0,shelter_0,飯沼小学校,3270#3,0,2.3
rescue_origin_0311_0004,rescue_car,origin_0311,5439173544,7355#0,7355#0,shelter_0,飯沼小学校,3270#3,0,2.3
rescue_origin_0311_0005,rescue_car,origin_0311,5439173544,7355#0,7355#0,shelter_0,飯沼小学校,3270#3,0,2.3
rescue_origin_0311_0006,rescue_car,origin_0311,5439173544,7355#0,7355#0,shelter_0,飯沼小学校,3270#3,0,2.3
rescue_origin_0311_0007,rescue_car,origin_0311,5439173544,7355#0,7355#0,shelter_0,飯沼小学校,3270#3,0,2.3
rescue_origin_0311_0008,rescue_car,origin_0311,5439173544,7355#0,7355#0,shelter_0,飯沼小学校,3270#3,0,2.3
rescue_origin_0311_0009,rescue_car,origin_0311,5439173544,7355#0,7355#0,shelter_0,飯沼小学校,3270#3,0,2.3
rescue_origin_0311_0010,rescue_car,origin_0311,5439173544,7355#0,7355#0,shelter_0,飯沼小学校,3270#3,0,2.3
rescue_origin_0311_0011,rescue_car,origin_0311,5439173544,7355#0,7355#0,shelter_0,飯沼小学校,3270#3,0,2.3
rescue_origin_0311_0012,rescue_car,origin_0311,5439173544,7355#0,7355#0,shelter_0,飯沼小学校,3270#3,0,2.3
rescue_origin_0311_0013,rescue_car,origin_0311,5439173544,7355#0,7355#0,shelter_0,飯沼小学校,3270#3,0,2.3
rescue_origin_0312_0001,rescue_car,origin_0312,5439173612,7466#0,7466#0,shelter_2,石下小学校,7058,0,2.3
rescue_origin_0312_0002,rescue_car,origin_0312,5439173612,7466#0,7466#0,shelter_2,石下小学校,7058,0,2.3
rescue_origin_0312_0003,rescue_car,origin_0312,5439173612,7466#0,7466#0,shelter_2,石下小学校,7058,0,2.3
rescue_origin_0312_0004,rescue_car,origin_0312,5439173612,7466#0,7466#0,shelter_2,石下小学校,7058,0,2.3
rescue_origin_0312_0005,rescue_car,origin_0312,5439173612,7466#0,7466#0,shelter_2,石下小学校,7058,0,2.3
rescue_origin_0312_0006,rescue_car,origin_0312,5439173612,7466#0,7466#0,shelter_2,石下小学校,7058,0,2.3
rescue_origin_0312_0007,rescue_car,origin_0312,5439173612,7466#0,7466#0,shelter_2,石下小学校,7058,0,2.3
rescue_origin_0312_0008,rescue_car,origin_0312,5439173612,7466#0,7466#0,shelter_2,石下小学校,7058,0,2.3
rescue_origin_0312_0009,rescue_car,origin_0312,5439173612,7466#0,7466#0,shelter_2,石下小学校,7058,0,2.3
rescue_origin_0312_0010,rescue_car,origin_0312,5439173612,7466#0,7466#0,shelter_2,石下小学校,7058,0,2.3
rescue_origin_0313_0001,rescue_car,origin_0313,5439173613,7687#1,7687#1,shelter_2,石下小学校,7058,0,2.3
rescue_origin_0313_0002,rescue_car,origin_0313,5439173613,7687#1,7687#1,shelter_2,石下小学校,7058,0,2.3
rescue_origin_0313_0003,rescue_car,origin_0313,5439173613,7687#1,7687#1,shelter_2,石下小学校,7058,0,2.3
rescue_origin_0313_0004,rescue_car,origin_0313,5439173613,7687#1,7687#1,shelter_2,石下小学校,7058,0,2.3
rescue_origin_0313_0005,rescue_car,origin_0313,5439173613,7687#1,7687#1,shelter_2,石下小学校,7058,0,2.3
rescue_origin_0313_0006,rescue_car,origin_0313,5439173613,7687#1,7687#1,shelter_2,石下小学校,7058,0,2.3
rescue_origin_0314_0001,rescue_car,origin_0314,5439173614,2970#2,2970#2,shelter_2,石下小学校,7058,0,2.3
rescue_origin_0314_0002,rescue_car,origin_0314,5439173614,2970#2,2970#2,shelter_2,石下小学校,7058,0,2.3
rescue_origin_0314_0003,rescue_car,origin_0314,5439173614,2970#2,2970#2,shelter_2,石下小学校,7058,0,2.3
rescue_origin_0314_0004,rescue_car,origin_0314,5439173614,2970#2,2970#2,shelter_2,石下小学校,7058,0,2.3
rescue_origin_0314_0005,rescue_car,origin_0314,5439173614,2970#2,2970#2,shelter_2,石下小学校,7058,0,2.3
rescue_origin_0314_0006,rescue_car,origin_0314,5439173614,2970#2,2970#2,shelter_2,石下小学校,7058,0,2.3
rescue_origin_0314_0007,rescue_car,origin_0314,5439173614,2970#2,2970#2,shelter_2,石下小学校,7058,0,2.3
rescue_origin_0314_0008,rescue_car,origin_0314,5439173614,2970#2,2970#2,shelter_2,石下小学校,7058,0,2.3
rescue_origin_0315_0001,rescue_car,origin_0315,5439173622,7184#2,7184#2,shelter_2,石下小学校,7058,0,2.3
rescue_origin_0315_0002,rescue_car,origin_0315,5439173622,7184#2,7184#2,shelter_2,石下小学校,7058,0,2.3
rescue_origin_0315_0003,rescue_car,origin_0315,5439173622,7184#2,7184#2,shelter_2,石下小学校,7058,0,2.3
rescue_origin_0315_0004,rescue_car,origin_0315,5439173622,7184#2,7184#2,shelter_2,石下小学校,7058,0,2.3
rescue_origin_0315_0005,rescue_car,origin_0315,5439173622,7184#2,7184#2,shelter_2,石下小学校,7058,0,2.3
rescue_origin_0315_0006,rescue_car,origin_0315,5439173622,7184#2,7184#2,shelter_2,石下小学校,7058,0,2.3
rescue_origin_0315_0007,rescue_car,origin_0315,5439173622,7184#2,7184#2,shelter_2,石下小学校,7058,0,2.3
rescue_origin_0315_0008,rescue_car,origin_0315,5439173622,7184#2,7184#2,shelter_2,石下小学校,7058,0,2.3
rescue_origin_0315_0009,rescue_car,origin_0315,5439173622,7184#2,7184#2,shelter_2,石下小学校,7058,0,2.3
rescue_origin_0315_0010,rescue_car,origin_0315,5439173622,7184#2,7184#2,shelter_2,石下小学校,7058,0,2.3
rescue_origin_0316_0001,rescue_car,origin_0316,5439173623,3157#3,3157#3,shelter_2,石下小学校,7058,0,2.3
rescue_origin_0316_0002,rescue_car,origin_0316,5439173623,3157#3,3157#3,shelter_2,石下小学校,7058,0,2.3
rescue_origin_0316_0003,rescue_car,origin_0316,5439173623,3157#3,3157#3,shelter_2,石下小学校,7058,0,2.3
rescue_origin_0317_0001,rescue_car,origin_0317,5439173624,12421#1,12421#1,shelter_2,石下小学校,7058,0,2.3
rescue_origin_0317_0002,rescue_car,origin_0317,5439173624,12421#1,12421#1,shelter_2,石下小学校,7058,0,2.3
rescue_origin_0318_0001,rescue_car,origin_0318,5439173631,4992#3,4992#3,shelter_0,飯沼小学校,3270#3,0,2.3
rescue_origin_0318_0002,rescue_car,origin_0318,5439173631,4992#3,4992#3,shelter_0,飯沼小学校,3270#3,0,2.3
rescue_origin_0318_0003,rescue_car,origin_0318,5439173631,4992#3,4992#3,shelter_0,飯沼小学校,3270#3,0,2.3
rescue_origin_0318_0004,rescue_car,origin_0318,5439173631,4992#3,4992#3,shelter_0,飯沼小学校,3270#3,0,2.3
rescue_origin_0318_0005,rescue_car,origin_0318,5439173631,4992#3,4992#3,shelter_0,飯沼小学校,3270#3,0,2.3
rescue_origin_0319_0001,rescue_car,origin_0319,5439173632,3340#2,3340#2,shelter_2,石下小学校,7058,0,2.3
rescue_origin_0319_0002,rescue_car,origin_0319,5439173632,3340#2,3340#2,shelter_2,石下小学校,7058,0,2.3
rescue_origin_0319_0003,rescue_car,origin_0319,5439173632,3340#2,3340#2,shelter_2,石下小学校,7058,0,2.3
rescue_origin_0319_0004,rescue_car,origin_0319,5439173632,3340#2,3340#2,shelter_2,石下小学校,7058,0,2.3
rescue_origin_0319_0005,rescue_car,origin_0319,5439173632,3340#2,3340#2,shelter_2,石下小学校,7058,0,2.3
rescue_origin_0319_0006,rescue_car,origin_0319,5439173632,3340#2,3340#2,shelter_2,石下小学校,7058,0,2.3
rescue_origin_0319_0007,rescue_car,origin_0319,5439173632,3340#2,3340#2,shelter_2,石下小学校,7058,0,2.3
rescue_origin_0320_0001,rescue_car,origin_0320,5439173633,3334#5,3334#5,shelter_2,石下小学校,7058,0,2.3
rescue_origin_0320_0002,rescue_car,origin_0320,5439173633,3334#5,3334#5,shelter_2,石下小学校,7058,0,2.3
rescue_origin_0320_0003,rescue_car,origin_0320,5439173633,3334#5,3334#5,shelter_2,石下小学校,7058,0,2.3
rescue_origin_0320_0004,rescue_car,origin_0320,5439173633,3334#5,3334#5,shelter_2,石下小学校,7058,0,2.3
rescue_origin_0320_0005,rescue_car,origin_0320,5439173633,3334#5,3334#5,shelter_2,石下小学校,7058,0,2.3
rescue_origin_0320_0006,rescue_car,origin_0320,5439173633,3334#5,3334#5,shelter_2,石下小学校,7058,0,2.3
rescue_origin_0320_0007,rescue_car,origin_0320,5439173633,3334#5,3334#5,shelter_2,石下小学校,7058,0,2.3
rescue_origin_0320_0008,rescue_car,origin_0320,5439173633,3334#5,3334#5,shelter_2,石下小学校,7058,0,2.3
rescue_origin_0321_0001,rescue_car,origin_0321,5439173641,7240#0,7240#0,shelter_0,飯沼小学校,3270#3,0,2.3
rescue_origin_0321_0002,rescue_car,origin_0321,5439173641,7240#0,7240#0,shelter_0,飯沼小学校,3270#3,0,2.3
rescue_origin_0321_0003,rescue_car,origin_0321,5439173641,7240#0,7240#0,shelter_0,飯沼小学校,3270#3,0,2.3
rescue_origin_0322_0001,rescue_car,origin_0322,5439173744,3459,3459,shelter_2,石下小学校,7058,0,2.3
rescue_origin_0322_0002,rescue_car,origin_0322,5439173744,3459,3459,shelter_2,石下小学校,7058,0,2.3
rescue_origin_0322_0003,rescue_car,origin_0322,5439173744,3459,3459,shelter_2,石下小学校,7058,0,2.3
rescue_origin_0322_0004,rescue_car,origin_0322,5439173744,3459,3459,shelter_2,石下小学校,7058,0,2.3
rescue_origin_0322_0005,rescue_car,origin_0322,5439173744,3459,3459,shelter_2,石下小学校,7058,0,2.3
rescue_origin_0322_0006,rescue_car,origin_0322,5439173744,3459,3459,shelter_2,石下小学校,7058,0,2.3
rescue_origin_0322_0007,rescue_car,origin_0322,5439173744,3459,3459,shelter_2,石下小学校,7058,0,2.3
rescue_origin_0322_0008,rescue_car,origin_0322,5439173744,3459,3459,shelter_2,石下小学校,7058,0,2.3
rescue_origin_0322_0009,rescue_car,origin_0322,5439173744,3459,3459,shelter_2,石下小学校,7058,0,2.3
rescue_origin_0322_0010,rescue_car,origin_0322,5439173744,3459,3459,shelter_2,石下小学校,7058,0,2.3
rescue_origin_0322_0011,rescue_car,origin_0322,5439173744,3459,3459,shelter_2,石下小学校,7058,0,2.3
rescue_origin_0323_0001,rescue_car,origin_0323,5439173812,7050,7050,shelter_2,石下小学校,7058,0,2.3
rescue_origin_0324_0001,rescue_car,origin_0324,5439173814,114#8,114#8,shelter_2,石下小学校,7058,0,2.3
rescue_origin_0324_0002,rescue_car,origin_0324,5439173814,114#8,114#8,shelter_2,石下小学校,7058,0,2.3
rescue_origin_0324_0003,rescue_car,origin_0324,5439173814,114#8,114#8,shelter_2,石下小学校,7058,0,2.3
rescue_origin_0324_0004,rescue_car,origin_0324,5439173814,114#8,114#8,shelter_2,石下小学校,7058,0,2.3
rescue_origin_0324_0005,rescue_car,origin_0324,5439173814,114#8,114#8,shelter_2,石下小学校,7058,0,2.3
rescue_origin_0324_0006,rescue_car,origin_0324,5439173814,114#8,114#8,shelter_2,石下小学校,7058,0,2.3
rescue_origin_0324_0007,rescue_car,origin_0324,5439173814,114#8,114#8,shelter_2,石下小学校,7058,0,2.3
rescue_origin_0324_0008,rescue_car,origin_0324,5439173814,114#8,114#8,shelter_2,石下小学校,7058,0,2.3
rescue_origin_0324_0009,rescue_car,origin_0324,5439173814,114#8,114#8,shelter_2,石下小学校,7058,0,2.3
rescue_origin_0324_0010,rescue_car,origin_0324,5439173814,114#8,114#8,shelter_2,石下小学校,7058,0,2.3
rescue_origin_0324_0011,rescue_car,origin_0324,5439173814,114#8,114#8,shelter_2,石下小学校,7058,0,2.3
rescue_origin_0324_0012,rescue_car,origin_0324,5439173814,114#8,114#8,shelter_2,石下小学校,7058,0,2.3
rescue_origin_0324_0013,rescue_car,origin_0324,5439173814,114#8,114#8,shelter_2,石下小学校,7058,0,2.3
rescue_origin_0324_0014,rescue_car,origin_0324,5439173814,114#8,114#8,shelter_2,石下小学校,7058,0,2.3
rescue_origin_0324_0015,rescue_car,origin_0324,5439173814,114#8,114#8,shelter_2,石下小学校,7058,0,2.3
rescue_origin_0325_0001,rescue_car,origin_0325,5439173821,3175#1,3175#1,shelter_2,石下小学校,7058,0,2.3
rescue_origin_0327_0001,rescue_car,origin_0327,5439173831,3178#4,3178#4,shelter_2,石下小学校,7058,0,2.3
rescue_origin_0327_0002,rescue_car,origin_0327,5439173831,3178#4,3178#4,shelter_2,石下小学校,7058,0,2.3
rescue_origin_0327_0003,rescue_car,origin_0327,5439173831,3178#4,3178#4,shelter_2,石下小学校,7058,0,2.3
rescue_origin_0327_0004,rescue_car,origin_0327,5439173831,3178#4,3178#4,shelter_2,石下小学校,7058,0,2.3
rescue_origin_0327_0005,rescue_car,origin_0327,5439173831,3178#4,3178#4,shelter_2,石下小学校,7058,0,2.3
rescue_origin_0327_0006,rescue_car,origin_0327,5439173831,3178#4,3178#4,shelter_2,石下小学校,7058,0,2.3
rescue_origin_0327_0007,rescue_car,origin_0327,5439173831,3178#4,3178#4,shelter_2,石下小学校,7058,0,2.3
rescue_origin_0328_0001,rescue_car,origin_0328,5439173832,6418,6418,shelter_2,石下小学校,7058,0,2.3
rescue_origin_0328_0002,rescue_car,origin_0328,5439173832,6418,6418,shelter_2,石下小学校,7058,0,2.3
rescue_origin_0328_0003,rescue_car,origin_0328,5439173832,6418,6418,shelter_2,石下小学校,7058,0,2.3
rescue_origin_0330_0001,rescue_car,origin_0330,5439173921,4681#6,4681#6,shelter_8,豊田小学校,168#4,0,2.3
rescue_origin_0330_0002,rescue_car,origin_0330,5439173921,4681#6,4681#6,shelter_8,豊田小学校,168#4,0,2.3
rescue_origin_0330_0003,rescue_car,origin_0330,5439173921,4681#6,4681#6,shelter_8,豊田小学校,168#4,0,2.3
rescue_origin_0330_0004,rescue_car,origin_0330,5439173921,4681#6,4681#6,shelter_8,豊田小学校,168#4,0,2.3
rescue_origin_0330_0005,rescue_car,origin_0330,5439173921,4681#6,4681#6,shelter_8,豊田小学校,168#4,0,2.3
rescue_origin_0330_0006,rescue_car,origin_0330,5439173921,4681#6,4681#6,shelter_8,豊田小学校,168#4,0,2.3
rescue_origin_0330_0007,rescue_car,origin_0330,5439173921,4681#6,4681#6,shelter_8,豊田小学校,168#4,0,2.3
rescue_origin_0330_0008,rescue_car,origin_0330,5439173921,4681#6,4681#6,shelter_8,豊田小学校,168#4,0,2.3
rescue_origin_0332_0001,rescue_car,origin_0332,5439174112,12019#0,12019#0,shelter_0,飯沼小学校,3270#3,0,2.3
rescue_origin_0332_0002,rescue_car,origin_0332,5439174112,12019#0,12019#0,shelter_0,飯沼小学校,3270#3,0,2.3
rescue_origin_0332_0003,rescue_car,origin_0332,5439174112,12019#0,12019#0,shelter_0,飯沼小学校,3270#3,0,2.3
rescue_origin_0333_0001,rescue_car,origin_0333,5439174113,12019#0,12019#0,shelter_0,飯沼小学校,3270#3,0,2.3
rescue_origin_0333_0002,rescue_car,origin_0333,5439174113,12019#0,12019#0,shelter_0,飯沼小学校,3270#3,0,2.3
rescue_origin_0334_0001,rescue_car,origin_0334,5439174143,12002#1,12002#1,shelter_0,飯沼小学校,3270#3,0,2.3
rescue_origin_0334_0002,rescue_car,origin_0334,5439174143,12002#1,12002#1,shelter_0,飯沼小学校,3270#3,0,2.3
rescue_origin_0335_0001,rescue_car,origin_0335,5439174144,11994#7,11994#7,shelter_0,飯沼小学校,3270#3,0,2.3
rescue_origin_0336_0001,rescue_car,origin_0336,5439174221,12061#3,12061#3,shelter_0,飯沼小学校,3270#3,0,2.3
rescue_origin_0337_0001,rescue_car,origin_0337,5439174232,11969#9,11969#9,shelter_0,飯沼小学校,3270#3,0,2.3
rescue_origin_0337_0002,rescue_car,origin_0337,5439174232,11969#9,11969#9,shelter_0,飯沼小学校,3270#3,0,2.3
rescue_origin_0338_0001,rescue_car,origin_0338,5439174311,11735#10,11735#10,shelter_0,飯沼小学校,3270#3,0,2.3
rescue_origin_0338_0002,rescue_car,origin_0338,5439174311,11735#10,11735#10,shelter_0,飯沼小学校,3270#3,0,2.3
rescue_origin_0338_0003,rescue_car,origin_0338,5439174311,11735#10,11735#10,shelter_0,飯沼小学校,3270#3,0,2.3
rescue_origin_0338_0004,rescue_car,origin_0338,5439174311,11735#10,11735#10,shelter_0,飯沼小学校,3270#3,0,2.3
rescue_origin_0338_0005,rescue_car,origin_0338,5439174311,11735#10,11735#10,shelter_0,飯沼小学校,3270#3,0,2.3
rescue_origin_0339_0001,rescue_car,origin_0339,5439174312,3798#10,3798#10,shelter_0,飯沼小学校,3270#3,0,2.3
rescue_origin_0339_0002,rescue_car,origin_0339,5439174312,3798#10,3798#10,shelter_0,飯沼小学校,3270#3,0,2.3
rescue_origin_0339_0003,rescue_car,origin_0339,5439174312,3798#10,3798#10,shelter_0,飯沼小学校,3270#3,0,2.3
rescue_origin_0339_0004,rescue_car,origin_0339,5439174312,3798#10,3798#10,shelter_0,飯沼小学校,3270#3,0,2.3
rescue_origin_0340_0001,rescue_car,origin_0340,5439174321,11988#4,11988#4,shelter_0,飯沼小学校,3270#3,0,2.3
rescue_origin_0340_0002,rescue_car,origin_0340,5439174321,11988#4,11988#4,shelter_0,飯沼小学校,3270#3,0,2.3
rescue_origin_0340_0003,rescue_car,origin_0340,5439174321,11988#4,11988#4,shelter_0,飯沼小学校,3270#3,0,2.3
rescue_origin_0340_0004,rescue_car,origin_0340,5439174321,11988#4,11988#4,shelter_0,飯沼小学校,3270#3,0,2.3
rescue_origin_0340_0005,rescue_car,origin_0340,5439174321,11988#4,11988#4,shelter_0,飯沼小学校,3270#3,0,2.3
rescue_origin_0340_0006,rescue_car,origin_0340,5439174321,11988#4,11988#4,shelter_0,飯沼小学校,3270#3,0,2.3
rescue_origin_0341_0001,rescue_car,origin_0341,5439174512,8593#2,8593#2,shelter_0,飯沼小学校,3270#3,0,2.3
rescue_origin_0341_0002,rescue_car,origin_0341,5439174512,8593#2,8593#2,shelter_0,飯沼小学校,3270#3,0,2.3
rescue_origin_0342_0001,rescue_car,origin_0342,5439174513,8590#9,8590#9,shelter_0,飯沼小学校,3270#3,0,2.3
rescue_origin_0342_0002,rescue_car,origin_0342,5439174513,8590#9,8590#9,shelter_0,飯沼小学校,3270#3,0,2.3
rescue_origin_0342_0003,rescue_car,origin_0342,5439174513,8590#9,8590#9,shelter_0,飯沼小学校,3270#3,0,2.3
rescue_origin_0342_0004,rescue_car,origin_0342,5439174513,8590#9,8590#9,shelter_0,飯沼小学校,3270#3,0,2.3
rescue_origin_0343_0001,rescue_car,origin_0343,5439174514,7283#1,7283#1,shelter_0,飯沼小学校,3270#3,0,2.3
rescue_origin_0343_0002,rescue_car,origin_0343,5439174514,7283#1,7283#1,shelter_0,飯沼小学校,3270#3,0,2.3
rescue_origin_0344_0001,rescue_car,origin_0344,5439174522,3928#8,3928#8,shelter_0,飯沼小学校,3270#3,0,2.3
rescue_origin_0344_0002,rescue_car,origin_0344,5439174522,3928#8,3928#8,shelter_0,飯沼小学校,3270#3,0,2.3
rescue_origin_0344_0003,rescue_car,origin_0344,5439174522,3928#8,3928#8,shelter_0,飯沼小学校,3270#3,0,2.3
rescue_origin_0344_0004,rescue_car,origin_0344,5439174522,3928#8,3928#8,shelter_0,飯沼小学校,3270#3,0,2.3
rescue_origin_0344_0005,rescue_car,origin_0344,5439174522,3928#8,3928#8,shelter_0,飯沼小学校,3270#3,0,2.3
rescue_origin_0344_0006,rescue_car,origin_0344,5439174522,3928#8,3928#8,shelter_0,飯沼小学校,3270#3,0,2.3
rescue_origin_0344_0007,rescue_car,origin_0344,5439174522,3928#8,3928#8,shelter_0,飯沼小学校,3270#3,0,2.3
rescue_origin_0344_0008,rescue_car,origin_0344,5439174522,3928#8,3928#8,shelter_0,飯沼小学校,3270#3,0,2.3
rescue_origin_0344_0009,rescue_car,origin_0344,5439174522,3928#8,3928#8,shelter_0,飯沼小学校,3270#3,0,2.3
rescue_origin_0344_0010,rescue_car,origin_0344,5439174522,3928#8,3928#8,shelter_0,飯沼小学校,3270#3,0,2.3
rescue_origin_0344_0011,rescue_car,origin_0344,5439174522,3928#8,3928#8,shelter_0,飯沼小学校,3270#3,0,2.3
rescue_origin_0344_0012,rescue_car,origin_0344,5439174522,3928#8,3928#8,shelter_0,飯沼小学校,3270#3,0,2.3
rescue_origin_0345_0001,rescue_car,origin_0345,5439174523,12482#6,12482#6,shelter_0,飯沼小学校,3270#3,0,2.3
rescue_origin_0345_0002,rescue_car,origin_0345,5439174523,12482#6,12482#6,shelter_0,飯沼小学校,3270#3,0,2.3
rescue_origin_0345_0003,rescue_car,origin_0345,5439174523,12482#6,12482#6,shelter_0,飯沼小学校,3270#3,0,2.3
rescue_origin_0346_0001,rescue_car,origin_0346,5439174524,12484#1,12484#1,shelter_0,飯沼小学校,3270#3,0,2.3
rescue_origin_0346_0002,rescue_car,origin_0346,5439174524,12484#1,12484#1,shelter_0,飯沼小学校,3270#3,0,2.3
rescue_origin_0346_0003,rescue_car,origin_0346,5439174524,12484#1,12484#1,shelter_0,飯沼小学校,3270#3,0,2.3
rescue_origin_0346_0004,rescue_car,origin_0346,5439174524,12484#1,12484#1,shelter_0,飯沼小学校,3270#3,0,2.3
rescue_origin_0346_0005,rescue_car,origin_0346,5439174524,12484#1,12484#1,shelter_0,飯沼小学校,3270#3,0,2.3
rescue_origin_0346_0006,rescue_car,origin_0346,5439174524,12484#1,12484#1,shelter_0,飯沼小学校,3270#3,0,2.3
rescue_origin_0347_0001,rescue_car,origin_0347,5439174532,3930#0,3930#0,shelter_0,飯沼小学校,3270#3,0,2.3
rescue_origin_0347_0002,rescue_car,origin_0347,5439174532,3930#0,3930#0,shelter_0,飯沼小学校,3270#3,0,2.3
rescue_origin_0347_0003,rescue_car,origin_0347,5439174532,3930#0,3930#0,shelter_0,飯沼小学校,3270#3,0,2.3
rescue_origin_0347_0004,rescue_car,origin_0347,5439174532,3930#0,3930#0,shelter_0,飯沼小学校,3270#3,0,2.3
rescue_origin_0347_0005,rescue_car,origin_0347,5439174532,3930#0,3930#0,shelter_0,飯沼小学校,3270#3,0,2.3
rescue_origin_0347_0006,rescue_car,origin_0347,5439174532,3930#0,3930#0,shelter_0,飯沼小学校,3270#3,0,2.3
rescue_origin_0347_0007,rescue_car,origin_0347,5439174532,3930#0,3930#0,shelter_0,飯沼小学校,3270#3,0,2.3
rescue_origin_0348_0001,rescue_car,origin_0348,5439174533,3912#0,3912#0,shelter_0,飯沼小学校,3270#3,0,2.3
rescue_origin_0348_0002,rescue_car,origin_0348,5439174533,3912#0,3912#0,shelter_0,飯沼小学校,3270#3,0,2.3
rescue_origin_0349_0001,rescue_car,origin_0349,5439174543,7310#8,7310#8,shelter_0,飯沼小学校,3270#3,0,2.3
rescue_origin_0349_0002,rescue_car,origin_0349,5439174543,7310#8,7310#8,shelter_0,飯沼小学校,3270#3,0,2.3
rescue_origin_0349_0003,rescue_car,origin_0349,5439174543,7310#8,7310#8,shelter_0,飯沼小学校,3270#3,0,2.3
rescue_origin_0349_0004,rescue_car,origin_0349,5439174543,7310#8,7310#8,shelter_0,飯沼小学校,3270#3,0,2.3
rescue_origin_0349_0005,rescue_car,origin_0349,5439174543,7310#8,7310#8,shelter_0,飯沼小学校,3270#3,0,2.3
rescue_origin_0350_0001,rescue_car,origin_0350,5439174544,7309#1,7309#1,shelter_0,飯沼小学校,3270#3,0,2.3
rescue_origin_0351_0001,rescue_car,origin_0351,5439174611,3687#3,3687#3,shelter_0,飯沼小学校,3270#3,0,2.3
rescue_origin_0351_0002,rescue_car,origin_0351,5439174611,3687#3,3687#3,shelter_0,飯沼小学校,3270#3,0,2.3
rescue_origin_0351_0003,rescue_car,origin_0351,5439174611,3687#3,3687#3,shelter_0,飯沼小学校,3270#3,0,2.3
rescue_origin_0351_0004,rescue_car,origin_0351,5439174611,3687#3,3687#3,shelter_0,飯沼小学校,3270#3,0,2.3
rescue_origin_0351_0005,rescue_car,origin_0351,5439174611,3687#3,3687#3,shelter_0,飯沼小学校,3270#3,0,2.3
rescue_origin_0351_0006,rescue_car,origin_0351,5439174611,3687#3,3687#3,shelter_0,飯沼小学校,3270#3,0,2.3
rescue_origin_0351_0007,rescue_car,origin_0351,5439174611,3687#3,3687#3,shelter_0,飯沼小学校,3270#3,0,2.3
rescue_origin_0351_0008,rescue_car,origin_0351,5439174611,3687#3,3687#3,shelter_0,飯沼小学校,3270#3,0,2.3
rescue_origin_0351_0009,rescue_car,origin_0351,5439174611,3687#3,3687#3,shelter_0,飯沼小学校,3270#3,0,2.3
rescue_origin_0352_0001,rescue_car,origin_0352,5439174612,3638#6,3638#6,shelter_2,石下小学校,7058,0,2.3
rescue_origin_0352_0002,rescue_car,origin_0352,5439174612,3638#6,3638#6,shelter_2,石下小学校,7058,0,2.3
rescue_origin_0352_0003,rescue_car,origin_0352,5439174612,3638#6,3638#6,shelter_2,石下小学校,7058,0,2.3
rescue_origin_0352_0004,rescue_car,origin_0352,5439174612,3638#6,3638#6,shelter_2,石下小学校,7058,0,2.3
rescue_origin_0352_0005,rescue_car,origin_0352,5439174612,3638#6,3638#6,shelter_2,石下小学校,7058,0,2.3
rescue_origin_0352_0006,rescue_car,origin_0352,5439174612,3638#6,3638#6,shelter_2,石下小学校,7058,0,2.3
rescue_origin_0352_0007,rescue_car,origin_0352,5439174612,3638#6,3638#6,shelter_2,石下小学校,7058,0,2.3
rescue_origin_0352_0008,rescue_car,origin_0352,5439174612,3638#6,3638#6,shelter_2,石下小学校,7058,0,2.3
rescue_origin_0353_0001,rescue_car,origin_0353,5439174621,3779#0,3779#0,shelter_0,飯沼小学校,3270#3,0,2.3
rescue_origin_0353_0002,rescue_car,origin_0353,5439174621,3779#0,3779#0,shelter_0,飯沼小学校,3270#3,0,2.3
rescue_origin_0354_0001,rescue_car,origin_0354,5439174622,3679#3,3679#3,shelter_0,飯沼小学校,3270#3,0,2.3
rescue_origin_0354_0002,rescue_car,origin_0354,5439174622,3679#3,3679#3,shelter_0,飯沼小学校,3270#3,0,2.3
rescue_origin_0354_0003,rescue_car,origin_0354,5439174622,3679#3,3679#3,shelter_0,飯沼小学校,3270#3,0,2.3
rescue_origin_0354_0004,rescue_car,origin_0354,5439174622,3679#3,3679#3,shelter_0,飯沼小学校,3270#3,0,2.3
rescue_origin_0354_0005,rescue_car,origin_0354,5439174622,3679#3,3679#3,shelter_0,飯沼小学校,3270#3,0,2.3
rescue_origin_0354_0006,rescue_car,origin_0354,5439174622,3679#3,3679#3,shelter_0,飯沼小学校,3270#3,0,2.3
rescue_origin_0354_0007,rescue_car,origin_0354,5439174622,3679#3,3679#3,shelter_0,飯沼小学校,3270#3,0,2.3
rescue_origin_0354_0008,rescue_car,origin_0354,5439174622,3679#3,3679#3,shelter_0,飯沼小学校,3270#3,0,2.3
rescue_origin_0354_0009,rescue_car,origin_0354,5439174622,3679#3,3679#3,shelter_0,飯沼小学校,3270#3,0,2.3
rescue_origin_0354_0010,rescue_car,origin_0354,5439174622,3679#3,3679#3,shelter_0,飯沼小学校,3270#3,0,2.3
rescue_origin_0354_0011,rescue_car,origin_0354,5439174622,3679#3,3679#3,shelter_0,飯沼小学校,3270#3,0,2.3
rescue_origin_0354_0012,rescue_car,origin_0354,5439174622,3679#3,3679#3,shelter_0,飯沼小学校,3270#3,0,2.3
rescue_origin_0355_0001,rescue_car,origin_0355,5439174632,7407#1,7407#1,shelter_0,飯沼小学校,3270#3,0,2.3
rescue_origin_0355_0002,rescue_car,origin_0355,5439174632,7407#1,7407#1,shelter_0,飯沼小学校,3270#3,0,2.3
rescue_origin_0355_0003,rescue_car,origin_0355,5439174632,7407#1,7407#1,shelter_0,飯沼小学校,3270#3,0,2.3
rescue_origin_0355_0004,rescue_car,origin_0355,5439174632,7407#1,7407#1,shelter_0,飯沼小学校,3270#3,0,2.3
rescue_origin_0355_0005,rescue_car,origin_0355,5439174632,7407#1,7407#1,shelter_0,飯沼小学校,3270#3,0,2.3
rescue_origin_0355_0006,rescue_car,origin_0355,5439174632,7407#1,7407#1,shelter_0,飯沼小学校,3270#3,0,2.3
rescue_origin_0355_0007,rescue_car,origin_0355,5439174632,7407#1,7407#1,shelter_0,飯沼小学校,3270#3,0,2.3
rescue_origin_0355_0008,rescue_car,origin_0355,5439174632,7407#1,7407#1,shelter_0,飯沼小学校,3270#3,0,2.3
rescue_origin_0356_0001,rescue_car,origin_0356,5439174641,4055#0,4055#0,shelter_0,飯沼小学校,3270#3,0,2.3
rescue_origin_0356_0002,rescue_car,origin_0356,5439174641,4055#0,4055#0,shelter_0,飯沼小学校,3270#3,0,2.3
rescue_origin_0356_0003,rescue_car,origin_0356,5439174641,4055#0,4055#0,shelter_0,飯沼小学校,3270#3,0,2.3
rescue_origin_0356_0004,rescue_car,origin_0356,5439174641,4055#0,4055#0,shelter_0,飯沼小学校,3270#3,0,2.3
rescue_origin_0357_0001,rescue_car,origin_0357,5439174642,7409#0,7409#0,shelter_0,飯沼小学校,3270#3,0,2.3
rescue_origin_0357_0002,rescue_car,origin_0357,5439174642,7409#0,7409#0,shelter_0,飯沼小学校,3270#3,0,2.3
rescue_origin_0358_0001,rescue_car,origin_0358,5439174714,3593#1,3593#1,shelter_2,石下小学校,7058,0,2.3
rescue_origin_0358_0002,rescue_car,origin_0358,5439174714,3593#1,3593#1,shelter_2,石下小学校,7058,0,2.3
rescue_origin_0358_0003,rescue_car,origin_0358,5439174714,3593#1,3593#1,shelter_2,石下小学校,7058,0,2.3
rescue_origin_0359_0001,rescue_car,origin_0359,5439174724,3730#0,3730#0,shelter_2,石下小学校,7058,0,2.3
rescue_origin_0359_0002,rescue_car,origin_0359,5439174724,3730#0,3730#0,shelter_2,石下小学校,7058,0,2.3
rescue_origin_0359_0003,rescue_car,origin_0359,5439174724,3730#0,3730#0,shelter_2,石下小学校,7058,0,2.3
rescue_origin_0359_0004,rescue_car,origin_0359,5439174724,3730#0,3730#0,shelter_2,石下小学校,7058,0,2.3
rescue_origin_0359_0005,rescue_car,origin_0359,5439174724,3730#0,3730#0,shelter_2,石下小学校,7058,0,2.3
rescue_origin_0359_0006,rescue_car,origin_0359,5439174724,3730#0,3730#0,shelter_2,石下小学校,7058,0,2.3
rescue_origin_0360_0001,rescue_car,origin_0360,5439174813,3564#6,3564#6,shelter_2,石下小学校,7058,0,2.3
rescue_origin_0360_0002,rescue_car,origin_0360,5439174813,3564#6,3564#6,shelter_2,石下小学校,7058,0,2.3
rescue_origin_0360_0003,rescue_car,origin_0360,5439174813,3564#6,3564#6,shelter_2,石下小学校,7058,0,2.3
rescue_origin_0361_0001,rescue_car,origin_0361,5439174941,3915#9,3915#9,shelter_8,豊田小学校,168#4,0,2.3
rescue_origin_0361_0002,rescue_car,origin_0361,5439174941,3915#9,3915#9,shelter_8,豊田小学校,168#4,0,2.3
rescue_origin_0361_0003,rescue_car,origin_0361,5439174941,3915#9,3915#9,shelter_8,豊田小学校,168#4,0,2.3
rescue_origin_0361_0004,rescue_car,origin_0361,5439174941,3915#9,3915#9,shelter_8,豊田小学校,168#4,0,2.3
rescue_origin_0361_0005,rescue_car,origin_0361,5439174941,3915#9,3915#9,shelter_8,豊田小学校,168#4,0,2.3
rescue_origin_0361_0006,rescue_car,origin_0361,5439174941,3915#9,3915#9,shelter_8,豊田小学校,168#4,0,2.3
rescue_origin_0361_0007,rescue_car,origin_0361,5439174941,3915#9,3915#9,shelter_8,豊田小学校,168#4,0,2.3
rescue_origin_0361_0008,rescue_car,origin_0361,5439174941,3915#9,3915#9,shelter_8,豊田小学校,168#4,0,2.3
rescue_origin_0361_0009,rescue_car,origin_0361,5439174941,3915#9,3915#9,shelter_8,豊田小学校,168#4,0,2.3
rescue_origin_0361_0010,rescue_car,origin_0361,5439174941,3915#9,3915#9,shelter_8,豊田小学校,168#4,0,2.3
rescue_origin_0361_0011,rescue_car,origin_0361,5439174941,3915#9,3915#9,shelter_8,豊田小学校,168#4,0,2.3
rescue_origin_0361_0012,rescue_car,origin_0361,5439174941,3915#9,3915#9,shelter_8,豊田小学校,168#4,0,2.3
rescue_origin_0361_0013,rescue_car,origin_0361,5439174941,3915#9,3915#9,shelter_8,豊田小学校,168#4,0,2.3
rescue_origin_0361_0014,rescue_car,origin_0361,5439174941,3915#9,3915#9,shelter_8,豊田小学校,168#4,0,2.3
rescue_origin_0361_0015,rescue_car,origin_0361,5439174941,3915#9,3915#9,shelter_8,豊田小学校,168#4,0,2.3
rescue_origin_0362_0001,rescue_car,origin_0362,5439175114,12004#10,12004#10,shelter_0,飯沼小学校,3270#3,0,2.3
rescue_origin_0363_0001,rescue_car,origin_0363,5439175311,4259#9,4259#9,shelter_0,飯沼小学校,3270#3,0,2.3
rescue_origin_0364_0001,rescue_car,origin_0364,5439175321,4259#5,4259#5,shelter_0,飯沼小学校,3270#3,0,2.3
rescue_origin_0365_0001,rescue_car,origin_0365,5439175513,4206#5,4206#5,shelter_0,飯沼小学校,3270#3,0,2.3
rescue_origin_0365_0002,rescue_car,origin_0365,5439175513,4206#5,4206#5,shelter_0,飯沼小学校,3270#3,0,2.3
rescue_origin_0365_0003,rescue_car,origin_0365,5439175513,4206#5,4206#5,shelter_0,飯沼小学校,3270#3,0,2.3
rescue_origin_0365_0004,rescue_car,origin_0365,5439175513,4206#5,4206#5,shelter_0,飯沼小学校,3270#3,0,2.3
rescue_origin_0365_0005,rescue_car,origin_0365,5439175513,4206#5,4206#5,shelter_0,飯沼小学校,3270#3,0,2.3
rescue_origin_0365_0006,rescue_car,origin_0365,5439175513,4206#5,4206#5,shelter_0,飯沼小学校,3270#3,0,2.3
rescue_origin_0365_0007,rescue_car,origin_0365,5439175513,4206#5,4206#5,shelter_0,飯沼小学校,3270#3,0,2.3
rescue_origin_0366_0001,rescue_car,origin_0366,5439175514,4165#2,4165#2,shelter_0,飯沼小学校,3270#3,0,2.3
rescue_origin_0366_0002,rescue_car,origin_0366,5439175514,4165#2,4165#2,shelter_0,飯沼小学校,3270#3,0,2.3
rescue_origin_0366_0003,rescue_car,origin_0366,5439175514,4165#2,4165#2,shelter_0,飯沼小学校,3270#3,0,2.3
rescue_origin_0367_0001,rescue_car,origin_0367,5439175522,4216#2,4216#2,shelter_0,飯沼小学校,3270#3,0,2.3
rescue_origin_0368_0001,rescue_car,origin_0368,5439175541,8667#0,8667#0,shelter_0,飯沼小学校,3270#3,0,2.3
rescue_origin_0369_0001,rescue_car,origin_0369,5439175611,4123#0,4123#0,shelter_0,飯沼小学校,3270#3,0,2.3
rescue_origin_0369_0002,rescue_car,origin_0369,5439175611,4123#0,4123#0,shelter_0,飯沼小学校,3270#3,0,2.3
rescue_origin_0372_0001,rescue_car,origin_0372,5439176813,4241#7,4241#7,shelter_8,豊田小学校,168#4,0,2.3
rescue_origin_0375_0001,rescue_car,origin_0375,5440002031,9384#0,9384#0,shelter_3,水海道第一高等学校,11531#5,0,2.3
rescue_origin_0375_0002,rescue_car,origin_0375,5440002031,9384#0,9384#0,shelter_3,水海道第一高等学校,11531#5,0,2.3
rescue_origin_0375_0003,rescue_car,origin_0375,5440002031,9384#0,9384#0,shelter_3,水海道第一高等学校,11531#5,0,2.3
rescue_origin_0375_0004,rescue_car,origin_0375,5440002031,9384#0,9384#0,shelter_3,水海道第一高等学校,11531#5,0,2.3
rescue_origin_0376_0001,rescue_car,origin_0376,5440002032,9389#0,9389#0,shelter_3,水海道第一高等学校,11531#5,0,2.3
rescue_origin_0376_0002,rescue_car,origin_0376,5440002032,9389#0,9389#0,shelter_3,水海道第一高等学校,11531#5,0,2.3
rescue_origin_0376_0003,rescue_car,origin_0376,5440002032,9389#0,9389#0,shelter_3,水海道第一高等学校,11531#5,0,2.3
rescue_origin_0376_0004,rescue_car,origin_0376,5440002032,9389#0,9389#0,shelter_3,水海道第一高等学校,11531#5,0,2.3
rescue_origin_0378_0001,rescue_car,origin_0378,5440002042,9404#2,9404#2,shelter_3,水海道第一高等学校,11531#5,0,2.3
rescue_origin_0380_0001,rescue_car,origin_0380,5440003013,9416#1,9416#1,shelter_3,水海道第一高等学校,11531#5,0,2.3
rescue_origin_0381_0001,rescue_car,origin_0381,5440003021,9720#4,9720#4,shelter_3,水海道第一高等学校,11531#5,0,2.3
rescue_origin_0381_0002,rescue_car,origin_0381,5440003021,9720#4,9720#4,shelter_3,水海道第一高等学校,11531#5,0,2.3
rescue_origin_0381_0003,rescue_car,origin_0381,5440003021,9720#4,9720#4,shelter_3,水海道第一高等学校,11531#5,0,2.3
rescue_origin_0381_0004,rescue_car,origin_0381,5440003021,9720#4,9720#4,shelter_3,水海道第一高等学校,11531#5,0,2.3
rescue_origin_0381_0005,rescue_car,origin_0381,5440003021,9720#4,9720#4,shelter_3,水海道第一高等学校,11531#5,0,2.3
rescue_origin_0382_0001,rescue_car,origin_0382,5440003022,9396#1,9396#1,shelter_3,水海道第一高等学校,11531#5,0,2.3
rescue_origin_0384_0001,rescue_car,origin_0384,5440003024,9427#2,9427#2,shelter_3,水海道第一高等学校,11531#5,0,2.3
rescue_origin_0384_0002,rescue_car,origin_0384,5440003024,9427#2,9427#2,shelter_3,水海道第一高等学校,11531#5,0,2.3
rescue_origin_0384_0003,rescue_car,origin_0384,5440003024,9427#2,9427#2,shelter_3,水海道第一高等学校,11531#5,0,2.3
rescue_origin_0384_0004,rescue_car,origin_0384,5440003024,9427#2,9427#2,shelter_3,水海道第一高等学校,11531#5,0,2.3
rescue_origin_0385_0001,rescue_car,origin_0385,5440003043,9436#0,9436#0,shelter_3,水海道第一高等学校,11531#5,0,2.3
rescue_origin_0387_0001,rescue_car,origin_0387,5440003122,9434#0,9434#0,shelter_3,水海道第一高等学校,11531#5,0,2.3
rescue_origin_0387_0002,rescue_car,origin_0387,5440003122,9434#0,9434#0,shelter_3,水海道第一高等学校,11531#5,0,2.3
rescue_origin_0388_0001,rescue_car,origin_0388,5440003131,9425#1,9425#1,shelter_3,水海道第一高等学校,11531#5,0,2.3
rescue_origin_0389_0001,rescue_car,origin_0389,5440003141,9439#0,9439#0,shelter_3,水海道第一高等学校,11531#5,0,2.3
rescue_origin_0390_0001,rescue_car,origin_0390,5440003142,9439#5,9439#5,shelter_3,水海道第一高等学校,11531#5,0,2.3
rescue_origin_0390_0002,rescue_car,origin_0390,5440003142,9439#5,9439#5,shelter_3,水海道第一高等学校,11531#5,0,2.3
rescue_origin_0390_0003,rescue_car,origin_0390,5440003142,9439#5,9439#5,shelter_3,水海道第一高等学校,11531#5,0,2.3
rescue_origin_0392_0001,rescue_car,origin_0392,5440004021,11488,11488,shelter_3,水海道第一高等学校,11531#5,0,2.3
rescue_origin_0392_0002,rescue_car,origin_0392,5440004021,11488,11488,shelter_3,水海道第一高等学校,11531#5,0,2.3
rescue_origin_0393_0001,rescue_car,origin_0393,5440004023,5477#0,5477#0,shelter_3,水海道第一高等学校,11531#5,0,2.3
rescue_origin_0393_0002,rescue_car,origin_0393,5440004023,5477#0,5477#0,shelter_3,水海道第一高等学校,11531#5,0,2.3
rescue_origin_0394_0001,rescue_car,origin_0394,5440004031,5468#2,5468#2,shelter_3,水海道第一高等学校,11531#5,0,2.3
rescue_origin_0396_0001,rescue_car,origin_0396,5440004043,5476#0,5476#0,shelter_3,水海道第一高等学校,11531#5,0,2.3
rescue_origin_0397_0001,rescue_car,origin_0397,5440005023,11143#1,11143#1,shelter_7,豊岡小学校,12727#0,0,2.3
rescue_origin_0398_0001,rescue_car,origin_0398,5440005032,5704#1,5704#1,shelter_7,豊岡小学校,12727#0,0,2.3
rescue_origin_0399_0001,rescue_car,origin_0399,5440005033,124#1,124#1,shelter_7,豊岡小学校,12727#0,0,2.3
rescue_origin_0399_0002,rescue_car,origin_0399,5440005033,124#1,124#1,shelter_7,豊岡小学校,12727#0,0,2.3
rescue_origin_0400_0001,rescue_car,origin_0400,5440005042,5869#7,5869#7,shelter_7,豊岡小学校,12727#0,0,2.3
rescue_origin_0401_0001,rescue_car,origin_0401,5440006011,9457#0,9457#0,shelter_7,豊岡小学校,12727#0,0,2.3
rescue_origin_0402_0001,rescue_car,origin_0402,5440006022,5869#2,5869#2,shelter_7,豊岡小学校,12727#0,0,2.3
rescue_origin_0402_0002,rescue_car,origin_0402,5440006022,5869#2,5869#2,shelter_7,豊岡小学校,12727#0,0,2.3
rescue_origin_0403_0001,rescue_car,origin_0403,5440007011,127,127,shelter_7,豊岡小学校,12727#0,0,2.3
rescue_origin_0403_0002,rescue_car,origin_0403,5440007011,127,127,shelter_7,豊岡小学校,12727#0,0,2.3
rescue_origin_0404_0001,rescue_car,origin_0404,5440007021,129#6,129#6,shelter_7,豊岡小学校,12727#0,0,2.3
rescue_origin_0404_0002,rescue_car,origin_0404,5440007021,129#6,129#6,shelter_7,豊岡小学校,12727#0,0,2.3
